ISO-10303-21;
HEADER;
/* Generated by software containing ST-Developer
 * from STEP Tools, Inc. (www.steptools.com) 
 */

FILE_DESCRIPTION(
/* description */ (''),
/* implementation_level */ '2;1');

FILE_NAME(
/* name */ 'camera_cover.step',
/* time_stamp */ '2026-09-20T16:40:37+09:00',
/* author */ (''),
/* organization */ (''),
/* preprocessor_version */ 'ST-DEVELOPER v20.2',
/* originating_system */ 'Autodesk Translation Framework v15.15.0.0',
/* authorisation */ '');

FILE_SCHEMA (('AUTOMOTIVE_DESIGN { 1 0 10303 214 3 1 1 }'));
ENDSEC;

DATA;
#10=MECHANICAL_DESIGN_GEOMETRIC_PRESENTATION_REPRESENTATION('',(#13),#2572);
#11=SHAPE_REPRESENTATION_RELATIONSHIP('SRR','None',#2579,#12);
#12=ADVANCED_BREP_SHAPE_REPRESENTATION('',(#14),#2571);
#13=STYLED_ITEM('',(#2588),#14);
#14=MANIFOLD_SOLID_BREP('\X2\30DC30C730A3\X0\1',#1472);
#15=FACE_BOUND('',#239,.T.);
#16=FACE_BOUND('',#240,.T.);
#17=(
BOUNDED_CURVE()
B_SPLINE_CURVE(2,(#2440,#2441,#2442),.UNSPECIFIED.,.F.,.F.)
B_SPLINE_CURVE_WITH_KNOTS((3,3),(8.18176146367535,8.9155702184902),
 .UNSPECIFIED.)
CURVE()
GEOMETRIC_REPRESENTATION_ITEM()
RATIONAL_B_SPLINE_CURVE((1.,1.,1.))
REPRESENTATION_ITEM('')
);
#18=(
BOUNDED_CURVE()
B_SPLINE_CURVE(2,(#2444,#2445,#2446),.UNSPECIFIED.,.F.,.F.)
B_SPLINE_CURVE_WITH_KNOTS((3,3),(2.58909548786201,4.66479283379606),
 .UNSPECIFIED.)
CURVE()
GEOMETRIC_REPRESENTATION_ITEM()
RATIONAL_B_SPLINE_CURVE((1.,1.09636207817676,1.0382157491836))
REPRESENTATION_ITEM('')
);
#19=(
BOUNDED_CURVE()
B_SPLINE_CURVE(2,(#2450,#2451,#2452),.UNSPECIFIED.,.F.,.F.)
B_SPLINE_CURVE_WITH_KNOTS((3,3),(0.132321620089629,2.5890954878576),
 .UNSPECIFIED.)
CURVE()
GEOMETRIC_REPRESENTATION_ITEM()
RATIONAL_B_SPLINE_CURVE((1.01165789256973,1.1140531571098,1.))
REPRESENTATION_ITEM('')
);
#20=(
BOUNDED_CURVE()
B_SPLINE_CURVE(2,(#2478,#2479,#2480),.UNSPECIFIED.,.F.,.F.)
B_SPLINE_CURVE_WITH_KNOTS((3,3),(0.0816240505836845,3.10639039161316),
 .UNSPECIFIED.)
CURVE()
GEOMETRIC_REPRESENTATION_ITEM()
RATIONAL_B_SPLINE_CURVE((1.01210139979019,1.23043224671638,1.01210139979355))
REPRESENTATION_ITEM('')
);
#21=(
BOUNDED_CURVE()
B_SPLINE_CURVE(2,(#2494,#2495,#2496),.UNSPECIFIED.,.F.,.F.)
B_SPLINE_CURVE_WITH_KNOTS((3,3),(2.5890954878576,5.04586935562557),
 .UNSPECIFIED.)
CURVE()
GEOMETRIC_REPRESENTATION_ITEM()
RATIONAL_B_SPLINE_CURVE((1.,1.1140531571098,1.01165789256973))
REPRESENTATION_ITEM('')
);
#22=(
BOUNDED_CURVE()
B_SPLINE_CURVE(2,(#2510,#2511,#2512),.UNSPECIFIED.,.F.,.F.)
B_SPLINE_CURVE_WITH_KNOTS((3,3),(0.513398141927966,2.58909548786201),
 .UNSPECIFIED.)
CURVE()
GEOMETRIC_REPRESENTATION_ITEM()
RATIONAL_B_SPLINE_CURVE((1.0382157491836,1.09636207817676,1.))
REPRESENTATION_ITEM('')
);
#23=(
BOUNDED_CURVE()
B_SPLINE_CURVE(2,(#2514,#2515,#2516),.UNSPECIFIED.,.F.,.F.)
B_SPLINE_CURVE_WITH_KNOTS((3,3),(8.18176146367535,8.9155702184902),
 .UNSPECIFIED.)
CURVE()
GEOMETRIC_REPRESENTATION_ITEM()
RATIONAL_B_SPLINE_CURVE((1.,1.,1.))
REPRESENTATION_ITEM('')
);
#24=(
BOUNDED_CURVE()
B_SPLINE_CURVE(2,(#2529,#2530,#2531),.UNSPECIFIED.,.F.,.F.)
B_SPLINE_CURVE_WITH_KNOTS((3,3),(0.0816240505821965,3.10639039161167),
 .UNSPECIFIED.)
CURVE()
GEOMETRIC_REPRESENTATION_ITEM()
RATIONAL_B_SPLINE_CURVE((1.01210139978998,1.23043224671638,1.01210139979376))
REPRESENTATION_ITEM('')
);
#25=B_SPLINE_CURVE_WITH_KNOTS('',3,(#2429,#2430,#2431,#2432,#2433,#2434,
#2435,#2436,#2437,#2438),.UNSPECIFIED.,.F.,.F.,(4,2,2,2,4),(1.9777227519067,
1.99752530369665,2.09577293706977,2.12553200415135,2.13815852810851),
 .UNSPECIFIED.);
#26=B_SPLINE_CURVE_WITH_KNOTS('',3,(#2454,#2455,#2456,#2457,#2458,#2459,
#2460,#2461,#2462,#2463,#2464,#2465,#2466,#2467,#2468,#2469,#2470,#2471,
#2472,#2473,#2474,#2475,#2476,#2477),.UNSPECIFIED.,.F.,.F.,(4,2,2,2,2,2,
2,2,2,2,2,4),(1.87109106560285,1.89927767032355,1.99752530369668,2.0957729370698,
2.12553200415138,2.14041153769217,2.15529107123296,2.17017060477376,2.18505013831455,
2.21480920539613,2.31305683876925,2.33285939055944),.UNSPECIFIED.);
#27=B_SPLINE_CURVE_WITH_KNOTS('',3,(#2518,#2519,#2520,#2521,#2522,#2523,
#2524,#2525,#2526,#2527),.UNSPECIFIED.,.F.,.F.,(4,2,2,2,4),(2.17242361435736,
2.18505013831452,2.2148092053961,2.31305683876922,2.33285939055917),
 .UNSPECIFIED.);
#28=B_SPLINE_CURVE_WITH_KNOTS('',3,(#2532,#2533,#2534,#2535,#2536,#2537,
#2538,#2539,#2540,#2541,#2542,#2543,#2544,#2545,#2546,#2547,#2548,#2549,
#2550,#2551,#2552,#2553,#2554,#2555),.UNSPECIFIED.,.F.,.F.,(4,2,2,2,2,2,
2,2,2,2,2,4),(1.97772275190648,1.99752530369667,2.09577293706979,2.12553200415138,
2.14041153769217,2.15529107123296,2.17017060477375,2.18505013831454,2.21480920539613,
2.31305683876925,2.41130447214237,2.43949107686308),.UNSPECIFIED.);
#29=CONICAL_SURFACE('',#1606,9.99999999999497,0.219911485751286);
#30=CONICAL_SURFACE('',#1619,9.99999999999497,0.219911485751286);
#31=CIRCLE('',#1492,9.2);
#32=CIRCLE('',#1493,9.2);
#33=CIRCLE('',#1494,9.2);
#34=CIRCLE('',#1496,9.2);
#35=CIRCLE('',#1497,9.2);
#36=CIRCLE('',#1498,9.2);
#37=CIRCLE('',#1499,9.2);
#38=CIRCLE('',#1500,9.2);
#39=CIRCLE('',#1501,9.2);
#40=CIRCLE('',#1502,9.2);
#41=CIRCLE('',#1503,9.2);
#42=CIRCLE('',#1504,9.2);
#43=CIRCLE('',#1509,0.799999999999996);
#44=CIRCLE('',#1510,0.799999999999996);
#45=CIRCLE('',#1512,9.2);
#46=CIRCLE('',#1513,0.799999999999996);
#47=CIRCLE('',#1514,9.2);
#48=CIRCLE('',#1515,2.5);
#49=CIRCLE('',#1516,2.50000000000002);
#50=CIRCLE('',#1517,9.2);
#51=CIRCLE('',#1518,0.799999999999996);
#52=CIRCLE('',#1519,9.2);
#53=CIRCLE('',#1520,1.6);
#54=CIRCLE('',#1521,1.6);
#55=CIRCLE('',#1522,1.6);
#56=CIRCLE('',#1523,1.6);
#57=CIRCLE('',#1524,2.5);
#58=CIRCLE('',#1525,2.5);
#59=CIRCLE('',#1526,0.799999999999996);
#60=CIRCLE('',#1532,0.799999999999996);
#61=CIRCLE('',#1534,9.2);
#62=CIRCLE('',#1535,9.2);
#63=CIRCLE('',#1536,9.2);
#64=CIRCLE('',#1537,9.2);
#65=CIRCLE('',#1538,9.2);
#66=CIRCLE('',#1540,9.2);
#67=CIRCLE('',#1541,9.2);
#68=CIRCLE('',#1542,9.2);
#69=CIRCLE('',#1558,2.);
#70=CIRCLE('',#1559,2.);
#71=CIRCLE('',#1564,2.);
#72=CIRCLE('',#1567,2.);
#73=CIRCLE('',#1571,11.2);
#74=CIRCLE('',#1572,11.2);
#75=CIRCLE('',#1574,11.2);
#76=CIRCLE('',#1576,11.2);
#77=CIRCLE('',#1579,2.50000000000002);
#78=CIRCLE('',#1583,2.5);
#79=CIRCLE('',#1589,2.5);
#80=CIRCLE('',#1590,2.5);
#81=CIRCLE('',#1603,0.799999999999996);
#82=CIRCLE('',#1607,9.99999999999497);
#83=CIRCLE('',#1614,9.99999999999497);
#84=CIRCLE('',#1616,0.799999999999996);
#85=CYLINDRICAL_SURFACE('',#1491,9.2);
#86=CYLINDRICAL_SURFACE('',#1508,0.799999999999996);
#87=CYLINDRICAL_SURFACE('',#1531,0.799999999999996);
#88=CYLINDRICAL_SURFACE('',#1533,9.2);
#89=CYLINDRICAL_SURFACE('',#1563,2.);
#90=CYLINDRICAL_SURFACE('',#1566,2.);
#91=CYLINDRICAL_SURFACE('',#1573,11.2);
#92=CYLINDRICAL_SURFACE('',#1575,11.2);
#93=CYLINDRICAL_SURFACE('',#1578,2.50000000000002);
#94=CYLINDRICAL_SURFACE('',#1595,2.5);
#95=CYLINDRICAL_SURFACE('',#1600,2.5);
#96=CYLINDRICAL_SURFACE('',#1601,2.5);
#97=CYLINDRICAL_SURFACE('',#1602,0.799999999999996);
#98=CYLINDRICAL_SURFACE('',#1611,1.6);
#99=CYLINDRICAL_SURFACE('',#1615,0.799999999999996);
#100=CYLINDRICAL_SURFACE('',#1622,1.6);
#101=CYLINDRICAL_SURFACE('',#1624,1.6);
#102=CYLINDRICAL_SURFACE('',#1626,1.6);
#103=FACE_OUTER_BOUND('',#176,.T.);
#104=FACE_OUTER_BOUND('',#177,.T.);
#105=FACE_OUTER_BOUND('',#178,.T.);
#106=FACE_OUTER_BOUND('',#179,.T.);
#107=FACE_OUTER_BOUND('',#180,.T.);
#108=FACE_OUTER_BOUND('',#181,.T.);
#109=FACE_OUTER_BOUND('',#182,.T.);
#110=FACE_OUTER_BOUND('',#183,.T.);
#111=FACE_OUTER_BOUND('',#184,.T.);
#112=FACE_OUTER_BOUND('',#185,.T.);
#113=FACE_OUTER_BOUND('',#186,.T.);
#114=FACE_OUTER_BOUND('',#187,.T.);
#115=FACE_OUTER_BOUND('',#188,.T.);
#116=FACE_OUTER_BOUND('',#189,.T.);
#117=FACE_OUTER_BOUND('',#190,.T.);
#118=FACE_OUTER_BOUND('',#191,.T.);
#119=FACE_OUTER_BOUND('',#192,.T.);
#120=FACE_OUTER_BOUND('',#193,.T.);
#121=FACE_OUTER_BOUND('',#194,.T.);
#122=FACE_OUTER_BOUND('',#195,.T.);
#123=FACE_OUTER_BOUND('',#196,.T.);
#124=FACE_OUTER_BOUND('',#197,.T.);
#125=FACE_OUTER_BOUND('',#198,.T.);
#126=FACE_OUTER_BOUND('',#199,.T.);
#127=FACE_OUTER_BOUND('',#200,.T.);
#128=FACE_OUTER_BOUND('',#201,.T.);
#129=FACE_OUTER_BOUND('',#202,.T.);
#130=FACE_OUTER_BOUND('',#203,.T.);
#131=FACE_OUTER_BOUND('',#204,.T.);
#132=FACE_OUTER_BOUND('',#205,.T.);
#133=FACE_OUTER_BOUND('',#206,.T.);
#134=FACE_OUTER_BOUND('',#207,.T.);
#135=FACE_OUTER_BOUND('',#208,.T.);
#136=FACE_OUTER_BOUND('',#209,.T.);
#137=FACE_OUTER_BOUND('',#210,.T.);
#138=FACE_OUTER_BOUND('',#211,.T.);
#139=FACE_OUTER_BOUND('',#212,.T.);
#140=FACE_OUTER_BOUND('',#213,.T.);
#141=FACE_OUTER_BOUND('',#214,.T.);
#142=FACE_OUTER_BOUND('',#215,.T.);
#143=FACE_OUTER_BOUND('',#216,.T.);
#144=FACE_OUTER_BOUND('',#217,.T.);
#145=FACE_OUTER_BOUND('',#218,.T.);
#146=FACE_OUTER_BOUND('',#219,.T.);
#147=FACE_OUTER_BOUND('',#220,.T.);
#148=FACE_OUTER_BOUND('',#221,.T.);
#149=FACE_OUTER_BOUND('',#222,.T.);
#150=FACE_OUTER_BOUND('',#223,.T.);
#151=FACE_OUTER_BOUND('',#224,.T.);
#152=FACE_OUTER_BOUND('',#225,.T.);
#153=FACE_OUTER_BOUND('',#226,.T.);
#154=FACE_OUTER_BOUND('',#227,.T.);
#155=FACE_OUTER_BOUND('',#228,.T.);
#156=FACE_OUTER_BOUND('',#229,.T.);
#157=FACE_OUTER_BOUND('',#230,.T.);
#158=FACE_OUTER_BOUND('',#231,.T.);
#159=FACE_OUTER_BOUND('',#232,.T.);
#160=FACE_OUTER_BOUND('',#233,.T.);
#161=FACE_OUTER_BOUND('',#234,.T.);
#162=FACE_OUTER_BOUND('',#235,.T.);
#163=FACE_OUTER_BOUND('',#236,.T.);
#164=FACE_OUTER_BOUND('',#237,.T.);
#165=FACE_OUTER_BOUND('',#238,.T.);
#166=FACE_OUTER_BOUND('',#241,.T.);
#167=FACE_OUTER_BOUND('',#242,.T.);
#168=FACE_OUTER_BOUND('',#243,.T.);
#169=FACE_OUTER_BOUND('',#244,.T.);
#170=FACE_OUTER_BOUND('',#245,.T.);
#171=FACE_OUTER_BOUND('',#246,.T.);
#172=FACE_OUTER_BOUND('',#247,.T.);
#173=FACE_OUTER_BOUND('',#248,.T.);
#174=FACE_OUTER_BOUND('',#249,.T.);
#175=FACE_OUTER_BOUND('',#250,.T.);
#176=EDGE_LOOP('',(#908,#909,#910,#911,#912,#913,#914));
#177=EDGE_LOOP('',(#915,#916,#917,#918));
#178=EDGE_LOOP('',(#919,#920,#921,#922,#923,#924,#925,#926,#927,#928,#929,
#930,#931,#932,#933,#934,#935,#936,#937,#938,#939,#940,#941,#942,#943,#944));
#179=EDGE_LOOP('',(#945,#946,#947,#948,#949,#950,#951));
#180=EDGE_LOOP('',(#952,#953,#954,#955,#956,#957));
#181=EDGE_LOOP('',(#958,#959,#960,#961,#962,#963,#964,#965,#966,#967,#968,
#969,#970,#971,#972,#973,#974,#975,#976,#977,#978,#979,#980,#981,#982,#983,
#984,#985,#986,#987,#988,#989,#990,#991,#992,#993,#994,#995,#996,#997,#998,
#999,#1000,#1001,#1002,#1003,#1004,#1005,#1006));
#182=EDGE_LOOP('',(#1007,#1008,#1009,#1010,#1011,#1012,#1013));
#183=EDGE_LOOP('',(#1014,#1015,#1016,#1017,#1018,#1019));
#184=EDGE_LOOP('',(#1020,#1021,#1022,#1023,#1024,#1025,#1026,#1027,#1028,
#1029,#1030,#1031,#1032,#1033,#1034,#1035,#1036,#1037,#1038,#1039,#1040,
#1041,#1042,#1043,#1044,#1045));
#185=EDGE_LOOP('',(#1046,#1047,#1048,#1049,#1050,#1051,#1052));
#186=EDGE_LOOP('',(#1053,#1054,#1055,#1056));
#187=EDGE_LOOP('',(#1057,#1058,#1059,#1060,#1061));
#188=EDGE_LOOP('',(#1062,#1063,#1064,#1065));
#189=EDGE_LOOP('',(#1066,#1067,#1068,#1069,#1070));
#190=EDGE_LOOP('',(#1071,#1072,#1073,#1074));
#191=EDGE_LOOP('',(#1075,#1076,#1077,#1078));
#192=EDGE_LOOP('',(#1079,#1080,#1081,#1082));
#193=EDGE_LOOP('',(#1083,#1084,#1085,#1086));
#194=EDGE_LOOP('',(#1087,#1088,#1089,#1090));
#195=EDGE_LOOP('',(#1091,#1092,#1093,#1094,#1095,#1096));
#196=EDGE_LOOP('',(#1097,#1098,#1099,#1100));
#197=EDGE_LOOP('',(#1101,#1102,#1103,#1104,#1105,#1106,#1107,#1108,#1109,
#1110,#1111,#1112,#1113,#1114));
#198=EDGE_LOOP('',(#1115,#1116,#1117,#1118));
#199=EDGE_LOOP('',(#1119,#1120,#1121,#1122,#1123,#1124,#1125));
#200=EDGE_LOOP('',(#1126,#1127,#1128,#1129));
#201=EDGE_LOOP('',(#1130,#1131,#1132,#1133));
#202=EDGE_LOOP('',(#1134,#1135,#1136,#1137));
#203=EDGE_LOOP('',(#1138,#1139,#1140,#1141));
#204=EDGE_LOOP('',(#1142,#1143,#1144,#1145));
#205=EDGE_LOOP('',(#1146,#1147,#1148,#1149));
#206=EDGE_LOOP('',(#1150,#1151,#1152,#1153));
#207=EDGE_LOOP('',(#1154,#1155,#1156,#1157));
#208=EDGE_LOOP('',(#1158,#1159,#1160,#1161));
#209=EDGE_LOOP('',(#1162,#1163,#1164,#1165,#1166));
#210=EDGE_LOOP('',(#1167,#1168,#1169,#1170));
#211=EDGE_LOOP('',(#1171,#1172,#1173,#1174,#1175,#1176,#1177));
#212=EDGE_LOOP('',(#1178,#1179,#1180,#1181,#1182,#1183,#1184,#1185));
#213=EDGE_LOOP('',(#1186,#1187,#1188,#1189,#1190,#1191,#1192));
#214=EDGE_LOOP('',(#1193,#1194,#1195));
#215=EDGE_LOOP('',(#1196,#1197,#1198));
#216=EDGE_LOOP('',(#1199,#1200,#1201,#1202));
#217=EDGE_LOOP('',(#1203,#1204,#1205));
#218=EDGE_LOOP('',(#1206,#1207,#1208,#1209,#1210,#1211));
#219=EDGE_LOOP('',(#1212,#1213,#1214));
#220=EDGE_LOOP('',(#1215,#1216,#1217,#1218));
#221=EDGE_LOOP('',(#1219,#1220,#1221,#1222));
#222=EDGE_LOOP('',(#1223,#1224,#1225,#1226));
#223=EDGE_LOOP('',(#1227,#1228,#1229,#1230));
#224=EDGE_LOOP('',(#1231,#1232,#1233,#1234,#1235,#1236,#1237));
#225=EDGE_LOOP('',(#1238,#1239,#1240,#1241));
#226=EDGE_LOOP('',(#1242,#1243,#1244,#1245));
#227=EDGE_LOOP('',(#1246,#1247,#1248,#1249));
#228=EDGE_LOOP('',(#1250,#1251,#1252,#1253));
#229=EDGE_LOOP('',(#1254,#1255,#1256,#1257));
#230=EDGE_LOOP('',(#1258,#1259,#1260,#1261,#1262,#1263));
#231=EDGE_LOOP('',(#1264));
#232=EDGE_LOOP('',(#1265));
#233=EDGE_LOOP('',(#1266,#1267,#1268,#1269,#1270,#1271,#1272));
#234=EDGE_LOOP('',(#1273,#1274,#1275));
#235=EDGE_LOOP('',(#1276,#1277,#1278,#1279));
#236=EDGE_LOOP('',(#1280,#1281,#1282,#1283));
#237=EDGE_LOOP('',(#1284,#1285,#1286,#1287,#1288,#1289));
#238=EDGE_LOOP('',(#1290,#1291,#1292,#1293));
#239=EDGE_LOOP('',(#1294));
#240=EDGE_LOOP('',(#1295));
#241=EDGE_LOOP('',(#1296,#1297,#1298,#1299,#1300,#1301));
#242=EDGE_LOOP('',(#1302));
#243=EDGE_LOOP('',(#1303));
#244=EDGE_LOOP('',(#1304,#1305,#1306,#1307,#1308,#1309,#1310));
#245=EDGE_LOOP('',(#1311,#1312,#1313));
#246=EDGE_LOOP('',(#1314,#1315,#1316,#1317));
#247=EDGE_LOOP('',(#1318,#1319,#1320,#1321));
#248=EDGE_LOOP('',(#1322,#1323,#1324,#1325,#1326));
#249=EDGE_LOOP('',(#1327,#1328,#1329,#1330,#1331,#1332,#1333,#1334,#1335,
#1336,#1337,#1338,#1339,#1340));
#250=EDGE_LOOP('',(#1341,#1342,#1343,#1344,#1345));
#251=LINE('',#2058,#390);
#252=LINE('',#2062,#391);
#253=LINE('',#2064,#392);
#254=LINE('',#2065,#393);
#255=LINE('',#2068,#394);
#256=LINE('',#2070,#395);
#257=LINE('',#2071,#396);
#258=LINE('',#2076,#397);
#259=LINE('',#2080,#398);
#260=LINE('',#2086,#399);
#261=LINE('',#2090,#400);
#262=LINE('',#2094,#401);
#263=LINE('',#2098,#402);
#264=LINE('',#2102,#403);
#265=LINE('',#2107,#404);
#266=LINE('',#2111,#405);
#267=LINE('',#2115,#406);
#268=LINE('',#2124,#407);
#269=LINE('',#2126,#408);
#270=LINE('',#2127,#409);
#271=LINE('',#2128,#410);
#272=LINE('',#2132,#411);
#273=LINE('',#2136,#412);
#274=LINE('',#2137,#413);
#275=LINE('',#2139,#414);
#276=LINE('',#2143,#415);
#277=LINE('',#2145,#416);
#278=LINE('',#2149,#417);
#279=LINE('',#2155,#418);
#280=LINE('',#2157,#419);
#281=LINE('',#2159,#420);
#282=LINE('',#2165,#421);
#283=LINE('',#2169,#422);
#284=LINE('',#2171,#423);
#285=LINE('',#2175,#424);
#286=LINE('',#2177,#425);
#287=LINE('',#2179,#426);
#288=LINE('',#2183,#427);
#289=LINE('',#2187,#428);
#290=LINE('',#2191,#429);
#291=LINE('',#2195,#430);
#292=LINE('',#2197,#431);
#293=LINE('',#2198,#432);
#294=LINE('',#2199,#433);
#295=LINE('',#2203,#434);
#296=LINE('',#2205,#435);
#297=LINE('',#2207,#436);
#298=LINE('',#2215,#437);
#299=LINE('',#2217,#438);
#300=LINE('',#2221,#439);
#301=LINE('',#2225,#440);
#302=LINE('',#2229,#441);
#303=LINE('',#2232,#442);
#304=LINE('',#2234,#443);
#305=LINE('',#2237,#444);
#306=LINE('',#2239,#445);
#307=LINE('',#2243,#446);
#308=LINE('',#2247,#447);
#309=LINE('',#2250,#448);
#310=LINE('',#2254,#449);
#311=LINE('',#2258,#450);
#312=LINE('',#2264,#451);
#313=LINE('',#2265,#452);
#314=LINE('',#2268,#453);
#315=LINE('',#2269,#454);
#316=LINE('',#2272,#455);
#317=LINE('',#2274,#456);
#318=LINE('',#2275,#457);
#319=LINE('',#2278,#458);
#320=LINE('',#2280,#459);
#321=LINE('',#2281,#460);
#322=LINE('',#2283,#461);
#323=LINE('',#2285,#462);
#324=LINE('',#2288,#463);
#325=LINE('',#2289,#464);
#326=LINE('',#2292,#465);
#327=LINE('',#2294,#466);
#328=LINE('',#2295,#467);
#329=LINE('',#2297,#468);
#330=LINE('',#2300,#469);
#331=LINE('',#2301,#470);
#332=LINE('',#2304,#471);
#333=LINE('',#2305,#472);
#334=LINE('',#2307,#473);
#335=LINE('',#2310,#474);
#336=LINE('',#2314,#475);
#337=LINE('',#2317,#476);
#338=LINE('',#2319,#477);
#339=LINE('',#2321,#478);
#340=LINE('',#2323,#479);
#341=LINE('',#2325,#480);
#342=LINE('',#2326,#481);
#343=LINE('',#2329,#482);
#344=LINE('',#2330,#483);
#345=LINE('',#2333,#484);
#346=LINE('',#2334,#485);
#347=LINE('',#2336,#486);
#348=LINE('',#2341,#487);
#349=LINE('',#2342,#488);
#350=LINE('',#2344,#489);
#351=LINE('',#2349,#490);
#352=LINE('',#2350,#491);
#353=LINE('',#2352,#492);
#354=LINE('',#2354,#493);
#355=LINE('',#2358,#494);
#356=LINE('',#2363,#495);
#357=LINE('',#2368,#496);
#358=LINE('',#2370,#497);
#359=LINE('',#2373,#498);
#360=LINE('',#2376,#499);
#361=LINE('',#2378,#500);
#362=LINE('',#2381,#501);
#363=LINE('',#2383,#502);
#364=LINE('',#2385,#503);
#365=LINE('',#2395,#504);
#366=LINE('',#2397,#505);
#367=LINE('',#2399,#506);
#368=LINE('',#2402,#507);
#369=LINE('',#2404,#508);
#370=LINE('',#2405,#509);
#371=LINE('',#2407,#510);
#372=LINE('',#2409,#511);
#373=LINE('',#2413,#512);
#374=LINE('',#2415,#513);
#375=LINE('',#2417,#514);
#376=LINE('',#2422,#515);
#377=LINE('',#2484,#516);
#378=LINE('',#2486,#517);
#379=LINE('',#2487,#518);
#380=LINE('',#2489,#519);
#381=LINE('',#2492,#520);
#382=LINE('',#2497,#521);
#383=LINE('',#2500,#522);
#384=LINE('',#2504,#523);
#385=LINE('',#2558,#524);
#386=LINE('',#2561,#525);
#387=LINE('',#2563,#526);
#388=LINE('',#2565,#527);
#389=LINE('',#2567,#528);
#390=VECTOR('',#1635,10.);
#391=VECTOR('',#1638,10.);
#392=VECTOR('',#1639,10.);
#393=VECTOR('',#1640,10.);
#394=VECTOR('',#1643,10.);
#395=VECTOR('',#1644,10.);
#396=VECTOR('',#1645,10.);
#397=VECTOR('',#1650,10.);
#398=VECTOR('',#1653,10.);
#399=VECTOR('',#1658,10.);
#400=VECTOR('',#1661,10.);
#401=VECTOR('',#1664,10.);
#402=VECTOR('',#1667,10.);
#403=VECTOR('',#1670,9.2);
#404=VECTOR('',#1675,10.);
#405=VECTOR('',#1678,10.);
#406=VECTOR('',#1681,10.);
#407=VECTOR('',#1690,10.);
#408=VECTOR('',#1691,10.);
#409=VECTOR('',#1692,10.);
#410=VECTOR('',#1693,10.);
#411=VECTOR('',#1698,0.799999999999996);
#412=VECTOR('',#1703,10.);
#413=VECTOR('',#1704,10.);
#414=VECTOR('',#1705,10.);
#415=VECTOR('',#1708,10.);
#416=VECTOR('',#1709,10.);
#417=VECTOR('',#1712,10.);
#418=VECTOR('',#1717,10.);
#419=VECTOR('',#1718,10.);
#420=VECTOR('',#1719,10.);
#421=VECTOR('',#1724,10.);
#422=VECTOR('',#1727,10.);
#423=VECTOR('',#1728,10.);
#424=VECTOR('',#1731,10.);
#425=VECTOR('',#1732,10.);
#426=VECTOR('',#1733,10.);
#427=VECTOR('',#1736,10.);
#428=VECTOR('',#1739,10.);
#429=VECTOR('',#1742,10.);
#430=VECTOR('',#1745,10.);
#431=VECTOR('',#1746,10.);
#432=VECTOR('',#1747,10.);
#433=VECTOR('',#1748,10.);
#434=VECTOR('',#1751,10.);
#435=VECTOR('',#1752,10.);
#436=VECTOR('',#1753,10.);
#437=VECTOR('',#1764,10.);
#438=VECTOR('',#1765,10.);
#439=VECTOR('',#1770,0.799999999999996);
#440=VECTOR('',#1775,10.);
#441=VECTOR('',#1778,10.);
#442=VECTOR('',#1781,10.);
#443=VECTOR('',#1782,10.);
#444=VECTOR('',#1785,10.);
#445=VECTOR('',#1786,10.);
#446=VECTOR('',#1789,10.);
#447=VECTOR('',#1792,10.);
#448=VECTOR('',#1795,10.);
#449=VECTOR('',#1798,9.2);
#450=VECTOR('',#1803,10.);
#451=VECTOR('',#1810,10.);
#452=VECTOR('',#1811,10.);
#453=VECTOR('',#1814,10.);
#454=VECTOR('',#1815,10.);
#455=VECTOR('',#1818,10.);
#456=VECTOR('',#1819,10.);
#457=VECTOR('',#1820,10.);
#458=VECTOR('',#1823,10.);
#459=VECTOR('',#1824,10.);
#460=VECTOR('',#1825,10.);
#461=VECTOR('',#1828,10.);
#462=VECTOR('',#1831,10.);
#463=VECTOR('',#1834,10.);
#464=VECTOR('',#1835,10.);
#465=VECTOR('',#1838,10.);
#466=VECTOR('',#1839,10.);
#467=VECTOR('',#1840,10.);
#468=VECTOR('',#1843,10.);
#469=VECTOR('',#1846,10.);
#470=VECTOR('',#1847,10.);
#471=VECTOR('',#1850,10.);
#472=VECTOR('',#1851,10.);
#473=VECTOR('',#1854,10.);
#474=VECTOR('',#1857,10.);
#475=VECTOR('',#1860,10.);
#476=VECTOR('',#1863,10.);
#477=VECTOR('',#1864,10.);
#478=VECTOR('',#1865,10.);
#479=VECTOR('',#1866,10.);
#480=VECTOR('',#1867,10.);
#481=VECTOR('',#1868,10.);
#482=VECTOR('',#1871,10.);
#483=VECTOR('',#1872,10.);
#484=VECTOR('',#1875,10.);
#485=VECTOR('',#1876,10.);
#486=VECTOR('',#1879,10.);
#487=VECTOR('',#1884,10.);
#488=VECTOR('',#1885,10.);
#489=VECTOR('',#1888,10.);
#490=VECTOR('',#1893,10.);
#491=VECTOR('',#1894,10.);
#492=VECTOR('',#1897,10.);
#493=VECTOR('',#1900,10.);
#494=VECTOR('',#1903,10.);
#495=VECTOR('',#1910,10.);
#496=VECTOR('',#1917,10.);
#497=VECTOR('',#1920,10.);
#498=VECTOR('',#1923,10.);
#499=VECTOR('',#1928,10.);
#500=VECTOR('',#1931,10.);
#501=VECTOR('',#1934,10.);
#502=VECTOR('',#1935,10.);
#503=VECTOR('',#1936,10.);
#504=VECTOR('',#1951,10.);
#505=VECTOR('',#1952,10.);
#506=VECTOR('',#1953,10.);
#507=VECTOR('',#1958,10.);
#508=VECTOR('',#1961,10.);
#509=VECTOR('',#1962,10.);
#510=VECTOR('',#1965,10.);
#511=VECTOR('',#1968,10.);
#512=VECTOR('',#1975,10.);
#513=VECTOR('',#1978,10.);
#514=VECTOR('',#1981,10.);
#515=VECTOR('',#1988,0.799999999999996);
#516=VECTOR('',#2003,10.);
#517=VECTOR('',#2006,10.);
#518=VECTOR('',#2007,10.);
#519=VECTOR('',#2010,10.);
#520=VECTOR('',#2013,10.);
#521=VECTOR('',#2014,10.);
#522=VECTOR('',#2017,10.);
#523=VECTOR('',#2022,0.799999999999996);
#524=VECTOR('',#2033,10.);
#525=VECTOR('',#2038,10.);
#526=VECTOR('',#2041,10.);
#527=VECTOR('',#2044,10.);
#528=VECTOR('',#2047,10.);
#529=ELLIPSE('',#1487,1.13137084989847,0.799999999999996);
#530=ELLIPSE('',#1488,1.13137084989847,0.799999999999996);
#531=ELLIPSE('',#1489,13.0107647738325,9.2);
#532=ELLIPSE('',#1495,13.0107647738325,9.2);
#533=ELLIPSE('',#1506,1.13137084989847,0.799999999999996);
#534=ELLIPSE('',#1507,1.13137084989847,0.799999999999996);
#535=ELLIPSE('',#1528,1.13137084989847,0.799999999999996);
#536=ELLIPSE('',#1529,1.13137084989847,0.799999999999996);
#537=ELLIPSE('',#1530,13.0107647738325,9.2);
#538=ELLIPSE('',#1539,13.0107647738325,9.2);
#539=ELLIPSE('',#1544,1.13137084989847,0.799999999999996);
#540=ELLIPSE('',#1545,1.13137084989847,0.799999999999996);
#541=ELLIPSE('',#1609,7.33463017124381,1.6);
#542=ELLIPSE('',#1621,7.33463017124381,1.6);
#543=VERTEX_POINT('',#2052);
#544=VERTEX_POINT('',#2053);
#545=VERTEX_POINT('',#2055);
#546=VERTEX_POINT('',#2057);
#547=VERTEX_POINT('',#2059);
#548=VERTEX_POINT('',#2061);
#549=VERTEX_POINT('',#2063);
#550=VERTEX_POINT('',#2067);
#551=VERTEX_POINT('',#2069);
#552=VERTEX_POINT('',#2073);
#553=VERTEX_POINT('',#2075);
#554=VERTEX_POINT('',#2077);
#555=VERTEX_POINT('',#2079);
#556=VERTEX_POINT('',#2081);
#557=VERTEX_POINT('',#2083);
#558=VERTEX_POINT('',#2085);
#559=VERTEX_POINT('',#2087);
#560=VERTEX_POINT('',#2089);
#561=VERTEX_POINT('',#2091);
#562=VERTEX_POINT('',#2093);
#563=VERTEX_POINT('',#2095);
#564=VERTEX_POINT('',#2097);
#565=VERTEX_POINT('',#2099);
#566=VERTEX_POINT('',#2101);
#567=VERTEX_POINT('',#2104);
#568=VERTEX_POINT('',#2106);
#569=VERTEX_POINT('',#2108);
#570=VERTEX_POINT('',#2110);
#571=VERTEX_POINT('',#2112);
#572=VERTEX_POINT('',#2114);
#573=VERTEX_POINT('',#2118);
#574=VERTEX_POINT('',#2119);
#575=VERTEX_POINT('',#2121);
#576=VERTEX_POINT('',#2123);
#577=VERTEX_POINT('',#2125);
#578=VERTEX_POINT('',#2131);
#579=VERTEX_POINT('',#2135);
#580=VERTEX_POINT('',#2138);
#581=VERTEX_POINT('',#2140);
#582=VERTEX_POINT('',#2142);
#583=VERTEX_POINT('',#2144);
#584=VERTEX_POINT('',#2146);
#585=VERTEX_POINT('',#2148);
#586=VERTEX_POINT('',#2150);
#587=VERTEX_POINT('',#2152);
#588=VERTEX_POINT('',#2154);
#589=VERTEX_POINT('',#2156);
#590=VERTEX_POINT('',#2158);
#591=VERTEX_POINT('',#2160);
#592=VERTEX_POINT('',#2162);
#593=VERTEX_POINT('',#2164);
#594=VERTEX_POINT('',#2166);
#595=VERTEX_POINT('',#2168);
#596=VERTEX_POINT('',#2170);
#597=VERTEX_POINT('',#2172);
#598=VERTEX_POINT('',#2174);
#599=VERTEX_POINT('',#2176);
#600=VERTEX_POINT('',#2178);
#601=VERTEX_POINT('',#2180);
#602=VERTEX_POINT('',#2182);
#603=VERTEX_POINT('',#2184);
#604=VERTEX_POINT('',#2186);
#605=VERTEX_POINT('',#2188);
#606=VERTEX_POINT('',#2190);
#607=VERTEX_POINT('',#2192);
#608=VERTEX_POINT('',#2194);
#609=VERTEX_POINT('',#2196);
#610=VERTEX_POINT('',#2200);
#611=VERTEX_POINT('',#2202);
#612=VERTEX_POINT('',#2204);
#613=VERTEX_POINT('',#2206);
#614=VERTEX_POINT('',#2211);
#615=VERTEX_POINT('',#2214);
#616=VERTEX_POINT('',#2216);
#617=VERTEX_POINT('',#2220);
#618=VERTEX_POINT('',#2224);
#619=VERTEX_POINT('',#2226);
#620=VERTEX_POINT('',#2228);
#621=VERTEX_POINT('',#2230);
#622=VERTEX_POINT('',#2233);
#623=VERTEX_POINT('',#2235);
#624=VERTEX_POINT('',#2238);
#625=VERTEX_POINT('',#2240);
#626=VERTEX_POINT('',#2242);
#627=VERTEX_POINT('',#2244);
#628=VERTEX_POINT('',#2246);
#629=VERTEX_POINT('',#2249);
#630=VERTEX_POINT('',#2251);
#631=VERTEX_POINT('',#2253);
#632=VERTEX_POINT('',#2256);
#633=VERTEX_POINT('',#2260);
#634=VERTEX_POINT('',#2263);
#635=VERTEX_POINT('',#2267);
#636=VERTEX_POINT('',#2271);
#637=VERTEX_POINT('',#2273);
#638=VERTEX_POINT('',#2277);
#639=VERTEX_POINT('',#2279);
#640=VERTEX_POINT('',#2287);
#641=VERTEX_POINT('',#2291);
#642=VERTEX_POINT('',#2293);
#643=VERTEX_POINT('',#2299);
#644=VERTEX_POINT('',#2303);
#645=VERTEX_POINT('',#2309);
#646=VERTEX_POINT('',#2311);
#647=VERTEX_POINT('',#2313);
#648=VERTEX_POINT('',#2315);
#649=VERTEX_POINT('',#2318);
#650=VERTEX_POINT('',#2320);
#651=VERTEX_POINT('',#2322);
#652=VERTEX_POINT('',#2324);
#653=VERTEX_POINT('',#2328);
#654=VERTEX_POINT('',#2332);
#655=VERTEX_POINT('',#2338);
#656=VERTEX_POINT('',#2339);
#657=VERTEX_POINT('',#2346);
#658=VERTEX_POINT('',#2347);
#659=VERTEX_POINT('',#2356);
#660=VERTEX_POINT('',#2357);
#661=VERTEX_POINT('',#2362);
#662=VERTEX_POINT('',#2366);
#663=VERTEX_POINT('',#2372);
#664=VERTEX_POINT('',#2380);
#665=VERTEX_POINT('',#2382);
#666=VERTEX_POINT('',#2384);
#667=VERTEX_POINT('',#2392);
#668=VERTEX_POINT('',#2394);
#669=VERTEX_POINT('',#2396);
#670=VERTEX_POINT('',#2398);
#671=VERTEX_POINT('',#2421);
#672=VERTEX_POINT('',#2427);
#673=VERTEX_POINT('',#2428);
#674=VERTEX_POINT('',#2439);
#675=VERTEX_POINT('',#2443);
#676=VERTEX_POINT('',#2447);
#677=VERTEX_POINT('',#2449);
#678=VERTEX_POINT('',#2453);
#679=VERTEX_POINT('',#2482);
#680=VERTEX_POINT('',#2491);
#681=VERTEX_POINT('',#2493);
#682=VERTEX_POINT('',#2499);
#683=VERTEX_POINT('',#2503);
#684=VERTEX_POINT('',#2509);
#685=VERTEX_POINT('',#2513);
#686=VERTEX_POINT('',#2517);
#687=VERTEX_POINT('',#2528);
#688=VERTEX_POINT('',#2557);
#689=EDGE_CURVE('',#543,#544,#529,.T.);
#690=EDGE_CURVE('',#544,#545,#530,.T.);
#691=EDGE_CURVE('',#545,#546,#251,.T.);
#692=EDGE_CURVE('',#546,#547,#531,.T.);
#693=EDGE_CURVE('',#547,#548,#252,.T.);
#694=EDGE_CURVE('',#548,#549,#253,.F.);
#695=EDGE_CURVE('',#549,#543,#254,.T.);
#696=EDGE_CURVE('',#550,#547,#255,.T.);
#697=EDGE_CURVE('',#550,#551,#256,.T.);
#698=EDGE_CURVE('',#548,#551,#257,.T.);
#699=EDGE_CURVE('',#552,#546,#31,.T.);
#700=EDGE_CURVE('',#552,#553,#258,.T.);
#701=EDGE_CURVE('',#553,#554,#32,.T.);
#702=EDGE_CURVE('',#554,#555,#259,.T.);
#703=EDGE_CURVE('',#556,#555,#33,.T.);
#704=EDGE_CURVE('',#557,#556,#532,.T.);
#705=EDGE_CURVE('',#557,#558,#260,.T.);
#706=EDGE_CURVE('',#558,#559,#34,.T.);
#707=EDGE_CURVE('',#559,#560,#261,.T.);
#708=EDGE_CURVE('',#560,#561,#35,.T.);
#709=EDGE_CURVE('',#561,#562,#262,.T.);
#710=EDGE_CURVE('',#563,#562,#36,.T.);
#711=EDGE_CURVE('',#563,#564,#263,.T.);
#712=EDGE_CURVE('',#564,#565,#37,.T.);
#713=EDGE_CURVE('',#565,#566,#264,.T.);
#714=EDGE_CURVE('',#566,#566,#38,.T.);
#715=EDGE_CURVE('',#565,#567,#39,.T.);
#716=EDGE_CURVE('',#567,#568,#265,.T.);
#717=EDGE_CURVE('',#569,#568,#40,.T.);
#718=EDGE_CURVE('',#569,#570,#266,.T.);
#719=EDGE_CURVE('',#570,#571,#41,.T.);
#720=EDGE_CURVE('',#571,#572,#267,.T.);
#721=EDGE_CURVE('',#572,#550,#42,.T.);
#722=EDGE_CURVE('',#573,#574,#533,.T.);
#723=EDGE_CURVE('',#574,#575,#534,.T.);
#724=EDGE_CURVE('',#575,#576,#268,.T.);
#725=EDGE_CURVE('',#576,#577,#269,.F.);
#726=EDGE_CURVE('',#577,#557,#270,.T.);
#727=EDGE_CURVE('',#556,#573,#271,.T.);
#728=EDGE_CURVE('',#575,#573,#43,.T.);
#729=EDGE_CURVE('',#574,#578,#272,.T.);
#730=EDGE_CURVE('',#578,#578,#44,.T.);
#731=EDGE_CURVE('',#549,#579,#273,.T.);
#732=EDGE_CURVE('',#579,#569,#274,.T.);
#733=EDGE_CURVE('',#568,#580,#275,.T.);
#734=EDGE_CURVE('',#580,#581,#45,.T.);
#735=EDGE_CURVE('',#581,#582,#276,.T.);
#736=EDGE_CURVE('',#583,#582,#277,.T.);
#737=EDGE_CURVE('',#583,#584,#46,.T.);
#738=EDGE_CURVE('',#585,#584,#278,.T.);
#739=EDGE_CURVE('',#585,#586,#47,.T.);
#740=EDGE_CURVE('',#586,#587,#48,.T.);
#741=EDGE_CURVE('',#587,#588,#279,.T.);
#742=EDGE_CURVE('',#588,#589,#280,.T.);
#743=EDGE_CURVE('',#589,#590,#281,.T.);
#744=EDGE_CURVE('',#590,#591,#49,.T.);
#745=EDGE_CURVE('',#591,#592,#50,.T.);
#746=EDGE_CURVE('',#593,#592,#282,.T.);
#747=EDGE_CURVE('',#593,#594,#51,.T.);
#748=EDGE_CURVE('',#595,#594,#283,.T.);
#749=EDGE_CURVE('',#595,#596,#284,.T.);
#750=EDGE_CURVE('',#596,#597,#52,.T.);
#751=EDGE_CURVE('',#597,#598,#285,.T.);
#752=EDGE_CURVE('',#598,#599,#286,.T.);
#753=EDGE_CURVE('',#599,#600,#287,.T.);
#754=EDGE_CURVE('',#600,#601,#53,.T.);
#755=EDGE_CURVE('',#601,#602,#288,.T.);
#756=EDGE_CURVE('',#602,#603,#54,.T.);
#757=EDGE_CURVE('',#603,#604,#289,.T.);
#758=EDGE_CURVE('',#604,#605,#55,.T.);
#759=EDGE_CURVE('',#605,#606,#290,.T.);
#760=EDGE_CURVE('',#606,#607,#56,.T.);
#761=EDGE_CURVE('',#607,#608,#291,.T.);
#762=EDGE_CURVE('',#608,#609,#292,.T.);
#763=EDGE_CURVE('',#609,#563,#293,.T.);
#764=EDGE_CURVE('',#562,#576,#294,.T.);
#765=EDGE_CURVE('',#555,#610,#57,.T.);
#766=EDGE_CURVE('',#610,#611,#295,.T.);
#767=EDGE_CURVE('',#611,#612,#296,.T.);
#768=EDGE_CURVE('',#612,#613,#297,.T.);
#769=EDGE_CURVE('',#613,#552,#58,.T.);
#770=EDGE_CURVE('',#545,#543,#59,.T.);
#771=EDGE_CURVE('',#584,#614,#535,.T.);
#772=EDGE_CURVE('',#614,#583,#536,.T.);
#773=EDGE_CURVE('',#582,#615,#298,.F.);
#774=EDGE_CURVE('',#615,#616,#299,.T.);
#775=EDGE_CURVE('',#616,#585,#537,.T.);
#776=EDGE_CURVE('',#614,#617,#300,.T.);
#777=EDGE_CURVE('',#617,#617,#60,.T.);
#778=EDGE_CURVE('',#616,#618,#301,.T.);
#779=EDGE_CURVE('',#618,#619,#61,.T.);
#780=EDGE_CURVE('',#619,#620,#302,.T.);
#781=EDGE_CURVE('',#620,#621,#62,.T.);
#782=EDGE_CURVE('',#621,#581,#303,.T.);
#783=EDGE_CURVE('',#580,#622,#304,.T.);
#784=EDGE_CURVE('',#622,#623,#63,.T.);
#785=EDGE_CURVE('',#623,#597,#305,.T.);
#786=EDGE_CURVE('',#596,#624,#306,.T.);
#787=EDGE_CURVE('',#624,#625,#64,.T.);
#788=EDGE_CURVE('',#625,#626,#307,.T.);
#789=EDGE_CURVE('',#626,#627,#65,.T.);
#790=EDGE_CURVE('',#627,#628,#308,.T.);
#791=EDGE_CURVE('',#592,#628,#538,.T.);
#792=EDGE_CURVE('',#591,#629,#309,.T.);
#793=EDGE_CURVE('',#629,#630,#66,.T.);
#794=EDGE_CURVE('',#630,#631,#310,.T.);
#795=EDGE_CURVE('',#631,#631,#67,.T.);
#796=EDGE_CURVE('',#630,#632,#68,.T.);
#797=EDGE_CURVE('',#632,#586,#311,.T.);
#798=EDGE_CURVE('',#594,#633,#539,.T.);
#799=EDGE_CURVE('',#633,#593,#540,.T.);
#800=EDGE_CURVE('',#628,#634,#312,.T.);
#801=EDGE_CURVE('',#634,#595,#313,.F.);
#802=EDGE_CURVE('',#627,#635,#314,.T.);
#803=EDGE_CURVE('',#634,#635,#315,.T.);
#804=EDGE_CURVE('',#636,#572,#316,.T.);
#805=EDGE_CURVE('',#637,#636,#317,.T.);
#806=EDGE_CURVE('',#551,#637,#318,.T.);
#807=EDGE_CURVE('',#638,#558,#319,.T.);
#808=EDGE_CURVE('',#639,#638,#320,.T.);
#809=EDGE_CURVE('',#559,#639,#321,.T.);
#810=EDGE_CURVE('',#579,#637,#322,.T.);
#811=EDGE_CURVE('',#577,#638,#323,.T.);
#812=EDGE_CURVE('',#640,#626,#324,.T.);
#813=EDGE_CURVE('',#635,#640,#325,.T.);
#814=EDGE_CURVE('',#641,#618,#326,.T.);
#815=EDGE_CURVE('',#642,#641,#327,.T.);
#816=EDGE_CURVE('',#619,#642,#328,.T.);
#817=EDGE_CURVE('',#615,#641,#329,.T.);
#818=EDGE_CURVE('',#639,#643,#330,.T.);
#819=EDGE_CURVE('',#643,#560,#331,.T.);
#820=EDGE_CURVE('',#636,#644,#332,.T.);
#821=EDGE_CURVE('',#644,#570,#333,.T.);
#822=EDGE_CURVE('',#571,#644,#334,.T.);
#823=EDGE_CURVE('',#609,#645,#335,.T.);
#824=EDGE_CURVE('',#646,#645,#69,.T.);
#825=EDGE_CURVE('',#646,#647,#336,.T.);
#826=EDGE_CURVE('',#648,#647,#70,.T.);
#827=EDGE_CURVE('',#648,#598,#337,.T.);
#828=EDGE_CURVE('',#623,#649,#338,.T.);
#829=EDGE_CURVE('',#649,#650,#339,.T.);
#830=EDGE_CURVE('',#651,#650,#340,.F.);
#831=EDGE_CURVE('',#651,#652,#341,.T.);
#832=EDGE_CURVE('',#652,#564,#342,.T.);
#833=EDGE_CURVE('',#642,#653,#343,.T.);
#834=EDGE_CURVE('',#653,#620,#344,.T.);
#835=EDGE_CURVE('',#640,#654,#345,.T.);
#836=EDGE_CURVE('',#654,#624,#346,.T.);
#837=EDGE_CURVE('',#625,#654,#347,.T.);
#838=EDGE_CURVE('',#655,#656,#71,.T.);
#839=EDGE_CURVE('',#656,#648,#348,.T.);
#840=EDGE_CURVE('',#647,#655,#349,.T.);
#841=EDGE_CURVE('',#599,#656,#350,.T.);
#842=EDGE_CURVE('',#657,#658,#72,.T.);
#843=EDGE_CURVE('',#658,#646,#351,.T.);
#844=EDGE_CURVE('',#645,#657,#352,.T.);
#845=EDGE_CURVE('',#655,#658,#353,.T.);
#846=EDGE_CURVE('',#657,#608,#354,.T.);
#847=EDGE_CURVE('',#659,#660,#355,.T.);
#848=EDGE_CURVE('',#660,#651,#73,.T.);
#849=EDGE_CURVE('',#650,#659,#74,.T.);
#850=EDGE_CURVE('',#661,#660,#356,.T.);
#851=EDGE_CURVE('',#652,#661,#75,.T.);
#852=EDGE_CURVE('',#662,#649,#76,.T.);
#853=EDGE_CURVE('',#659,#662,#357,.T.);
#854=EDGE_CURVE('',#567,#661,#358,.T.);
#855=EDGE_CURVE('',#590,#663,#359,.T.);
#856=EDGE_CURVE('',#663,#629,#77,.T.);
#857=EDGE_CURVE('',#621,#653,#360,.T.);
#858=EDGE_CURVE('',#662,#622,#361,.T.);
#859=EDGE_CURVE('',#664,#663,#362,.T.);
#860=EDGE_CURVE('',#665,#664,#363,.T.);
#861=EDGE_CURVE('',#666,#665,#364,.T.);
#862=EDGE_CURVE('',#632,#666,#78,.T.);
#863=EDGE_CURVE('',#667,#553,#79,.T.);
#864=EDGE_CURVE('',#668,#667,#365,.T.);
#865=EDGE_CURVE('',#669,#668,#366,.T.);
#866=EDGE_CURVE('',#670,#669,#367,.T.);
#867=EDGE_CURVE('',#554,#670,#80,.T.);
#868=EDGE_CURVE('',#561,#643,#368,.T.);
#869=EDGE_CURVE('',#612,#668,#369,.T.);
#870=EDGE_CURVE('',#613,#667,#370,.T.);
#871=EDGE_CURVE('',#611,#669,#371,.T.);
#872=EDGE_CURVE('',#610,#670,#372,.T.);
#873=EDGE_CURVE('',#589,#664,#373,.T.);
#874=EDGE_CURVE('',#588,#665,#374,.T.);
#875=EDGE_CURVE('',#587,#666,#375,.T.);
#876=EDGE_CURVE('',#633,#671,#376,.T.);
#877=EDGE_CURVE('',#671,#671,#81,.T.);
#878=EDGE_CURVE('',#672,#673,#25,.T.);
#879=EDGE_CURVE('',#674,#673,#17,.T.);
#880=EDGE_CURVE('',#675,#674,#18,.T.);
#881=EDGE_CURVE('',#676,#675,#82,.T.);
#882=EDGE_CURVE('',#677,#676,#19,.T.);
#883=EDGE_CURVE('',#677,#678,#26,.T.);
#884=EDGE_CURVE('',#672,#678,#20,.T.);
#885=EDGE_CURVE('',#679,#673,#541,.T.);
#886=EDGE_CURVE('',#674,#679,#377,.T.);
#887=EDGE_CURVE('',#678,#602,#378,.T.);
#888=EDGE_CURVE('',#672,#601,#379,.T.);
#889=EDGE_CURVE('',#677,#603,#380,.T.);
#890=EDGE_CURVE('',#676,#680,#381,.T.);
#891=EDGE_CURVE('',#680,#681,#21,.T.);
#892=EDGE_CURVE('',#681,#604,#382,.T.);
#893=EDGE_CURVE('',#682,#675,#383,.T.);
#894=EDGE_CURVE('',#682,#680,#83,.T.);
#895=EDGE_CURVE('',#544,#683,#384,.T.);
#896=EDGE_CURVE('',#683,#683,#84,.T.);
#897=EDGE_CURVE('',#684,#682,#22,.T.);
#898=EDGE_CURVE('',#684,#685,#23,.T.);
#899=EDGE_CURVE('',#685,#686,#27,.T.);
#900=EDGE_CURVE('',#687,#686,#24,.T.);
#901=EDGE_CURVE('',#687,#681,#28,.T.);
#902=EDGE_CURVE('',#688,#684,#385,.T.);
#903=EDGE_CURVE('',#685,#688,#542,.T.);
#904=EDGE_CURVE('',#687,#605,#386,.T.);
#905=EDGE_CURVE('',#686,#606,#387,.T.);
#906=EDGE_CURVE('',#679,#600,#388,.T.);
#907=EDGE_CURVE('',#688,#607,#389,.T.);
#908=ORIENTED_EDGE('',*,*,#689,.T.);
#909=ORIENTED_EDGE('',*,*,#690,.T.);
#910=ORIENTED_EDGE('',*,*,#691,.T.);
#911=ORIENTED_EDGE('',*,*,#692,.T.);
#912=ORIENTED_EDGE('',*,*,#693,.T.);
#913=ORIENTED_EDGE('',*,*,#694,.T.);
#914=ORIENTED_EDGE('',*,*,#695,.T.);
#915=ORIENTED_EDGE('',*,*,#693,.F.);
#916=ORIENTED_EDGE('',*,*,#696,.F.);
#917=ORIENTED_EDGE('',*,*,#697,.T.);
#918=ORIENTED_EDGE('',*,*,#698,.F.);
#919=ORIENTED_EDGE('',*,*,#692,.F.);
#920=ORIENTED_EDGE('',*,*,#699,.F.);
#921=ORIENTED_EDGE('',*,*,#700,.T.);
#922=ORIENTED_EDGE('',*,*,#701,.T.);
#923=ORIENTED_EDGE('',*,*,#702,.T.);
#924=ORIENTED_EDGE('',*,*,#703,.F.);
#925=ORIENTED_EDGE('',*,*,#704,.F.);
#926=ORIENTED_EDGE('',*,*,#705,.T.);
#927=ORIENTED_EDGE('',*,*,#706,.T.);
#928=ORIENTED_EDGE('',*,*,#707,.T.);
#929=ORIENTED_EDGE('',*,*,#708,.T.);
#930=ORIENTED_EDGE('',*,*,#709,.T.);
#931=ORIENTED_EDGE('',*,*,#710,.F.);
#932=ORIENTED_EDGE('',*,*,#711,.T.);
#933=ORIENTED_EDGE('',*,*,#712,.T.);
#934=ORIENTED_EDGE('',*,*,#713,.T.);
#935=ORIENTED_EDGE('',*,*,#714,.T.);
#936=ORIENTED_EDGE('',*,*,#713,.F.);
#937=ORIENTED_EDGE('',*,*,#715,.T.);
#938=ORIENTED_EDGE('',*,*,#716,.T.);
#939=ORIENTED_EDGE('',*,*,#717,.F.);
#940=ORIENTED_EDGE('',*,*,#718,.T.);
#941=ORIENTED_EDGE('',*,*,#719,.T.);
#942=ORIENTED_EDGE('',*,*,#720,.T.);
#943=ORIENTED_EDGE('',*,*,#721,.T.);
#944=ORIENTED_EDGE('',*,*,#696,.T.);
#945=ORIENTED_EDGE('',*,*,#722,.T.);
#946=ORIENTED_EDGE('',*,*,#723,.T.);
#947=ORIENTED_EDGE('',*,*,#724,.T.);
#948=ORIENTED_EDGE('',*,*,#725,.T.);
#949=ORIENTED_EDGE('',*,*,#726,.T.);
#950=ORIENTED_EDGE('',*,*,#704,.T.);
#951=ORIENTED_EDGE('',*,*,#727,.T.);
#952=ORIENTED_EDGE('',*,*,#722,.F.);
#953=ORIENTED_EDGE('',*,*,#728,.F.);
#954=ORIENTED_EDGE('',*,*,#723,.F.);
#955=ORIENTED_EDGE('',*,*,#729,.T.);
#956=ORIENTED_EDGE('',*,*,#730,.T.);
#957=ORIENTED_EDGE('',*,*,#729,.F.);
#958=ORIENTED_EDGE('',*,*,#731,.T.);
#959=ORIENTED_EDGE('',*,*,#732,.T.);
#960=ORIENTED_EDGE('',*,*,#717,.T.);
#961=ORIENTED_EDGE('',*,*,#733,.T.);
#962=ORIENTED_EDGE('',*,*,#734,.T.);
#963=ORIENTED_EDGE('',*,*,#735,.T.);
#964=ORIENTED_EDGE('',*,*,#736,.F.);
#965=ORIENTED_EDGE('',*,*,#737,.T.);
#966=ORIENTED_EDGE('',*,*,#738,.F.);
#967=ORIENTED_EDGE('',*,*,#739,.T.);
#968=ORIENTED_EDGE('',*,*,#740,.T.);
#969=ORIENTED_EDGE('',*,*,#741,.T.);
#970=ORIENTED_EDGE('',*,*,#742,.T.);
#971=ORIENTED_EDGE('',*,*,#743,.T.);
#972=ORIENTED_EDGE('',*,*,#744,.T.);
#973=ORIENTED_EDGE('',*,*,#745,.T.);
#974=ORIENTED_EDGE('',*,*,#746,.F.);
#975=ORIENTED_EDGE('',*,*,#747,.T.);
#976=ORIENTED_EDGE('',*,*,#748,.F.);
#977=ORIENTED_EDGE('',*,*,#749,.T.);
#978=ORIENTED_EDGE('',*,*,#750,.T.);
#979=ORIENTED_EDGE('',*,*,#751,.T.);
#980=ORIENTED_EDGE('',*,*,#752,.T.);
#981=ORIENTED_EDGE('',*,*,#753,.T.);
#982=ORIENTED_EDGE('',*,*,#754,.T.);
#983=ORIENTED_EDGE('',*,*,#755,.T.);
#984=ORIENTED_EDGE('',*,*,#756,.T.);
#985=ORIENTED_EDGE('',*,*,#757,.T.);
#986=ORIENTED_EDGE('',*,*,#758,.T.);
#987=ORIENTED_EDGE('',*,*,#759,.T.);
#988=ORIENTED_EDGE('',*,*,#760,.T.);
#989=ORIENTED_EDGE('',*,*,#761,.T.);
#990=ORIENTED_EDGE('',*,*,#762,.T.);
#991=ORIENTED_EDGE('',*,*,#763,.T.);
#992=ORIENTED_EDGE('',*,*,#710,.T.);
#993=ORIENTED_EDGE('',*,*,#764,.T.);
#994=ORIENTED_EDGE('',*,*,#724,.F.);
#995=ORIENTED_EDGE('',*,*,#728,.T.);
#996=ORIENTED_EDGE('',*,*,#727,.F.);
#997=ORIENTED_EDGE('',*,*,#703,.T.);
#998=ORIENTED_EDGE('',*,*,#765,.T.);
#999=ORIENTED_EDGE('',*,*,#766,.T.);
#1000=ORIENTED_EDGE('',*,*,#767,.T.);
#1001=ORIENTED_EDGE('',*,*,#768,.T.);
#1002=ORIENTED_EDGE('',*,*,#769,.T.);
#1003=ORIENTED_EDGE('',*,*,#699,.T.);
#1004=ORIENTED_EDGE('',*,*,#691,.F.);
#1005=ORIENTED_EDGE('',*,*,#770,.T.);
#1006=ORIENTED_EDGE('',*,*,#695,.F.);
#1007=ORIENTED_EDGE('',*,*,#771,.T.);
#1008=ORIENTED_EDGE('',*,*,#772,.T.);
#1009=ORIENTED_EDGE('',*,*,#736,.T.);
#1010=ORIENTED_EDGE('',*,*,#773,.T.);
#1011=ORIENTED_EDGE('',*,*,#774,.T.);
#1012=ORIENTED_EDGE('',*,*,#775,.T.);
#1013=ORIENTED_EDGE('',*,*,#738,.T.);
#1014=ORIENTED_EDGE('',*,*,#771,.F.);
#1015=ORIENTED_EDGE('',*,*,#737,.F.);
#1016=ORIENTED_EDGE('',*,*,#772,.F.);
#1017=ORIENTED_EDGE('',*,*,#776,.T.);
#1018=ORIENTED_EDGE('',*,*,#777,.F.);
#1019=ORIENTED_EDGE('',*,*,#776,.F.);
#1020=ORIENTED_EDGE('',*,*,#775,.F.);
#1021=ORIENTED_EDGE('',*,*,#778,.T.);
#1022=ORIENTED_EDGE('',*,*,#779,.T.);
#1023=ORIENTED_EDGE('',*,*,#780,.T.);
#1024=ORIENTED_EDGE('',*,*,#781,.T.);
#1025=ORIENTED_EDGE('',*,*,#782,.T.);
#1026=ORIENTED_EDGE('',*,*,#734,.F.);
#1027=ORIENTED_EDGE('',*,*,#783,.T.);
#1028=ORIENTED_EDGE('',*,*,#784,.T.);
#1029=ORIENTED_EDGE('',*,*,#785,.T.);
#1030=ORIENTED_EDGE('',*,*,#750,.F.);
#1031=ORIENTED_EDGE('',*,*,#786,.T.);
#1032=ORIENTED_EDGE('',*,*,#787,.T.);
#1033=ORIENTED_EDGE('',*,*,#788,.T.);
#1034=ORIENTED_EDGE('',*,*,#789,.T.);
#1035=ORIENTED_EDGE('',*,*,#790,.T.);
#1036=ORIENTED_EDGE('',*,*,#791,.F.);
#1037=ORIENTED_EDGE('',*,*,#745,.F.);
#1038=ORIENTED_EDGE('',*,*,#792,.T.);
#1039=ORIENTED_EDGE('',*,*,#793,.T.);
#1040=ORIENTED_EDGE('',*,*,#794,.T.);
#1041=ORIENTED_EDGE('',*,*,#795,.T.);
#1042=ORIENTED_EDGE('',*,*,#794,.F.);
#1043=ORIENTED_EDGE('',*,*,#796,.T.);
#1044=ORIENTED_EDGE('',*,*,#797,.T.);
#1045=ORIENTED_EDGE('',*,*,#739,.F.);
#1046=ORIENTED_EDGE('',*,*,#798,.T.);
#1047=ORIENTED_EDGE('',*,*,#799,.T.);
#1048=ORIENTED_EDGE('',*,*,#746,.T.);
#1049=ORIENTED_EDGE('',*,*,#791,.T.);
#1050=ORIENTED_EDGE('',*,*,#800,.T.);
#1051=ORIENTED_EDGE('',*,*,#801,.T.);
#1052=ORIENTED_EDGE('',*,*,#748,.T.);
#1053=ORIENTED_EDGE('',*,*,#800,.F.);
#1054=ORIENTED_EDGE('',*,*,#790,.F.);
#1055=ORIENTED_EDGE('',*,*,#802,.T.);
#1056=ORIENTED_EDGE('',*,*,#803,.F.);
#1057=ORIENTED_EDGE('',*,*,#804,.F.);
#1058=ORIENTED_EDGE('',*,*,#805,.F.);
#1059=ORIENTED_EDGE('',*,*,#806,.F.);
#1060=ORIENTED_EDGE('',*,*,#697,.F.);
#1061=ORIENTED_EDGE('',*,*,#721,.F.);
#1062=ORIENTED_EDGE('',*,*,#706,.F.);
#1063=ORIENTED_EDGE('',*,*,#807,.F.);
#1064=ORIENTED_EDGE('',*,*,#808,.F.);
#1065=ORIENTED_EDGE('',*,*,#809,.F.);
#1066=ORIENTED_EDGE('',*,*,#731,.F.);
#1067=ORIENTED_EDGE('',*,*,#694,.F.);
#1068=ORIENTED_EDGE('',*,*,#698,.T.);
#1069=ORIENTED_EDGE('',*,*,#806,.T.);
#1070=ORIENTED_EDGE('',*,*,#810,.F.);
#1071=ORIENTED_EDGE('',*,*,#726,.F.);
#1072=ORIENTED_EDGE('',*,*,#811,.T.);
#1073=ORIENTED_EDGE('',*,*,#807,.T.);
#1074=ORIENTED_EDGE('',*,*,#705,.F.);
#1075=ORIENTED_EDGE('',*,*,#789,.F.);
#1076=ORIENTED_EDGE('',*,*,#812,.F.);
#1077=ORIENTED_EDGE('',*,*,#813,.F.);
#1078=ORIENTED_EDGE('',*,*,#802,.F.);
#1079=ORIENTED_EDGE('',*,*,#779,.F.);
#1080=ORIENTED_EDGE('',*,*,#814,.F.);
#1081=ORIENTED_EDGE('',*,*,#815,.F.);
#1082=ORIENTED_EDGE('',*,*,#816,.F.);
#1083=ORIENTED_EDGE('',*,*,#774,.F.);
#1084=ORIENTED_EDGE('',*,*,#817,.T.);
#1085=ORIENTED_EDGE('',*,*,#814,.T.);
#1086=ORIENTED_EDGE('',*,*,#778,.F.);
#1087=ORIENTED_EDGE('',*,*,#809,.T.);
#1088=ORIENTED_EDGE('',*,*,#818,.T.);
#1089=ORIENTED_EDGE('',*,*,#819,.T.);
#1090=ORIENTED_EDGE('',*,*,#707,.F.);
#1091=ORIENTED_EDGE('',*,*,#820,.T.);
#1092=ORIENTED_EDGE('',*,*,#821,.T.);
#1093=ORIENTED_EDGE('',*,*,#718,.F.);
#1094=ORIENTED_EDGE('',*,*,#732,.F.);
#1095=ORIENTED_EDGE('',*,*,#810,.T.);
#1096=ORIENTED_EDGE('',*,*,#805,.T.);
#1097=ORIENTED_EDGE('',*,*,#804,.T.);
#1098=ORIENTED_EDGE('',*,*,#720,.F.);
#1099=ORIENTED_EDGE('',*,*,#822,.T.);
#1100=ORIENTED_EDGE('',*,*,#820,.F.);
#1101=ORIENTED_EDGE('',*,*,#711,.F.);
#1102=ORIENTED_EDGE('',*,*,#763,.F.);
#1103=ORIENTED_EDGE('',*,*,#823,.T.);
#1104=ORIENTED_EDGE('',*,*,#824,.F.);
#1105=ORIENTED_EDGE('',*,*,#825,.T.);
#1106=ORIENTED_EDGE('',*,*,#826,.F.);
#1107=ORIENTED_EDGE('',*,*,#827,.T.);
#1108=ORIENTED_EDGE('',*,*,#751,.F.);
#1109=ORIENTED_EDGE('',*,*,#785,.F.);
#1110=ORIENTED_EDGE('',*,*,#828,.T.);
#1111=ORIENTED_EDGE('',*,*,#829,.T.);
#1112=ORIENTED_EDGE('',*,*,#830,.F.);
#1113=ORIENTED_EDGE('',*,*,#831,.T.);
#1114=ORIENTED_EDGE('',*,*,#832,.T.);
#1115=ORIENTED_EDGE('',*,*,#816,.T.);
#1116=ORIENTED_EDGE('',*,*,#833,.T.);
#1117=ORIENTED_EDGE('',*,*,#834,.T.);
#1118=ORIENTED_EDGE('',*,*,#780,.F.);
#1119=ORIENTED_EDGE('',*,*,#835,.T.);
#1120=ORIENTED_EDGE('',*,*,#836,.T.);
#1121=ORIENTED_EDGE('',*,*,#786,.F.);
#1122=ORIENTED_EDGE('',*,*,#749,.F.);
#1123=ORIENTED_EDGE('',*,*,#801,.F.);
#1124=ORIENTED_EDGE('',*,*,#803,.T.);
#1125=ORIENTED_EDGE('',*,*,#813,.T.);
#1126=ORIENTED_EDGE('',*,*,#812,.T.);
#1127=ORIENTED_EDGE('',*,*,#788,.F.);
#1128=ORIENTED_EDGE('',*,*,#837,.T.);
#1129=ORIENTED_EDGE('',*,*,#835,.F.);
#1130=ORIENTED_EDGE('',*,*,#838,.T.);
#1131=ORIENTED_EDGE('',*,*,#839,.T.);
#1132=ORIENTED_EDGE('',*,*,#826,.T.);
#1133=ORIENTED_EDGE('',*,*,#840,.T.);
#1134=ORIENTED_EDGE('',*,*,#839,.F.);
#1135=ORIENTED_EDGE('',*,*,#841,.F.);
#1136=ORIENTED_EDGE('',*,*,#752,.F.);
#1137=ORIENTED_EDGE('',*,*,#827,.F.);
#1138=ORIENTED_EDGE('',*,*,#842,.T.);
#1139=ORIENTED_EDGE('',*,*,#843,.T.);
#1140=ORIENTED_EDGE('',*,*,#824,.T.);
#1141=ORIENTED_EDGE('',*,*,#844,.T.);
#1142=ORIENTED_EDGE('',*,*,#840,.F.);
#1143=ORIENTED_EDGE('',*,*,#825,.F.);
#1144=ORIENTED_EDGE('',*,*,#843,.F.);
#1145=ORIENTED_EDGE('',*,*,#845,.F.);
#1146=ORIENTED_EDGE('',*,*,#844,.F.);
#1147=ORIENTED_EDGE('',*,*,#823,.F.);
#1148=ORIENTED_EDGE('',*,*,#762,.F.);
#1149=ORIENTED_EDGE('',*,*,#846,.F.);
#1150=ORIENTED_EDGE('',*,*,#847,.T.);
#1151=ORIENTED_EDGE('',*,*,#848,.T.);
#1152=ORIENTED_EDGE('',*,*,#830,.T.);
#1153=ORIENTED_EDGE('',*,*,#849,.T.);
#1154=ORIENTED_EDGE('',*,*,#831,.F.);
#1155=ORIENTED_EDGE('',*,*,#848,.F.);
#1156=ORIENTED_EDGE('',*,*,#850,.F.);
#1157=ORIENTED_EDGE('',*,*,#851,.F.);
#1158=ORIENTED_EDGE('',*,*,#829,.F.);
#1159=ORIENTED_EDGE('',*,*,#852,.F.);
#1160=ORIENTED_EDGE('',*,*,#853,.F.);
#1161=ORIENTED_EDGE('',*,*,#849,.F.);
#1162=ORIENTED_EDGE('',*,*,#851,.T.);
#1163=ORIENTED_EDGE('',*,*,#854,.F.);
#1164=ORIENTED_EDGE('',*,*,#715,.F.);
#1165=ORIENTED_EDGE('',*,*,#712,.F.);
#1166=ORIENTED_EDGE('',*,*,#832,.F.);
#1167=ORIENTED_EDGE('',*,*,#792,.F.);
#1168=ORIENTED_EDGE('',*,*,#744,.F.);
#1169=ORIENTED_EDGE('',*,*,#855,.T.);
#1170=ORIENTED_EDGE('',*,*,#856,.T.);
#1171=ORIENTED_EDGE('',*,*,#782,.F.);
#1172=ORIENTED_EDGE('',*,*,#857,.T.);
#1173=ORIENTED_EDGE('',*,*,#833,.F.);
#1174=ORIENTED_EDGE('',*,*,#815,.T.);
#1175=ORIENTED_EDGE('',*,*,#817,.F.);
#1176=ORIENTED_EDGE('',*,*,#773,.F.);
#1177=ORIENTED_EDGE('',*,*,#735,.F.);
#1178=ORIENTED_EDGE('',*,*,#716,.F.);
#1179=ORIENTED_EDGE('',*,*,#854,.T.);
#1180=ORIENTED_EDGE('',*,*,#850,.T.);
#1181=ORIENTED_EDGE('',*,*,#847,.F.);
#1182=ORIENTED_EDGE('',*,*,#853,.T.);
#1183=ORIENTED_EDGE('',*,*,#858,.T.);
#1184=ORIENTED_EDGE('',*,*,#783,.F.);
#1185=ORIENTED_EDGE('',*,*,#733,.F.);
#1186=ORIENTED_EDGE('',*,*,#793,.F.);
#1187=ORIENTED_EDGE('',*,*,#856,.F.);
#1188=ORIENTED_EDGE('',*,*,#859,.F.);
#1189=ORIENTED_EDGE('',*,*,#860,.F.);
#1190=ORIENTED_EDGE('',*,*,#861,.F.);
#1191=ORIENTED_EDGE('',*,*,#862,.F.);
#1192=ORIENTED_EDGE('',*,*,#796,.F.);
#1193=ORIENTED_EDGE('',*,*,#781,.F.);
#1194=ORIENTED_EDGE('',*,*,#834,.F.);
#1195=ORIENTED_EDGE('',*,*,#857,.F.);
#1196=ORIENTED_EDGE('',*,*,#787,.F.);
#1197=ORIENTED_EDGE('',*,*,#836,.F.);
#1198=ORIENTED_EDGE('',*,*,#837,.F.);
#1199=ORIENTED_EDGE('',*,*,#852,.T.);
#1200=ORIENTED_EDGE('',*,*,#828,.F.);
#1201=ORIENTED_EDGE('',*,*,#784,.F.);
#1202=ORIENTED_EDGE('',*,*,#858,.F.);
#1203=ORIENTED_EDGE('',*,*,#719,.F.);
#1204=ORIENTED_EDGE('',*,*,#821,.F.);
#1205=ORIENTED_EDGE('',*,*,#822,.F.);
#1206=ORIENTED_EDGE('',*,*,#701,.F.);
#1207=ORIENTED_EDGE('',*,*,#863,.F.);
#1208=ORIENTED_EDGE('',*,*,#864,.F.);
#1209=ORIENTED_EDGE('',*,*,#865,.F.);
#1210=ORIENTED_EDGE('',*,*,#866,.F.);
#1211=ORIENTED_EDGE('',*,*,#867,.F.);
#1212=ORIENTED_EDGE('',*,*,#708,.F.);
#1213=ORIENTED_EDGE('',*,*,#819,.F.);
#1214=ORIENTED_EDGE('',*,*,#868,.F.);
#1215=ORIENTED_EDGE('',*,*,#768,.F.);
#1216=ORIENTED_EDGE('',*,*,#869,.T.);
#1217=ORIENTED_EDGE('',*,*,#864,.T.);
#1218=ORIENTED_EDGE('',*,*,#870,.F.);
#1219=ORIENTED_EDGE('',*,*,#767,.F.);
#1220=ORIENTED_EDGE('',*,*,#871,.T.);
#1221=ORIENTED_EDGE('',*,*,#865,.T.);
#1222=ORIENTED_EDGE('',*,*,#869,.F.);
#1223=ORIENTED_EDGE('',*,*,#766,.F.);
#1224=ORIENTED_EDGE('',*,*,#872,.T.);
#1225=ORIENTED_EDGE('',*,*,#866,.T.);
#1226=ORIENTED_EDGE('',*,*,#871,.F.);
#1227=ORIENTED_EDGE('',*,*,#702,.F.);
#1228=ORIENTED_EDGE('',*,*,#867,.T.);
#1229=ORIENTED_EDGE('',*,*,#872,.F.);
#1230=ORIENTED_EDGE('',*,*,#765,.F.);
#1231=ORIENTED_EDGE('',*,*,#709,.F.);
#1232=ORIENTED_EDGE('',*,*,#868,.T.);
#1233=ORIENTED_EDGE('',*,*,#818,.F.);
#1234=ORIENTED_EDGE('',*,*,#808,.T.);
#1235=ORIENTED_EDGE('',*,*,#811,.F.);
#1236=ORIENTED_EDGE('',*,*,#725,.F.);
#1237=ORIENTED_EDGE('',*,*,#764,.F.);
#1238=ORIENTED_EDGE('',*,*,#743,.F.);
#1239=ORIENTED_EDGE('',*,*,#873,.T.);
#1240=ORIENTED_EDGE('',*,*,#859,.T.);
#1241=ORIENTED_EDGE('',*,*,#855,.F.);
#1242=ORIENTED_EDGE('',*,*,#742,.F.);
#1243=ORIENTED_EDGE('',*,*,#874,.T.);
#1244=ORIENTED_EDGE('',*,*,#860,.T.);
#1245=ORIENTED_EDGE('',*,*,#873,.F.);
#1246=ORIENTED_EDGE('',*,*,#741,.F.);
#1247=ORIENTED_EDGE('',*,*,#875,.T.);
#1248=ORIENTED_EDGE('',*,*,#861,.T.);
#1249=ORIENTED_EDGE('',*,*,#874,.F.);
#1250=ORIENTED_EDGE('',*,*,#797,.F.);
#1251=ORIENTED_EDGE('',*,*,#862,.T.);
#1252=ORIENTED_EDGE('',*,*,#875,.F.);
#1253=ORIENTED_EDGE('',*,*,#740,.F.);
#1254=ORIENTED_EDGE('',*,*,#700,.F.);
#1255=ORIENTED_EDGE('',*,*,#769,.F.);
#1256=ORIENTED_EDGE('',*,*,#870,.T.);
#1257=ORIENTED_EDGE('',*,*,#863,.T.);
#1258=ORIENTED_EDGE('',*,*,#798,.F.);
#1259=ORIENTED_EDGE('',*,*,#747,.F.);
#1260=ORIENTED_EDGE('',*,*,#799,.F.);
#1261=ORIENTED_EDGE('',*,*,#876,.T.);
#1262=ORIENTED_EDGE('',*,*,#877,.F.);
#1263=ORIENTED_EDGE('',*,*,#876,.F.);
#1264=ORIENTED_EDGE('',*,*,#877,.T.);
#1265=ORIENTED_EDGE('',*,*,#777,.T.);
#1266=ORIENTED_EDGE('',*,*,#878,.T.);
#1267=ORIENTED_EDGE('',*,*,#879,.F.);
#1268=ORIENTED_EDGE('',*,*,#880,.F.);
#1269=ORIENTED_EDGE('',*,*,#881,.F.);
#1270=ORIENTED_EDGE('',*,*,#882,.F.);
#1271=ORIENTED_EDGE('',*,*,#883,.T.);
#1272=ORIENTED_EDGE('',*,*,#884,.F.);
#1273=ORIENTED_EDGE('',*,*,#885,.F.);
#1274=ORIENTED_EDGE('',*,*,#886,.F.);
#1275=ORIENTED_EDGE('',*,*,#879,.T.);
#1276=ORIENTED_EDGE('',*,*,#884,.T.);
#1277=ORIENTED_EDGE('',*,*,#887,.T.);
#1278=ORIENTED_EDGE('',*,*,#755,.F.);
#1279=ORIENTED_EDGE('',*,*,#888,.F.);
#1280=ORIENTED_EDGE('',*,*,#883,.F.);
#1281=ORIENTED_EDGE('',*,*,#889,.T.);
#1282=ORIENTED_EDGE('',*,*,#756,.F.);
#1283=ORIENTED_EDGE('',*,*,#887,.F.);
#1284=ORIENTED_EDGE('',*,*,#882,.T.);
#1285=ORIENTED_EDGE('',*,*,#890,.T.);
#1286=ORIENTED_EDGE('',*,*,#891,.T.);
#1287=ORIENTED_EDGE('',*,*,#892,.T.);
#1288=ORIENTED_EDGE('',*,*,#757,.F.);
#1289=ORIENTED_EDGE('',*,*,#889,.F.);
#1290=ORIENTED_EDGE('',*,*,#881,.T.);
#1291=ORIENTED_EDGE('',*,*,#893,.F.);
#1292=ORIENTED_EDGE('',*,*,#894,.T.);
#1293=ORIENTED_EDGE('',*,*,#890,.F.);
#1294=ORIENTED_EDGE('',*,*,#714,.F.);
#1295=ORIENTED_EDGE('',*,*,#795,.F.);
#1296=ORIENTED_EDGE('',*,*,#689,.F.);
#1297=ORIENTED_EDGE('',*,*,#770,.F.);
#1298=ORIENTED_EDGE('',*,*,#690,.F.);
#1299=ORIENTED_EDGE('',*,*,#895,.T.);
#1300=ORIENTED_EDGE('',*,*,#896,.T.);
#1301=ORIENTED_EDGE('',*,*,#895,.F.);
#1302=ORIENTED_EDGE('',*,*,#896,.F.);
#1303=ORIENTED_EDGE('',*,*,#730,.F.);
#1304=ORIENTED_EDGE('',*,*,#891,.F.);
#1305=ORIENTED_EDGE('',*,*,#894,.F.);
#1306=ORIENTED_EDGE('',*,*,#897,.F.);
#1307=ORIENTED_EDGE('',*,*,#898,.T.);
#1308=ORIENTED_EDGE('',*,*,#899,.T.);
#1309=ORIENTED_EDGE('',*,*,#900,.F.);
#1310=ORIENTED_EDGE('',*,*,#901,.T.);
#1311=ORIENTED_EDGE('',*,*,#902,.F.);
#1312=ORIENTED_EDGE('',*,*,#903,.F.);
#1313=ORIENTED_EDGE('',*,*,#898,.F.);
#1314=ORIENTED_EDGE('',*,*,#901,.F.);
#1315=ORIENTED_EDGE('',*,*,#904,.T.);
#1316=ORIENTED_EDGE('',*,*,#758,.F.);
#1317=ORIENTED_EDGE('',*,*,#892,.F.);
#1318=ORIENTED_EDGE('',*,*,#900,.T.);
#1319=ORIENTED_EDGE('',*,*,#905,.T.);
#1320=ORIENTED_EDGE('',*,*,#759,.F.);
#1321=ORIENTED_EDGE('',*,*,#904,.F.);
#1322=ORIENTED_EDGE('',*,*,#878,.F.);
#1323=ORIENTED_EDGE('',*,*,#888,.T.);
#1324=ORIENTED_EDGE('',*,*,#754,.F.);
#1325=ORIENTED_EDGE('',*,*,#906,.F.);
#1326=ORIENTED_EDGE('',*,*,#885,.T.);
#1327=ORIENTED_EDGE('',*,*,#846,.T.);
#1328=ORIENTED_EDGE('',*,*,#761,.F.);
#1329=ORIENTED_EDGE('',*,*,#907,.F.);
#1330=ORIENTED_EDGE('',*,*,#902,.T.);
#1331=ORIENTED_EDGE('',*,*,#897,.T.);
#1332=ORIENTED_EDGE('',*,*,#893,.T.);
#1333=ORIENTED_EDGE('',*,*,#880,.T.);
#1334=ORIENTED_EDGE('',*,*,#886,.T.);
#1335=ORIENTED_EDGE('',*,*,#906,.T.);
#1336=ORIENTED_EDGE('',*,*,#753,.F.);
#1337=ORIENTED_EDGE('',*,*,#841,.T.);
#1338=ORIENTED_EDGE('',*,*,#838,.F.);
#1339=ORIENTED_EDGE('',*,*,#845,.T.);
#1340=ORIENTED_EDGE('',*,*,#842,.F.);
#1341=ORIENTED_EDGE('',*,*,#903,.T.);
#1342=ORIENTED_EDGE('',*,*,#907,.T.);
#1343=ORIENTED_EDGE('',*,*,#760,.F.);
#1344=ORIENTED_EDGE('',*,*,#905,.F.);
#1345=ORIENTED_EDGE('',*,*,#899,.F.);
#1346=PLANE('',#1486);
#1347=PLANE('',#1490);
#1348=PLANE('',#1505);
#1349=PLANE('',#1511);
#1350=PLANE('',#1527);
#1351=PLANE('',#1543);
#1352=PLANE('',#1546);
#1353=PLANE('',#1547);
#1354=PLANE('',#1548);
#1355=PLANE('',#1549);
#1356=PLANE('',#1550);
#1357=PLANE('',#1551);
#1358=PLANE('',#1552);
#1359=PLANE('',#1553);
#1360=PLANE('',#1554);
#1361=PLANE('',#1555);
#1362=PLANE('',#1556);
#1363=PLANE('',#1557);
#1364=PLANE('',#1560);
#1365=PLANE('',#1561);
#1366=PLANE('',#1562);
#1367=PLANE('',#1565);
#1368=PLANE('',#1568);
#1369=PLANE('',#1569);
#1370=PLANE('',#1570);
#1371=PLANE('',#1577);
#1372=PLANE('',#1580);
#1373=PLANE('',#1581);
#1374=PLANE('',#1582);
#1375=PLANE('',#1584);
#1376=PLANE('',#1585);
#1377=PLANE('',#1586);
#1378=PLANE('',#1587);
#1379=PLANE('',#1588);
#1380=PLANE('',#1591);
#1381=PLANE('',#1592);
#1382=PLANE('',#1593);
#1383=PLANE('',#1594);
#1384=PLANE('',#1596);
#1385=PLANE('',#1597);
#1386=PLANE('',#1598);
#1387=PLANE('',#1599);
#1388=PLANE('',#1604);
#1389=PLANE('',#1605);
#1390=PLANE('',#1608);
#1391=PLANE('',#1610);
#1392=PLANE('',#1612);
#1393=PLANE('',#1613);
#1394=PLANE('',#1617);
#1395=PLANE('',#1618);
#1396=PLANE('',#1620);
#1397=PLANE('',#1623);
#1398=PLANE('',#1625);
#1399=ADVANCED_FACE('',(#103),#1346,.T.);
#1400=ADVANCED_FACE('',(#104),#1347,.F.);
#1401=ADVANCED_FACE('',(#105),#85,.F.);
#1402=ADVANCED_FACE('',(#106),#1348,.T.);
#1403=ADVANCED_FACE('',(#107),#86,.F.);
#1404=ADVANCED_FACE('',(#108),#1349,.F.);
#1405=ADVANCED_FACE('',(#109),#1350,.T.);
#1406=ADVANCED_FACE('',(#110),#87,.F.);
#1407=ADVANCED_FACE('',(#111),#88,.F.);
#1408=ADVANCED_FACE('',(#112),#1351,.T.);
#1409=ADVANCED_FACE('',(#113),#1352,.F.);
#1410=ADVANCED_FACE('',(#114),#1353,.F.);
#1411=ADVANCED_FACE('',(#115),#1354,.F.);
#1412=ADVANCED_FACE('',(#116),#1355,.F.);
#1413=ADVANCED_FACE('',(#117),#1356,.F.);
#1414=ADVANCED_FACE('',(#118),#1357,.F.);
#1415=ADVANCED_FACE('',(#119),#1358,.F.);
#1416=ADVANCED_FACE('',(#120),#1359,.F.);
#1417=ADVANCED_FACE('',(#121),#1360,.F.);
#1418=ADVANCED_FACE('',(#122),#1361,.F.);
#1419=ADVANCED_FACE('',(#123),#1362,.F.);
#1420=ADVANCED_FACE('',(#124),#1363,.F.);
#1421=ADVANCED_FACE('',(#125),#1364,.F.);
#1422=ADVANCED_FACE('',(#126),#1365,.F.);
#1423=ADVANCED_FACE('',(#127),#1366,.F.);
#1424=ADVANCED_FACE('',(#128),#89,.F.);
#1425=ADVANCED_FACE('',(#129),#1367,.F.);
#1426=ADVANCED_FACE('',(#130),#90,.F.);
#1427=ADVANCED_FACE('',(#131),#1368,.F.);
#1428=ADVANCED_FACE('',(#132),#1369,.F.);
#1429=ADVANCED_FACE('',(#133),#1370,.F.);
#1430=ADVANCED_FACE('',(#134),#91,.T.);
#1431=ADVANCED_FACE('',(#135),#92,.T.);
#1432=ADVANCED_FACE('',(#136),#1371,.T.);
#1433=ADVANCED_FACE('',(#137),#93,.T.);
#1434=ADVANCED_FACE('',(#138),#1372,.F.);
#1435=ADVANCED_FACE('',(#139),#1373,.F.);
#1436=ADVANCED_FACE('',(#140),#1374,.T.);
#1437=ADVANCED_FACE('',(#141),#1375,.T.);
#1438=ADVANCED_FACE('',(#142),#1376,.T.);
#1439=ADVANCED_FACE('',(#143),#1377,.T.);
#1440=ADVANCED_FACE('',(#144),#1378,.T.);
#1441=ADVANCED_FACE('',(#145),#1379,.T.);
#1442=ADVANCED_FACE('',(#146),#1380,.T.);
#1443=ADVANCED_FACE('',(#147),#1381,.F.);
#1444=ADVANCED_FACE('',(#148),#1382,.F.);
#1445=ADVANCED_FACE('',(#149),#1383,.F.);
#1446=ADVANCED_FACE('',(#150),#94,.T.);
#1447=ADVANCED_FACE('',(#151),#1384,.F.);
#1448=ADVANCED_FACE('',(#152),#1385,.F.);
#1449=ADVANCED_FACE('',(#153),#1386,.F.);
#1450=ADVANCED_FACE('',(#154),#1387,.F.);
#1451=ADVANCED_FACE('',(#155),#95,.T.);
#1452=ADVANCED_FACE('',(#156),#96,.T.);
#1453=ADVANCED_FACE('',(#157),#97,.F.);
#1454=ADVANCED_FACE('',(#158),#1388,.F.);
#1455=ADVANCED_FACE('',(#159),#1389,.F.);
#1456=ADVANCED_FACE('',(#160),#29,.T.);
#1457=ADVANCED_FACE('',(#161),#1390,.T.);
#1458=ADVANCED_FACE('',(#162),#1391,.T.);
#1459=ADVANCED_FACE('',(#163),#98,.T.);
#1460=ADVANCED_FACE('',(#164),#1392,.T.);
#1461=ADVANCED_FACE('',(#165,#15,#16),#1393,.T.);
#1462=ADVANCED_FACE('',(#166),#99,.F.);
#1463=ADVANCED_FACE('',(#167),#1394,.T.);
#1464=ADVANCED_FACE('',(#168),#1395,.T.);
#1465=ADVANCED_FACE('',(#169),#30,.T.);
#1466=ADVANCED_FACE('',(#170),#1396,.F.);
#1467=ADVANCED_FACE('',(#171),#100,.T.);
#1468=ADVANCED_FACE('',(#172),#1397,.T.);
#1469=ADVANCED_FACE('',(#173),#101,.T.);
#1470=ADVANCED_FACE('',(#174),#1398,.T.);
#1471=ADVANCED_FACE('',(#175),#102,.T.);
#1472=CLOSED_SHELL('',(#1399,#1400,#1401,#1402,#1403,#1404,#1405,#1406,
#1407,#1408,#1409,#1410,#1411,#1412,#1413,#1414,#1415,#1416,#1417,#1418,
#1419,#1420,#1421,#1422,#1423,#1424,#1425,#1426,#1427,#1428,#1429,#1430,
#1431,#1432,#1433,#1434,#1435,#1436,#1437,#1438,#1439,#1440,#1441,#1442,
#1443,#1444,#1445,#1446,#1447,#1448,#1449,#1450,#1451,#1452,#1453,#1454,
#1455,#1456,#1457,#1458,#1459,#1460,#1461,#1462,#1463,#1464,#1465,#1466,
#1467,#1468,#1469,#1470,#1471));
#1473=DERIVED_UNIT_ELEMENT(#1475,1.);
#1474=DERIVED_UNIT_ELEMENT(#2574,-3.);
#1475=(
MASS_UNIT()
NAMED_UNIT(*)
SI_UNIT(.KILO.,.GRAM.)
);
#1476=DERIVED_UNIT((#1473,#1474));
#1477=MEASURE_REPRESENTATION_ITEM('density measure',
POSITIVE_RATIO_MEASURE(7850.),#1476);
#1478=PROPERTY_DEFINITION_REPRESENTATION(#1483,#1480);
#1479=PROPERTY_DEFINITION_REPRESENTATION(#1484,#1481);
#1480=REPRESENTATION('material name',(#1482),#2571);
#1481=REPRESENTATION('density',(#1477),#2571);
#1482=DESCRIPTIVE_REPRESENTATION_ITEM('\X2\92FC\X0\','\X2\92FC\X0\');
#1483=PROPERTY_DEFINITION('material property','material name',#2581);
#1484=PROPERTY_DEFINITION('material property','density of part',#2581);
#1485=AXIS2_PLACEMENT_3D('',#2050,#1627,#1628);
#1486=AXIS2_PLACEMENT_3D('',#2051,#1629,#1630);
#1487=AXIS2_PLACEMENT_3D('',#2054,#1631,#1632);
#1488=AXIS2_PLACEMENT_3D('',#2056,#1633,#1634);
#1489=AXIS2_PLACEMENT_3D('',#2060,#1636,#1637);
#1490=AXIS2_PLACEMENT_3D('',#2066,#1641,#1642);
#1491=AXIS2_PLACEMENT_3D('',#2072,#1646,#1647);
#1492=AXIS2_PLACEMENT_3D('',#2074,#1648,#1649);
#1493=AXIS2_PLACEMENT_3D('',#2078,#1651,#1652);
#1494=AXIS2_PLACEMENT_3D('',#2082,#1654,#1655);
#1495=AXIS2_PLACEMENT_3D('',#2084,#1656,#1657);
#1496=AXIS2_PLACEMENT_3D('',#2088,#1659,#1660);
#1497=AXIS2_PLACEMENT_3D('',#2092,#1662,#1663);
#1498=AXIS2_PLACEMENT_3D('',#2096,#1665,#1666);
#1499=AXIS2_PLACEMENT_3D('',#2100,#1668,#1669);
#1500=AXIS2_PLACEMENT_3D('',#2103,#1671,#1672);
#1501=AXIS2_PLACEMENT_3D('',#2105,#1673,#1674);
#1502=AXIS2_PLACEMENT_3D('',#2109,#1676,#1677);
#1503=AXIS2_PLACEMENT_3D('',#2113,#1679,#1680);
#1504=AXIS2_PLACEMENT_3D('',#2116,#1682,#1683);
#1505=AXIS2_PLACEMENT_3D('',#2117,#1684,#1685);
#1506=AXIS2_PLACEMENT_3D('',#2120,#1686,#1687);
#1507=AXIS2_PLACEMENT_3D('',#2122,#1688,#1689);
#1508=AXIS2_PLACEMENT_3D('',#2129,#1694,#1695);
#1509=AXIS2_PLACEMENT_3D('',#2130,#1696,#1697);
#1510=AXIS2_PLACEMENT_3D('',#2133,#1699,#1700);
#1511=AXIS2_PLACEMENT_3D('',#2134,#1701,#1702);
#1512=AXIS2_PLACEMENT_3D('',#2141,#1706,#1707);
#1513=AXIS2_PLACEMENT_3D('',#2147,#1710,#1711);
#1514=AXIS2_PLACEMENT_3D('',#2151,#1713,#1714);
#1515=AXIS2_PLACEMENT_3D('',#2153,#1715,#1716);
#1516=AXIS2_PLACEMENT_3D('',#2161,#1720,#1721);
#1517=AXIS2_PLACEMENT_3D('',#2163,#1722,#1723);
#1518=AXIS2_PLACEMENT_3D('',#2167,#1725,#1726);
#1519=AXIS2_PLACEMENT_3D('',#2173,#1729,#1730);
#1520=AXIS2_PLACEMENT_3D('',#2181,#1734,#1735);
#1521=AXIS2_PLACEMENT_3D('',#2185,#1737,#1738);
#1522=AXIS2_PLACEMENT_3D('',#2189,#1740,#1741);
#1523=AXIS2_PLACEMENT_3D('',#2193,#1743,#1744);
#1524=AXIS2_PLACEMENT_3D('',#2201,#1749,#1750);
#1525=AXIS2_PLACEMENT_3D('',#2208,#1754,#1755);
#1526=AXIS2_PLACEMENT_3D('',#2209,#1756,#1757);
#1527=AXIS2_PLACEMENT_3D('',#2210,#1758,#1759);
#1528=AXIS2_PLACEMENT_3D('',#2212,#1760,#1761);
#1529=AXIS2_PLACEMENT_3D('',#2213,#1762,#1763);
#1530=AXIS2_PLACEMENT_3D('',#2218,#1766,#1767);
#1531=AXIS2_PLACEMENT_3D('',#2219,#1768,#1769);
#1532=AXIS2_PLACEMENT_3D('',#2222,#1771,#1772);
#1533=AXIS2_PLACEMENT_3D('',#2223,#1773,#1774);
#1534=AXIS2_PLACEMENT_3D('',#2227,#1776,#1777);
#1535=AXIS2_PLACEMENT_3D('',#2231,#1779,#1780);
#1536=AXIS2_PLACEMENT_3D('',#2236,#1783,#1784);
#1537=AXIS2_PLACEMENT_3D('',#2241,#1787,#1788);
#1538=AXIS2_PLACEMENT_3D('',#2245,#1790,#1791);
#1539=AXIS2_PLACEMENT_3D('',#2248,#1793,#1794);
#1540=AXIS2_PLACEMENT_3D('',#2252,#1796,#1797);
#1541=AXIS2_PLACEMENT_3D('',#2255,#1799,#1800);
#1542=AXIS2_PLACEMENT_3D('',#2257,#1801,#1802);
#1543=AXIS2_PLACEMENT_3D('',#2259,#1804,#1805);
#1544=AXIS2_PLACEMENT_3D('',#2261,#1806,#1807);
#1545=AXIS2_PLACEMENT_3D('',#2262,#1808,#1809);
#1546=AXIS2_PLACEMENT_3D('',#2266,#1812,#1813);
#1547=AXIS2_PLACEMENT_3D('',#2270,#1816,#1817);
#1548=AXIS2_PLACEMENT_3D('',#2276,#1821,#1822);
#1549=AXIS2_PLACEMENT_3D('',#2282,#1826,#1827);
#1550=AXIS2_PLACEMENT_3D('',#2284,#1829,#1830);
#1551=AXIS2_PLACEMENT_3D('',#2286,#1832,#1833);
#1552=AXIS2_PLACEMENT_3D('',#2290,#1836,#1837);
#1553=AXIS2_PLACEMENT_3D('',#2296,#1841,#1842);
#1554=AXIS2_PLACEMENT_3D('',#2298,#1844,#1845);
#1555=AXIS2_PLACEMENT_3D('',#2302,#1848,#1849);
#1556=AXIS2_PLACEMENT_3D('',#2306,#1852,#1853);
#1557=AXIS2_PLACEMENT_3D('',#2308,#1855,#1856);
#1558=AXIS2_PLACEMENT_3D('',#2312,#1858,#1859);
#1559=AXIS2_PLACEMENT_3D('',#2316,#1861,#1862);
#1560=AXIS2_PLACEMENT_3D('',#2327,#1869,#1870);
#1561=AXIS2_PLACEMENT_3D('',#2331,#1873,#1874);
#1562=AXIS2_PLACEMENT_3D('',#2335,#1877,#1878);
#1563=AXIS2_PLACEMENT_3D('',#2337,#1880,#1881);
#1564=AXIS2_PLACEMENT_3D('',#2340,#1882,#1883);
#1565=AXIS2_PLACEMENT_3D('',#2343,#1886,#1887);
#1566=AXIS2_PLACEMENT_3D('',#2345,#1889,#1890);
#1567=AXIS2_PLACEMENT_3D('',#2348,#1891,#1892);
#1568=AXIS2_PLACEMENT_3D('',#2351,#1895,#1896);
#1569=AXIS2_PLACEMENT_3D('',#2353,#1898,#1899);
#1570=AXIS2_PLACEMENT_3D('',#2355,#1901,#1902);
#1571=AXIS2_PLACEMENT_3D('',#2359,#1904,#1905);
#1572=AXIS2_PLACEMENT_3D('',#2360,#1906,#1907);
#1573=AXIS2_PLACEMENT_3D('',#2361,#1908,#1909);
#1574=AXIS2_PLACEMENT_3D('',#2364,#1911,#1912);
#1575=AXIS2_PLACEMENT_3D('',#2365,#1913,#1914);
#1576=AXIS2_PLACEMENT_3D('',#2367,#1915,#1916);
#1577=AXIS2_PLACEMENT_3D('',#2369,#1918,#1919);
#1578=AXIS2_PLACEMENT_3D('',#2371,#1921,#1922);
#1579=AXIS2_PLACEMENT_3D('',#2374,#1924,#1925);
#1580=AXIS2_PLACEMENT_3D('',#2375,#1926,#1927);
#1581=AXIS2_PLACEMENT_3D('',#2377,#1929,#1930);
#1582=AXIS2_PLACEMENT_3D('',#2379,#1932,#1933);
#1583=AXIS2_PLACEMENT_3D('',#2386,#1937,#1938);
#1584=AXIS2_PLACEMENT_3D('',#2387,#1939,#1940);
#1585=AXIS2_PLACEMENT_3D('',#2388,#1941,#1942);
#1586=AXIS2_PLACEMENT_3D('',#2389,#1943,#1944);
#1587=AXIS2_PLACEMENT_3D('',#2390,#1945,#1946);
#1588=AXIS2_PLACEMENT_3D('',#2391,#1947,#1948);
#1589=AXIS2_PLACEMENT_3D('',#2393,#1949,#1950);
#1590=AXIS2_PLACEMENT_3D('',#2400,#1954,#1955);
#1591=AXIS2_PLACEMENT_3D('',#2401,#1956,#1957);
#1592=AXIS2_PLACEMENT_3D('',#2403,#1959,#1960);
#1593=AXIS2_PLACEMENT_3D('',#2406,#1963,#1964);
#1594=AXIS2_PLACEMENT_3D('',#2408,#1966,#1967);
#1595=AXIS2_PLACEMENT_3D('',#2410,#1969,#1970);
#1596=AXIS2_PLACEMENT_3D('',#2411,#1971,#1972);
#1597=AXIS2_PLACEMENT_3D('',#2412,#1973,#1974);
#1598=AXIS2_PLACEMENT_3D('',#2414,#1976,#1977);
#1599=AXIS2_PLACEMENT_3D('',#2416,#1979,#1980);
#1600=AXIS2_PLACEMENT_3D('',#2418,#1982,#1983);
#1601=AXIS2_PLACEMENT_3D('',#2419,#1984,#1985);
#1602=AXIS2_PLACEMENT_3D('',#2420,#1986,#1987);
#1603=AXIS2_PLACEMENT_3D('',#2423,#1989,#1990);
#1604=AXIS2_PLACEMENT_3D('',#2424,#1991,#1992);
#1605=AXIS2_PLACEMENT_3D('',#2425,#1993,#1994);
#1606=AXIS2_PLACEMENT_3D('',#2426,#1995,#1996);
#1607=AXIS2_PLACEMENT_3D('',#2448,#1997,#1998);
#1608=AXIS2_PLACEMENT_3D('',#2481,#1999,#2000);
#1609=AXIS2_PLACEMENT_3D('',#2483,#2001,#2002);
#1610=AXIS2_PLACEMENT_3D('',#2485,#2004,#2005);
#1611=AXIS2_PLACEMENT_3D('',#2488,#2008,#2009);
#1612=AXIS2_PLACEMENT_3D('',#2490,#2011,#2012);
#1613=AXIS2_PLACEMENT_3D('',#2498,#2015,#2016);
#1614=AXIS2_PLACEMENT_3D('',#2501,#2018,#2019);
#1615=AXIS2_PLACEMENT_3D('',#2502,#2020,#2021);
#1616=AXIS2_PLACEMENT_3D('',#2505,#2023,#2024);
#1617=AXIS2_PLACEMENT_3D('',#2506,#2025,#2026);
#1618=AXIS2_PLACEMENT_3D('',#2507,#2027,#2028);
#1619=AXIS2_PLACEMENT_3D('',#2508,#2029,#2030);
#1620=AXIS2_PLACEMENT_3D('',#2556,#2031,#2032);
#1621=AXIS2_PLACEMENT_3D('',#2559,#2034,#2035);
#1622=AXIS2_PLACEMENT_3D('',#2560,#2036,#2037);
#1623=AXIS2_PLACEMENT_3D('',#2562,#2039,#2040);
#1624=AXIS2_PLACEMENT_3D('',#2564,#2042,#2043);
#1625=AXIS2_PLACEMENT_3D('',#2566,#2045,#2046);
#1626=AXIS2_PLACEMENT_3D('',#2568,#2048,#2049);
#1627=DIRECTION('axis',(0.,0.,1.));
#1628=DIRECTION('refdir',(1.,0.,0.));
#1629=DIRECTION('center_axis',(-0.707106781186548,0.707106781186548,0.));
#1630=DIRECTION('ref_axis',(0.,0.,1.));
#1631=DIRECTION('center_axis',(0.707106781186548,-0.707106781186548,0.));
#1632=DIRECTION('ref_axis',(-0.707106781186548,-0.707106781186548,0.));
#1633=DIRECTION('center_axis',(0.707106781186548,-0.707106781186548,0.));
#1634=DIRECTION('ref_axis',(-0.707106781186548,-0.707106781186548,0.));
#1635=DIRECTION('',(0.,0.,1.));
#1636=DIRECTION('center_axis',(0.707106781186548,-0.707106781186548,0.));
#1637=DIRECTION('ref_axis',(-0.707106781186547,-0.707106781186547,0.));
#1638=DIRECTION('',(0.,0.,-1.));
#1639=DIRECTION('',(0.707106781167176,0.707106781167176,7.40204426383819E-6));
#1640=DIRECTION('',(0.,0.,1.));
#1641=DIRECTION('center_axis',(0.,-1.,0.));
#1642=DIRECTION('ref_axis',(0.,0.,-1.));
#1643=DIRECTION('',(-1.,0.,0.));
#1644=DIRECTION('',(0.,0.,-1.));
#1645=DIRECTION('',(1.,0.,0.));
#1646=DIRECTION('center_axis',(-1.,0.,0.));
#1647=DIRECTION('ref_axis',(0.,-1.,0.));
#1648=DIRECTION('center_axis',(1.,0.,0.));
#1649=DIRECTION('ref_axis',(0.,-1.,0.));
#1650=DIRECTION('',(1.,0.,0.));
#1651=DIRECTION('center_axis',(-1.,0.,0.));
#1652=DIRECTION('ref_axis',(0.,-1.,0.));
#1653=DIRECTION('',(-1.,0.,0.));
#1654=DIRECTION('center_axis',(1.,0.,0.));
#1655=DIRECTION('ref_axis',(0.,-1.,0.));
#1656=DIRECTION('center_axis',(0.707106781186548,-0.707106781186548,0.));
#1657=DIRECTION('ref_axis',(-0.707106781186547,-0.707106781186547,0.));
#1658=DIRECTION('',(1.,0.,0.));
#1659=DIRECTION('center_axis',(-1.,0.,0.));
#1660=DIRECTION('ref_axis',(0.,-1.,0.));
#1661=DIRECTION('',(1.,0.,0.));
#1662=DIRECTION('center_axis',(-1.,0.,0.));
#1663=DIRECTION('ref_axis',(0.,-1.,0.));
#1664=DIRECTION('',(-1.,0.,0.));
#1665=DIRECTION('center_axis',(1.,0.,0.));
#1666=DIRECTION('ref_axis',(0.,-1.,0.));
#1667=DIRECTION('',(1.,0.,0.));
#1668=DIRECTION('center_axis',(-1.,0.,0.));
#1669=DIRECTION('ref_axis',(0.,-1.,0.));
#1670=DIRECTION('',(1.,0.,0.));
#1671=DIRECTION('center_axis',(1.,0.,0.));
#1672=DIRECTION('ref_axis',(0.,-1.,0.));
#1673=DIRECTION('center_axis',(-1.,0.,0.));
#1674=DIRECTION('ref_axis',(0.,-1.,0.));
#1675=DIRECTION('',(-1.,0.,0.));
#1676=DIRECTION('center_axis',(1.,0.,0.));
#1677=DIRECTION('ref_axis',(0.,-1.,0.));
#1678=DIRECTION('',(1.,0.,0.));
#1679=DIRECTION('center_axis',(-1.,0.,0.));
#1680=DIRECTION('ref_axis',(0.,-1.,0.));
#1681=DIRECTION('',(-1.,0.,0.));
#1682=DIRECTION('center_axis',(-1.,0.,0.));
#1683=DIRECTION('ref_axis',(0.,-1.,0.));
#1684=DIRECTION('center_axis',(-0.707106781186548,0.707106781186548,0.));
#1685=DIRECTION('ref_axis',(0.,0.,1.));
#1686=DIRECTION('center_axis',(0.707106781186548,-0.707106781186548,0.));
#1687=DIRECTION('ref_axis',(-0.707106781186548,-0.707106781186548,0.));
#1688=DIRECTION('center_axis',(0.707106781186548,-0.707106781186548,0.));
#1689=DIRECTION('ref_axis',(-0.707106781186548,-0.707106781186548,0.));
#1690=DIRECTION('',(0.,0.,1.));
#1691=DIRECTION('',(-0.707106781186548,-0.707106781186548,0.));
#1692=DIRECTION('',(0.,0.,-1.));
#1693=DIRECTION('',(0.,0.,1.));
#1694=DIRECTION('center_axis',(1.,0.,0.));
#1695=DIRECTION('ref_axis',(0.,-1.,0.));
#1696=DIRECTION('center_axis',(1.,0.,0.));
#1697=DIRECTION('ref_axis',(0.,-1.,0.));
#1698=DIRECTION('',(1.,0.,0.));
#1699=DIRECTION('center_axis',(1.,0.,0.));
#1700=DIRECTION('ref_axis',(0.,-1.,0.));
#1701=DIRECTION('center_axis',(1.,0.,0.));
#1702=DIRECTION('ref_axis',(0.,0.,-1.));
#1703=DIRECTION('',(0.,0.99999999994521,1.04680713869192E-5));
#1704=DIRECTION('',(0.,1.,0.));
#1705=DIRECTION('',(0.,1.,0.));
#1706=DIRECTION('center_axis',(1.,0.,0.));
#1707=DIRECTION('ref_axis',(0.,-1.,0.));
#1708=DIRECTION('',(0.,1.,0.));
#1709=DIRECTION('',(0.,0.,-1.));
#1710=DIRECTION('center_axis',(1.,0.,0.));
#1711=DIRECTION('ref_axis',(0.,1.,0.));
#1712=DIRECTION('',(0.,0.,-1.));
#1713=DIRECTION('center_axis',(1.,0.,0.));
#1714=DIRECTION('ref_axis',(0.,-1.,0.));
#1715=DIRECTION('center_axis',(-1.,0.,0.));
#1716=DIRECTION('ref_axis',(0.,-1.,7.10542735760099E-15));
#1717=DIRECTION('',(0.,1.,2.22044604925032E-14));
#1718=DIRECTION('',(0.,0.,1.));
#1719=DIRECTION('',(0.,-1.,0.));
#1720=DIRECTION('center_axis',(-1.,0.,0.));
#1721=DIRECTION('ref_axis',(0.,-1.77635683940024E-15,-1.));
#1722=DIRECTION('center_axis',(1.,0.,0.));
#1723=DIRECTION('ref_axis',(0.,-1.,0.));
#1724=DIRECTION('',(0.,0.,-1.));
#1725=DIRECTION('center_axis',(1.,0.,0.));
#1726=DIRECTION('ref_axis',(0.,1.,0.));
#1727=DIRECTION('',(0.,0.,-1.));
#1728=DIRECTION('',(0.,-1.,0.));
#1729=DIRECTION('center_axis',(1.,0.,0.));
#1730=DIRECTION('ref_axis',(0.,-1.,0.));
#1731=DIRECTION('',(0.,-1.,0.));
#1732=DIRECTION('',(0.,0.,1.));
#1733=DIRECTION('',(0.,1.,0.));
#1734=DIRECTION('center_axis',(-1.,0.,0.));
#1735=DIRECTION('ref_axis',(0.,0.,1.));
#1736=DIRECTION('',(0.,0.,-1.));
#1737=DIRECTION('center_axis',(-1.,0.,0.));
#1738=DIRECTION('ref_axis',(0.,1.,0.));
#1739=DIRECTION('',(0.,-1.,0.));
#1740=DIRECTION('center_axis',(-1.,0.,0.));
#1741=DIRECTION('ref_axis',(0.,0.,-1.));
#1742=DIRECTION('',(0.,0.,1.));
#1743=DIRECTION('center_axis',(-1.,0.,0.));
#1744=DIRECTION('ref_axis',(0.,-1.,0.));
#1745=DIRECTION('',(0.,1.,0.));
#1746=DIRECTION('',(0.,0.,-1.));
#1747=DIRECTION('',(0.,-1.,0.));
#1748=DIRECTION('',(0.,-1.,0.));
#1749=DIRECTION('center_axis',(-1.,0.,0.));
#1750=DIRECTION('ref_axis',(0.,1.,0.));
#1751=DIRECTION('',(0.,-1.,0.));
#1752=DIRECTION('',(0.,0.,-1.));
#1753=DIRECTION('',(0.,1.,0.));
#1754=DIRECTION('center_axis',(-1.,0.,0.));
#1755=DIRECTION('ref_axis',(0.,0.,1.));
#1756=DIRECTION('center_axis',(1.,0.,0.));
#1757=DIRECTION('ref_axis',(0.,-1.,0.));
#1758=DIRECTION('center_axis',(-0.707106781186548,-0.707106781186548,0.));
#1759=DIRECTION('ref_axis',(0.,0.,1.));
#1760=DIRECTION('center_axis',(0.707106781186548,0.707106781186548,0.));
#1761=DIRECTION('ref_axis',(-0.707106781186548,0.707106781186548,0.));
#1762=DIRECTION('center_axis',(0.707106781186548,0.707106781186548,0.));
#1763=DIRECTION('ref_axis',(-0.707106781186548,0.707106781186548,0.));
#1764=DIRECTION('',(-0.707106781186548,0.707106781186548,0.));
#1765=DIRECTION('',(0.,0.,1.));
#1766=DIRECTION('center_axis',(0.707106781186548,0.707106781186548,0.));
#1767=DIRECTION('ref_axis',(0.707106781186547,-0.707106781186547,0.));
#1768=DIRECTION('center_axis',(-1.,0.,0.));
#1769=DIRECTION('ref_axis',(0.,1.,0.));
#1770=DIRECTION('',(1.,0.,0.));
#1771=DIRECTION('center_axis',(-1.,0.,0.));
#1772=DIRECTION('ref_axis',(0.,1.,0.));
#1773=DIRECTION('center_axis',(-1.,0.,0.));
#1774=DIRECTION('ref_axis',(0.,-1.,0.));
#1775=DIRECTION('',(1.,0.,0.));
#1776=DIRECTION('center_axis',(-1.,0.,0.));
#1777=DIRECTION('ref_axis',(0.,-1.,0.));
#1778=DIRECTION('',(1.,0.,0.));
#1779=DIRECTION('center_axis',(-1.,0.,0.));
#1780=DIRECTION('ref_axis',(0.,-1.,0.));
#1781=DIRECTION('',(-1.,0.,0.));
#1782=DIRECTION('',(1.,0.,0.));
#1783=DIRECTION('center_axis',(-1.,0.,0.));
#1784=DIRECTION('ref_axis',(0.,-1.,0.));
#1785=DIRECTION('',(-1.,0.,0.));
#1786=DIRECTION('',(1.,0.,0.));
#1787=DIRECTION('center_axis',(-1.,0.,0.));
#1788=DIRECTION('ref_axis',(0.,-1.,0.));
#1789=DIRECTION('',(-1.,0.,0.));
#1790=DIRECTION('center_axis',(-1.,0.,0.));
#1791=DIRECTION('ref_axis',(0.,-1.,0.));
#1792=DIRECTION('',(-1.,0.,0.));
#1793=DIRECTION('center_axis',(0.707106781186548,0.707106781186548,0.));
#1794=DIRECTION('ref_axis',(0.707106781186547,-0.707106781186547,0.));
#1795=DIRECTION('',(1.,0.,0.));
#1796=DIRECTION('center_axis',(-1.,0.,0.));
#1797=DIRECTION('ref_axis',(0.,-1.,0.));
#1798=DIRECTION('',(1.,0.,0.));
#1799=DIRECTION('center_axis',(1.,0.,0.));
#1800=DIRECTION('ref_axis',(0.,-1.,0.));
#1801=DIRECTION('center_axis',(-1.,0.,0.));
#1802=DIRECTION('ref_axis',(0.,-1.,0.));
#1803=DIRECTION('',(-1.,0.,0.));
#1804=DIRECTION('center_axis',(-0.707106781186548,-0.707106781186548,0.));
#1805=DIRECTION('ref_axis',(0.,0.,1.));
#1806=DIRECTION('center_axis',(0.707106781186548,0.707106781186548,0.));
#1807=DIRECTION('ref_axis',(-0.707106781186548,0.707106781186548,0.));
#1808=DIRECTION('center_axis',(0.707106781186548,0.707106781186548,0.));
#1809=DIRECTION('ref_axis',(-0.707106781186548,0.707106781186548,0.));
#1810=DIRECTION('',(0.,0.,1.));
#1811=DIRECTION('',(0.707106781186547,-0.707106781186547,0.));
#1812=DIRECTION('center_axis',(0.,1.,0.));
#1813=DIRECTION('ref_axis',(0.,0.,1.));
#1814=DIRECTION('',(0.,0.,1.));
#1815=DIRECTION('',(1.,0.,0.));
#1816=DIRECTION('center_axis',(1.,0.,0.));
#1817=DIRECTION('ref_axis',(0.,0.,-1.));
#1818=DIRECTION('',(0.,0.,1.));
#1819=DIRECTION('',(0.,1.,0.));
#1820=DIRECTION('',(0.,0.99999999994521,1.04680713869192E-5));
#1821=DIRECTION('center_axis',(1.,0.,0.));
#1822=DIRECTION('ref_axis',(0.,0.,-1.));
#1823=DIRECTION('',(0.,0.,-1.));
#1824=DIRECTION('',(0.,-1.,0.));
#1825=DIRECTION('',(0.,0.,1.));
#1826=DIRECTION('center_axis',(0.,1.04680713869192E-5,-0.99999999994521));
#1827=DIRECTION('ref_axis',(0.,0.99999999994521,1.04680713869192E-5));
#1828=DIRECTION('',(1.,0.,0.));
#1829=DIRECTION('center_axis',(0.,-1.,0.));
#1830=DIRECTION('ref_axis',(0.,0.,-1.));
#1831=DIRECTION('',(1.,0.,0.));
#1832=DIRECTION('center_axis',(1.,0.,0.));
#1833=DIRECTION('ref_axis',(0.,0.,-1.));
#1834=DIRECTION('',(0.,-8.88178419700123E-15,-1.));
#1835=DIRECTION('',(0.,-1.,0.));
#1836=DIRECTION('center_axis',(1.,0.,0.));
#1837=DIRECTION('ref_axis',(0.,0.,-1.));
#1838=DIRECTION('',(0.,0.,1.));
#1839=DIRECTION('',(0.,1.,0.));
#1840=DIRECTION('',(0.,0.,-1.));
#1841=DIRECTION('center_axis',(0.,1.,0.));
#1842=DIRECTION('ref_axis',(0.,0.,1.));
#1843=DIRECTION('',(1.,0.,0.));
#1844=DIRECTION('center_axis',(0.,-1.,0.));
#1845=DIRECTION('ref_axis',(0.,0.,-1.));
#1846=DIRECTION('',(1.,0.,0.));
#1847=DIRECTION('',(0.,0.,-1.));
#1848=DIRECTION('center_axis',(0.,0.,-1.));
#1849=DIRECTION('ref_axis',(0.,1.,0.));
#1850=DIRECTION('',(1.,0.,0.));
#1851=DIRECTION('',(0.,1.,0.));
#1852=DIRECTION('center_axis',(0.,-1.,0.));
#1853=DIRECTION('ref_axis',(0.,0.,-1.));
#1854=DIRECTION('',(0.,0.,-1.));
#1855=DIRECTION('center_axis',(0.,0.,1.));
#1856=DIRECTION('ref_axis',(0.,-1.,0.));
#1857=DIRECTION('',(1.,0.,0.));
#1858=DIRECTION('center_axis',(0.,0.,-1.));
#1859=DIRECTION('ref_axis',(0.707106781186548,-0.707106781186547,0.));
#1860=DIRECTION('',(0.,1.,0.));
#1861=DIRECTION('center_axis',(0.,0.,-1.));
#1862=DIRECTION('ref_axis',(0.707106781186548,0.707106781186547,0.));
#1863=DIRECTION('',(-1.,0.,0.));
#1864=DIRECTION('',(0.,-1.,0.));
#1865=DIRECTION('',(1.,0.,0.));
#1866=DIRECTION('',(0.,-1.,0.));
#1867=DIRECTION('',(-1.,0.,0.));
#1868=DIRECTION('',(0.,-1.,0.));
#1869=DIRECTION('center_axis',(0.,1.,0.));
#1870=DIRECTION('ref_axis',(0.,0.,1.));
#1871=DIRECTION('',(1.,0.,0.));
#1872=DIRECTION('',(0.,0.,1.));
#1873=DIRECTION('center_axis',(0.,0.,1.));
#1874=DIRECTION('ref_axis',(0.,-1.,0.));
#1875=DIRECTION('',(1.,0.,0.));
#1876=DIRECTION('',(0.,-1.,0.));
#1877=DIRECTION('center_axis',(0.,1.,-8.88178419700123E-15));
#1878=DIRECTION('ref_axis',(0.,8.88178419700123E-15,1.));
#1879=DIRECTION('',(0.,8.88178419700123E-15,1.));
#1880=DIRECTION('center_axis',(0.,0.,-1.));
#1881=DIRECTION('ref_axis',(0.707106781186548,0.707106781186547,0.));
#1882=DIRECTION('center_axis',(0.,0.,1.));
#1883=DIRECTION('ref_axis',(0.707106781186548,0.707106781186547,0.));
#1884=DIRECTION('',(0.,0.,-1.));
#1885=DIRECTION('',(0.,0.,1.));
#1886=DIRECTION('center_axis',(0.,1.,0.));
#1887=DIRECTION('ref_axis',(1.,0.,0.));
#1888=DIRECTION('',(1.,0.,0.));
#1889=DIRECTION('center_axis',(0.,0.,-1.));
#1890=DIRECTION('ref_axis',(0.707106781186548,-0.707106781186547,0.));
#1891=DIRECTION('center_axis',(0.,0.,1.));
#1892=DIRECTION('ref_axis',(0.707106781186548,-0.707106781186547,0.));
#1893=DIRECTION('',(0.,0.,-1.));
#1894=DIRECTION('',(0.,0.,1.));
#1895=DIRECTION('center_axis',(1.,0.,0.));
#1896=DIRECTION('ref_axis',(0.,-1.,0.));
#1897=DIRECTION('',(0.,-1.,0.));
#1898=DIRECTION('center_axis',(0.,-1.,0.));
#1899=DIRECTION('ref_axis',(-1.,0.,0.));
#1900=DIRECTION('',(-1.,0.,0.));
#1901=DIRECTION('center_axis',(1.,0.,0.));
#1902=DIRECTION('ref_axis',(0.,0.,-1.));
#1903=DIRECTION('',(0.,-1.,0.));
#1904=DIRECTION('center_axis',(1.,0.,0.));
#1905=DIRECTION('ref_axis',(0.,-1.,0.));
#1906=DIRECTION('center_axis',(1.,0.,0.));
#1907=DIRECTION('ref_axis',(0.,-1.,0.));
#1908=DIRECTION('center_axis',(-1.,0.,0.));
#1909=DIRECTION('ref_axis',(0.,1.,-6.41142354343576E-13));
#1910=DIRECTION('',(1.,0.,0.));
#1911=DIRECTION('center_axis',(-1.,0.,0.));
#1912=DIRECTION('ref_axis',(0.,-1.,0.));
#1913=DIRECTION('center_axis',(-1.,0.,0.));
#1914=DIRECTION('ref_axis',(0.,-1.,0.));
#1915=DIRECTION('center_axis',(-1.,0.,0.));
#1916=DIRECTION('ref_axis',(0.,-1.,0.));
#1917=DIRECTION('',(-1.,0.,0.));
#1918=DIRECTION('center_axis',(-1.,0.,0.));
#1919=DIRECTION('ref_axis',(0.,-1.,0.));
#1920=DIRECTION('',(0.,1.,0.));
#1921=DIRECTION('center_axis',(1.,0.,0.));
#1922=DIRECTION('ref_axis',(0.,-1.77635683940024E-15,-1.));
#1923=DIRECTION('',(1.,0.,0.));
#1924=DIRECTION('center_axis',(-1.,0.,0.));
#1925=DIRECTION('ref_axis',(0.,-1.77635683940024E-15,-1.));
#1926=DIRECTION('center_axis',(0.,0.,-1.));
#1927=DIRECTION('ref_axis',(0.,1.,0.));
#1928=DIRECTION('',(0.,1.,0.));
#1929=DIRECTION('center_axis',(0.,0.,-1.));
#1930=DIRECTION('ref_axis',(0.,1.,0.));
#1931=DIRECTION('',(0.,1.,0.));
#1932=DIRECTION('center_axis',(-1.,0.,0.));
#1933=DIRECTION('ref_axis',(0.,-1.,0.));
#1934=DIRECTION('',(0.,-1.,0.));
#1935=DIRECTION('',(0.,0.,1.));
#1936=DIRECTION('',(0.,1.,2.22044604925032E-14));
#1937=DIRECTION('center_axis',(-1.,0.,0.));
#1938=DIRECTION('ref_axis',(0.,-1.,7.10542735760099E-15));
#1939=DIRECTION('center_axis',(-1.,0.,0.));
#1940=DIRECTION('ref_axis',(0.,-1.,0.));
#1941=DIRECTION('center_axis',(-1.,0.,0.));
#1942=DIRECTION('ref_axis',(0.,-1.,0.));
#1943=DIRECTION('center_axis',(-1.,0.,0.));
#1944=DIRECTION('ref_axis',(0.,-1.,0.));
#1945=DIRECTION('center_axis',(-1.,0.,0.));
#1946=DIRECTION('ref_axis',(0.,-1.,0.));
#1947=DIRECTION('center_axis',(-1.,0.,0.));
#1948=DIRECTION('ref_axis',(0.,-1.,0.));
#1949=DIRECTION('center_axis',(-1.,0.,0.));
#1950=DIRECTION('ref_axis',(0.,0.,1.));
#1951=DIRECTION('',(0.,1.,0.));
#1952=DIRECTION('',(0.,0.,-1.));
#1953=DIRECTION('',(0.,-1.,0.));
#1954=DIRECTION('center_axis',(-1.,0.,0.));
#1955=DIRECTION('ref_axis',(0.,1.,0.));
#1956=DIRECTION('center_axis',(-1.,0.,0.));
#1957=DIRECTION('ref_axis',(0.,-1.,0.));
#1958=DIRECTION('',(0.,-1.,0.));
#1959=DIRECTION('center_axis',(0.,0.,-1.));
#1960=DIRECTION('ref_axis',(0.,1.,0.));
#1961=DIRECTION('',(1.,0.,0.));
#1962=DIRECTION('',(1.,0.,0.));
#1963=DIRECTION('center_axis',(0.,-1.,0.));
#1964=DIRECTION('ref_axis',(0.,0.,-1.));
#1965=DIRECTION('',(1.,0.,0.));
#1966=DIRECTION('center_axis',(0.,0.,1.));
#1967=DIRECTION('ref_axis',(0.,-1.,0.));
#1968=DIRECTION('',(1.,0.,0.));
#1969=DIRECTION('center_axis',(1.,0.,0.));
#1970=DIRECTION('ref_axis',(0.,1.,0.));
#1971=DIRECTION('center_axis',(0.,0.,1.));
#1972=DIRECTION('ref_axis',(0.,-1.,0.));
#1973=DIRECTION('center_axis',(0.,0.,1.));
#1974=DIRECTION('ref_axis',(0.,-1.,0.));
#1975=DIRECTION('',(1.,0.,0.));
#1976=DIRECTION('center_axis',(0.,1.,0.));
#1977=DIRECTION('ref_axis',(0.,0.,1.));
#1978=DIRECTION('',(1.,0.,0.));
#1979=DIRECTION('center_axis',(0.,2.22044604925032E-14,-1.));
#1980=DIRECTION('ref_axis',(0.,1.,2.22044604925032E-14));
#1981=DIRECTION('',(1.,0.,0.));
#1982=DIRECTION('center_axis',(1.,0.,0.));
#1983=DIRECTION('ref_axis',(0.,-1.,7.10542735760099E-15));
#1984=DIRECTION('center_axis',(1.,0.,0.));
#1985=DIRECTION('ref_axis',(0.,0.,1.));
#1986=DIRECTION('center_axis',(-1.,0.,0.));
#1987=DIRECTION('ref_axis',(0.,1.,0.));
#1988=DIRECTION('',(1.,0.,0.));
#1989=DIRECTION('center_axis',(-1.,0.,0.));
#1990=DIRECTION('ref_axis',(0.,1.,0.));
#1991=DIRECTION('center_axis',(1.,0.,0.));
#1992=DIRECTION('ref_axis',(0.,1.,0.));
#1993=DIRECTION('center_axis',(1.,0.,0.));
#1994=DIRECTION('ref_axis',(0.,1.,0.));
#1995=DIRECTION('center_axis',(-1.,0.,0.));
#1996=DIRECTION('ref_axis',(0.,0.,1.));
#1997=DIRECTION('center_axis',(1.,0.,0.));
#1998=DIRECTION('ref_axis',(0.,0.,1.));
#1999=DIRECTION('center_axis',(0.218143241396542,0.360253195953892,-0.906990165899287));
#2000=DIRECTION('ref_axis',(0.,-0.929372464202243,-0.369143363454703));
#2001=DIRECTION('center_axis',(-0.218143241396542,-0.360253195953892,0.906990165899287));
#2002=DIRECTION('ref_axis',(0.975916761938747,-0.0805261298440308,0.202736321805769));
#2003=DIRECTION('',(-0.855399871566956,0.517968203390164,0.));
#2004=DIRECTION('center_axis',(0.,1.,0.));
#2005=DIRECTION('ref_axis',(0.,0.,-1.));
#2006=DIRECTION('',(-1.,0.,0.));
#2007=DIRECTION('',(-1.,0.,0.));
#2008=DIRECTION('center_axis',(-1.,0.,0.));
#2009=DIRECTION('ref_axis',(0.,1.,0.));
#2010=DIRECTION('',(-1.,0.,0.));
#2011=DIRECTION('center_axis',(0.,0.,-1.));
#2012=DIRECTION('ref_axis',(0.,-1.,0.));
#2013=DIRECTION('',(0.,-1.,0.));
#2014=DIRECTION('',(-1.,0.,0.));
#2015=DIRECTION('center_axis',(1.,0.,0.));
#2016=DIRECTION('ref_axis',(0.,0.,-1.));
#2017=DIRECTION('',(0.,1.,0.));
#2018=DIRECTION('center_axis',(1.,0.,0.));
#2019=DIRECTION('ref_axis',(0.,0.,1.));
#2020=DIRECTION('center_axis',(1.,0.,0.));
#2021=DIRECTION('ref_axis',(0.,-1.,0.));
#2022=DIRECTION('',(1.,0.,0.));
#2023=DIRECTION('center_axis',(1.,0.,0.));
#2024=DIRECTION('ref_axis',(0.,-1.,0.));
#2025=DIRECTION('center_axis',(-1.,0.,0.));
#2026=DIRECTION('ref_axis',(0.,-1.,0.));
#2027=DIRECTION('center_axis',(-1.,0.,0.));
#2028=DIRECTION('ref_axis',(0.,-1.,0.));
#2029=DIRECTION('center_axis',(-1.,0.,0.));
#2030=DIRECTION('ref_axis',(0.,0.,1.));
#2031=DIRECTION('center_axis',(-0.218143241396542,0.360253195953892,0.906990165899287));
#2032=DIRECTION('ref_axis',(0.,0.929372464202243,-0.369143363454703));
#2033=DIRECTION('',(0.855399871566956,0.517968203390164,0.));
#2034=DIRECTION('center_axis',(-0.218143241396542,0.360253195953892,0.906990165899287));
#2035=DIRECTION('ref_axis',(-0.975916761938747,-0.0805261298440308,-0.202736321805769));
#2036=DIRECTION('center_axis',(-1.,0.,0.));
#2037=DIRECTION('ref_axis',(0.,0.,-1.));
#2038=DIRECTION('',(-1.,0.,0.));
#2039=DIRECTION('center_axis',(0.,-1.,0.));
#2040=DIRECTION('ref_axis',(0.,0.,1.));
#2041=DIRECTION('',(-1.,0.,0.));
#2042=DIRECTION('center_axis',(-1.,0.,0.));
#2043=DIRECTION('ref_axis',(0.,0.,1.));
#2044=DIRECTION('',(-1.,0.,0.));
#2045=DIRECTION('center_axis',(0.,0.,1.));
#2046=DIRECTION('ref_axis',(0.,1.,0.));
#2047=DIRECTION('',(-1.,0.,0.));
#2048=DIRECTION('center_axis',(-1.,0.,0.));
#2049=DIRECTION('ref_axis',(0.,-1.,0.));
#2050=CARTESIAN_POINT('',(0.,0.,0.));
#2051=CARTESIAN_POINT('Origin',(30.3583,-37.3,152.499999999993));
#2052=CARTESIAN_POINT('',(30.1583,-37.5,141.721611781858));
#2053=CARTESIAN_POINT('',(30.2083,-37.45,142.));
#2054=CARTESIAN_POINT('Origin',(29.4083,-38.25,142.));
#2055=CARTESIAN_POINT('',(30.1583,-37.5,142.278388218141));
#2056=CARTESIAN_POINT('Origin',(29.4083,-38.25,142.));
#2057=CARTESIAN_POINT('',(30.1583,-37.5,143.785129906342));
#2058=CARTESIAN_POINT('',(30.1583,-37.5,152.499999999993));
#2059=CARTESIAN_POINT('',(30.5583,-37.1,143.17177327809));
#2060=CARTESIAN_POINT('Origin',(38.0582999999966,-29.6000000000034,148.499999999998));
#2061=CARTESIAN_POINT('',(30.5583,-37.1,140.499997906379));
#2062=CARTESIAN_POINT('',(30.5583,-37.1,152.499999999993));
#2063=CARTESIAN_POINT('',(30.1583,-37.5,140.49999371915));
#2064=CARTESIAN_POINT('',(30.3583314042306,-37.2999685957694,140.499995813093));
#2065=CARTESIAN_POINT('',(30.1583,-37.5,152.499999999993));
#2066=CARTESIAN_POINT('Origin',(30.1583,-37.1,156.499999999993));
#2067=CARTESIAN_POINT('',(33.1583,-37.1,143.17177327809));
#2068=CARTESIAN_POINT('',(52.96,-37.1,143.17177327809));
#2069=CARTESIAN_POINT('',(33.1583,-37.1,140.499997906379));
#2070=CARTESIAN_POINT('',(33.1583,-37.1,156.499999999993));
#2071=CARTESIAN_POINT('',(30.1583,-37.1,140.499997906379));
#2072=CARTESIAN_POINT('Origin',(52.96,-29.6000000000034,148.499999999998));
#2073=CARTESIAN_POINT('',(30.1583,-37.8709060870352,144.471090408123));
#2074=CARTESIAN_POINT('Origin',(30.1583,-29.6000000000034,148.499999999998));
#2075=CARTESIAN_POINT('',(45.1583,-37.8709060870352,144.471090408123));
#2076=CARTESIAN_POINT('',(30.1583,-37.8709060870352,144.471090408123));
#2077=CARTESIAN_POINT('',(45.1583,-37.8709060870404,152.528909591862));
#2078=CARTESIAN_POINT('Origin',(45.1583,-29.6000000000034,148.499999999998));
#2079=CARTESIAN_POINT('',(30.1583,-37.8709060870404,152.528909591862));
#2080=CARTESIAN_POINT('',(30.1583,-37.8709060870404,152.528909591862));
#2081=CARTESIAN_POINT('',(30.1583,-37.5,153.214870093654));
#2082=CARTESIAN_POINT('Origin',(30.1583,-29.6000000000034,148.499999999998));
#2083=CARTESIAN_POINT('',(30.5583,-37.1,153.828226721906));
#2084=CARTESIAN_POINT('Origin',(38.0582999999966,-29.6000000000034,148.499999999998));
#2085=CARTESIAN_POINT('',(33.1583,-37.1,153.828226721906));
#2086=CARTESIAN_POINT('',(52.96,-37.1,153.828226721906));
#2087=CARTESIAN_POINT('',(33.1583,-35.75,155.342331473994));
#2088=CARTESIAN_POINT('Origin',(33.1583,-29.6000000000034,148.499999999998));
#2089=CARTESIAN_POINT('',(45.1583,-35.75,155.342331473994));
#2090=CARTESIAN_POINT('',(52.96,-35.75,155.342331473994));
#2091=CARTESIAN_POINT('',(45.1583,-34.1431266766525,156.499999999993));
#2092=CARTESIAN_POINT('Origin',(45.1583,-29.6000000000034,148.499999999998));
#2093=CARTESIAN_POINT('',(30.1583,-34.1431266766525,156.499999999993));
#2094=CARTESIAN_POINT('',(52.96,-34.1431266766525,156.499999999993));
#2095=CARTESIAN_POINT('',(30.1583,-25.0568733233543,156.499999999993));
#2096=CARTESIAN_POINT('Origin',(30.1583,-29.6000000000034,148.499999999998));
#2097=CARTESIAN_POINT('',(45.1583,-25.0568733233543,156.499999999993));
#2098=CARTESIAN_POINT('',(52.96,-25.0568733233543,156.499999999993));
#2099=CARTESIAN_POINT('',(45.1583,-20.4000000000034,148.499999999998));
#2100=CARTESIAN_POINT('Origin',(45.1583,-29.6000000000034,148.499999999998));
#2101=CARTESIAN_POINT('',(52.96,-20.4000000000034,148.499999999998));
#2102=CARTESIAN_POINT('',(52.96,-20.4000000000034,148.499999999998));
#2103=CARTESIAN_POINT('Origin',(52.96,-29.6000000000034,148.499999999998));
#2104=CARTESIAN_POINT('',(45.1583,-25.056873323372,140.499999999993));
#2105=CARTESIAN_POINT('Origin',(45.1583,-29.6000000000034,148.499999999998));
#2106=CARTESIAN_POINT('',(30.1583,-25.056873323372,140.499999999993));
#2107=CARTESIAN_POINT('',(52.96,-25.056873323372,140.499999999993));
#2108=CARTESIAN_POINT('',(30.1583,-34.1431266766348,140.499999999993));
#2109=CARTESIAN_POINT('Origin',(30.1583,-29.6000000000034,148.499999999998));
#2110=CARTESIAN_POINT('',(45.1583,-34.1431266766348,140.499999999993));
#2111=CARTESIAN_POINT('',(52.96,-34.1431266766348,140.499999999993));
#2112=CARTESIAN_POINT('',(45.1583,-35.75,141.657668526002));
#2113=CARTESIAN_POINT('Origin',(45.1583,-29.6000000000034,148.499999999998));
#2114=CARTESIAN_POINT('',(33.1583,-35.75,141.657668526002));
#2115=CARTESIAN_POINT('',(52.96,-35.75,141.657668526002));
#2116=CARTESIAN_POINT('Origin',(33.1583,-29.6000000000034,148.499999999998));
#2117=CARTESIAN_POINT('Origin',(30.3583,-37.3,152.499999999993));
#2118=CARTESIAN_POINT('',(30.1583,-37.5,154.721611781858));
#2119=CARTESIAN_POINT('',(30.2083,-37.45,155.));
#2120=CARTESIAN_POINT('Origin',(29.4083,-38.25,155.));
#2121=CARTESIAN_POINT('',(30.1583,-37.5,155.278388218142));
#2122=CARTESIAN_POINT('Origin',(29.4083,-38.25,155.));
#2123=CARTESIAN_POINT('',(30.1583,-37.5,156.499999999993));
#2124=CARTESIAN_POINT('',(30.1583,-37.5,152.499999999993));
#2125=CARTESIAN_POINT('',(30.5583,-37.1,156.499999999993));
#2126=CARTESIAN_POINT('',(48.5708,-19.0875,156.499999999993));
#2127=CARTESIAN_POINT('',(30.5583,-37.1,152.499999999993));
#2128=CARTESIAN_POINT('',(30.1583,-37.5,152.499999999993));
#2129=CARTESIAN_POINT('Origin',(30.1583,-38.25,155.));
#2130=CARTESIAN_POINT('Origin',(30.1583,-38.25,155.));
#2131=CARTESIAN_POINT('',(42.1583,-37.45,155.));
#2132=CARTESIAN_POINT('',(30.1583,-37.45,155.));
#2133=CARTESIAN_POINT('Origin',(42.1583,-38.25,155.));
#2134=CARTESIAN_POINT('Origin',(30.1583,0.,148.499999999993));
#2135=CARTESIAN_POINT('',(30.1583,-36.9,140.499999999993));
#2136=CARTESIAN_POINT('',(30.1583,-18.5499581297362,140.500192089541));
#2137=CARTESIAN_POINT('',(30.1583,-17.875,140.499999999993));
#2138=CARTESIAN_POINT('',(30.1583,25.056873323372,140.499999999993));
#2139=CARTESIAN_POINT('',(30.1583,-17.875,140.499999999993));
#2140=CARTESIAN_POINT('',(30.1583,34.1431266766348,140.499999999993));
#2141=CARTESIAN_POINT('Origin',(30.1583,29.6000000000034,148.499999999998));
#2142=CARTESIAN_POINT('',(30.1583,37.5,140.499999999993));
#2143=CARTESIAN_POINT('',(30.1583,10.45,140.499999999993));
#2144=CARTESIAN_POINT('',(30.1583,37.5,141.721611781858));
#2145=CARTESIAN_POINT('',(30.1583,37.5,144.499999999993));
#2146=CARTESIAN_POINT('',(30.1583,37.5,142.278388218141));
#2147=CARTESIAN_POINT('Origin',(30.1583,38.25,142.));
#2148=CARTESIAN_POINT('',(30.1583,37.5,143.785129906342));
#2149=CARTESIAN_POINT('',(30.1583,37.5,144.499999999993));
#2150=CARTESIAN_POINT('',(30.1583,37.8709060870351,144.471090408123));
#2151=CARTESIAN_POINT('Origin',(30.1583,29.6000000000034,148.499999999998));
#2152=CARTESIAN_POINT('',(30.1583,38.25,144.499999999993));
#2153=CARTESIAN_POINT('Origin',(30.1583,38.25,141.999999999993));
#2154=CARTESIAN_POINT('',(30.1583,39.05,144.499999999993));
#2155=CARTESIAN_POINT('',(30.1583,19.125,144.499999999993));
#2156=CARTESIAN_POINT('',(30.1583,39.05,152.499999999993));
#2157=CARTESIAN_POINT('',(30.1583,39.05,146.499999999993));
#2158=CARTESIAN_POINT('',(30.1583,38.25,152.499999999993));
#2159=CARTESIAN_POINT('',(30.1583,19.525,152.499999999993));
#2160=CARTESIAN_POINT('',(30.1583,37.8709060870404,152.528909591862));
#2161=CARTESIAN_POINT('Origin',(30.1583,38.25,154.999999999993));
#2162=CARTESIAN_POINT('',(30.1583,37.5,153.214870093654));
#2163=CARTESIAN_POINT('Origin',(30.1583,29.6000000000034,148.499999999998));
#2164=CARTESIAN_POINT('',(30.1583,37.5,154.721611781858));
#2165=CARTESIAN_POINT('',(30.1583,37.5,144.499999999993));
#2166=CARTESIAN_POINT('',(30.1583,37.5,155.278388218142));
#2167=CARTESIAN_POINT('Origin',(30.1583,38.25,155.));
#2168=CARTESIAN_POINT('',(30.1583,37.5,156.499999999993));
#2169=CARTESIAN_POINT('',(30.1583,37.5,144.499999999993));
#2170=CARTESIAN_POINT('',(30.1583,34.1431266766525,156.499999999993));
#2171=CARTESIAN_POINT('',(30.1583,17.875,156.499999999993));
#2172=CARTESIAN_POINT('',(30.1583,25.0568733233543,156.499999999993));
#2173=CARTESIAN_POINT('Origin',(30.1583,29.6000000000034,148.499999999998));
#2174=CARTESIAN_POINT('',(30.1583,6.,156.499999999993));
#2175=CARTESIAN_POINT('',(30.1583,17.875,156.499999999993));
#2176=CARTESIAN_POINT('',(30.1583,6.,158.499999999993));
#2177=CARTESIAN_POINT('',(30.1583,6.,153.499999999993));
#2178=CARTESIAN_POINT('',(30.1583,40.15,158.499999999993));
#2179=CARTESIAN_POINT('',(30.1583,-20.075,158.499999999993));
#2180=CARTESIAN_POINT('',(30.1583,41.75,156.899999999993));
#2181=CARTESIAN_POINT('Origin',(30.1583,40.15,156.899999999993));
#2182=CARTESIAN_POINT('',(30.1583,41.75,140.099999999993));
#2183=CARTESIAN_POINT('',(30.1583,41.75,152.699999999993));
#2184=CARTESIAN_POINT('',(30.1583,40.15,138.499999999993));
#2185=CARTESIAN_POINT('Origin',(30.1583,40.15,140.099999999993));
#2186=CARTESIAN_POINT('',(30.1583,-40.15,138.499999999993));
#2187=CARTESIAN_POINT('',(30.1583,20.075,138.499999999993));
#2188=CARTESIAN_POINT('',(30.1583,-41.75,140.099999999993));
#2189=CARTESIAN_POINT('Origin',(30.1583,-40.15,140.099999999993));
#2190=CARTESIAN_POINT('',(30.1583,-41.75,156.899999999993));
#2191=CARTESIAN_POINT('',(30.1583,-41.75,144.299999999993));
#2192=CARTESIAN_POINT('',(30.1583,-40.15,158.499999999993));
#2193=CARTESIAN_POINT('Origin',(30.1583,-40.15,156.899999999993));
#2194=CARTESIAN_POINT('',(30.1583,-6.,158.499999999993));
#2195=CARTESIAN_POINT('',(30.1583,-20.075,158.499999999993));
#2196=CARTESIAN_POINT('',(30.1583,-6.,156.499999999993));
#2197=CARTESIAN_POINT('',(30.1583,-6.,153.499999999993));
#2198=CARTESIAN_POINT('',(30.1583,17.875,156.499999999993));
#2199=CARTESIAN_POINT('',(30.1583,-10.45,156.499999999993));
#2200=CARTESIAN_POINT('',(30.1583,-38.25,152.499999999993));
#2201=CARTESIAN_POINT('Origin',(30.1583,-38.25,154.999999999993));
#2202=CARTESIAN_POINT('',(30.1583,-39.05,152.499999999993));
#2203=CARTESIAN_POINT('',(30.1583,-19.125,152.499999999993));
#2204=CARTESIAN_POINT('',(30.1583,-39.05,144.499999999993));
#2205=CARTESIAN_POINT('',(30.1583,-39.05,150.499999999993));
#2206=CARTESIAN_POINT('',(30.1583,-38.25,144.499999999993));
#2207=CARTESIAN_POINT('',(30.1583,-19.525,144.499999999993));
#2208=CARTESIAN_POINT('Origin',(30.1583,-38.25,141.999999999993));
#2209=CARTESIAN_POINT('Origin',(30.1583,-38.25,142.));
#2210=CARTESIAN_POINT('Origin',(30.3583,37.3,144.499999999993));
#2211=CARTESIAN_POINT('',(30.2083,37.45,142.));
#2212=CARTESIAN_POINT('Origin',(29.4083,38.25,142.));
#2213=CARTESIAN_POINT('Origin',(29.4083,38.25,142.));
#2214=CARTESIAN_POINT('',(30.5583,37.1,140.499999999993));
#2215=CARTESIAN_POINT('',(48.5708,19.0875,140.499999999993));
#2216=CARTESIAN_POINT('',(30.5583,37.1,143.17177327809));
#2217=CARTESIAN_POINT('',(30.5583,37.1,144.499999999993));
#2218=CARTESIAN_POINT('Origin',(38.0582999999966,29.6000000000034,148.499999999998));
#2219=CARTESIAN_POINT('Origin',(30.1583,38.25,142.));
#2220=CARTESIAN_POINT('',(42.1583,37.45,142.));
#2221=CARTESIAN_POINT('',(30.1583,37.45,142.));
#2222=CARTESIAN_POINT('Origin',(42.1583,38.25,142.));
#2223=CARTESIAN_POINT('Origin',(52.96,29.6000000000034,148.499999999998));
#2224=CARTESIAN_POINT('',(33.1583,37.1,143.17177327809));
#2225=CARTESIAN_POINT('',(52.96,37.1,143.17177327809));
#2226=CARTESIAN_POINT('',(33.1583,35.75,141.657668526002));
#2227=CARTESIAN_POINT('Origin',(33.1583,29.6000000000034,148.499999999998));
#2228=CARTESIAN_POINT('',(45.1583,35.75,141.657668526002));
#2229=CARTESIAN_POINT('',(52.96,35.75,141.657668526002));
#2230=CARTESIAN_POINT('',(45.1583,34.1431266766348,140.499999999993));
#2231=CARTESIAN_POINT('Origin',(45.1583,29.6000000000034,148.499999999998));
#2232=CARTESIAN_POINT('',(52.96,34.1431266766348,140.499999999993));
#2233=CARTESIAN_POINT('',(45.1583,25.056873323372,140.499999999993));
#2234=CARTESIAN_POINT('',(52.96,25.056873323372,140.499999999993));
#2235=CARTESIAN_POINT('',(45.1583,25.0568733233543,156.499999999993));
#2236=CARTESIAN_POINT('Origin',(45.1583,29.6000000000034,148.499999999998));
#2237=CARTESIAN_POINT('',(52.96,25.0568733233543,156.499999999993));
#2238=CARTESIAN_POINT('',(45.1583,34.1431266766525,156.499999999993));
#2239=CARTESIAN_POINT('',(52.96,34.1431266766525,156.499999999993));
#2240=CARTESIAN_POINT('',(45.1583,35.75,155.342331473994));
#2241=CARTESIAN_POINT('Origin',(45.1583,29.6000000000034,148.499999999998));
#2242=CARTESIAN_POINT('',(33.1583,35.75,155.342331473994));
#2243=CARTESIAN_POINT('',(52.96,35.75,155.342331473994));
#2244=CARTESIAN_POINT('',(33.1583,37.1,153.828226721906));
#2245=CARTESIAN_POINT('Origin',(33.1583,29.6000000000034,148.499999999998));
#2246=CARTESIAN_POINT('',(30.5583,37.1,153.828226721906));
#2247=CARTESIAN_POINT('',(52.96,37.1,153.828226721906));
#2248=CARTESIAN_POINT('Origin',(38.0582999999966,29.6000000000034,148.499999999998));
#2249=CARTESIAN_POINT('',(45.1583,37.8709060870404,152.528909591862));
#2250=CARTESIAN_POINT('',(30.1583,37.8709060870404,152.528909591862));
#2251=CARTESIAN_POINT('',(45.1583,38.8000000000034,148.499999999998));
#2252=CARTESIAN_POINT('Origin',(45.1583,29.6000000000034,148.499999999998));
#2253=CARTESIAN_POINT('',(52.96,38.8000000000034,148.499999999998));
#2254=CARTESIAN_POINT('',(52.96,38.8000000000034,148.499999999998));
#2255=CARTESIAN_POINT('Origin',(52.96,29.6000000000034,148.499999999998));
#2256=CARTESIAN_POINT('',(45.1583,37.8709060870351,144.471090408123));
#2257=CARTESIAN_POINT('Origin',(45.1583,29.6000000000034,148.499999999998));
#2258=CARTESIAN_POINT('',(30.1583,37.8709060870351,144.471090408123));
#2259=CARTESIAN_POINT('Origin',(30.3583,37.3,144.499999999993));
#2260=CARTESIAN_POINT('',(30.2083,37.45,155.));
#2261=CARTESIAN_POINT('Origin',(29.4083,38.25,155.));
#2262=CARTESIAN_POINT('Origin',(29.4083,38.25,155.));
#2263=CARTESIAN_POINT('',(30.5583,37.1,156.499999999993));
#2264=CARTESIAN_POINT('',(30.5583,37.1,144.499999999993));
#2265=CARTESIAN_POINT('',(30.6958,36.9625,156.499999999993));
#2266=CARTESIAN_POINT('Origin',(30.1583,37.1,140.499999999993));
#2267=CARTESIAN_POINT('',(33.1583,37.1,156.499999999993));
#2268=CARTESIAN_POINT('',(33.1583,37.1,156.499999999993));
#2269=CARTESIAN_POINT('',(30.1583,37.1,156.499999999993));
#2270=CARTESIAN_POINT('Origin',(33.1583,-29.,148.499998953186));
#2271=CARTESIAN_POINT('',(33.1583,-35.75,140.499999999993));
#2272=CARTESIAN_POINT('',(33.1583,-35.75,145.249999476589));
#2273=CARTESIAN_POINT('',(33.1583,-36.9,140.499999999993));
#2274=CARTESIAN_POINT('',(33.1583,-20.9,140.499999999993));
#2275=CARTESIAN_POINT('',(33.1583,-37.1,140.499997906379));
#2276=CARTESIAN_POINT('Origin',(33.1583,-29.,148.499998953186));
#2277=CARTESIAN_POINT('',(33.1583,-37.1,156.499999999993));
#2278=CARTESIAN_POINT('',(33.1583,-37.1,156.499999999993));
#2279=CARTESIAN_POINT('',(33.1583,-35.75,156.499999999993));
#2280=CARTESIAN_POINT('',(33.1583,-36.9,156.499999999993));
#2281=CARTESIAN_POINT('',(33.1583,-35.75,152.499999476589));
#2282=CARTESIAN_POINT('Origin',(30.1583,-37.1,140.499997906379));
#2283=CARTESIAN_POINT('',(30.1583,-36.9,140.499999999993));
#2284=CARTESIAN_POINT('Origin',(30.1583,-37.1,156.499999999993));
#2285=CARTESIAN_POINT('',(30.1583,-37.1,156.499999999993));
#2286=CARTESIAN_POINT('Origin',(33.1583,29.,148.499999999993));
#2287=CARTESIAN_POINT('',(33.1583,35.75,156.499999999993));
#2288=CARTESIAN_POINT('',(33.1583,35.75,151.749999999993));
#2289=CARTESIAN_POINT('',(33.1583,36.9,156.499999999993));
#2290=CARTESIAN_POINT('Origin',(33.1583,29.,148.499999999993));
#2291=CARTESIAN_POINT('',(33.1583,37.1,140.499999999993));
#2292=CARTESIAN_POINT('',(33.1583,37.1,156.499999999993));
#2293=CARTESIAN_POINT('',(33.1583,35.75,140.499999999993));
#2294=CARTESIAN_POINT('',(33.1583,37.1,140.499999999993));
#2295=CARTESIAN_POINT('',(33.1583,35.75,144.499999999993));
#2296=CARTESIAN_POINT('Origin',(30.1583,37.1,140.499999999993));
#2297=CARTESIAN_POINT('',(30.1583,37.1,140.499999999993));
#2298=CARTESIAN_POINT('Origin',(30.1583,-35.75,156.499999999993));
#2299=CARTESIAN_POINT('',(45.1583,-35.75,156.499999999993));
#2300=CARTESIAN_POINT('',(30.1583,-35.75,156.499999999993));
#2301=CARTESIAN_POINT('',(45.1583,-35.75,156.499999999993));
#2302=CARTESIAN_POINT('Origin',(30.1583,-35.75,140.499999999993));
#2303=CARTESIAN_POINT('',(45.1583,-35.75,140.499999999993));
#2304=CARTESIAN_POINT('',(30.1583,-35.75,140.499999999993));
#2305=CARTESIAN_POINT('',(45.1583,-35.75,140.499999999993));
#2306=CARTESIAN_POINT('Origin',(30.1583,-35.75,141.999999999993));
#2307=CARTESIAN_POINT('',(45.1583,-35.75,141.999999999993));
#2308=CARTESIAN_POINT('Origin',(30.1583,35.75,156.499999999993));
#2309=CARTESIAN_POINT('',(32.9857281129228,-6.,156.499999999993));
#2310=CARTESIAN_POINT('',(32.5720140564614,-6.,156.499999999993));
#2311=CARTESIAN_POINT('',(34.9857281129228,-4.,156.499999999993));
#2312=CARTESIAN_POINT('Origin',(32.9857281129228,-4.,156.499999999993));
#2313=CARTESIAN_POINT('',(34.9857281129228,4.,156.499999999993));
#2314=CARTESIAN_POINT('',(34.9857281129228,20.875,156.499999999993));
#2315=CARTESIAN_POINT('',(32.9857281129228,6.,156.499999999993));
#2316=CARTESIAN_POINT('Origin',(32.9857281129228,4.,156.499999999993));
#2317=CARTESIAN_POINT('',(29.8620140564614,6.,156.499999999993));
#2318=CARTESIAN_POINT('',(45.1583,21.7616328230921,156.499999999993));
#2319=CARTESIAN_POINT('',(45.1583,35.75,156.499999999993));
#2320=CARTESIAN_POINT('',(50.96,21.7616328230921,156.499999999993));
#2321=CARTESIAN_POINT('',(52.96,21.7616328230921,156.499999999993));
#2322=CARTESIAN_POINT('',(50.96,-21.7616328230921,156.499999999993));
#2323=CARTESIAN_POINT('',(50.96,-20.075,156.499999999993));
#2324=CARTESIAN_POINT('',(45.1583,-21.7616328230921,156.499999999993));
#2325=CARTESIAN_POINT('',(52.96,-21.7616328230921,156.499999999993));
#2326=CARTESIAN_POINT('',(45.1583,35.75,156.499999999993));
#2327=CARTESIAN_POINT('Origin',(30.1583,35.75,140.499999999993));
#2328=CARTESIAN_POINT('',(45.1583,35.75,140.499999999993));
#2329=CARTESIAN_POINT('',(30.1583,35.75,140.499999999993));
#2330=CARTESIAN_POINT('',(45.1583,35.75,140.499999999993));
#2331=CARTESIAN_POINT('Origin',(30.1583,35.75,156.499999999993));
#2332=CARTESIAN_POINT('',(45.1583,35.75,156.499999999993));
#2333=CARTESIAN_POINT('',(30.1583,35.75,156.499999999993));
#2334=CARTESIAN_POINT('',(45.1583,35.75,156.499999999993));
#2335=CARTESIAN_POINT('Origin',(30.1583,35.75,154.999999999993));
#2336=CARTESIAN_POINT('',(45.1583,35.75,154.999999999993));
#2337=CARTESIAN_POINT('Origin',(32.9857281129228,4.,158.499999999993));
#2338=CARTESIAN_POINT('',(34.9857281129228,4.,158.499999999993));
#2339=CARTESIAN_POINT('',(32.9857281129228,6.,158.499999999993));
#2340=CARTESIAN_POINT('Origin',(32.9857281129228,4.,158.499999999993));
#2341=CARTESIAN_POINT('',(32.9857281129228,6.,158.499999999993));
#2342=CARTESIAN_POINT('',(34.9857281129228,4.,158.499999999993));
#2343=CARTESIAN_POINT('Origin',(29.5657281129228,6.,158.499999999993));
#2344=CARTESIAN_POINT('',(41.2628640564614,6.,158.499999999993));
#2345=CARTESIAN_POINT('Origin',(32.9857281129228,-4.,158.499999999993));
#2346=CARTESIAN_POINT('',(32.9857281129228,-6.,158.499999999993));
#2347=CARTESIAN_POINT('',(34.9857281129228,-4.,158.499999999993));
#2348=CARTESIAN_POINT('Origin',(32.9857281129228,-4.,158.499999999993));
#2349=CARTESIAN_POINT('',(34.9857281129228,-4.,158.499999999993));
#2350=CARTESIAN_POINT('',(32.9857281129228,-6.,158.499999999993));
#2351=CARTESIAN_POINT('Origin',(34.9857281129228,6.,158.499999999993));
#2352=CARTESIAN_POINT('',(34.9857281129228,-17.075,158.499999999993));
#2353=CARTESIAN_POINT('Origin',(34.9857281129228,-6.,158.499999999993));
#2354=CARTESIAN_POINT('',(43.9728640564614,-6.,158.499999999993));
#2355=CARTESIAN_POINT('Origin',(50.96,0.,148.499999999993));
#2356=CARTESIAN_POINT('',(50.96,21.7616328231024,140.499999999993));
#2357=CARTESIAN_POINT('',(50.96,-21.7616328231024,140.499999999993));
#2358=CARTESIAN_POINT('',(50.96,20.075,140.499999999993));
#2359=CARTESIAN_POINT('Origin',(50.96,-29.6000000000034,148.499999999998));
#2360=CARTESIAN_POINT('Origin',(50.96,29.6000000000034,148.499999999998));
#2361=CARTESIAN_POINT('Origin',(52.96,-29.6000000000034,148.499999999998));
#2362=CARTESIAN_POINT('',(45.1583,-21.7616328231024,140.499999999993));
#2363=CARTESIAN_POINT('',(52.96,-21.7616328231024,140.499999999993));
#2364=CARTESIAN_POINT('Origin',(45.1583,-29.6000000000034,148.499999999998));
#2365=CARTESIAN_POINT('Origin',(52.96,29.6000000000034,148.499999999998));
#2366=CARTESIAN_POINT('',(45.1583,21.7616328231024,140.499999999993));
#2367=CARTESIAN_POINT('Origin',(45.1583,29.6000000000034,148.499999999998));
#2368=CARTESIAN_POINT('',(52.96,21.7616328231024,140.499999999993));
#2369=CARTESIAN_POINT('Origin',(45.1583,0.,148.499999999993));
#2370=CARTESIAN_POINT('',(45.1583,-35.75,140.499999999993));
#2371=CARTESIAN_POINT('Origin',(30.1583,38.25,154.999999999993));
#2372=CARTESIAN_POINT('',(45.1583,38.25,152.499999999993));
#2373=CARTESIAN_POINT('',(30.1583,38.25,152.499999999993));
#2374=CARTESIAN_POINT('Origin',(45.1583,38.25,154.999999999993));
#2375=CARTESIAN_POINT('Origin',(30.1583,-35.75,140.499999999993));
#2376=CARTESIAN_POINT('',(45.1583,-35.75,140.499999999993));
#2377=CARTESIAN_POINT('Origin',(30.1583,-35.75,140.499999999993));
#2378=CARTESIAN_POINT('',(45.1583,-35.75,140.499999999993));
#2379=CARTESIAN_POINT('Origin',(45.1583,0.,148.499999999993));
#2380=CARTESIAN_POINT('',(45.1583,39.05,152.499999999993));
#2381=CARTESIAN_POINT('',(45.1583,39.05,152.499999999993));
#2382=CARTESIAN_POINT('',(45.1583,39.05,144.499999999993));
#2383=CARTESIAN_POINT('',(45.1583,39.05,144.499999999993));
#2384=CARTESIAN_POINT('',(45.1583,38.25,144.499999999993));
#2385=CARTESIAN_POINT('',(45.1583,38.25,144.499999999993));
#2386=CARTESIAN_POINT('Origin',(45.1583,38.25,141.999999999993));
#2387=CARTESIAN_POINT('Origin',(45.1583,0.,148.499999999993));
#2388=CARTESIAN_POINT('Origin',(45.1583,0.,148.499999999993));
#2389=CARTESIAN_POINT('Origin',(45.1583,0.,148.499999999993));
#2390=CARTESIAN_POINT('Origin',(45.1583,0.,148.499999999993));
#2391=CARTESIAN_POINT('Origin',(45.1583,0.,148.499999999993));
#2392=CARTESIAN_POINT('',(45.1583,-38.25,144.499999999993));
#2393=CARTESIAN_POINT('Origin',(45.1583,-38.25,141.999999999993));
#2394=CARTESIAN_POINT('',(45.1583,-39.05,144.499999999993));
#2395=CARTESIAN_POINT('',(45.1583,-39.05,144.499999999993));
#2396=CARTESIAN_POINT('',(45.1583,-39.05,152.499999999993));
#2397=CARTESIAN_POINT('',(45.1583,-39.05,152.499999999993));
#2398=CARTESIAN_POINT('',(45.1583,-38.25,152.499999999993));
#2399=CARTESIAN_POINT('',(45.1583,-38.25,152.499999999993));
#2400=CARTESIAN_POINT('Origin',(45.1583,-38.25,154.999999999993));
#2401=CARTESIAN_POINT('Origin',(45.1583,0.,148.499999999993));
#2402=CARTESIAN_POINT('',(45.1583,35.75,156.499999999993));
#2403=CARTESIAN_POINT('Origin',(30.1583,-39.05,144.499999999993));
#2404=CARTESIAN_POINT('',(30.1583,-39.05,144.499999999993));
#2405=CARTESIAN_POINT('',(30.1583,-38.25,144.499999999993));
#2406=CARTESIAN_POINT('Origin',(30.1583,-39.05,152.499999999993));
#2407=CARTESIAN_POINT('',(30.1583,-39.05,152.499999999993));
#2408=CARTESIAN_POINT('Origin',(30.1583,-38.25,152.499999999993));
#2409=CARTESIAN_POINT('',(30.1583,-38.25,152.499999999993));
#2410=CARTESIAN_POINT('Origin',(30.1583,-38.25,154.999999999993));
#2411=CARTESIAN_POINT('Origin',(30.1583,35.75,156.499999999993));
#2412=CARTESIAN_POINT('Origin',(30.1583,39.05,152.499999999993));
#2413=CARTESIAN_POINT('',(30.1583,39.05,152.499999999993));
#2414=CARTESIAN_POINT('Origin',(30.1583,39.05,144.499999999993));
#2415=CARTESIAN_POINT('',(30.1583,39.05,144.499999999993));
#2416=CARTESIAN_POINT('Origin',(30.1583,38.25,144.499999999993));
#2417=CARTESIAN_POINT('',(30.1583,38.25,144.499999999993));
#2418=CARTESIAN_POINT('Origin',(30.1583,38.25,141.999999999993));
#2419=CARTESIAN_POINT('Origin',(30.1583,-38.25,141.999999999993));
#2420=CARTESIAN_POINT('Origin',(30.1583,38.25,155.));
#2421=CARTESIAN_POINT('',(42.1583,37.45,155.));
#2422=CARTESIAN_POINT('',(30.1583,37.45,155.));
#2423=CARTESIAN_POINT('Origin',(42.1583,38.25,155.));
#2424=CARTESIAN_POINT('Origin',(42.1583,38.25,155.));
#2425=CARTESIAN_POINT('Origin',(42.1583,38.25,142.));
#2426=CARTESIAN_POINT('Origin',(52.96,29.6000000000034,148.499999999998));
#2427=CARTESIAN_POINT('',(31.6157640270701,41.75,156.899999999993));
#2428=CARTESIAN_POINT('',(30.2424094398662,41.4979773473225,157.761949575726));
#2429=CARTESIAN_POINT('Ctrl Pts',(31.6157640270701,41.75,156.899999999993));
#2430=CARTESIAN_POINT('Ctrl Pts',(31.549199734672,41.75,156.926163809302));
#2431=CARTESIAN_POINT('Ctrl Pts',(31.4828103638374,41.749359353838,156.953103141477));
#2432=CARTESIAN_POINT('Ctrl Pts',(31.0900827658895,41.7409971214312,157.118436016751));
#2433=CARTESIAN_POINT('Ctrl Pts',(30.773596357343,41.7200838473089,157.270512895436));
#2434=CARTESIAN_POINT('Ctrl Pts',(30.4419120837955,41.6255769676423,157.521744852781));
#2435=CARTESIAN_POINT('Ctrl Pts',(30.3632249212336,41.5956427163557,157.59084498481));
#2436=CARTESIAN_POINT('Ctrl Pts',(30.2798030729955,41.5380529813681,157.696615377679));
#2437=CARTESIAN_POINT('Ctrl Pts',(30.2585420798658,41.5189988337414,157.729074697313));
#2438=CARTESIAN_POINT('Ctrl Pts',(30.2424094398662,41.4979773473225,157.761949575726));
#2439=CARTESIAN_POINT('',(38.8440035936325,38.1476249654764,158.499999999993));
#2440=CARTESIAN_POINT('Ctrl Pts',(38.8440035936325,38.1476249654764,158.499999999993));
#2441=CARTESIAN_POINT('Ctrl Pts',(35.0111815241217,39.7841869859321,158.228191615556));
#2442=CARTESIAN_POINT('Ctrl Pts',(30.2424094398662,41.4979773473225,157.761949575726));
#2443=CARTESIAN_POINT('',(52.96,29.6000000000034,158.499999999993));
#2444=CARTESIAN_POINT('Ctrl Pts',(52.96,29.6000000000034,158.499999999993));
#2445=CARTESIAN_POINT('Ctrl Pts',(52.96,33.2914336345486,158.499999999993));
#2446=CARTESIAN_POINT('Ctrl Pts',(38.8440035936325,38.1476249654764,158.499999999993));
#2447=CARTESIAN_POINT('',(52.96,29.6000000000034,138.499999999993));
#2448=CARTESIAN_POINT('Origin',(52.96,29.6000000000034,148.499999999998));
#2449=CARTESIAN_POINT('',(32.665993949047,40.15,138.499999999993));
#2450=CARTESIAN_POINT('Ctrl Pts',(32.665993949047,40.15,138.499999999993));
#2451=CARTESIAN_POINT('Ctrl Pts',(52.959999999955,33.8997609445121,138.499999999993));
#2452=CARTESIAN_POINT('Ctrl Pts',(52.959999999955,29.6000000000034,138.499999999993));
#2453=CARTESIAN_POINT('',(31.6157640270446,41.75,140.099999999993));
#2454=CARTESIAN_POINT('Ctrl Pts',(32.665993949047,40.15,138.499999999993));
#2455=CARTESIAN_POINT('Ctrl Pts',(32.5745107627207,40.1781754022672,138.499999999993));
#2456=CARTESIAN_POINT('Ctrl Pts',(32.4840143317095,40.2066983009225,138.500743405484));
#2457=CARTESIAN_POINT('Ctrl Pts',(32.0830281276462,40.336235500968,138.507681687643));
#2458=CARTESIAN_POINT('Ctrl Pts',(31.7437802929834,40.4542291394781,138.523160684938));
#2459=CARTESIAN_POINT('Ctrl Pts',(31.0900827658614,40.7193136288677,138.598378168171));
#2460=CARTESIAN_POINT('Ctrl Pts',(30.773596357315,40.8628399023287,138.652829530795));
#2461=CARTESIAN_POINT('Ctrl Pts',(30.4419120837675,41.0865138624635,138.801217556772));
#2462=CARTESIAN_POINT('Ctrl Pts',(30.3632249212056,41.1471514934636,138.845871395949));
#2463=CARTESIAN_POINT('Ctrl Pts',(30.2753687777516,41.2421252180271,138.929935914638));
#2464=CARTESIAN_POINT('Ctrl Pts',(30.2510743986572,41.2744796191088,138.960825155317));
#2465=CARTESIAN_POINT('Ctrl Pts',(30.2174642951305,41.3388208354216,139.028147702797));
#2466=CARTESIAN_POINT('Ctrl Pts',(30.2081522306018,41.3708076469974,139.064582840201));
#2467=CARTESIAN_POINT('Ctrl Pts',(30.2081522306018,41.4325958785305,139.142185916709));
#2468=CARTESIAN_POINT('Ctrl Pts',(30.2174642951306,41.4609389458629,139.181522234363));
#2469=CARTESIAN_POINT('Ctrl Pts',(30.2510743986572,41.5121360112822,139.259310266915));
#2470=CARTESIAN_POINT('Ctrl Pts',(30.2753687777516,41.5349917942598,139.297762388359));
#2471=CARTESIAN_POINT('Ctrl Pts',(30.3632249212056,41.5956427163553,139.409155015175));
#2472=CARTESIAN_POINT('Ctrl Pts',(30.4419120837675,41.6255769676419,139.478255147204));
#2473=CARTESIAN_POINT('Ctrl Pts',(30.773596357315,41.7200838473087,139.729487104549));
#2474=CARTESIAN_POINT('Ctrl Pts',(31.0900827658614,41.7409971214311,139.881563983234));
#2475=CARTESIAN_POINT('Ctrl Pts',(31.4828103638101,41.749359353838,140.046896858508));
#2476=CARTESIAN_POINT('Ctrl Pts',(31.5491997346456,41.75,140.073836190684));
#2477=CARTESIAN_POINT('Ctrl Pts',(31.6157640270446,41.75,140.099999999993));
#2478=CARTESIAN_POINT('Ctrl Pts',(31.6157640270701,41.75,156.899999999993));
#2479=CARTESIAN_POINT('Ctrl Pts',(52.9865074662367,41.75,148.499999999884));
#2480=CARTESIAN_POINT('Ctrl Pts',(31.6157640270446,41.75,140.099999999993));
#2481=CARTESIAN_POINT('Origin',(52.96,29.6000000000034,158.499999999993));
#2482=CARTESIAN_POINT('',(35.5371763865769,40.15,158.499999999993));
#2483=CARTESIAN_POINT('Origin',(28.8847389507506,40.15,156.899999999993));
#2484=CARTESIAN_POINT('',(68.4120639711188,20.2433492921552,158.499999999993));
#2485=CARTESIAN_POINT('Origin',(52.96,41.75,156.899999999993));
#2486=CARTESIAN_POINT('',(52.96,41.75,140.099999999993));
#2487=CARTESIAN_POINT('',(52.96,41.75,156.899999999993));
#2488=CARTESIAN_POINT('Origin',(52.96,40.15,140.099999999993));
#2489=CARTESIAN_POINT('',(52.96,40.15,138.499999999993));
#2490=CARTESIAN_POINT('Origin',(52.96,40.15,138.499999999993));
#2491=CARTESIAN_POINT('',(52.96,-29.6000000000034,138.499999999993));
#2492=CARTESIAN_POINT('',(52.96,-20.075,138.499999999993));
#2493=CARTESIAN_POINT('',(32.665993949047,-40.15,138.499999999993));
#2494=CARTESIAN_POINT('Ctrl Pts',(52.959999999955,-29.6000000000034,138.499999999993));
#2495=CARTESIAN_POINT('Ctrl Pts',(52.959999999955,-33.8997609445121,138.499999999993));
#2496=CARTESIAN_POINT('Ctrl Pts',(32.665993949047,-40.15,138.499999999993));
#2497=CARTESIAN_POINT('',(52.96,-40.15,138.499999999993));
#2498=CARTESIAN_POINT('Origin',(52.96,0.,148.499999999993));
#2499=CARTESIAN_POINT('',(52.96,-29.6000000000034,158.499999999993));
#2500=CARTESIAN_POINT('',(52.96,20.075,158.499999999993));
#2501=CARTESIAN_POINT('Origin',(52.96,-29.6000000000034,148.499999999998));
#2502=CARTESIAN_POINT('Origin',(30.1583,-38.25,142.));
#2503=CARTESIAN_POINT('',(42.1583,-37.45,142.));
#2504=CARTESIAN_POINT('',(30.1583,-37.45,142.));
#2505=CARTESIAN_POINT('Origin',(42.1583,-38.25,142.));
#2506=CARTESIAN_POINT('Origin',(42.1583,-38.25,142.));
#2507=CARTESIAN_POINT('Origin',(42.1583,-38.25,155.));
#2508=CARTESIAN_POINT('Origin',(52.96,-29.6000000000034,148.499999999998));
#2509=CARTESIAN_POINT('',(38.8440035936325,-38.1476249654764,158.499999999993));
#2510=CARTESIAN_POINT('Ctrl Pts',(38.8440035936325,-38.1476249654765,158.499999999993));
#2511=CARTESIAN_POINT('Ctrl Pts',(52.96,-33.2914336345486,158.499999999993));
#2512=CARTESIAN_POINT('Ctrl Pts',(52.96,-29.6000000000034,158.499999999993));
#2513=CARTESIAN_POINT('',(30.2424094398662,-41.4979773473225,157.761949575726));
#2514=CARTESIAN_POINT('Ctrl Pts',(38.8440035936325,-38.1476249654765,158.499999999993));
#2515=CARTESIAN_POINT('Ctrl Pts',(35.0111815241217,-39.7841869859321,158.228191615556));
#2516=CARTESIAN_POINT('Ctrl Pts',(30.2424094398662,-41.4979773473225,157.761949575726));
#2517=CARTESIAN_POINT('',(31.6157640270701,-41.75,156.899999999993));
#2518=CARTESIAN_POINT('Ctrl Pts',(30.2424094398662,-41.4979773473225,157.761949575726));
#2519=CARTESIAN_POINT('Ctrl Pts',(30.2585420798658,-41.5189988337414,157.729074697313));
#2520=CARTESIAN_POINT('Ctrl Pts',(30.2798030729955,-41.5380529813682,157.696615377679));
#2521=CARTESIAN_POINT('Ctrl Pts',(30.3632249212336,-41.5956427163557,157.59084498481));
#2522=CARTESIAN_POINT('Ctrl Pts',(30.4419120837955,-41.6255769676423,157.521744852781));
#2523=CARTESIAN_POINT('Ctrl Pts',(30.773596357343,-41.7200838473089,157.270512895436));
#2524=CARTESIAN_POINT('Ctrl Pts',(31.0900827658894,-41.7409971214312,157.118436016751));
#2525=CARTESIAN_POINT('Ctrl Pts',(31.4828103638373,-41.749359353838,156.953103141477));
#2526=CARTESIAN_POINT('Ctrl Pts',(31.549199734672,-41.75,156.926163809302));
#2527=CARTESIAN_POINT('Ctrl Pts',(31.6157640270701,-41.75,156.899999999993));
#2528=CARTESIAN_POINT('',(31.6157640270446,-41.75,140.099999999993));
#2529=CARTESIAN_POINT('Ctrl Pts',(31.6157640270446,-41.75,140.099999999993));
#2530=CARTESIAN_POINT('Ctrl Pts',(52.9865074662366,-41.75,148.500000000105));
#2531=CARTESIAN_POINT('Ctrl Pts',(31.6157640270701,-41.75,156.899999999993));
#2532=CARTESIAN_POINT('Ctrl Pts',(31.6157640270446,-41.75,140.099999999993));
#2533=CARTESIAN_POINT('Ctrl Pts',(31.5491997346456,-41.75,140.073836190684));
#2534=CARTESIAN_POINT('Ctrl Pts',(31.4828103638101,-41.749359353838,140.046896858508));
#2535=CARTESIAN_POINT('Ctrl Pts',(31.0900827658614,-41.7409971214311,139.881563983234));
#2536=CARTESIAN_POINT('Ctrl Pts',(30.773596357315,-41.7200838473087,139.729487104549));
#2537=CARTESIAN_POINT('Ctrl Pts',(30.4419120837675,-41.6255769676419,139.478255147204));
#2538=CARTESIAN_POINT('Ctrl Pts',(30.3632249212056,-41.5956427163553,139.409155015175));
#2539=CARTESIAN_POINT('Ctrl Pts',(30.2753687777516,-41.5349917942598,139.297762388359));
#2540=CARTESIAN_POINT('Ctrl Pts',(30.2510743986573,-41.5121360112822,139.259310266915));
#2541=CARTESIAN_POINT('Ctrl Pts',(30.2174642951306,-41.4609389458629,139.181522234363));
#2542=CARTESIAN_POINT('Ctrl Pts',(30.2081522306018,-41.4325958785305,139.142185916709));
#2543=CARTESIAN_POINT('Ctrl Pts',(30.2081522306018,-41.3708076469974,139.064582840201));
#2544=CARTESIAN_POINT('Ctrl Pts',(30.2174642951306,-41.3388208354216,139.028147702797));
#2545=CARTESIAN_POINT('Ctrl Pts',(30.2510743986572,-41.2744796191088,138.960825155317));
#2546=CARTESIAN_POINT('Ctrl Pts',(30.2753687777516,-41.2421252180271,138.929935914638));
#2547=CARTESIAN_POINT('Ctrl Pts',(30.3632249212056,-41.1471514934635,138.845871395949));
#2548=CARTESIAN_POINT('Ctrl Pts',(30.4419120837675,-41.0865138624635,138.801217556772));
#2549=CARTESIAN_POINT('Ctrl Pts',(30.773596357315,-40.8628399023287,138.652829530795));
#2550=CARTESIAN_POINT('Ctrl Pts',(31.0900827658614,-40.7193136288677,138.598378168171));
#2551=CARTESIAN_POINT('Ctrl Pts',(31.7437802929834,-40.4542291394781,138.523160684938));
#2552=CARTESIAN_POINT('Ctrl Pts',(32.0830281276462,-40.336235500968,138.507681687643));
#2553=CARTESIAN_POINT('Ctrl Pts',(32.4840143317095,-40.2066983009225,138.500743405484));
#2554=CARTESIAN_POINT('Ctrl Pts',(32.5745107627207,-40.1781754022672,138.499999999993));
#2555=CARTESIAN_POINT('Ctrl Pts',(32.665993949047,-40.15,138.499999999993));
#2556=CARTESIAN_POINT('Origin',(52.96,-29.6000000000034,158.499999999993));
#2557=CARTESIAN_POINT('',(35.5371763865769,-40.15,158.499999999993));
#2558=CARTESIAN_POINT('',(50.6228060946919,-31.015235340043,158.499999999993));
#2559=CARTESIAN_POINT('Origin',(28.8847389507506,-40.15,156.899999999993));
#2560=CARTESIAN_POINT('Origin',(52.96,-40.15,140.099999999993));
#2561=CARTESIAN_POINT('',(52.96,-41.75,140.099999999993));
#2562=CARTESIAN_POINT('Origin',(52.96,-41.75,140.099999999993));
#2563=CARTESIAN_POINT('',(52.96,-41.75,156.899999999993));
#2564=CARTESIAN_POINT('Origin',(52.96,40.15,156.899999999993));
#2565=CARTESIAN_POINT('',(52.96,40.15,158.499999999993));
#2566=CARTESIAN_POINT('Origin',(52.96,-40.15,158.499999999993));
#2567=CARTESIAN_POINT('',(52.96,-40.15,158.499999999993));
#2568=CARTESIAN_POINT('Origin',(52.96,-40.15,156.899999999993));
#2569=UNCERTAINTY_MEASURE_WITH_UNIT(LENGTH_MEASURE(0.01),#2573,
'DISTANCE_ACCURACY_VALUE',
'Maximum model space distance between geometric entities at asserted c
onnectivities');
#2570=UNCERTAINTY_MEASURE_WITH_UNIT(LENGTH_MEASURE(0.01),#2573,
'DISTANCE_ACCURACY_VALUE',
'Maximum model space distance between geometric entities at asserted c
onnectivities');
#2571=(
GEOMETRIC_REPRESENTATION_CONTEXT(3)
GLOBAL_UNCERTAINTY_ASSIGNED_CONTEXT((#2569))
GLOBAL_UNIT_ASSIGNED_CONTEXT((#2573,#2575,#2576))
REPRESENTATION_CONTEXT('','3D')
);
#2572=(
GEOMETRIC_REPRESENTATION_CONTEXT(3)
GLOBAL_UNCERTAINTY_ASSIGNED_CONTEXT((#2570))
GLOBAL_UNIT_ASSIGNED_CONTEXT((#2573,#2575,#2576))
REPRESENTATION_CONTEXT('','3D')
);
#2573=(
LENGTH_UNIT()
NAMED_UNIT(*)
SI_UNIT(.MILLI.,.METRE.)
);
#2574=(
LENGTH_UNIT()
NAMED_UNIT(*)
SI_UNIT($,.METRE.)
);
#2575=(
NAMED_UNIT(*)
PLANE_ANGLE_UNIT()
SI_UNIT($,.RADIAN.)
);
#2576=(
NAMED_UNIT(*)
SI_UNIT($,.STERADIAN.)
SOLID_ANGLE_UNIT()
);
#2577=SHAPE_DEFINITION_REPRESENTATION(#2578,#2579);
#2578=PRODUCT_DEFINITION_SHAPE('',$,#2581);
#2579=SHAPE_REPRESENTATION('',(#1485),#2571);
#2580=PRODUCT_DEFINITION_CONTEXT('part definition',#2585,'design');
#2581=PRODUCT_DEFINITION('2026-09-20-16-40-37-217','camera_cover',#2582,
#2580);
#2582=PRODUCT_DEFINITION_FORMATION('',$,#2587);
#2583=PRODUCT_RELATED_PRODUCT_CATEGORY('camera_cover','camera_cover',(#2587));
#2584=APPLICATION_PROTOCOL_DEFINITION('international standard',
'automotive_design',2009,#2585);
#2585=APPLICATION_CONTEXT(
'Core Data for Automotive Mechanical Design Process');
#2586=PRODUCT_CONTEXT('part definition',#2585,'mechanical');
#2587=PRODUCT('2026-09-20-16-40-37-217','camera_cover',$,(#2586));
#2588=PRESENTATION_STYLE_ASSIGNMENT((#2589));
#2589=SURFACE_STYLE_USAGE(.BOTH.,#2590);
#2590=SURFACE_SIDE_STYLE('',(#2591));
#2591=SURFACE_STYLE_FILL_AREA(#2592);
#2592=FILL_AREA_STYLE('\X2\92FC\X0\ - \X2\30B530C630F3\X0\',(#2593));
#2593=FILL_AREA_STYLE_COLOUR('\X2\92FC\X0\ - \X2\30B530C630F3\X0\',#2594);
#2594=COLOUR_RGB('\X2\92FC\X0\ - \X2\30B530C630F3\X0\',0.627450980392157,
0.627450980392157,0.627450980392157);
ENDSEC;
END-ISO-10303-21;
