ISO-10303-21;
HEADER;
/* Generated by software containing ST-Developer
 * from STEP Tools, Inc. (www.steptools.com) 
 */

FILE_DESCRIPTION(
/* description */ ('femur'),
/* implementation_level */ '2;1');

FILE_NAME(
/* name */ 'femur_left.step',
/* time_stamp */ '2026-09-21T09:19:50+09:00',
/* author */ (''),
/* organization */ (''),
/* preprocessor_version */ 'ST-DEVELOPER v20.2',
/* originating_system */ 'Autodesk Translation Framework v15.15.0.0',
/* authorisation */ '');

FILE_SCHEMA (('AUTOMOTIVE_DESIGN { 1 0 10303 214 3 1 1 }'));
ENDSEC;

DATA;
#10=MECHANICAL_DESIGN_GEOMETRIC_PRESENTATION_REPRESENTATION('',(#13),#3639);
#11=SHAPE_REPRESENTATION_RELATIONSHIP('SRR','None',#3646,#12);
#12=ADVANCED_BREP_SHAPE_REPRESENTATION('',(#14),#3638);
#13=STYLED_ITEM('',(#3656),#14);
#14=MANIFOLD_SOLID_BREP('\X2\30DC30C730A3\X0\1',#2101);
#15=B_SPLINE_CURVE_WITH_KNOTS('',3,(#3231,#3232,#3233,#3234),
 .UNSPECIFIED.,.F.,.F.,(4,4),(0.00200362509520984,0.00355031687042382),
 .UNSPECIFIED.);
#16=B_SPLINE_CURVE_WITH_KNOTS('',3,(#3316,#3317,#3318,#3319),
 .UNSPECIFIED.,.F.,.F.,(4,4),(0.00200362509520984,0.00355031687042382),
 .UNSPECIFIED.);
#17=B_SPLINE_CURVE_WITH_KNOTS('',3,(#3354,#3355,#3356,#3357,#3358,#3359,
#3360,#3361),.UNSPECIFIED.,.F.,.F.,(4,2,2,4),(0.204672816006859,0.224026440363684,
0.448052880727367,0.461516429963153),.UNSPECIFIED.);
#18=B_SPLINE_CURVE_WITH_KNOTS('',3,(#3363,#3364,#3365,#3366,#3367,#3368),
 .UNSPECIFIED.,.F.,.F.,(4,2,4),(-1.86883705474005,-1.68972354706342,-1.67758640607583),
 .UNSPECIFIED.);
#19=B_SPLINE_CURVE_WITH_KNOTS('',3,(#3490,#3491,#3492,#3493,#3494,#3495,
#3496,#3497),.UNSPECIFIED.,.F.,.F.,(4,2,2,4),(-0.461516429963595,-0.448052880727369,
-0.224026440363684,-0.204672816006862),.UNSPECIFIED.);
#20=B_SPLINE_CURVE_WITH_KNOTS('',3,(#3499,#3500,#3501,#3502,#3503,#3504),
 .UNSPECIFIED.,.F.,.F.,(4,2,4),(-1.9908006874657,-1.97866354647812,-1.79955003880149),
 .UNSPECIFIED.);
#21=CONICAL_SURFACE('',#2169,9.,0.785398163397455);
#22=CONICAL_SURFACE('',#2182,9.,0.785398163397455);
#23=CONICAL_SURFACE('',#2232,11.5,0.785398163397449);
#24=CONICAL_SURFACE('',#2233,45.5,0.785398163397448);
#25=CONICAL_SURFACE('',#2298,11.5,0.785398163397449);
#26=CONICAL_SURFACE('',#2299,45.5,0.785398163397448);
#27=(
BOUNDED_CURVE()
B_SPLINE_CURVE(2,(#3081,#3082,#3083),.UNSPECIFIED.,.F.,.F.)
B_SPLINE_CURVE_WITH_KNOTS((3,3),(0.752330889968251,1.24732052683116),
 .UNSPECIFIED.)
CURVE()
GEOMETRIC_REPRESENTATION_ITEM()
RATIONAL_B_SPLINE_CURVE((1.01512773897773,1.01936233629966,1.0226205676193))
REPRESENTATION_ITEM('')
);
#28=(
BOUNDED_CURVE()
B_SPLINE_CURVE(2,(#3087,#3088,#3089),.UNSPECIFIED.,.F.,.F.)
B_SPLINE_CURVE_WITH_KNOTS((3,3),(-5.04597033606194,-4.55098069919903),
 .UNSPECIFIED.)
CURVE()
GEOMETRIC_REPRESENTATION_ITEM()
RATIONAL_B_SPLINE_CURVE((1.01512773897773,1.01936233629966,1.0226205676193))
REPRESENTATION_ITEM('')
);
#29=(
BOUNDED_CURVE()
B_SPLINE_CURVE(2,(#3165,#3166,#3167),.UNSPECIFIED.,.F.,.F.)
B_SPLINE_CURVE_WITH_KNOTS((3,3),(0.,0.565380202358965),.UNSPECIFIED.)
CURVE()
GEOMETRIC_REPRESENTATION_ITEM()
RATIONAL_B_SPLINE_CURVE((1.,1.0408329997331,1.))
REPRESENTATION_ITEM('')
);
#30=(
BOUNDED_CURVE()
B_SPLINE_CURVE(2,(#3180,#3181,#3182),.UNSPECIFIED.,.F.,.F.)
B_SPLINE_CURVE_WITH_KNOTS((3,3),(0.479380311468993,1.18321595661988),
 .UNSPECIFIED.)
CURVE()
GEOMETRIC_REPRESENTATION_ITEM()
RATIONAL_B_SPLINE_CURVE((1.17948717948708,1.27777777777774,1.27777777777774))
REPRESENTATION_ITEM('')
);
#31=(
BOUNDED_CURVE()
B_SPLINE_CURVE(2,(#3202,#3203,#3204),.UNSPECIFIED.,.F.,.F.)
B_SPLINE_CURVE_WITH_KNOTS((3,3),(0.565380202358959,1.13076040471792),
 .UNSPECIFIED.)
CURVE()
GEOMETRIC_REPRESENTATION_ITEM()
RATIONAL_B_SPLINE_CURVE((1.,1.04083299973302,1.))
REPRESENTATION_ITEM('')
);
#32=(
BOUNDED_CURVE()
B_SPLINE_CURVE(2,(#3215,#3216,#3217),.UNSPECIFIED.,.F.,.F.)
B_SPLINE_CURVE_WITH_KNOTS((3,3),(-1.88705160177077,-1.18321595661989),
 .UNSPECIFIED.)
CURVE()
GEOMETRIC_REPRESENTATION_ITEM()
RATIONAL_B_SPLINE_CURVE((1.17948717948708,1.27777777777774,1.27777777777774))
REPRESENTATION_ITEM('')
);
#33=(
BOUNDED_CURVE()
B_SPLINE_CURVE(2,(#3286,#3287,#3288),.UNSPECIFIED.,.F.,.F.)
B_SPLINE_CURVE_WITH_KNOTS((3,3),(-9.0467683769753,-8.2225485088457),
 .UNSPECIFIED.)
CURVE()
GEOMETRIC_REPRESENTATION_ITEM()
RATIONAL_B_SPLINE_CURVE((2.3695652173913,2.53478772650128,2.65853658536585))
REPRESENTATION_ITEM('')
);
#34=(
BOUNDED_CURVE()
B_SPLINE_CURVE(2,(#3292,#3293,#3294),.UNSPECIFIED.,.F.,.F.)
B_SPLINE_CURVE_WITH_KNOTS((3,3),(2.47972284975975,3.30394271788936),
 .UNSPECIFIED.)
CURVE()
GEOMETRIC_REPRESENTATION_ITEM()
RATIONAL_B_SPLINE_CURVE((2.36956521739131,2.53478772650128,2.65853658536585))
REPRESENTATION_ITEM('')
);
#35=(
BOUNDED_CURVE()
B_SPLINE_CURVE(2,(#3303,#3304,#3305),.UNSPECIFIED.,.F.,.F.)
B_SPLINE_CURVE_WITH_KNOTS((3,3),(-0.404852082124993,-0.289475187350764),
 .UNSPECIFIED.)
CURVE()
GEOMETRIC_REPRESENTATION_ITEM()
RATIONAL_B_SPLINE_CURVE((1.17084879538882,1.15082845857079,1.12834336285924))
REPRESENTATION_ITEM('')
);
#36=(
BOUNDED_CURVE()
B_SPLINE_CURVE(2,(#3462,#3463,#3464),.UNSPECIFIED.,.F.,.F.)
B_SPLINE_CURVE_WITH_KNOTS((3,3),(2.27918088602769,2.39455778080158),
 .UNSPECIFIED.)
CURVE()
GEOMETRIC_REPRESENTATION_ITEM()
RATIONAL_B_SPLINE_CURVE((1.17084879538882,1.15082845857085,1.12834336285937))
REPRESENTATION_ITEM('')
);
#37=FACE_BOUND('',#272,.T.);
#38=FACE_BOUND('',#273,.T.);
#39=FACE_BOUND('',#274,.T.);
#40=FACE_BOUND('',#275,.T.);
#41=FACE_BOUND('',#276,.T.);
#42=FACE_BOUND('',#277,.T.);
#43=FACE_BOUND('',#278,.T.);
#44=FACE_BOUND('',#279,.T.);
#45=FACE_BOUND('',#280,.T.);
#46=FACE_BOUND('',#281,.T.);
#47=FACE_BOUND('',#285,.T.);
#48=FACE_BOUND('',#286,.T.);
#49=FACE_BOUND('',#287,.T.);
#50=FACE_BOUND('',#288,.T.);
#51=FACE_BOUND('',#289,.T.);
#52=FACE_BOUND('',#290,.T.);
#53=FACE_BOUND('',#291,.T.);
#54=FACE_BOUND('',#292,.T.);
#55=FACE_BOUND('',#293,.T.);
#56=FACE_BOUND('',#294,.T.);
#57=FACE_BOUND('',#295,.T.);
#58=FACE_BOUND('',#312,.T.);
#59=FACE_BOUND('',#313,.T.);
#60=FACE_BOUND('',#314,.T.);
#61=FACE_BOUND('',#315,.T.);
#62=FACE_BOUND('',#316,.T.);
#63=FACE_BOUND('',#337,.T.);
#64=FACE_BOUND('',#338,.T.);
#65=FACE_BOUND('',#339,.T.);
#66=FACE_BOUND('',#340,.T.);
#67=FACE_BOUND('',#341,.T.);
#68=FACE_BOUND('',#344,.T.);
#69=FACE_BOUND('',#347,.T.);
#70=FACE_BOUND('',#350,.T.);
#71=FACE_BOUND('',#353,.T.);
#72=FACE_BOUND('',#356,.T.);
#73=FACE_BOUND('',#359,.T.);
#74=FACE_BOUND('',#362,.T.);
#75=FACE_BOUND('',#365,.T.);
#76=FACE_BOUND('',#367,.T.);
#77=FACE_BOUND('',#368,.T.);
#78=FACE_BOUND('',#369,.T.);
#79=FACE_BOUND('',#370,.T.);
#80=FACE_BOUND('',#371,.T.);
#81=FACE_BOUND('',#390,.T.);
#82=FACE_BOUND('',#391,.T.);
#83=FACE_BOUND('',#392,.T.);
#84=FACE_BOUND('',#393,.T.);
#85=FACE_BOUND('',#394,.T.);
#86=FACE_BOUND('',#396,.T.);
#87=FACE_BOUND('',#399,.T.);
#88=FACE_BOUND('',#402,.T.);
#89=FACE_BOUND('',#405,.T.);
#90=FACE_BOUND('',#408,.T.);
#91=FACE_BOUND('',#411,.T.);
#92=FACE_BOUND('',#414,.T.);
#93=FACE_BOUND('',#417,.T.);
#94=PLANE('',#2118);
#95=PLANE('',#2122);
#96=PLANE('',#2126);
#97=PLANE('',#2143);
#98=PLANE('',#2147);
#99=PLANE('',#2164);
#100=PLANE('',#2165);
#101=PLANE('',#2166);
#102=PLANE('',#2174);
#103=PLANE('',#2178);
#104=PLANE('',#2179);
#105=PLANE('',#2185);
#106=PLANE('',#2188);
#107=PLANE('',#2189);
#108=PLANE('',#2211);
#109=PLANE('',#2213);
#110=PLANE('',#2214);
#111=PLANE('',#2227);
#112=PLANE('',#2234);
#113=PLANE('',#2237);
#114=PLANE('',#2240);
#115=PLANE('',#2243);
#116=PLANE('',#2246);
#117=PLANE('',#2249);
#118=PLANE('',#2252);
#119=PLANE('',#2255);
#120=PLANE('',#2258);
#121=PLANE('',#2259);
#122=PLANE('',#2267);
#123=PLANE('',#2283);
#124=PLANE('',#2296);
#125=PLANE('',#2300);
#126=PLANE('',#2301);
#127=PLANE('',#2304);
#128=PLANE('',#2307);
#129=PLANE('',#2310);
#130=PLANE('',#2313);
#131=PLANE('',#2316);
#132=PLANE('',#2319);
#133=PLANE('',#2322);
#134=PLANE('',#2327);
#135=PLANE('',#2330);
#136=PLANE('',#2331);
#137=PLANE('',#2332);
#138=PLANE('',#2335);
#139=PLANE('',#2336);
#140=PLANE('',#2337);
#141=PLANE('',#2340);
#142=PLANE('',#2343);
#143=PLANE('',#2344);
#144=PLANE('',#2345);
#145=PLANE('',#2346);
#146=PLANE('',#2347);
#147=PLANE('',#2348);
#148=PLANE('',#2349);
#149=FACE_OUTER_BOUND('',#266,.T.);
#150=FACE_OUTER_BOUND('',#267,.T.);
#151=FACE_OUTER_BOUND('',#268,.T.);
#152=FACE_OUTER_BOUND('',#269,.T.);
#153=FACE_OUTER_BOUND('',#270,.T.);
#154=FACE_OUTER_BOUND('',#271,.T.);
#155=FACE_OUTER_BOUND('',#282,.T.);
#156=FACE_OUTER_BOUND('',#283,.T.);
#157=FACE_OUTER_BOUND('',#284,.T.);
#158=FACE_OUTER_BOUND('',#296,.T.);
#159=FACE_OUTER_BOUND('',#297,.T.);
#160=FACE_OUTER_BOUND('',#298,.T.);
#161=FACE_OUTER_BOUND('',#299,.T.);
#162=FACE_OUTER_BOUND('',#300,.T.);
#163=FACE_OUTER_BOUND('',#301,.T.);
#164=FACE_OUTER_BOUND('',#302,.T.);
#165=FACE_OUTER_BOUND('',#303,.T.);
#166=FACE_OUTER_BOUND('',#304,.T.);
#167=FACE_OUTER_BOUND('',#305,.T.);
#168=FACE_OUTER_BOUND('',#306,.T.);
#169=FACE_OUTER_BOUND('',#307,.T.);
#170=FACE_OUTER_BOUND('',#308,.T.);
#171=FACE_OUTER_BOUND('',#309,.T.);
#172=FACE_OUTER_BOUND('',#310,.T.);
#173=FACE_OUTER_BOUND('',#311,.T.);
#174=FACE_OUTER_BOUND('',#317,.T.);
#175=FACE_OUTER_BOUND('',#318,.T.);
#176=FACE_OUTER_BOUND('',#319,.T.);
#177=FACE_OUTER_BOUND('',#320,.T.);
#178=FACE_OUTER_BOUND('',#321,.T.);
#179=FACE_OUTER_BOUND('',#322,.T.);
#180=FACE_OUTER_BOUND('',#323,.T.);
#181=FACE_OUTER_BOUND('',#324,.T.);
#182=FACE_OUTER_BOUND('',#325,.T.);
#183=FACE_OUTER_BOUND('',#326,.T.);
#184=FACE_OUTER_BOUND('',#327,.T.);
#185=FACE_OUTER_BOUND('',#328,.T.);
#186=FACE_OUTER_BOUND('',#329,.T.);
#187=FACE_OUTER_BOUND('',#330,.T.);
#188=FACE_OUTER_BOUND('',#331,.T.);
#189=FACE_OUTER_BOUND('',#332,.T.);
#190=FACE_OUTER_BOUND('',#333,.T.);
#191=FACE_OUTER_BOUND('',#334,.T.);
#192=FACE_OUTER_BOUND('',#335,.T.);
#193=FACE_OUTER_BOUND('',#336,.T.);
#194=FACE_OUTER_BOUND('',#342,.T.);
#195=FACE_OUTER_BOUND('',#343,.T.);
#196=FACE_OUTER_BOUND('',#345,.T.);
#197=FACE_OUTER_BOUND('',#346,.T.);
#198=FACE_OUTER_BOUND('',#348,.T.);
#199=FACE_OUTER_BOUND('',#349,.T.);
#200=FACE_OUTER_BOUND('',#351,.T.);
#201=FACE_OUTER_BOUND('',#352,.T.);
#202=FACE_OUTER_BOUND('',#354,.T.);
#203=FACE_OUTER_BOUND('',#355,.T.);
#204=FACE_OUTER_BOUND('',#357,.T.);
#205=FACE_OUTER_BOUND('',#358,.T.);
#206=FACE_OUTER_BOUND('',#360,.T.);
#207=FACE_OUTER_BOUND('',#361,.T.);
#208=FACE_OUTER_BOUND('',#363,.T.);
#209=FACE_OUTER_BOUND('',#364,.T.);
#210=FACE_OUTER_BOUND('',#366,.T.);
#211=FACE_OUTER_BOUND('',#372,.T.);
#212=FACE_OUTER_BOUND('',#373,.T.);
#213=FACE_OUTER_BOUND('',#374,.T.);
#214=FACE_OUTER_BOUND('',#375,.T.);
#215=FACE_OUTER_BOUND('',#376,.T.);
#216=FACE_OUTER_BOUND('',#377,.T.);
#217=FACE_OUTER_BOUND('',#378,.T.);
#218=FACE_OUTER_BOUND('',#379,.T.);
#219=FACE_OUTER_BOUND('',#380,.T.);
#220=FACE_OUTER_BOUND('',#381,.T.);
#221=FACE_OUTER_BOUND('',#382,.T.);
#222=FACE_OUTER_BOUND('',#383,.T.);
#223=FACE_OUTER_BOUND('',#384,.T.);
#224=FACE_OUTER_BOUND('',#385,.T.);
#225=FACE_OUTER_BOUND('',#386,.T.);
#226=FACE_OUTER_BOUND('',#387,.T.);
#227=FACE_OUTER_BOUND('',#388,.T.);
#228=FACE_OUTER_BOUND('',#389,.T.);
#229=FACE_OUTER_BOUND('',#395,.T.);
#230=FACE_OUTER_BOUND('',#397,.T.);
#231=FACE_OUTER_BOUND('',#398,.T.);
#232=FACE_OUTER_BOUND('',#400,.T.);
#233=FACE_OUTER_BOUND('',#401,.T.);
#234=FACE_OUTER_BOUND('',#403,.T.);
#235=FACE_OUTER_BOUND('',#404,.T.);
#236=FACE_OUTER_BOUND('',#406,.T.);
#237=FACE_OUTER_BOUND('',#407,.T.);
#238=FACE_OUTER_BOUND('',#409,.T.);
#239=FACE_OUTER_BOUND('',#410,.T.);
#240=FACE_OUTER_BOUND('',#412,.T.);
#241=FACE_OUTER_BOUND('',#413,.T.);
#242=FACE_OUTER_BOUND('',#415,.T.);
#243=FACE_OUTER_BOUND('',#416,.T.);
#244=FACE_OUTER_BOUND('',#418,.T.);
#245=FACE_OUTER_BOUND('',#419,.T.);
#246=FACE_OUTER_BOUND('',#420,.T.);
#247=FACE_OUTER_BOUND('',#421,.T.);
#248=FACE_OUTER_BOUND('',#422,.T.);
#249=FACE_OUTER_BOUND('',#423,.T.);
#250=FACE_OUTER_BOUND('',#424,.T.);
#251=FACE_OUTER_BOUND('',#425,.T.);
#252=FACE_OUTER_BOUND('',#426,.T.);
#253=FACE_OUTER_BOUND('',#427,.T.);
#254=FACE_OUTER_BOUND('',#428,.T.);
#255=FACE_OUTER_BOUND('',#429,.T.);
#256=FACE_OUTER_BOUND('',#430,.T.);
#257=FACE_OUTER_BOUND('',#431,.T.);
#258=FACE_OUTER_BOUND('',#432,.T.);
#259=FACE_OUTER_BOUND('',#433,.T.);
#260=FACE_OUTER_BOUND('',#434,.T.);
#261=FACE_OUTER_BOUND('',#435,.T.);
#262=FACE_OUTER_BOUND('',#436,.T.);
#263=FACE_OUTER_BOUND('',#437,.T.);
#264=FACE_OUTER_BOUND('',#438,.T.);
#265=FACE_OUTER_BOUND('',#439,.T.);
#266=EDGE_LOOP('',(#1348,#1349,#1350,#1351));
#267=EDGE_LOOP('',(#1352,#1353,#1354,#1355));
#268=EDGE_LOOP('',(#1356,#1357,#1358,#1359));
#269=EDGE_LOOP('',(#1360,#1361,#1362,#1363));
#270=EDGE_LOOP('',(#1364,#1365,#1366,#1367));
#271=EDGE_LOOP('',(#1368,#1369,#1370,#1371,#1372,#1373,#1374,#1375,#1376,
#1377,#1378,#1379,#1380,#1381,#1382,#1383));
#272=EDGE_LOOP('',(#1384));
#273=EDGE_LOOP('',(#1385));
#274=EDGE_LOOP('',(#1386));
#275=EDGE_LOOP('',(#1387));
#276=EDGE_LOOP('',(#1388));
#277=EDGE_LOOP('',(#1389));
#278=EDGE_LOOP('',(#1390));
#279=EDGE_LOOP('',(#1391));
#280=EDGE_LOOP('',(#1392));
#281=EDGE_LOOP('',(#1393));
#282=EDGE_LOOP('',(#1394,#1395,#1396,#1397,#1398,#1399,#1400,#1401,#1402,
#1403));
#283=EDGE_LOOP('',(#1404,#1405,#1406,#1407));
#284=EDGE_LOOP('',(#1408,#1409,#1410,#1411,#1412,#1413,#1414,#1415,#1416,
#1417,#1418,#1419,#1420,#1421,#1422,#1423,#1424,#1425,#1426,#1427));
#285=EDGE_LOOP('',(#1428));
#286=EDGE_LOOP('',(#1429));
#287=EDGE_LOOP('',(#1430));
#288=EDGE_LOOP('',(#1431));
#289=EDGE_LOOP('',(#1432));
#290=EDGE_LOOP('',(#1433));
#291=EDGE_LOOP('',(#1434));
#292=EDGE_LOOP('',(#1435));
#293=EDGE_LOOP('',(#1436));
#294=EDGE_LOOP('',(#1437));
#295=EDGE_LOOP('',(#1438,#1439,#1440,#1441));
#296=EDGE_LOOP('',(#1442,#1443,#1444,#1445));
#297=EDGE_LOOP('',(#1446,#1447,#1448,#1449,#1450));
#298=EDGE_LOOP('',(#1451,#1452,#1453,#1454));
#299=EDGE_LOOP('',(#1455,#1456,#1457,#1458));
#300=EDGE_LOOP('',(#1459,#1460,#1461,#1462));
#301=EDGE_LOOP('',(#1463,#1464,#1465,#1466));
#302=EDGE_LOOP('',(#1467,#1468,#1469,#1470));
#303=EDGE_LOOP('',(#1471,#1472,#1473,#1474,#1475,#1476));
#304=EDGE_LOOP('',(#1477,#1478,#1479));
#305=EDGE_LOOP('',(#1480,#1481,#1482,#1483,#1484));
#306=EDGE_LOOP('',(#1485,#1486,#1487,#1488));
#307=EDGE_LOOP('',(#1489,#1490,#1491,#1492));
#308=EDGE_LOOP('',(#1493,#1494,#1495,#1496));
#309=EDGE_LOOP('',(#1497,#1498,#1499,#1500));
#310=EDGE_LOOP('',(#1501,#1502,#1503,#1504,#1505));
#311=EDGE_LOOP('',(#1506,#1507,#1508,#1509));
#312=EDGE_LOOP('',(#1510));
#313=EDGE_LOOP('',(#1511));
#314=EDGE_LOOP('',(#1512));
#315=EDGE_LOOP('',(#1513));
#316=EDGE_LOOP('',(#1514));
#317=EDGE_LOOP('',(#1515,#1516,#1517,#1518));
#318=EDGE_LOOP('',(#1519,#1520,#1521,#1522));
#319=EDGE_LOOP('',(#1523,#1524,#1525,#1526));
#320=EDGE_LOOP('',(#1527,#1528,#1529,#1530));
#321=EDGE_LOOP('',(#1531,#1532,#1533,#1534));
#322=EDGE_LOOP('',(#1535,#1536,#1537,#1538,#1539,#1540,#1541,#1542,#1543,
#1544));
#323=EDGE_LOOP('',(#1545,#1546,#1547,#1548));
#324=EDGE_LOOP('',(#1549,#1550,#1551,#1552,#1553));
#325=EDGE_LOOP('',(#1554,#1555,#1556,#1557,#1558,#1559,#1560,#1561,#1562));
#326=EDGE_LOOP('',(#1563,#1564,#1565,#1566));
#327=EDGE_LOOP('',(#1567,#1568,#1569,#1570));
#328=EDGE_LOOP('',(#1571,#1572,#1573,#1574));
#329=EDGE_LOOP('',(#1575,#1576,#1577,#1578));
#330=EDGE_LOOP('',(#1579,#1580,#1581,#1582));
#331=EDGE_LOOP('',(#1583,#1584,#1585,#1586));
#332=EDGE_LOOP('',(#1587,#1588,#1589,#1590,#1591,#1592,#1593,#1594,#1595,
#1596,#1597,#1598,#1599,#1600));
#333=EDGE_LOOP('',(#1601,#1602,#1603,#1604));
#334=EDGE_LOOP('',(#1605,#1606,#1607,#1608,#1609));
#335=EDGE_LOOP('',(#1610,#1611,#1612,#1613,#1614));
#336=EDGE_LOOP('',(#1615,#1616));
#337=EDGE_LOOP('',(#1617));
#338=EDGE_LOOP('',(#1618));
#339=EDGE_LOOP('',(#1619));
#340=EDGE_LOOP('',(#1620));
#341=EDGE_LOOP('',(#1621));
#342=EDGE_LOOP('',(#1622,#1623,#1624,#1625));
#343=EDGE_LOOP('',(#1626));
#344=EDGE_LOOP('',(#1627));
#345=EDGE_LOOP('',(#1628,#1629,#1630,#1631));
#346=EDGE_LOOP('',(#1632));
#347=EDGE_LOOP('',(#1633));
#348=EDGE_LOOP('',(#1634,#1635,#1636,#1637));
#349=EDGE_LOOP('',(#1638));
#350=EDGE_LOOP('',(#1639));
#351=EDGE_LOOP('',(#1640,#1641,#1642,#1643));
#352=EDGE_LOOP('',(#1644));
#353=EDGE_LOOP('',(#1645));
#354=EDGE_LOOP('',(#1646,#1647,#1648,#1649));
#355=EDGE_LOOP('',(#1650));
#356=EDGE_LOOP('',(#1651));
#357=EDGE_LOOP('',(#1652,#1653,#1654,#1655));
#358=EDGE_LOOP('',(#1656));
#359=EDGE_LOOP('',(#1657));
#360=EDGE_LOOP('',(#1658,#1659,#1660,#1661));
#361=EDGE_LOOP('',(#1662));
#362=EDGE_LOOP('',(#1663));
#363=EDGE_LOOP('',(#1664,#1665,#1666,#1667));
#364=EDGE_LOOP('',(#1668));
#365=EDGE_LOOP('',(#1669));
#366=EDGE_LOOP('',(#1670,#1671,#1672,#1673));
#367=EDGE_LOOP('',(#1674));
#368=EDGE_LOOP('',(#1675));
#369=EDGE_LOOP('',(#1676));
#370=EDGE_LOOP('',(#1677));
#371=EDGE_LOOP('',(#1678));
#372=EDGE_LOOP('',(#1679,#1680,#1681));
#373=EDGE_LOOP('',(#1682,#1683,#1684,#1685));
#374=EDGE_LOOP('',(#1686,#1687,#1688,#1689));
#375=EDGE_LOOP('',(#1690,#1691,#1692,#1693));
#376=EDGE_LOOP('',(#1694,#1695,#1696,#1697));
#377=EDGE_LOOP('',(#1698,#1699,#1700,#1701));
#378=EDGE_LOOP('',(#1702,#1703,#1704,#1705));
#379=EDGE_LOOP('',(#1706,#1707,#1708,#1709,#1710));
#380=EDGE_LOOP('',(#1711,#1712,#1713,#1714,#1715,#1716));
#381=EDGE_LOOP('',(#1717,#1718,#1719,#1720));
#382=EDGE_LOOP('',(#1721,#1722,#1723,#1724));
#383=EDGE_LOOP('',(#1725,#1726,#1727,#1728));
#384=EDGE_LOOP('',(#1729,#1730,#1731,#1732));
#385=EDGE_LOOP('',(#1733,#1734,#1735,#1736));
#386=EDGE_LOOP('',(#1737,#1738,#1739,#1740,#1741,#1742,#1743,#1744,#1745,
#1746,#1747,#1748,#1749,#1750));
#387=EDGE_LOOP('',(#1751,#1752,#1753,#1754,#1755));
#388=EDGE_LOOP('',(#1756,#1757,#1758,#1759,#1760));
#389=EDGE_LOOP('',(#1761,#1762));
#390=EDGE_LOOP('',(#1763));
#391=EDGE_LOOP('',(#1764));
#392=EDGE_LOOP('',(#1765));
#393=EDGE_LOOP('',(#1766));
#394=EDGE_LOOP('',(#1767));
#395=EDGE_LOOP('',(#1768));
#396=EDGE_LOOP('',(#1769));
#397=EDGE_LOOP('',(#1770,#1771,#1772,#1773));
#398=EDGE_LOOP('',(#1774));
#399=EDGE_LOOP('',(#1775));
#400=EDGE_LOOP('',(#1776,#1777,#1778,#1779));
#401=EDGE_LOOP('',(#1780));
#402=EDGE_LOOP('',(#1781));
#403=EDGE_LOOP('',(#1782,#1783,#1784,#1785));
#404=EDGE_LOOP('',(#1786));
#405=EDGE_LOOP('',(#1787));
#406=EDGE_LOOP('',(#1788,#1789,#1790,#1791));
#407=EDGE_LOOP('',(#1792));
#408=EDGE_LOOP('',(#1793));
#409=EDGE_LOOP('',(#1794,#1795,#1796,#1797));
#410=EDGE_LOOP('',(#1798));
#411=EDGE_LOOP('',(#1799));
#412=EDGE_LOOP('',(#1800,#1801,#1802,#1803));
#413=EDGE_LOOP('',(#1804));
#414=EDGE_LOOP('',(#1805));
#415=EDGE_LOOP('',(#1806,#1807,#1808,#1809));
#416=EDGE_LOOP('',(#1810));
#417=EDGE_LOOP('',(#1811));
#418=EDGE_LOOP('',(#1812,#1813,#1814,#1815));
#419=EDGE_LOOP('',(#1816,#1817,#1818,#1819,#1820,#1821,#1822,#1823,#1824,
#1825,#1826,#1827));
#420=EDGE_LOOP('',(#1828,#1829,#1830,#1831));
#421=EDGE_LOOP('',(#1832,#1833,#1834,#1835,#1836,#1837));
#422=EDGE_LOOP('',(#1838,#1839,#1840,#1841));
#423=EDGE_LOOP('',(#1842,#1843,#1844,#1845));
#424=EDGE_LOOP('',(#1846,#1847,#1848,#1849,#1850,#1851));
#425=EDGE_LOOP('',(#1852,#1853,#1854,#1855));
#426=EDGE_LOOP('',(#1856,#1857,#1858,#1859));
#427=EDGE_LOOP('',(#1860,#1861,#1862,#1863,#1864,#1865));
#428=EDGE_LOOP('',(#1866,#1867,#1868,#1869,#1870,#1871));
#429=EDGE_LOOP('',(#1872,#1873,#1874,#1875));
#430=EDGE_LOOP('',(#1876,#1877,#1878,#1879));
#431=EDGE_LOOP('',(#1880,#1881,#1882,#1883));
#432=EDGE_LOOP('',(#1884,#1885,#1886,#1887,#1888,#1889,#1890));
#433=EDGE_LOOP('',(#1891,#1892,#1893,#1894,#1895,#1896,#1897));
#434=EDGE_LOOP('',(#1898,#1899,#1900,#1901,#1902,#1903,#1904));
#435=EDGE_LOOP('',(#1905,#1906,#1907,#1908,#1909,#1910,#1911));
#436=EDGE_LOOP('',(#1912,#1913,#1914,#1915));
#437=EDGE_LOOP('',(#1916,#1917,#1918,#1919));
#438=EDGE_LOOP('',(#1920,#1921,#1922,#1923));
#439=EDGE_LOOP('',(#1924,#1925,#1926,#1927));
#440=LINE('',#2992,#592);
#441=LINE('',#2995,#593);
#442=LINE('',#2998,#594);
#443=LINE('',#3000,#595);
#444=LINE('',#3001,#596);
#445=LINE('',#3007,#597);
#446=LINE('',#3010,#598);
#447=LINE('',#3013,#599);
#448=LINE('',#3015,#600);
#449=LINE('',#3016,#601);
#450=LINE('',#3022,#602);
#451=LINE('',#3025,#603);
#452=LINE('',#3028,#604);
#453=LINE('',#3032,#605);
#454=LINE('',#3036,#606);
#455=LINE('',#3039,#607);
#456=LINE('',#3043,#608);
#457=LINE('',#3047,#609);
#458=LINE('',#3050,#610);
#459=LINE('',#3073,#611);
#460=LINE('',#3075,#612);
#461=LINE('',#3077,#613);
#462=LINE('',#3079,#614);
#463=LINE('',#3085,#615);
#464=LINE('',#3090,#616);
#465=LINE('',#3095,#617);
#466=LINE('',#3101,#618);
#467=LINE('',#3105,#619);
#468=LINE('',#3109,#620);
#469=LINE('',#3111,#621);
#470=LINE('',#3113,#622);
#471=LINE('',#3115,#623);
#472=LINE('',#3116,#624);
#473=LINE('',#3120,#625);
#474=LINE('',#3124,#626);
#475=LINE('',#3127,#627);
#476=LINE('',#3150,#628);
#477=LINE('',#3152,#629);
#478=LINE('',#3154,#630);
#479=LINE('',#3155,#631);
#480=LINE('',#3158,#632);
#481=LINE('',#3159,#633);
#482=LINE('',#3163,#634);
#483=LINE('',#3168,#635);
#484=LINE('',#3169,#636);
#485=LINE('',#3172,#637);
#486=LINE('',#3173,#638);
#487=LINE('',#3187,#639);
#488=LINE('',#3190,#640);
#489=LINE('',#3191,#641);
#490=LINE('',#3195,#642);
#491=LINE('',#3198,#643);
#492=LINE('',#3206,#644);
#493=LINE('',#3207,#645);
#494=LINE('',#3208,#646);
#495=LINE('',#3222,#647);
#496=LINE('',#3223,#648);
#497=LINE('',#3224,#649);
#498=LINE('',#3229,#650);
#499=LINE('',#3235,#651);
#500=LINE('',#3239,#652);
#501=LINE('',#3243,#653);
#502=LINE('',#3259,#654);
#503=LINE('',#3265,#655);
#504=LINE('',#3271,#656);
#505=LINE('',#3277,#657);
#506=LINE('',#3281,#658);
#507=LINE('',#3284,#659);
#508=LINE('',#3290,#660);
#509=LINE('',#3296,#661);
#510=LINE('',#3297,#662);
#511=LINE('',#3298,#663);
#512=LINE('',#3300,#664);
#513=LINE('',#3306,#665);
#514=LINE('',#3309,#666);
#515=LINE('',#3311,#667);
#516=LINE('',#3312,#668);
#517=LINE('',#3314,#669);
#518=LINE('',#3320,#670);
#519=LINE('',#3324,#671);
#520=LINE('',#3328,#672);
#521=LINE('',#3332,#673);
#522=LINE('',#3334,#674);
#523=LINE('',#3338,#675);
#524=LINE('',#3343,#676);
#525=LINE('',#3352,#677);
#526=LINE('',#3373,#678);
#527=LINE('',#3378,#679);
#528=LINE('',#3383,#680);
#529=LINE('',#3388,#681);
#530=LINE('',#3393,#682);
#531=LINE('',#3398,#683);
#532=LINE('',#3403,#684);
#533=LINE('',#3408,#685);
#534=LINE('',#3414,#686);
#535=LINE('',#3428,#687);
#536=LINE('',#3429,#688);
#537=LINE('',#3434,#689);
#538=LINE('',#3440,#690);
#539=LINE('',#3446,#691);
#540=LINE('',#3452,#692);
#541=LINE('',#3456,#693);
#542=LINE('',#3459,#694);
#543=LINE('',#3465,#695);
#544=LINE('',#3472,#696);
#545=LINE('',#3476,#697);
#546=LINE('',#3480,#698);
#547=LINE('',#3482,#699);
#548=LINE('',#3486,#700);
#549=LINE('',#3510,#701);
#550=LINE('',#3515,#702);
#551=LINE('',#3520,#703);
#552=LINE('',#3525,#704);
#553=LINE('',#3530,#705);
#554=LINE('',#3535,#706);
#555=LINE('',#3540,#707);
#556=LINE('',#3545,#708);
#557=LINE('',#3550,#709);
#558=LINE('',#3554,#710);
#559=LINE('',#3557,#711);
#560=LINE('',#3560,#712);
#561=LINE('',#3562,#713);
#562=LINE('',#3563,#714);
#563=LINE('',#3567,#715);
#564=LINE('',#3568,#716);
#565=LINE('',#3569,#717);
#566=LINE('',#3573,#718);
#567=LINE('',#3575,#719);
#568=LINE('',#3577,#720);
#569=LINE('',#3582,#721);
#570=LINE('',#3584,#722);
#571=LINE('',#3585,#723);
#572=LINE('',#3587,#724);
#573=LINE('',#3588,#725);
#574=LINE('',#3591,#726);
#575=LINE('',#3595,#727);
#576=LINE('',#3598,#728);
#577=LINE('',#3602,#729);
#578=LINE('',#3606,#730);
#579=LINE('',#3608,#731);
#580=LINE('',#3610,#732);
#581=LINE('',#3614,#733);
#582=LINE('',#3616,#734);
#583=LINE('',#3617,#735);
#584=LINE('',#3619,#736);
#585=LINE('',#3620,#737);
#586=LINE('',#3622,#738);
#587=LINE('',#3623,#739);
#588=LINE('',#3625,#740);
#589=LINE('',#3627,#741);
#590=LINE('',#3629,#742);
#591=LINE('',#3631,#743);
#592=VECTOR('',#2360,10.);
#593=VECTOR('',#2363,10.);
#594=VECTOR('',#2366,10.);
#595=VECTOR('',#2367,10.);
#596=VECTOR('',#2368,10.);
#597=VECTOR('',#2373,10.);
#598=VECTOR('',#2376,10.);
#599=VECTOR('',#2379,10.);
#600=VECTOR('',#2380,10.);
#601=VECTOR('',#2381,10.);
#602=VECTOR('',#2386,10.);
#603=VECTOR('',#2389,10.);
#604=VECTOR('',#2392,10.);
#605=VECTOR('',#2395,10.);
#606=VECTOR('',#2398,10.);
#607=VECTOR('',#2401,1000.);
#608=VECTOR('',#2404,1000.);
#609=VECTOR('',#2407,1000.);
#610=VECTOR('',#2410,1000.);
#611=VECTOR('',#2433,1000.);
#612=VECTOR('',#2434,1000.);
#613=VECTOR('',#2435,10.);
#614=VECTOR('',#2436,1000.);
#615=VECTOR('',#2437,1000.);
#616=VECTOR('',#2438,1000.);
#617=VECTOR('',#2443,10.);
#618=VECTOR('',#2450,1000.);
#619=VECTOR('',#2453,1000.);
#620=VECTOR('',#2456,1000.);
#621=VECTOR('',#2457,1000.);
#622=VECTOR('',#2458,1000.);
#623=VECTOR('',#2459,1000.);
#624=VECTOR('',#2460,10.);
#625=VECTOR('',#2463,10.);
#626=VECTOR('',#2466,10.);
#627=VECTOR('',#2469,10.);
#628=VECTOR('',#2490,1000.);
#629=VECTOR('',#2491,1000.);
#630=VECTOR('',#2492,1000.);
#631=VECTOR('',#2493,1000.);
#632=VECTOR('',#2496,10.);
#633=VECTOR('',#2497,10.);
#634=VECTOR('',#2500,10.);
#635=VECTOR('',#2501,10.);
#636=VECTOR('',#2502,10.);
#637=VECTOR('',#2505,10.);
#638=VECTOR('',#2506,10.);
#639=VECTOR('',#2521,10.);
#640=VECTOR('',#2524,10.);
#641=VECTOR('',#2525,10.);
#642=VECTOR('',#2530,1000.);
#643=VECTOR('',#2535,10.);
#644=VECTOR('',#2538,10.);
#645=VECTOR('',#2539,10.);
#646=VECTOR('',#2540,10.);
#647=VECTOR('',#2553,10.);
#648=VECTOR('',#2554,10.);
#649=VECTOR('',#2555,10.);
#650=VECTOR('',#2562,1000.);
#651=VECTOR('',#2563,1000.);
#652=VECTOR('',#2566,1000.);
#653=VECTOR('',#2569,1000.);
#654=VECTOR('',#2586,1.);
#655=VECTOR('',#2593,1.);
#656=VECTOR('',#2600,1.);
#657=VECTOR('',#2607,1.);
#658=VECTOR('',#2612,3.);
#659=VECTOR('',#2617,1000.);
#660=VECTOR('',#2618,1000.);
#661=VECTOR('',#2619,1000.);
#662=VECTOR('',#2620,1000.);
#663=VECTOR('',#2621,1000.);
#664=VECTOR('',#2624,1000.);
#665=VECTOR('',#2627,1000.);
#666=VECTOR('',#2630,1000.);
#667=VECTOR('',#2631,1000.);
#668=VECTOR('',#2632,1000.);
#669=VECTOR('',#2633,1000.);
#670=VECTOR('',#2634,1000.);
#671=VECTOR('',#2639,1.);
#672=VECTOR('',#2644,1.);
#673=VECTOR('',#2649,1.);
#674=VECTOR('',#2652,3.);
#675=VECTOR('',#2657,1.);
#676=VECTOR('',#2662,1000.);
#677=VECTOR('',#2675,1000.);
#678=VECTOR('',#2686,2.);
#679=VECTOR('',#2693,2.);
#680=VECTOR('',#2700,2.);
#681=VECTOR('',#2707,2.);
#682=VECTOR('',#2714,2.);
#683=VECTOR('',#2721,2.);
#684=VECTOR('',#2728,2.);
#685=VECTOR('',#2735,2.);
#686=VECTOR('',#2742,1000.);
#687=VECTOR('',#2757,10.);
#688=VECTOR('',#2758,1000.);
#689=VECTOR('',#2763,1.);
#690=VECTOR('',#2770,1.);
#691=VECTOR('',#2777,1.);
#692=VECTOR('',#2784,1.);
#693=VECTOR('',#2789,3.);
#694=VECTOR('',#2794,1000.);
#695=VECTOR('',#2797,1000.);
#696=VECTOR('',#2808,1.);
#697=VECTOR('',#2813,1.);
#698=VECTOR('',#2818,1.);
#699=VECTOR('',#2821,3.);
#700=VECTOR('',#2826,1.);
#701=VECTOR('',#2843,2.);
#702=VECTOR('',#2850,2.);
#703=VECTOR('',#2857,2.);
#704=VECTOR('',#2864,2.);
#705=VECTOR('',#2871,2.);
#706=VECTOR('',#2878,2.);
#707=VECTOR('',#2885,2.);
#708=VECTOR('',#2892,2.);
#709=VECTOR('',#2899,1000.);
#710=VECTOR('',#2902,1000.);
#711=VECTOR('',#2905,1000.);
#712=VECTOR('',#2908,1000.);
#713=VECTOR('',#2909,1000.);
#714=VECTOR('',#2910,1000.);
#715=VECTOR('',#2913,1000.);
#716=VECTOR('',#2914,1000.);
#717=VECTOR('',#2915,1000.);
#718=VECTOR('',#2918,1000.);
#719=VECTOR('',#2919,1000.);
#720=VECTOR('',#2920,1000.);
#721=VECTOR('',#2927,1000.);
#722=VECTOR('',#2928,1000.);
#723=VECTOR('',#2929,1000.);
#724=VECTOR('',#2932,1000.);
#725=VECTOR('',#2933,1000.);
#726=VECTOR('',#2936,1000.);
#727=VECTOR('',#2939,1000.);
#728=VECTOR('',#2942,1000.);
#729=VECTOR('',#2945,1000.);
#730=VECTOR('',#2948,1000.);
#731=VECTOR('',#2949,1000.);
#732=VECTOR('',#2950,1000.);
#733=VECTOR('',#2955,1000.);
#734=VECTOR('',#2956,1000.);
#735=VECTOR('',#2957,1000.);
#736=VECTOR('',#2960,1000.);
#737=VECTOR('',#2961,1000.);
#738=VECTOR('',#2964,1000.);
#739=VECTOR('',#2965,1000.);
#740=VECTOR('',#2968,1000.);
#741=VECTOR('',#2971,1000.);
#742=VECTOR('',#2974,1000.);
#743=VECTOR('',#2977,1000.);
#744=CIRCLE('',#2116,5.);
#745=CIRCLE('',#2117,5.);
#746=CIRCLE('',#2120,5.);
#747=CIRCLE('',#2121,5.);
#748=CIRCLE('',#2124,5.);
#749=CIRCLE('',#2125,5.);
#750=CIRCLE('',#2127,4.99999999999997);
#751=CIRCLE('',#2128,9.);
#752=CIRCLE('',#2129,5.00000000000008);
#753=CIRCLE('',#2130,5.);
#754=CIRCLE('',#2131,9.);
#755=CIRCLE('',#2132,5.);
#756=CIRCLE('',#2133,2.);
#757=CIRCLE('',#2134,2.);
#758=CIRCLE('',#2135,2.);
#759=CIRCLE('',#2136,2.);
#760=CIRCLE('',#2137,2.);
#761=CIRCLE('',#2138,2.);
#762=CIRCLE('',#2139,2.);
#763=CIRCLE('',#2140,2.);
#764=CIRCLE('',#2141,3.);
#765=CIRCLE('',#2142,3.);
#766=CIRCLE('',#2145,5.);
#767=CIRCLE('',#2146,5.);
#768=CIRCLE('',#2148,5.);
#769=CIRCLE('',#2149,9.);
#770=CIRCLE('',#2150,5.);
#771=CIRCLE('',#2151,5.00000000000008);
#772=CIRCLE('',#2152,9.00000000000004);
#773=CIRCLE('',#2153,4.99999999999997);
#774=CIRCLE('',#2154,2.);
#775=CIRCLE('',#2155,2.);
#776=CIRCLE('',#2156,2.);
#777=CIRCLE('',#2157,2.);
#778=CIRCLE('',#2158,2.);
#779=CIRCLE('',#2159,2.);
#780=CIRCLE('',#2160,2.);
#781=CIRCLE('',#2161,2.);
#782=CIRCLE('',#2162,3.);
#783=CIRCLE('',#2163,3.);
#784=CIRCLE('',#2168,4.99999999999997);
#785=CIRCLE('',#2170,10.5);
#786=CIRCLE('',#2171,9.);
#787=CIRCLE('',#2173,5.00000000000008);
#788=CIRCLE('',#2176,9.);
#789=CIRCLE('',#2177,9.);
#790=CIRCLE('',#2181,4.99999999999997);
#791=CIRCLE('',#2183,9.);
#792=CIRCLE('',#2184,10.5);
#793=CIRCLE('',#2187,5.00000000000008);
#794=CIRCLE('',#2190,9.);
#795=CIRCLE('',#2191,11.5);
#796=CIRCLE('',#2192,1.);
#797=CIRCLE('',#2193,1.);
#798=CIRCLE('',#2194,1.);
#799=CIRCLE('',#2195,1.);
#800=CIRCLE('',#2196,3.);
#801=CIRCLE('',#2198,1.);
#802=CIRCLE('',#2199,1.);
#803=CIRCLE('',#2201,1.);
#804=CIRCLE('',#2202,1.);
#805=CIRCLE('',#2204,1.);
#806=CIRCLE('',#2205,1.);
#807=CIRCLE('',#2207,1.);
#808=CIRCLE('',#2208,1.);
#809=CIRCLE('',#2210,3.);
#810=CIRCLE('',#2216,1.);
#811=CIRCLE('',#2218,1.);
#812=CIRCLE('',#2220,1.);
#813=CIRCLE('',#2223,1.);
#814=CIRCLE('',#2225,48.);
#815=CIRCLE('',#2226,48.);
#816=CIRCLE('',#2228,45.5);
#817=CIRCLE('',#2230,14.);
#818=CIRCLE('',#2231,14.);
#819=CIRCLE('',#2236,2.);
#820=CIRCLE('',#2239,2.);
#821=CIRCLE('',#2242,2.);
#822=CIRCLE('',#2245,2.);
#823=CIRCLE('',#2248,2.);
#824=CIRCLE('',#2251,2.);
#825=CIRCLE('',#2254,2.);
#826=CIRCLE('',#2257,2.);
#827=CIRCLE('',#2260,11.5);
#828=CIRCLE('',#2261,9.);
#829=CIRCLE('',#2262,1.);
#830=CIRCLE('',#2263,1.);
#831=CIRCLE('',#2264,1.);
#832=CIRCLE('',#2265,1.);
#833=CIRCLE('',#2266,3.);
#834=CIRCLE('',#2269,1.);
#835=CIRCLE('',#2270,1.);
#836=CIRCLE('',#2272,1.);
#837=CIRCLE('',#2273,1.);
#838=CIRCLE('',#2275,1.);
#839=CIRCLE('',#2276,1.);
#840=CIRCLE('',#2278,1.);
#841=CIRCLE('',#2279,1.);
#842=CIRCLE('',#2281,3.);
#843=CIRCLE('',#2285,9.);
#844=CIRCLE('',#2286,9.);
#845=CIRCLE('',#2288,1.);
#846=CIRCLE('',#2290,1.);
#847=CIRCLE('',#2292,1.);
#848=CIRCLE('',#2295,1.);
#849=CIRCLE('',#2297,45.5);
#850=CIRCLE('',#2302,2.);
#851=CIRCLE('',#2305,2.);
#852=CIRCLE('',#2308,2.);
#853=CIRCLE('',#2311,2.);
#854=CIRCLE('',#2314,2.);
#855=CIRCLE('',#2317,2.);
#856=CIRCLE('',#2320,2.);
#857=CIRCLE('',#2323,2.);
#858=CIRCLE('',#2328,0.5);
#859=CIRCLE('',#2329,0.5);
#860=CIRCLE('',#2333,0.5);
#861=CIRCLE('',#2334,0.5);
#862=CIRCLE('',#2338,0.5);
#863=CIRCLE('',#2339,0.5);
#864=CIRCLE('',#2341,0.5);
#865=CIRCLE('',#2342,0.5);
#866=VERTEX_POINT('',#2988);
#867=VERTEX_POINT('',#2989);
#868=VERTEX_POINT('',#2991);
#869=VERTEX_POINT('',#2993);
#870=VERTEX_POINT('',#2997);
#871=VERTEX_POINT('',#2999);
#872=VERTEX_POINT('',#3003);
#873=VERTEX_POINT('',#3004);
#874=VERTEX_POINT('',#3006);
#875=VERTEX_POINT('',#3008);
#876=VERTEX_POINT('',#3012);
#877=VERTEX_POINT('',#3014);
#878=VERTEX_POINT('',#3018);
#879=VERTEX_POINT('',#3019);
#880=VERTEX_POINT('',#3021);
#881=VERTEX_POINT('',#3023);
#882=VERTEX_POINT('',#3027);
#883=VERTEX_POINT('',#3029);
#884=VERTEX_POINT('',#3031);
#885=VERTEX_POINT('',#3033);
#886=VERTEX_POINT('',#3035);
#887=VERTEX_POINT('',#3038);
#888=VERTEX_POINT('',#3040);
#889=VERTEX_POINT('',#3042);
#890=VERTEX_POINT('',#3044);
#891=VERTEX_POINT('',#3046);
#892=VERTEX_POINT('',#3048);
#893=VERTEX_POINT('',#3051);
#894=VERTEX_POINT('',#3053);
#895=VERTEX_POINT('',#3055);
#896=VERTEX_POINT('',#3057);
#897=VERTEX_POINT('',#3059);
#898=VERTEX_POINT('',#3061);
#899=VERTEX_POINT('',#3063);
#900=VERTEX_POINT('',#3065);
#901=VERTEX_POINT('',#3067);
#902=VERTEX_POINT('',#3069);
#903=VERTEX_POINT('',#3072);
#904=VERTEX_POINT('',#3074);
#905=VERTEX_POINT('',#3076);
#906=VERTEX_POINT('',#3078);
#907=VERTEX_POINT('',#3080);
#908=VERTEX_POINT('',#3084);
#909=VERTEX_POINT('',#3086);
#910=VERTEX_POINT('',#3092);
#911=VERTEX_POINT('',#3094);
#912=VERTEX_POINT('',#3098);
#913=VERTEX_POINT('',#3100);
#914=VERTEX_POINT('',#3102);
#915=VERTEX_POINT('',#3104);
#916=VERTEX_POINT('',#3106);
#917=VERTEX_POINT('',#3108);
#918=VERTEX_POINT('',#3110);
#919=VERTEX_POINT('',#3112);
#920=VERTEX_POINT('',#3114);
#921=VERTEX_POINT('',#3117);
#922=VERTEX_POINT('',#3119);
#923=VERTEX_POINT('',#3121);
#924=VERTEX_POINT('',#3123);
#925=VERTEX_POINT('',#3125);
#926=VERTEX_POINT('',#3128);
#927=VERTEX_POINT('',#3130);
#928=VERTEX_POINT('',#3132);
#929=VERTEX_POINT('',#3134);
#930=VERTEX_POINT('',#3136);
#931=VERTEX_POINT('',#3138);
#932=VERTEX_POINT('',#3140);
#933=VERTEX_POINT('',#3142);
#934=VERTEX_POINT('',#3144);
#935=VERTEX_POINT('',#3146);
#936=VERTEX_POINT('',#3148);
#937=VERTEX_POINT('',#3149);
#938=VERTEX_POINT('',#3151);
#939=VERTEX_POINT('',#3153);
#940=VERTEX_POINT('',#3157);
#941=VERTEX_POINT('',#3161);
#942=VERTEX_POINT('',#3162);
#943=VERTEX_POINT('',#3164);
#944=VERTEX_POINT('',#3171);
#945=VERTEX_POINT('',#3177);
#946=VERTEX_POINT('',#3179);
#947=VERTEX_POINT('',#3185);
#948=VERTEX_POINT('',#3189);
#949=VERTEX_POINT('',#3194);
#950=VERTEX_POINT('',#3200);
#951=VERTEX_POINT('',#3201);
#952=VERTEX_POINT('',#3205);
#953=VERTEX_POINT('',#3212);
#954=VERTEX_POINT('',#3214);
#955=VERTEX_POINT('',#3220);
#956=VERTEX_POINT('',#3221);
#957=VERTEX_POINT('',#3228);
#958=VERTEX_POINT('',#3230);
#959=VERTEX_POINT('',#3237);
#960=VERTEX_POINT('',#3238);
#961=VERTEX_POINT('',#3240);
#962=VERTEX_POINT('',#3242);
#963=VERTEX_POINT('',#3245);
#964=VERTEX_POINT('',#3247);
#965=VERTEX_POINT('',#3249);
#966=VERTEX_POINT('',#3251);
#967=VERTEX_POINT('',#3253);
#968=VERTEX_POINT('',#3256);
#969=VERTEX_POINT('',#3258);
#970=VERTEX_POINT('',#3262);
#971=VERTEX_POINT('',#3264);
#972=VERTEX_POINT('',#3268);
#973=VERTEX_POINT('',#3270);
#974=VERTEX_POINT('',#3274);
#975=VERTEX_POINT('',#3276);
#976=VERTEX_POINT('',#3280);
#977=VERTEX_POINT('',#3285);
#978=VERTEX_POINT('',#3289);
#979=VERTEX_POINT('',#3291);
#980=VERTEX_POINT('',#3295);
#981=VERTEX_POINT('',#3302);
#982=VERTEX_POINT('',#3308);
#983=VERTEX_POINT('',#3310);
#984=VERTEX_POINT('',#3313);
#985=VERTEX_POINT('',#3315);
#986=VERTEX_POINT('',#3322);
#987=VERTEX_POINT('',#3326);
#988=VERTEX_POINT('',#3330);
#989=VERTEX_POINT('',#3336);
#990=VERTEX_POINT('',#3340);
#991=VERTEX_POINT('',#3342);
#992=VERTEX_POINT('',#3348);
#993=VERTEX_POINT('',#3350);
#994=VERTEX_POINT('',#3371);
#995=VERTEX_POINT('',#3376);
#996=VERTEX_POINT('',#3381);
#997=VERTEX_POINT('',#3386);
#998=VERTEX_POINT('',#3391);
#999=VERTEX_POINT('',#3396);
#1000=VERTEX_POINT('',#3401);
#1001=VERTEX_POINT('',#3406);
#1002=VERTEX_POINT('',#3411);
#1003=VERTEX_POINT('',#3413);
#1004=VERTEX_POINT('',#3416);
#1005=VERTEX_POINT('',#3418);
#1006=VERTEX_POINT('',#3420);
#1007=VERTEX_POINT('',#3422);
#1008=VERTEX_POINT('',#3424);
#1009=VERTEX_POINT('',#3427);
#1010=VERTEX_POINT('',#3431);
#1011=VERTEX_POINT('',#3433);
#1012=VERTEX_POINT('',#3437);
#1013=VERTEX_POINT('',#3439);
#1014=VERTEX_POINT('',#3443);
#1015=VERTEX_POINT('',#3445);
#1016=VERTEX_POINT('',#3449);
#1017=VERTEX_POINT('',#3451);
#1018=VERTEX_POINT('',#3455);
#1019=VERTEX_POINT('',#3461);
#1020=VERTEX_POINT('',#3470);
#1021=VERTEX_POINT('',#3474);
#1022=VERTEX_POINT('',#3478);
#1023=VERTEX_POINT('',#3484);
#1024=VERTEX_POINT('',#3507);
#1025=VERTEX_POINT('',#3512);
#1026=VERTEX_POINT('',#3517);
#1027=VERTEX_POINT('',#3522);
#1028=VERTEX_POINT('',#3527);
#1029=VERTEX_POINT('',#3532);
#1030=VERTEX_POINT('',#3537);
#1031=VERTEX_POINT('',#3542);
#1032=VERTEX_POINT('',#3549);
#1033=VERTEX_POINT('',#3551);
#1034=VERTEX_POINT('',#3553);
#1035=VERTEX_POINT('',#3555);
#1036=VERTEX_POINT('',#3559);
#1037=VERTEX_POINT('',#3561);
#1038=VERTEX_POINT('',#3565);
#1039=VERTEX_POINT('',#3566);
#1040=VERTEX_POINT('',#3571);
#1041=VERTEX_POINT('',#3572);
#1042=VERTEX_POINT('',#3574);
#1043=VERTEX_POINT('',#3576);
#1044=VERTEX_POINT('',#3581);
#1045=VERTEX_POINT('',#3583);
#1046=VERTEX_POINT('',#3590);
#1047=VERTEX_POINT('',#3592);
#1048=VERTEX_POINT('',#3594);
#1049=VERTEX_POINT('',#3596);
#1050=VERTEX_POINT('',#3600);
#1051=VERTEX_POINT('',#3601);
#1052=VERTEX_POINT('',#3603);
#1053=VERTEX_POINT('',#3605);
#1054=VERTEX_POINT('',#3607);
#1055=VERTEX_POINT('',#3609);
#1056=VERTEX_POINT('',#3613);
#1057=VERTEX_POINT('',#3615);
#1058=EDGE_CURVE('',#866,#867,#744,.T.);
#1059=EDGE_CURVE('',#868,#866,#440,.T.);
#1060=EDGE_CURVE('',#869,#868,#745,.T.);
#1061=EDGE_CURVE('',#867,#869,#441,.T.);
#1062=EDGE_CURVE('',#870,#869,#442,.T.);
#1063=EDGE_CURVE('',#870,#871,#443,.T.);
#1064=EDGE_CURVE('',#867,#871,#444,.T.);
#1065=EDGE_CURVE('',#872,#873,#746,.T.);
#1066=EDGE_CURVE('',#874,#872,#445,.T.);
#1067=EDGE_CURVE('',#875,#874,#747,.T.);
#1068=EDGE_CURVE('',#873,#875,#446,.T.);
#1069=EDGE_CURVE('',#876,#875,#447,.T.);
#1070=EDGE_CURVE('',#877,#876,#448,.T.);
#1071=EDGE_CURVE('',#873,#877,#449,.T.);
#1072=EDGE_CURVE('',#878,#879,#748,.T.);
#1073=EDGE_CURVE('',#880,#878,#450,.T.);
#1074=EDGE_CURVE('',#881,#880,#749,.T.);
#1075=EDGE_CURVE('',#879,#881,#451,.T.);
#1076=EDGE_CURVE('',#882,#879,#452,.T.);
#1077=EDGE_CURVE('',#883,#882,#750,.T.);
#1078=EDGE_CURVE('',#884,#883,#453,.T.);
#1079=EDGE_CURVE('',#884,#885,#751,.T.);
#1080=EDGE_CURVE('',#885,#886,#454,.T.);
#1081=EDGE_CURVE('',#886,#870,#752,.T.);
#1082=EDGE_CURVE('',#868,#887,#455,.T.);
#1083=EDGE_CURVE('',#888,#887,#753,.F.);
#1084=EDGE_CURVE('',#888,#889,#456,.T.);
#1085=EDGE_CURVE('',#890,#889,#754,.T.);
#1086=EDGE_CURVE('',#890,#891,#457,.T.);
#1087=EDGE_CURVE('',#892,#891,#755,.T.);
#1088=EDGE_CURVE('',#892,#878,#458,.T.);
#1089=EDGE_CURVE('',#893,#893,#756,.T.);
#1090=EDGE_CURVE('',#894,#894,#757,.T.);
#1091=EDGE_CURVE('',#895,#895,#758,.T.);
#1092=EDGE_CURVE('',#896,#896,#759,.T.);
#1093=EDGE_CURVE('',#897,#897,#760,.T.);
#1094=EDGE_CURVE('',#898,#898,#761,.T.);
#1095=EDGE_CURVE('',#899,#899,#762,.T.);
#1096=EDGE_CURVE('',#900,#900,#763,.T.);
#1097=EDGE_CURVE('',#901,#901,#764,.T.);
#1098=EDGE_CURVE('',#902,#902,#765,.T.);
#1099=EDGE_CURVE('',#903,#892,#459,.F.);
#1100=EDGE_CURVE('',#903,#904,#460,.T.);
#1101=EDGE_CURVE('',#904,#905,#461,.T.);
#1102=EDGE_CURVE('',#906,#905,#462,.T.);
#1103=EDGE_CURVE('',#906,#907,#27,.T.);
#1104=EDGE_CURVE('',#908,#907,#463,.T.);
#1105=EDGE_CURVE('',#909,#908,#28,.T.);
#1106=EDGE_CURVE('',#909,#880,#464,.T.);
#1107=EDGE_CURVE('',#910,#904,#766,.T.);
#1108=EDGE_CURVE('',#911,#910,#465,.T.);
#1109=EDGE_CURVE('',#905,#911,#767,.T.);
#1110=EDGE_CURVE('',#912,#903,#768,.T.);
#1111=EDGE_CURVE('',#913,#912,#466,.T.);
#1112=EDGE_CURVE('',#913,#914,#769,.T.);
#1113=EDGE_CURVE('',#915,#914,#467,.T.);
#1114=EDGE_CURVE('',#916,#915,#770,.F.);
#1115=EDGE_CURVE('',#917,#916,#468,.T.);
#1116=EDGE_CURVE('',#918,#917,#469,.T.);
#1117=EDGE_CURVE('',#919,#918,#470,.T.);
#1118=EDGE_CURVE('',#920,#919,#471,.T.);
#1119=EDGE_CURVE('',#920,#872,#472,.T.);
#1120=EDGE_CURVE('',#921,#877,#771,.T.);
#1121=EDGE_CURVE('',#921,#922,#473,.T.);
#1122=EDGE_CURVE('',#923,#922,#772,.T.);
#1123=EDGE_CURVE('',#924,#923,#474,.T.);
#1124=EDGE_CURVE('',#925,#924,#773,.T.);
#1125=EDGE_CURVE('',#910,#925,#475,.T.);
#1126=EDGE_CURVE('',#926,#926,#774,.T.);
#1127=EDGE_CURVE('',#927,#927,#775,.T.);
#1128=EDGE_CURVE('',#928,#928,#776,.T.);
#1129=EDGE_CURVE('',#929,#929,#777,.T.);
#1130=EDGE_CURVE('',#930,#930,#778,.T.);
#1131=EDGE_CURVE('',#931,#931,#779,.T.);
#1132=EDGE_CURVE('',#932,#932,#780,.T.);
#1133=EDGE_CURVE('',#933,#933,#781,.T.);
#1134=EDGE_CURVE('',#934,#934,#782,.T.);
#1135=EDGE_CURVE('',#935,#935,#783,.T.);
#1136=EDGE_CURVE('',#936,#937,#476,.T.);
#1137=EDGE_CURVE('',#938,#936,#477,.T.);
#1138=EDGE_CURVE('',#938,#939,#478,.T.);
#1139=EDGE_CURVE('',#937,#939,#479,.T.);
#1140=EDGE_CURVE('',#925,#940,#480,.T.);
#1141=EDGE_CURVE('',#940,#911,#481,.T.);
#1142=EDGE_CURVE('',#941,#942,#482,.T.);
#1143=EDGE_CURVE('',#942,#943,#29,.T.);
#1144=EDGE_CURVE('',#884,#943,#483,.T.);
#1145=EDGE_CURVE('',#883,#941,#484,.T.);
#1146=EDGE_CURVE('',#881,#944,#485,.T.);
#1147=EDGE_CURVE('',#882,#944,#486,.T.);
#1148=EDGE_CURVE('',#944,#941,#784,.T.);
#1149=EDGE_CURVE('',#942,#945,#785,.F.);
#1150=EDGE_CURVE('',#945,#946,#30,.T.);
#1151=EDGE_CURVE('',#946,#943,#786,.T.);
#1152=EDGE_CURVE('',#871,#947,#787,.T.);
#1153=EDGE_CURVE('',#886,#947,#487,.T.);
#1154=EDGE_CURVE('',#947,#948,#488,.T.);
#1155=EDGE_CURVE('',#885,#948,#489,.T.);
#1156=EDGE_CURVE('',#943,#946,#788,.T.);
#1157=EDGE_CURVE('',#949,#946,#490,.T.);
#1158=EDGE_CURVE('',#948,#949,#789,.T.);
#1159=EDGE_CURVE('',#949,#945,#491,.T.);
#1160=EDGE_CURVE('',#950,#951,#31,.T.);
#1161=EDGE_CURVE('',#951,#952,#492,.T.);
#1162=EDGE_CURVE('',#924,#952,#493,.T.);
#1163=EDGE_CURVE('',#923,#950,#494,.T.);
#1164=EDGE_CURVE('',#952,#940,#790,.T.);
#1165=EDGE_CURVE('',#953,#950,#791,.T.);
#1166=EDGE_CURVE('',#954,#953,#32,.T.);
#1167=EDGE_CURVE('',#951,#954,#792,.F.);
#1168=EDGE_CURVE('',#955,#956,#495,.T.);
#1169=EDGE_CURVE('',#922,#955,#496,.T.);
#1170=EDGE_CURVE('',#921,#956,#497,.T.);
#1171=EDGE_CURVE('',#956,#876,#793,.T.);
#1172=EDGE_CURVE('',#866,#957,#498,.T.);
#1173=EDGE_CURVE('',#958,#957,#15,.T.);
#1174=EDGE_CURVE('',#887,#958,#499,.F.);
#1175=EDGE_CURVE('',#959,#960,#500,.T.);
#1176=EDGE_CURVE('',#959,#961,#794,.T.);
#1177=EDGE_CURVE('',#962,#961,#501,.T.);
#1178=EDGE_CURVE('',#960,#962,#795,.F.);
#1179=EDGE_CURVE('',#963,#963,#796,.T.);
#1180=EDGE_CURVE('',#964,#964,#797,.T.);
#1181=EDGE_CURVE('',#965,#965,#798,.T.);
#1182=EDGE_CURVE('',#966,#966,#799,.T.);
#1183=EDGE_CURVE('',#967,#967,#800,.T.);
#1184=EDGE_CURVE('',#968,#968,#801,.T.);
#1185=EDGE_CURVE('',#968,#969,#502,.T.);
#1186=EDGE_CURVE('',#969,#969,#802,.T.);
#1187=EDGE_CURVE('',#970,#970,#803,.T.);
#1188=EDGE_CURVE('',#970,#971,#503,.T.);
#1189=EDGE_CURVE('',#971,#971,#804,.T.);
#1190=EDGE_CURVE('',#972,#972,#805,.T.);
#1191=EDGE_CURVE('',#972,#973,#504,.T.);
#1192=EDGE_CURVE('',#973,#973,#806,.T.);
#1193=EDGE_CURVE('',#974,#974,#807,.T.);
#1194=EDGE_CURVE('',#974,#975,#505,.T.);
#1195=EDGE_CURVE('',#975,#975,#808,.T.);
#1196=EDGE_CURVE('',#902,#976,#506,.T.);
#1197=EDGE_CURVE('',#976,#976,#809,.T.);
#1198=EDGE_CURVE('',#890,#959,#507,.T.);
#1199=EDGE_CURVE('',#977,#960,#33,.T.);
#1200=EDGE_CURVE('',#978,#977,#508,.T.);
#1201=EDGE_CURVE('',#978,#979,#34,.T.);
#1202=EDGE_CURVE('',#980,#979,#509,.T.);
#1203=EDGE_CURVE('',#913,#980,#510,.T.);
#1204=EDGE_CURVE('',#891,#912,#511,.T.);
#1205=EDGE_CURVE('',#889,#961,#512,.T.);
#1206=EDGE_CURVE('',#962,#981,#35,.T.);
#1207=EDGE_CURVE('',#981,#888,#513,.F.);
#1208=EDGE_CURVE('',#982,#920,#514,.F.);
#1209=EDGE_CURVE('',#983,#982,#515,.T.);
#1210=EDGE_CURVE('',#917,#983,#516,.T.);
#1211=EDGE_CURVE('',#984,#916,#517,.F.);
#1212=EDGE_CURVE('',#984,#985,#16,.T.);
#1213=EDGE_CURVE('',#874,#985,#518,.T.);
#1214=EDGE_CURVE('',#986,#986,#810,.T.);
#1215=EDGE_CURVE('',#986,#964,#519,.T.);
#1216=EDGE_CURVE('',#987,#987,#811,.T.);
#1217=EDGE_CURVE('',#987,#965,#520,.T.);
#1218=EDGE_CURVE('',#988,#988,#812,.T.);
#1219=EDGE_CURVE('',#988,#966,#521,.T.);
#1220=EDGE_CURVE('',#901,#967,#522,.T.);
#1221=EDGE_CURVE('',#989,#989,#813,.T.);
#1222=EDGE_CURVE('',#989,#963,#523,.T.);
#1223=EDGE_CURVE('',#907,#990,#814,.F.);
#1224=EDGE_CURVE('',#991,#990,#524,.T.);
#1225=EDGE_CURVE('',#908,#991,#815,.F.);
#1226=EDGE_CURVE('',#957,#909,#816,.T.);
#1227=EDGE_CURVE('',#992,#978,#817,.T.);
#1228=EDGE_CURVE('',#993,#977,#818,.T.);
#1229=EDGE_CURVE('',#992,#993,#525,.T.);
#1230=EDGE_CURVE('',#993,#981,#17,.T.);
#1231=EDGE_CURVE('',#958,#991,#18,.T.);
#1232=EDGE_CURVE('',#994,#994,#819,.F.);
#1233=EDGE_CURVE('',#994,#900,#526,.T.);
#1234=EDGE_CURVE('',#995,#995,#820,.F.);
#1235=EDGE_CURVE('',#995,#899,#527,.T.);
#1236=EDGE_CURVE('',#996,#996,#821,.F.);
#1237=EDGE_CURVE('',#996,#898,#528,.T.);
#1238=EDGE_CURVE('',#997,#997,#822,.F.);
#1239=EDGE_CURVE('',#997,#897,#529,.T.);
#1240=EDGE_CURVE('',#998,#998,#823,.F.);
#1241=EDGE_CURVE('',#998,#896,#530,.T.);
#1242=EDGE_CURVE('',#999,#999,#824,.F.);
#1243=EDGE_CURVE('',#999,#895,#531,.T.);
#1244=EDGE_CURVE('',#1000,#1000,#825,.F.);
#1245=EDGE_CURVE('',#1000,#894,#532,.T.);
#1246=EDGE_CURVE('',#1001,#1001,#826,.F.);
#1247=EDGE_CURVE('',#1001,#893,#533,.T.);
#1248=EDGE_CURVE('',#979,#1002,#827,.F.);
#1249=EDGE_CURVE('',#1002,#1003,#534,.T.);
#1250=EDGE_CURVE('',#980,#1003,#828,.T.);
#1251=EDGE_CURVE('',#1004,#1004,#829,.T.);
#1252=EDGE_CURVE('',#1005,#1005,#830,.T.);
#1253=EDGE_CURVE('',#1006,#1006,#831,.T.);
#1254=EDGE_CURVE('',#1007,#1007,#832,.T.);
#1255=EDGE_CURVE('',#1008,#1008,#833,.T.);
#1256=EDGE_CURVE('',#954,#1009,#535,.T.);
#1257=EDGE_CURVE('',#1009,#953,#536,.T.);
#1258=EDGE_CURVE('',#1010,#1010,#834,.T.);
#1259=EDGE_CURVE('',#1010,#1011,#537,.T.);
#1260=EDGE_CURVE('',#1011,#1011,#835,.T.);
#1261=EDGE_CURVE('',#1012,#1012,#836,.T.);
#1262=EDGE_CURVE('',#1012,#1013,#538,.T.);
#1263=EDGE_CURVE('',#1013,#1013,#837,.T.);
#1264=EDGE_CURVE('',#1014,#1014,#838,.T.);
#1265=EDGE_CURVE('',#1014,#1015,#539,.T.);
#1266=EDGE_CURVE('',#1015,#1015,#839,.T.);
#1267=EDGE_CURVE('',#1016,#1016,#840,.T.);
#1268=EDGE_CURVE('',#1016,#1017,#540,.T.);
#1269=EDGE_CURVE('',#1017,#1017,#841,.T.);
#1270=EDGE_CURVE('',#935,#1018,#541,.T.);
#1271=EDGE_CURVE('',#1018,#1018,#842,.T.);
#1272=EDGE_CURVE('',#914,#1003,#542,.T.);
#1273=EDGE_CURVE('',#1002,#1019,#36,.T.);
#1274=EDGE_CURVE('',#915,#1019,#543,.T.);
#1275=EDGE_CURVE('',#1009,#955,#843,.T.);
#1276=EDGE_CURVE('',#950,#953,#844,.T.);
#1277=EDGE_CURVE('',#1020,#1020,#845,.T.);
#1278=EDGE_CURVE('',#1020,#1005,#544,.T.);
#1279=EDGE_CURVE('',#1021,#1021,#846,.T.);
#1280=EDGE_CURVE('',#1021,#1006,#545,.T.);
#1281=EDGE_CURVE('',#1022,#1022,#847,.T.);
#1282=EDGE_CURVE('',#1022,#1007,#546,.T.);
#1283=EDGE_CURVE('',#934,#1008,#547,.T.);
#1284=EDGE_CURVE('',#1023,#1023,#848,.T.);
#1285=EDGE_CURVE('',#1023,#1004,#548,.T.);
#1286=EDGE_CURVE('',#985,#906,#849,.T.);
#1287=EDGE_CURVE('',#1019,#992,#19,.T.);
#1288=EDGE_CURVE('',#990,#984,#20,.T.);
#1289=EDGE_CURVE('',#1024,#1024,#850,.F.);
#1290=EDGE_CURVE('',#1024,#933,#549,.T.);
#1291=EDGE_CURVE('',#1025,#1025,#851,.F.);
#1292=EDGE_CURVE('',#1025,#932,#550,.T.);
#1293=EDGE_CURVE('',#1026,#1026,#852,.F.);
#1294=EDGE_CURVE('',#1026,#931,#551,.T.);
#1295=EDGE_CURVE('',#1027,#1027,#853,.F.);
#1296=EDGE_CURVE('',#1027,#930,#552,.T.);
#1297=EDGE_CURVE('',#1028,#1028,#854,.F.);
#1298=EDGE_CURVE('',#1028,#929,#553,.T.);
#1299=EDGE_CURVE('',#1029,#1029,#855,.F.);
#1300=EDGE_CURVE('',#1029,#928,#554,.T.);
#1301=EDGE_CURVE('',#1030,#1030,#856,.F.);
#1302=EDGE_CURVE('',#1030,#927,#555,.T.);
#1303=EDGE_CURVE('',#1031,#1031,#857,.F.);
#1304=EDGE_CURVE('',#1031,#926,#556,.T.);
#1305=EDGE_CURVE('',#1032,#938,#557,.F.);
#1306=EDGE_CURVE('',#1033,#1032,#858,.T.);
#1307=EDGE_CURVE('',#1033,#1034,#558,.T.);
#1308=EDGE_CURVE('',#1035,#1034,#859,.T.);
#1309=EDGE_CURVE('',#939,#1035,#559,.T.);
#1310=EDGE_CURVE('',#1036,#937,#560,.T.);
#1311=EDGE_CURVE('',#1037,#1036,#561,.T.);
#1312=EDGE_CURVE('',#936,#1037,#562,.F.);
#1313=EDGE_CURVE('',#1038,#1039,#563,.T.);
#1314=EDGE_CURVE('',#1034,#1039,#564,.T.);
#1315=EDGE_CURVE('',#1038,#1033,#565,.F.);
#1316=EDGE_CURVE('',#1040,#1041,#566,.F.);
#1317=EDGE_CURVE('',#1040,#1042,#567,.T.);
#1318=EDGE_CURVE('',#1043,#1042,#568,.T.);
#1319=EDGE_CURVE('',#1039,#1043,#860,.F.);
#1320=EDGE_CURVE('',#1041,#1038,#861,.F.);
#1321=EDGE_CURVE('',#1044,#1042,#569,.T.);
#1322=EDGE_CURVE('',#1045,#1040,#570,.T.);
#1323=EDGE_CURVE('',#1044,#1045,#571,.T.);
#1324=EDGE_CURVE('',#1044,#1036,#572,.F.);
#1325=EDGE_CURVE('',#1037,#1045,#573,.T.);
#1326=EDGE_CURVE('',#1046,#918,#574,.T.);
#1327=EDGE_CURVE('',#1047,#1046,#862,.F.);
#1328=EDGE_CURVE('',#1048,#1047,#575,.T.);
#1329=EDGE_CURVE('',#1049,#1048,#863,.F.);
#1330=EDGE_CURVE('',#919,#1049,#576,.F.);
#1331=EDGE_CURVE('',#1050,#1051,#577,.T.);
#1332=EDGE_CURVE('',#1052,#1051,#864,.T.);
#1333=EDGE_CURVE('',#1053,#1052,#578,.T.);
#1334=EDGE_CURVE('',#1054,#1053,#579,.T.);
#1335=EDGE_CURVE('',#1055,#1054,#580,.F.);
#1336=EDGE_CURVE('',#1050,#1055,#865,.T.);
#1337=EDGE_CURVE('',#1056,#1054,#581,.T.);
#1338=EDGE_CURVE('',#1057,#1053,#582,.T.);
#1339=EDGE_CURVE('',#1056,#1057,#583,.T.);
#1340=EDGE_CURVE('',#1051,#1047,#584,.T.);
#1341=EDGE_CURVE('',#1048,#1050,#585,.F.);
#1342=EDGE_CURVE('',#983,#1057,#586,.T.);
#1343=EDGE_CURVE('',#1056,#982,#587,.F.);
#1344=EDGE_CURVE('',#1043,#1035,#588,.F.);
#1345=EDGE_CURVE('',#1032,#1041,#589,.F.);
#1346=EDGE_CURVE('',#1046,#1052,#590,.F.);
#1347=EDGE_CURVE('',#1055,#1049,#591,.F.);
#1348=ORIENTED_EDGE('',*,*,#1058,.F.);
#1349=ORIENTED_EDGE('',*,*,#1059,.F.);
#1350=ORIENTED_EDGE('',*,*,#1060,.F.);
#1351=ORIENTED_EDGE('',*,*,#1061,.F.);
#1352=ORIENTED_EDGE('',*,*,#1061,.T.);
#1353=ORIENTED_EDGE('',*,*,#1062,.F.);
#1354=ORIENTED_EDGE('',*,*,#1063,.T.);
#1355=ORIENTED_EDGE('',*,*,#1064,.F.);
#1356=ORIENTED_EDGE('',*,*,#1065,.F.);
#1357=ORIENTED_EDGE('',*,*,#1066,.F.);
#1358=ORIENTED_EDGE('',*,*,#1067,.F.);
#1359=ORIENTED_EDGE('',*,*,#1068,.F.);
#1360=ORIENTED_EDGE('',*,*,#1068,.T.);
#1361=ORIENTED_EDGE('',*,*,#1069,.F.);
#1362=ORIENTED_EDGE('',*,*,#1070,.F.);
#1363=ORIENTED_EDGE('',*,*,#1071,.F.);
#1364=ORIENTED_EDGE('',*,*,#1072,.F.);
#1365=ORIENTED_EDGE('',*,*,#1073,.F.);
#1366=ORIENTED_EDGE('',*,*,#1074,.F.);
#1367=ORIENTED_EDGE('',*,*,#1075,.F.);
#1368=ORIENTED_EDGE('',*,*,#1072,.T.);
#1369=ORIENTED_EDGE('',*,*,#1076,.F.);
#1370=ORIENTED_EDGE('',*,*,#1077,.F.);
#1371=ORIENTED_EDGE('',*,*,#1078,.F.);
#1372=ORIENTED_EDGE('',*,*,#1079,.T.);
#1373=ORIENTED_EDGE('',*,*,#1080,.T.);
#1374=ORIENTED_EDGE('',*,*,#1081,.T.);
#1375=ORIENTED_EDGE('',*,*,#1062,.T.);
#1376=ORIENTED_EDGE('',*,*,#1060,.T.);
#1377=ORIENTED_EDGE('',*,*,#1082,.T.);
#1378=ORIENTED_EDGE('',*,*,#1083,.F.);
#1379=ORIENTED_EDGE('',*,*,#1084,.T.);
#1380=ORIENTED_EDGE('',*,*,#1085,.F.);
#1381=ORIENTED_EDGE('',*,*,#1086,.T.);
#1382=ORIENTED_EDGE('',*,*,#1087,.F.);
#1383=ORIENTED_EDGE('',*,*,#1088,.T.);
#1384=ORIENTED_EDGE('',*,*,#1089,.T.);
#1385=ORIENTED_EDGE('',*,*,#1090,.T.);
#1386=ORIENTED_EDGE('',*,*,#1091,.T.);
#1387=ORIENTED_EDGE('',*,*,#1092,.T.);
#1388=ORIENTED_EDGE('',*,*,#1093,.T.);
#1389=ORIENTED_EDGE('',*,*,#1094,.T.);
#1390=ORIENTED_EDGE('',*,*,#1095,.T.);
#1391=ORIENTED_EDGE('',*,*,#1096,.T.);
#1392=ORIENTED_EDGE('',*,*,#1097,.T.);
#1393=ORIENTED_EDGE('',*,*,#1098,.T.);
#1394=ORIENTED_EDGE('',*,*,#1073,.T.);
#1395=ORIENTED_EDGE('',*,*,#1088,.F.);
#1396=ORIENTED_EDGE('',*,*,#1099,.F.);
#1397=ORIENTED_EDGE('',*,*,#1100,.T.);
#1398=ORIENTED_EDGE('',*,*,#1101,.T.);
#1399=ORIENTED_EDGE('',*,*,#1102,.F.);
#1400=ORIENTED_EDGE('',*,*,#1103,.T.);
#1401=ORIENTED_EDGE('',*,*,#1104,.F.);
#1402=ORIENTED_EDGE('',*,*,#1105,.F.);
#1403=ORIENTED_EDGE('',*,*,#1106,.T.);
#1404=ORIENTED_EDGE('',*,*,#1107,.F.);
#1405=ORIENTED_EDGE('',*,*,#1108,.F.);
#1406=ORIENTED_EDGE('',*,*,#1109,.F.);
#1407=ORIENTED_EDGE('',*,*,#1101,.F.);
#1408=ORIENTED_EDGE('',*,*,#1107,.T.);
#1409=ORIENTED_EDGE('',*,*,#1100,.F.);
#1410=ORIENTED_EDGE('',*,*,#1110,.F.);
#1411=ORIENTED_EDGE('',*,*,#1111,.F.);
#1412=ORIENTED_EDGE('',*,*,#1112,.T.);
#1413=ORIENTED_EDGE('',*,*,#1113,.F.);
#1414=ORIENTED_EDGE('',*,*,#1114,.F.);
#1415=ORIENTED_EDGE('',*,*,#1115,.F.);
#1416=ORIENTED_EDGE('',*,*,#1116,.F.);
#1417=ORIENTED_EDGE('',*,*,#1117,.F.);
#1418=ORIENTED_EDGE('',*,*,#1118,.F.);
#1419=ORIENTED_EDGE('',*,*,#1119,.T.);
#1420=ORIENTED_EDGE('',*,*,#1065,.T.);
#1421=ORIENTED_EDGE('',*,*,#1071,.T.);
#1422=ORIENTED_EDGE('',*,*,#1120,.F.);
#1423=ORIENTED_EDGE('',*,*,#1121,.T.);
#1424=ORIENTED_EDGE('',*,*,#1122,.F.);
#1425=ORIENTED_EDGE('',*,*,#1123,.F.);
#1426=ORIENTED_EDGE('',*,*,#1124,.F.);
#1427=ORIENTED_EDGE('',*,*,#1125,.F.);
#1428=ORIENTED_EDGE('',*,*,#1126,.F.);
#1429=ORIENTED_EDGE('',*,*,#1127,.F.);
#1430=ORIENTED_EDGE('',*,*,#1128,.F.);
#1431=ORIENTED_EDGE('',*,*,#1129,.F.);
#1432=ORIENTED_EDGE('',*,*,#1130,.F.);
#1433=ORIENTED_EDGE('',*,*,#1131,.F.);
#1434=ORIENTED_EDGE('',*,*,#1132,.F.);
#1435=ORIENTED_EDGE('',*,*,#1133,.F.);
#1436=ORIENTED_EDGE('',*,*,#1134,.F.);
#1437=ORIENTED_EDGE('',*,*,#1135,.F.);
#1438=ORIENTED_EDGE('',*,*,#1136,.F.);
#1439=ORIENTED_EDGE('',*,*,#1137,.F.);
#1440=ORIENTED_EDGE('',*,*,#1138,.T.);
#1441=ORIENTED_EDGE('',*,*,#1139,.F.);
#1442=ORIENTED_EDGE('',*,*,#1108,.T.);
#1443=ORIENTED_EDGE('',*,*,#1125,.T.);
#1444=ORIENTED_EDGE('',*,*,#1140,.T.);
#1445=ORIENTED_EDGE('',*,*,#1141,.T.);
#1446=ORIENTED_EDGE('',*,*,#1142,.T.);
#1447=ORIENTED_EDGE('',*,*,#1143,.T.);
#1448=ORIENTED_EDGE('',*,*,#1144,.F.);
#1449=ORIENTED_EDGE('',*,*,#1078,.T.);
#1450=ORIENTED_EDGE('',*,*,#1145,.T.);
#1451=ORIENTED_EDGE('',*,*,#1075,.T.);
#1452=ORIENTED_EDGE('',*,*,#1146,.T.);
#1453=ORIENTED_EDGE('',*,*,#1147,.F.);
#1454=ORIENTED_EDGE('',*,*,#1076,.T.);
#1455=ORIENTED_EDGE('',*,*,#1148,.T.);
#1456=ORIENTED_EDGE('',*,*,#1145,.F.);
#1457=ORIENTED_EDGE('',*,*,#1077,.T.);
#1458=ORIENTED_EDGE('',*,*,#1147,.T.);
#1459=ORIENTED_EDGE('',*,*,#1143,.F.);
#1460=ORIENTED_EDGE('',*,*,#1149,.T.);
#1461=ORIENTED_EDGE('',*,*,#1150,.T.);
#1462=ORIENTED_EDGE('',*,*,#1151,.T.);
#1463=ORIENTED_EDGE('',*,*,#1152,.F.);
#1464=ORIENTED_EDGE('',*,*,#1063,.F.);
#1465=ORIENTED_EDGE('',*,*,#1081,.F.);
#1466=ORIENTED_EDGE('',*,*,#1153,.T.);
#1467=ORIENTED_EDGE('',*,*,#1154,.F.);
#1468=ORIENTED_EDGE('',*,*,#1153,.F.);
#1469=ORIENTED_EDGE('',*,*,#1080,.F.);
#1470=ORIENTED_EDGE('',*,*,#1155,.T.);
#1471=ORIENTED_EDGE('',*,*,#1155,.F.);
#1472=ORIENTED_EDGE('',*,*,#1079,.F.);
#1473=ORIENTED_EDGE('',*,*,#1144,.T.);
#1474=ORIENTED_EDGE('',*,*,#1156,.T.);
#1475=ORIENTED_EDGE('',*,*,#1157,.F.);
#1476=ORIENTED_EDGE('',*,*,#1158,.F.);
#1477=ORIENTED_EDGE('',*,*,#1159,.F.);
#1478=ORIENTED_EDGE('',*,*,#1157,.T.);
#1479=ORIENTED_EDGE('',*,*,#1150,.F.);
#1480=ORIENTED_EDGE('',*,*,#1160,.T.);
#1481=ORIENTED_EDGE('',*,*,#1161,.T.);
#1482=ORIENTED_EDGE('',*,*,#1162,.F.);
#1483=ORIENTED_EDGE('',*,*,#1123,.T.);
#1484=ORIENTED_EDGE('',*,*,#1163,.T.);
#1485=ORIENTED_EDGE('',*,*,#1164,.T.);
#1486=ORIENTED_EDGE('',*,*,#1140,.F.);
#1487=ORIENTED_EDGE('',*,*,#1124,.T.);
#1488=ORIENTED_EDGE('',*,*,#1162,.T.);
#1489=ORIENTED_EDGE('',*,*,#1160,.F.);
#1490=ORIENTED_EDGE('',*,*,#1165,.F.);
#1491=ORIENTED_EDGE('',*,*,#1166,.F.);
#1492=ORIENTED_EDGE('',*,*,#1167,.F.);
#1493=ORIENTED_EDGE('',*,*,#1168,.F.);
#1494=ORIENTED_EDGE('',*,*,#1169,.F.);
#1495=ORIENTED_EDGE('',*,*,#1121,.F.);
#1496=ORIENTED_EDGE('',*,*,#1170,.T.);
#1497=ORIENTED_EDGE('',*,*,#1171,.F.);
#1498=ORIENTED_EDGE('',*,*,#1170,.F.);
#1499=ORIENTED_EDGE('',*,*,#1120,.T.);
#1500=ORIENTED_EDGE('',*,*,#1070,.T.);
#1501=ORIENTED_EDGE('',*,*,#1059,.T.);
#1502=ORIENTED_EDGE('',*,*,#1172,.T.);
#1503=ORIENTED_EDGE('',*,*,#1173,.F.);
#1504=ORIENTED_EDGE('',*,*,#1174,.F.);
#1505=ORIENTED_EDGE('',*,*,#1082,.F.);
#1506=ORIENTED_EDGE('',*,*,#1175,.F.);
#1507=ORIENTED_EDGE('',*,*,#1176,.T.);
#1508=ORIENTED_EDGE('',*,*,#1177,.F.);
#1509=ORIENTED_EDGE('',*,*,#1178,.F.);
#1510=ORIENTED_EDGE('',*,*,#1179,.F.);
#1511=ORIENTED_EDGE('',*,*,#1180,.F.);
#1512=ORIENTED_EDGE('',*,*,#1181,.F.);
#1513=ORIENTED_EDGE('',*,*,#1182,.F.);
#1514=ORIENTED_EDGE('',*,*,#1183,.F.);
#1515=ORIENTED_EDGE('',*,*,#1184,.T.);
#1516=ORIENTED_EDGE('',*,*,#1185,.T.);
#1517=ORIENTED_EDGE('',*,*,#1186,.T.);
#1518=ORIENTED_EDGE('',*,*,#1185,.F.);
#1519=ORIENTED_EDGE('',*,*,#1187,.T.);
#1520=ORIENTED_EDGE('',*,*,#1188,.T.);
#1521=ORIENTED_EDGE('',*,*,#1189,.T.);
#1522=ORIENTED_EDGE('',*,*,#1188,.F.);
#1523=ORIENTED_EDGE('',*,*,#1190,.T.);
#1524=ORIENTED_EDGE('',*,*,#1191,.T.);
#1525=ORIENTED_EDGE('',*,*,#1192,.T.);
#1526=ORIENTED_EDGE('',*,*,#1191,.F.);
#1527=ORIENTED_EDGE('',*,*,#1193,.T.);
#1528=ORIENTED_EDGE('',*,*,#1194,.T.);
#1529=ORIENTED_EDGE('',*,*,#1195,.T.);
#1530=ORIENTED_EDGE('',*,*,#1194,.F.);
#1531=ORIENTED_EDGE('',*,*,#1098,.F.);
#1532=ORIENTED_EDGE('',*,*,#1196,.T.);
#1533=ORIENTED_EDGE('',*,*,#1197,.T.);
#1534=ORIENTED_EDGE('',*,*,#1196,.F.);
#1535=ORIENTED_EDGE('',*,*,#1086,.F.);
#1536=ORIENTED_EDGE('',*,*,#1198,.T.);
#1537=ORIENTED_EDGE('',*,*,#1175,.T.);
#1538=ORIENTED_EDGE('',*,*,#1199,.F.);
#1539=ORIENTED_EDGE('',*,*,#1200,.F.);
#1540=ORIENTED_EDGE('',*,*,#1201,.T.);
#1541=ORIENTED_EDGE('',*,*,#1202,.F.);
#1542=ORIENTED_EDGE('',*,*,#1203,.F.);
#1543=ORIENTED_EDGE('',*,*,#1111,.T.);
#1544=ORIENTED_EDGE('',*,*,#1204,.F.);
#1545=ORIENTED_EDGE('',*,*,#1176,.F.);
#1546=ORIENTED_EDGE('',*,*,#1198,.F.);
#1547=ORIENTED_EDGE('',*,*,#1085,.T.);
#1548=ORIENTED_EDGE('',*,*,#1205,.T.);
#1549=ORIENTED_EDGE('',*,*,#1206,.F.);
#1550=ORIENTED_EDGE('',*,*,#1177,.T.);
#1551=ORIENTED_EDGE('',*,*,#1205,.F.);
#1552=ORIENTED_EDGE('',*,*,#1084,.F.);
#1553=ORIENTED_EDGE('',*,*,#1207,.F.);
#1554=ORIENTED_EDGE('',*,*,#1066,.T.);
#1555=ORIENTED_EDGE('',*,*,#1119,.F.);
#1556=ORIENTED_EDGE('',*,*,#1208,.F.);
#1557=ORIENTED_EDGE('',*,*,#1209,.F.);
#1558=ORIENTED_EDGE('',*,*,#1210,.F.);
#1559=ORIENTED_EDGE('',*,*,#1115,.T.);
#1560=ORIENTED_EDGE('',*,*,#1211,.F.);
#1561=ORIENTED_EDGE('',*,*,#1212,.T.);
#1562=ORIENTED_EDGE('',*,*,#1213,.F.);
#1563=ORIENTED_EDGE('',*,*,#1214,.T.);
#1564=ORIENTED_EDGE('',*,*,#1215,.T.);
#1565=ORIENTED_EDGE('',*,*,#1180,.T.);
#1566=ORIENTED_EDGE('',*,*,#1215,.F.);
#1567=ORIENTED_EDGE('',*,*,#1216,.T.);
#1568=ORIENTED_EDGE('',*,*,#1217,.T.);
#1569=ORIENTED_EDGE('',*,*,#1181,.T.);
#1570=ORIENTED_EDGE('',*,*,#1217,.F.);
#1571=ORIENTED_EDGE('',*,*,#1218,.T.);
#1572=ORIENTED_EDGE('',*,*,#1219,.T.);
#1573=ORIENTED_EDGE('',*,*,#1182,.T.);
#1574=ORIENTED_EDGE('',*,*,#1219,.F.);
#1575=ORIENTED_EDGE('',*,*,#1097,.F.);
#1576=ORIENTED_EDGE('',*,*,#1220,.T.);
#1577=ORIENTED_EDGE('',*,*,#1183,.T.);
#1578=ORIENTED_EDGE('',*,*,#1220,.F.);
#1579=ORIENTED_EDGE('',*,*,#1221,.T.);
#1580=ORIENTED_EDGE('',*,*,#1222,.T.);
#1581=ORIENTED_EDGE('',*,*,#1179,.T.);
#1582=ORIENTED_EDGE('',*,*,#1222,.F.);
#1583=ORIENTED_EDGE('',*,*,#1104,.T.);
#1584=ORIENTED_EDGE('',*,*,#1223,.T.);
#1585=ORIENTED_EDGE('',*,*,#1224,.F.);
#1586=ORIENTED_EDGE('',*,*,#1225,.F.);
#1587=ORIENTED_EDGE('',*,*,#1074,.T.);
#1588=ORIENTED_EDGE('',*,*,#1106,.F.);
#1589=ORIENTED_EDGE('',*,*,#1226,.F.);
#1590=ORIENTED_EDGE('',*,*,#1172,.F.);
#1591=ORIENTED_EDGE('',*,*,#1058,.T.);
#1592=ORIENTED_EDGE('',*,*,#1064,.T.);
#1593=ORIENTED_EDGE('',*,*,#1152,.T.);
#1594=ORIENTED_EDGE('',*,*,#1154,.T.);
#1595=ORIENTED_EDGE('',*,*,#1158,.T.);
#1596=ORIENTED_EDGE('',*,*,#1159,.T.);
#1597=ORIENTED_EDGE('',*,*,#1149,.F.);
#1598=ORIENTED_EDGE('',*,*,#1142,.F.);
#1599=ORIENTED_EDGE('',*,*,#1148,.F.);
#1600=ORIENTED_EDGE('',*,*,#1146,.F.);
#1601=ORIENTED_EDGE('',*,*,#1227,.T.);
#1602=ORIENTED_EDGE('',*,*,#1200,.T.);
#1603=ORIENTED_EDGE('',*,*,#1228,.F.);
#1604=ORIENTED_EDGE('',*,*,#1229,.F.);
#1605=ORIENTED_EDGE('',*,*,#1199,.T.);
#1606=ORIENTED_EDGE('',*,*,#1178,.T.);
#1607=ORIENTED_EDGE('',*,*,#1206,.T.);
#1608=ORIENTED_EDGE('',*,*,#1230,.F.);
#1609=ORIENTED_EDGE('',*,*,#1228,.T.);
#1610=ORIENTED_EDGE('',*,*,#1173,.T.);
#1611=ORIENTED_EDGE('',*,*,#1226,.T.);
#1612=ORIENTED_EDGE('',*,*,#1105,.T.);
#1613=ORIENTED_EDGE('',*,*,#1225,.T.);
#1614=ORIENTED_EDGE('',*,*,#1231,.F.);
#1615=ORIENTED_EDGE('',*,*,#1151,.F.);
#1616=ORIENTED_EDGE('',*,*,#1156,.F.);
#1617=ORIENTED_EDGE('',*,*,#1189,.F.);
#1618=ORIENTED_EDGE('',*,*,#1195,.F.);
#1619=ORIENTED_EDGE('',*,*,#1197,.F.);
#1620=ORIENTED_EDGE('',*,*,#1192,.F.);
#1621=ORIENTED_EDGE('',*,*,#1186,.F.);
#1622=ORIENTED_EDGE('',*,*,#1232,.T.);
#1623=ORIENTED_EDGE('',*,*,#1233,.T.);
#1624=ORIENTED_EDGE('',*,*,#1096,.F.);
#1625=ORIENTED_EDGE('',*,*,#1233,.F.);
#1626=ORIENTED_EDGE('',*,*,#1232,.F.);
#1627=ORIENTED_EDGE('',*,*,#1218,.F.);
#1628=ORIENTED_EDGE('',*,*,#1234,.T.);
#1629=ORIENTED_EDGE('',*,*,#1235,.T.);
#1630=ORIENTED_EDGE('',*,*,#1095,.F.);
#1631=ORIENTED_EDGE('',*,*,#1235,.F.);
#1632=ORIENTED_EDGE('',*,*,#1234,.F.);
#1633=ORIENTED_EDGE('',*,*,#1193,.F.);
#1634=ORIENTED_EDGE('',*,*,#1236,.T.);
#1635=ORIENTED_EDGE('',*,*,#1237,.T.);
#1636=ORIENTED_EDGE('',*,*,#1094,.F.);
#1637=ORIENTED_EDGE('',*,*,#1237,.F.);
#1638=ORIENTED_EDGE('',*,*,#1236,.F.);
#1639=ORIENTED_EDGE('',*,*,#1190,.F.);
#1640=ORIENTED_EDGE('',*,*,#1238,.T.);
#1641=ORIENTED_EDGE('',*,*,#1239,.T.);
#1642=ORIENTED_EDGE('',*,*,#1093,.F.);
#1643=ORIENTED_EDGE('',*,*,#1239,.F.);
#1644=ORIENTED_EDGE('',*,*,#1238,.F.);
#1645=ORIENTED_EDGE('',*,*,#1187,.F.);
#1646=ORIENTED_EDGE('',*,*,#1240,.T.);
#1647=ORIENTED_EDGE('',*,*,#1241,.T.);
#1648=ORIENTED_EDGE('',*,*,#1092,.F.);
#1649=ORIENTED_EDGE('',*,*,#1241,.F.);
#1650=ORIENTED_EDGE('',*,*,#1240,.F.);
#1651=ORIENTED_EDGE('',*,*,#1184,.F.);
#1652=ORIENTED_EDGE('',*,*,#1242,.T.);
#1653=ORIENTED_EDGE('',*,*,#1243,.T.);
#1654=ORIENTED_EDGE('',*,*,#1091,.F.);
#1655=ORIENTED_EDGE('',*,*,#1243,.F.);
#1656=ORIENTED_EDGE('',*,*,#1242,.F.);
#1657=ORIENTED_EDGE('',*,*,#1216,.F.);
#1658=ORIENTED_EDGE('',*,*,#1244,.T.);
#1659=ORIENTED_EDGE('',*,*,#1245,.T.);
#1660=ORIENTED_EDGE('',*,*,#1090,.F.);
#1661=ORIENTED_EDGE('',*,*,#1245,.F.);
#1662=ORIENTED_EDGE('',*,*,#1244,.F.);
#1663=ORIENTED_EDGE('',*,*,#1214,.F.);
#1664=ORIENTED_EDGE('',*,*,#1246,.T.);
#1665=ORIENTED_EDGE('',*,*,#1247,.T.);
#1666=ORIENTED_EDGE('',*,*,#1089,.F.);
#1667=ORIENTED_EDGE('',*,*,#1247,.F.);
#1668=ORIENTED_EDGE('',*,*,#1246,.F.);
#1669=ORIENTED_EDGE('',*,*,#1221,.F.);
#1670=ORIENTED_EDGE('',*,*,#1202,.T.);
#1671=ORIENTED_EDGE('',*,*,#1248,.T.);
#1672=ORIENTED_EDGE('',*,*,#1249,.T.);
#1673=ORIENTED_EDGE('',*,*,#1250,.F.);
#1674=ORIENTED_EDGE('',*,*,#1251,.T.);
#1675=ORIENTED_EDGE('',*,*,#1252,.T.);
#1676=ORIENTED_EDGE('',*,*,#1253,.T.);
#1677=ORIENTED_EDGE('',*,*,#1254,.T.);
#1678=ORIENTED_EDGE('',*,*,#1255,.T.);
#1679=ORIENTED_EDGE('',*,*,#1256,.F.);
#1680=ORIENTED_EDGE('',*,*,#1166,.T.);
#1681=ORIENTED_EDGE('',*,*,#1257,.F.);
#1682=ORIENTED_EDGE('',*,*,#1258,.F.);
#1683=ORIENTED_EDGE('',*,*,#1259,.T.);
#1684=ORIENTED_EDGE('',*,*,#1260,.F.);
#1685=ORIENTED_EDGE('',*,*,#1259,.F.);
#1686=ORIENTED_EDGE('',*,*,#1261,.F.);
#1687=ORIENTED_EDGE('',*,*,#1262,.T.);
#1688=ORIENTED_EDGE('',*,*,#1263,.F.);
#1689=ORIENTED_EDGE('',*,*,#1262,.F.);
#1690=ORIENTED_EDGE('',*,*,#1264,.F.);
#1691=ORIENTED_EDGE('',*,*,#1265,.T.);
#1692=ORIENTED_EDGE('',*,*,#1266,.F.);
#1693=ORIENTED_EDGE('',*,*,#1265,.F.);
#1694=ORIENTED_EDGE('',*,*,#1267,.F.);
#1695=ORIENTED_EDGE('',*,*,#1268,.T.);
#1696=ORIENTED_EDGE('',*,*,#1269,.F.);
#1697=ORIENTED_EDGE('',*,*,#1268,.F.);
#1698=ORIENTED_EDGE('',*,*,#1135,.T.);
#1699=ORIENTED_EDGE('',*,*,#1270,.T.);
#1700=ORIENTED_EDGE('',*,*,#1271,.F.);
#1701=ORIENTED_EDGE('',*,*,#1270,.F.);
#1702=ORIENTED_EDGE('',*,*,#1250,.T.);
#1703=ORIENTED_EDGE('',*,*,#1272,.F.);
#1704=ORIENTED_EDGE('',*,*,#1112,.F.);
#1705=ORIENTED_EDGE('',*,*,#1203,.T.);
#1706=ORIENTED_EDGE('',*,*,#1113,.T.);
#1707=ORIENTED_EDGE('',*,*,#1272,.T.);
#1708=ORIENTED_EDGE('',*,*,#1249,.F.);
#1709=ORIENTED_EDGE('',*,*,#1273,.T.);
#1710=ORIENTED_EDGE('',*,*,#1274,.F.);
#1711=ORIENTED_EDGE('',*,*,#1169,.T.);
#1712=ORIENTED_EDGE('',*,*,#1275,.F.);
#1713=ORIENTED_EDGE('',*,*,#1257,.T.);
#1714=ORIENTED_EDGE('',*,*,#1276,.F.);
#1715=ORIENTED_EDGE('',*,*,#1163,.F.);
#1716=ORIENTED_EDGE('',*,*,#1122,.T.);
#1717=ORIENTED_EDGE('',*,*,#1277,.F.);
#1718=ORIENTED_EDGE('',*,*,#1278,.T.);
#1719=ORIENTED_EDGE('',*,*,#1252,.F.);
#1720=ORIENTED_EDGE('',*,*,#1278,.F.);
#1721=ORIENTED_EDGE('',*,*,#1279,.F.);
#1722=ORIENTED_EDGE('',*,*,#1280,.T.);
#1723=ORIENTED_EDGE('',*,*,#1253,.F.);
#1724=ORIENTED_EDGE('',*,*,#1280,.F.);
#1725=ORIENTED_EDGE('',*,*,#1281,.F.);
#1726=ORIENTED_EDGE('',*,*,#1282,.T.);
#1727=ORIENTED_EDGE('',*,*,#1254,.F.);
#1728=ORIENTED_EDGE('',*,*,#1282,.F.);
#1729=ORIENTED_EDGE('',*,*,#1134,.T.);
#1730=ORIENTED_EDGE('',*,*,#1283,.T.);
#1731=ORIENTED_EDGE('',*,*,#1255,.F.);
#1732=ORIENTED_EDGE('',*,*,#1283,.F.);
#1733=ORIENTED_EDGE('',*,*,#1284,.F.);
#1734=ORIENTED_EDGE('',*,*,#1285,.T.);
#1735=ORIENTED_EDGE('',*,*,#1251,.F.);
#1736=ORIENTED_EDGE('',*,*,#1285,.F.);
#1737=ORIENTED_EDGE('',*,*,#1109,.T.);
#1738=ORIENTED_EDGE('',*,*,#1141,.F.);
#1739=ORIENTED_EDGE('',*,*,#1164,.F.);
#1740=ORIENTED_EDGE('',*,*,#1161,.F.);
#1741=ORIENTED_EDGE('',*,*,#1167,.T.);
#1742=ORIENTED_EDGE('',*,*,#1256,.T.);
#1743=ORIENTED_EDGE('',*,*,#1275,.T.);
#1744=ORIENTED_EDGE('',*,*,#1168,.T.);
#1745=ORIENTED_EDGE('',*,*,#1171,.T.);
#1746=ORIENTED_EDGE('',*,*,#1069,.T.);
#1747=ORIENTED_EDGE('',*,*,#1067,.T.);
#1748=ORIENTED_EDGE('',*,*,#1213,.T.);
#1749=ORIENTED_EDGE('',*,*,#1286,.T.);
#1750=ORIENTED_EDGE('',*,*,#1102,.T.);
#1751=ORIENTED_EDGE('',*,*,#1201,.F.);
#1752=ORIENTED_EDGE('',*,*,#1227,.F.);
#1753=ORIENTED_EDGE('',*,*,#1287,.F.);
#1754=ORIENTED_EDGE('',*,*,#1273,.F.);
#1755=ORIENTED_EDGE('',*,*,#1248,.F.);
#1756=ORIENTED_EDGE('',*,*,#1223,.F.);
#1757=ORIENTED_EDGE('',*,*,#1103,.F.);
#1758=ORIENTED_EDGE('',*,*,#1286,.F.);
#1759=ORIENTED_EDGE('',*,*,#1212,.F.);
#1760=ORIENTED_EDGE('',*,*,#1288,.F.);
#1761=ORIENTED_EDGE('',*,*,#1165,.T.);
#1762=ORIENTED_EDGE('',*,*,#1276,.T.);
#1763=ORIENTED_EDGE('',*,*,#1263,.T.);
#1764=ORIENTED_EDGE('',*,*,#1269,.T.);
#1765=ORIENTED_EDGE('',*,*,#1271,.T.);
#1766=ORIENTED_EDGE('',*,*,#1266,.T.);
#1767=ORIENTED_EDGE('',*,*,#1260,.T.);
#1768=ORIENTED_EDGE('',*,*,#1289,.T.);
#1769=ORIENTED_EDGE('',*,*,#1281,.T.);
#1770=ORIENTED_EDGE('',*,*,#1289,.F.);
#1771=ORIENTED_EDGE('',*,*,#1290,.T.);
#1772=ORIENTED_EDGE('',*,*,#1133,.T.);
#1773=ORIENTED_EDGE('',*,*,#1290,.F.);
#1774=ORIENTED_EDGE('',*,*,#1291,.T.);
#1775=ORIENTED_EDGE('',*,*,#1267,.T.);
#1776=ORIENTED_EDGE('',*,*,#1291,.F.);
#1777=ORIENTED_EDGE('',*,*,#1292,.T.);
#1778=ORIENTED_EDGE('',*,*,#1132,.T.);
#1779=ORIENTED_EDGE('',*,*,#1292,.F.);
#1780=ORIENTED_EDGE('',*,*,#1293,.T.);
#1781=ORIENTED_EDGE('',*,*,#1264,.T.);
#1782=ORIENTED_EDGE('',*,*,#1293,.F.);
#1783=ORIENTED_EDGE('',*,*,#1294,.T.);
#1784=ORIENTED_EDGE('',*,*,#1131,.T.);
#1785=ORIENTED_EDGE('',*,*,#1294,.F.);
#1786=ORIENTED_EDGE('',*,*,#1295,.T.);
#1787=ORIENTED_EDGE('',*,*,#1261,.T.);
#1788=ORIENTED_EDGE('',*,*,#1295,.F.);
#1789=ORIENTED_EDGE('',*,*,#1296,.T.);
#1790=ORIENTED_EDGE('',*,*,#1130,.T.);
#1791=ORIENTED_EDGE('',*,*,#1296,.F.);
#1792=ORIENTED_EDGE('',*,*,#1297,.T.);
#1793=ORIENTED_EDGE('',*,*,#1258,.T.);
#1794=ORIENTED_EDGE('',*,*,#1297,.F.);
#1795=ORIENTED_EDGE('',*,*,#1298,.T.);
#1796=ORIENTED_EDGE('',*,*,#1129,.T.);
#1797=ORIENTED_EDGE('',*,*,#1298,.F.);
#1798=ORIENTED_EDGE('',*,*,#1299,.T.);
#1799=ORIENTED_EDGE('',*,*,#1279,.T.);
#1800=ORIENTED_EDGE('',*,*,#1299,.F.);
#1801=ORIENTED_EDGE('',*,*,#1300,.T.);
#1802=ORIENTED_EDGE('',*,*,#1128,.T.);
#1803=ORIENTED_EDGE('',*,*,#1300,.F.);
#1804=ORIENTED_EDGE('',*,*,#1301,.T.);
#1805=ORIENTED_EDGE('',*,*,#1277,.T.);
#1806=ORIENTED_EDGE('',*,*,#1301,.F.);
#1807=ORIENTED_EDGE('',*,*,#1302,.T.);
#1808=ORIENTED_EDGE('',*,*,#1127,.T.);
#1809=ORIENTED_EDGE('',*,*,#1302,.F.);
#1810=ORIENTED_EDGE('',*,*,#1303,.T.);
#1811=ORIENTED_EDGE('',*,*,#1284,.T.);
#1812=ORIENTED_EDGE('',*,*,#1303,.F.);
#1813=ORIENTED_EDGE('',*,*,#1304,.T.);
#1814=ORIENTED_EDGE('',*,*,#1126,.T.);
#1815=ORIENTED_EDGE('',*,*,#1304,.F.);
#1816=ORIENTED_EDGE('',*,*,#1231,.T.);
#1817=ORIENTED_EDGE('',*,*,#1224,.T.);
#1818=ORIENTED_EDGE('',*,*,#1288,.T.);
#1819=ORIENTED_EDGE('',*,*,#1211,.T.);
#1820=ORIENTED_EDGE('',*,*,#1114,.T.);
#1821=ORIENTED_EDGE('',*,*,#1274,.T.);
#1822=ORIENTED_EDGE('',*,*,#1287,.T.);
#1823=ORIENTED_EDGE('',*,*,#1229,.T.);
#1824=ORIENTED_EDGE('',*,*,#1230,.T.);
#1825=ORIENTED_EDGE('',*,*,#1207,.T.);
#1826=ORIENTED_EDGE('',*,*,#1083,.T.);
#1827=ORIENTED_EDGE('',*,*,#1174,.T.);
#1828=ORIENTED_EDGE('',*,*,#1087,.T.);
#1829=ORIENTED_EDGE('',*,*,#1204,.T.);
#1830=ORIENTED_EDGE('',*,*,#1110,.T.);
#1831=ORIENTED_EDGE('',*,*,#1099,.T.);
#1832=ORIENTED_EDGE('',*,*,#1138,.F.);
#1833=ORIENTED_EDGE('',*,*,#1305,.F.);
#1834=ORIENTED_EDGE('',*,*,#1306,.F.);
#1835=ORIENTED_EDGE('',*,*,#1307,.T.);
#1836=ORIENTED_EDGE('',*,*,#1308,.F.);
#1837=ORIENTED_EDGE('',*,*,#1309,.F.);
#1838=ORIENTED_EDGE('',*,*,#1136,.T.);
#1839=ORIENTED_EDGE('',*,*,#1310,.F.);
#1840=ORIENTED_EDGE('',*,*,#1311,.F.);
#1841=ORIENTED_EDGE('',*,*,#1312,.F.);
#1842=ORIENTED_EDGE('',*,*,#1313,.T.);
#1843=ORIENTED_EDGE('',*,*,#1314,.F.);
#1844=ORIENTED_EDGE('',*,*,#1307,.F.);
#1845=ORIENTED_EDGE('',*,*,#1315,.F.);
#1846=ORIENTED_EDGE('',*,*,#1316,.F.);
#1847=ORIENTED_EDGE('',*,*,#1317,.T.);
#1848=ORIENTED_EDGE('',*,*,#1318,.F.);
#1849=ORIENTED_EDGE('',*,*,#1319,.F.);
#1850=ORIENTED_EDGE('',*,*,#1313,.F.);
#1851=ORIENTED_EDGE('',*,*,#1320,.F.);
#1852=ORIENTED_EDGE('',*,*,#1321,.T.);
#1853=ORIENTED_EDGE('',*,*,#1317,.F.);
#1854=ORIENTED_EDGE('',*,*,#1322,.F.);
#1855=ORIENTED_EDGE('',*,*,#1323,.F.);
#1856=ORIENTED_EDGE('',*,*,#1311,.T.);
#1857=ORIENTED_EDGE('',*,*,#1324,.F.);
#1858=ORIENTED_EDGE('',*,*,#1323,.T.);
#1859=ORIENTED_EDGE('',*,*,#1325,.F.);
#1860=ORIENTED_EDGE('',*,*,#1117,.T.);
#1861=ORIENTED_EDGE('',*,*,#1326,.F.);
#1862=ORIENTED_EDGE('',*,*,#1327,.F.);
#1863=ORIENTED_EDGE('',*,*,#1328,.F.);
#1864=ORIENTED_EDGE('',*,*,#1329,.F.);
#1865=ORIENTED_EDGE('',*,*,#1330,.F.);
#1866=ORIENTED_EDGE('',*,*,#1331,.T.);
#1867=ORIENTED_EDGE('',*,*,#1332,.F.);
#1868=ORIENTED_EDGE('',*,*,#1333,.F.);
#1869=ORIENTED_EDGE('',*,*,#1334,.F.);
#1870=ORIENTED_EDGE('',*,*,#1335,.F.);
#1871=ORIENTED_EDGE('',*,*,#1336,.F.);
#1872=ORIENTED_EDGE('',*,*,#1337,.T.);
#1873=ORIENTED_EDGE('',*,*,#1334,.T.);
#1874=ORIENTED_EDGE('',*,*,#1338,.F.);
#1875=ORIENTED_EDGE('',*,*,#1339,.F.);
#1876=ORIENTED_EDGE('',*,*,#1328,.T.);
#1877=ORIENTED_EDGE('',*,*,#1340,.F.);
#1878=ORIENTED_EDGE('',*,*,#1331,.F.);
#1879=ORIENTED_EDGE('',*,*,#1341,.F.);
#1880=ORIENTED_EDGE('',*,*,#1339,.T.);
#1881=ORIENTED_EDGE('',*,*,#1342,.F.);
#1882=ORIENTED_EDGE('',*,*,#1209,.T.);
#1883=ORIENTED_EDGE('',*,*,#1343,.F.);
#1884=ORIENTED_EDGE('',*,*,#1318,.T.);
#1885=ORIENTED_EDGE('',*,*,#1321,.F.);
#1886=ORIENTED_EDGE('',*,*,#1324,.T.);
#1887=ORIENTED_EDGE('',*,*,#1310,.T.);
#1888=ORIENTED_EDGE('',*,*,#1139,.T.);
#1889=ORIENTED_EDGE('',*,*,#1309,.T.);
#1890=ORIENTED_EDGE('',*,*,#1344,.F.);
#1891=ORIENTED_EDGE('',*,*,#1305,.T.);
#1892=ORIENTED_EDGE('',*,*,#1137,.T.);
#1893=ORIENTED_EDGE('',*,*,#1312,.T.);
#1894=ORIENTED_EDGE('',*,*,#1325,.T.);
#1895=ORIENTED_EDGE('',*,*,#1322,.T.);
#1896=ORIENTED_EDGE('',*,*,#1316,.T.);
#1897=ORIENTED_EDGE('',*,*,#1345,.F.);
#1898=ORIENTED_EDGE('',*,*,#1326,.T.);
#1899=ORIENTED_EDGE('',*,*,#1116,.T.);
#1900=ORIENTED_EDGE('',*,*,#1210,.T.);
#1901=ORIENTED_EDGE('',*,*,#1342,.T.);
#1902=ORIENTED_EDGE('',*,*,#1338,.T.);
#1903=ORIENTED_EDGE('',*,*,#1333,.T.);
#1904=ORIENTED_EDGE('',*,*,#1346,.F.);
#1905=ORIENTED_EDGE('',*,*,#1335,.T.);
#1906=ORIENTED_EDGE('',*,*,#1337,.F.);
#1907=ORIENTED_EDGE('',*,*,#1343,.T.);
#1908=ORIENTED_EDGE('',*,*,#1208,.T.);
#1909=ORIENTED_EDGE('',*,*,#1118,.T.);
#1910=ORIENTED_EDGE('',*,*,#1330,.T.);
#1911=ORIENTED_EDGE('',*,*,#1347,.F.);
#1912=ORIENTED_EDGE('',*,*,#1320,.T.);
#1913=ORIENTED_EDGE('',*,*,#1315,.T.);
#1914=ORIENTED_EDGE('',*,*,#1306,.T.);
#1915=ORIENTED_EDGE('',*,*,#1345,.T.);
#1916=ORIENTED_EDGE('',*,*,#1329,.T.);
#1917=ORIENTED_EDGE('',*,*,#1341,.T.);
#1918=ORIENTED_EDGE('',*,*,#1336,.T.);
#1919=ORIENTED_EDGE('',*,*,#1347,.T.);
#1920=ORIENTED_EDGE('',*,*,#1308,.T.);
#1921=ORIENTED_EDGE('',*,*,#1314,.T.);
#1922=ORIENTED_EDGE('',*,*,#1319,.T.);
#1923=ORIENTED_EDGE('',*,*,#1344,.T.);
#1924=ORIENTED_EDGE('',*,*,#1332,.T.);
#1925=ORIENTED_EDGE('',*,*,#1340,.T.);
#1926=ORIENTED_EDGE('',*,*,#1327,.T.);
#1927=ORIENTED_EDGE('',*,*,#1346,.T.);
#1928=CYLINDRICAL_SURFACE('',#2115,5.);
#1929=CYLINDRICAL_SURFACE('',#2119,5.);
#1930=CYLINDRICAL_SURFACE('',#2123,5.);
#1931=CYLINDRICAL_SURFACE('',#2144,5.);
#1932=CYLINDRICAL_SURFACE('',#2167,4.99999999999997);
#1933=CYLINDRICAL_SURFACE('',#2172,5.00000000000008);
#1934=CYLINDRICAL_SURFACE('',#2175,9.);
#1935=CYLINDRICAL_SURFACE('',#2180,4.99999999999997);
#1936=CYLINDRICAL_SURFACE('',#2186,5.00000000000008);
#1937=CYLINDRICAL_SURFACE('',#2197,1.);
#1938=CYLINDRICAL_SURFACE('',#2200,1.);
#1939=CYLINDRICAL_SURFACE('',#2203,1.);
#1940=CYLINDRICAL_SURFACE('',#2206,1.);
#1941=CYLINDRICAL_SURFACE('',#2209,3.);
#1942=CYLINDRICAL_SURFACE('',#2212,9.);
#1943=CYLINDRICAL_SURFACE('',#2215,1.);
#1944=CYLINDRICAL_SURFACE('',#2217,1.);
#1945=CYLINDRICAL_SURFACE('',#2219,1.);
#1946=CYLINDRICAL_SURFACE('',#2221,3.);
#1947=CYLINDRICAL_SURFACE('',#2222,1.);
#1948=CYLINDRICAL_SURFACE('',#2224,48.);
#1949=CYLINDRICAL_SURFACE('',#2229,14.);
#1950=CYLINDRICAL_SURFACE('',#2235,2.);
#1951=CYLINDRICAL_SURFACE('',#2238,2.);
#1952=CYLINDRICAL_SURFACE('',#2241,2.);
#1953=CYLINDRICAL_SURFACE('',#2244,2.);
#1954=CYLINDRICAL_SURFACE('',#2247,2.);
#1955=CYLINDRICAL_SURFACE('',#2250,2.);
#1956=CYLINDRICAL_SURFACE('',#2253,2.);
#1957=CYLINDRICAL_SURFACE('',#2256,2.);
#1958=CYLINDRICAL_SURFACE('',#2268,1.);
#1959=CYLINDRICAL_SURFACE('',#2271,1.);
#1960=CYLINDRICAL_SURFACE('',#2274,1.);
#1961=CYLINDRICAL_SURFACE('',#2277,1.);
#1962=CYLINDRICAL_SURFACE('',#2280,3.);
#1963=CYLINDRICAL_SURFACE('',#2282,9.);
#1964=CYLINDRICAL_SURFACE('',#2284,9.);
#1965=CYLINDRICAL_SURFACE('',#2287,1.);
#1966=CYLINDRICAL_SURFACE('',#2289,1.);
#1967=CYLINDRICAL_SURFACE('',#2291,1.);
#1968=CYLINDRICAL_SURFACE('',#2293,3.);
#1969=CYLINDRICAL_SURFACE('',#2294,1.);
#1970=CYLINDRICAL_SURFACE('',#2303,2.);
#1971=CYLINDRICAL_SURFACE('',#2306,2.);
#1972=CYLINDRICAL_SURFACE('',#2309,2.);
#1973=CYLINDRICAL_SURFACE('',#2312,2.);
#1974=CYLINDRICAL_SURFACE('',#2315,2.);
#1975=CYLINDRICAL_SURFACE('',#2318,2.);
#1976=CYLINDRICAL_SURFACE('',#2321,2.);
#1977=CYLINDRICAL_SURFACE('',#2324,2.);
#1978=CYLINDRICAL_SURFACE('',#2325,5.);
#1979=CYLINDRICAL_SURFACE('',#2326,5.);
#1980=CYLINDRICAL_SURFACE('',#2350,0.5);
#1981=CYLINDRICAL_SURFACE('',#2351,0.5);
#1982=CYLINDRICAL_SURFACE('',#2352,0.5);
#1983=CYLINDRICAL_SURFACE('',#2353,0.5);
#1984=ADVANCED_FACE('',(#149),#1928,.F.);
#1985=ADVANCED_FACE('',(#150),#94,.F.);
#1986=ADVANCED_FACE('',(#151),#1929,.F.);
#1987=ADVANCED_FACE('',(#152),#95,.F.);
#1988=ADVANCED_FACE('',(#153),#1930,.T.);
#1989=ADVANCED_FACE('',(#154,#37,#38,#39,#40,#41,#42,#43,#44,#45,#46),#96,
 .F.);
#1990=ADVANCED_FACE('',(#155),#97,.F.);
#1991=ADVANCED_FACE('',(#156),#1931,.T.);
#1992=ADVANCED_FACE('',(#157,#47,#48,#49,#50,#51,#52,#53,#54,#55,#56,#57),
#98,.F.);
#1993=ADVANCED_FACE('',(#158),#99,.T.);
#1994=ADVANCED_FACE('',(#159),#100,.T.);
#1995=ADVANCED_FACE('',(#160),#101,.T.);
#1996=ADVANCED_FACE('',(#161),#1932,.F.);
#1997=ADVANCED_FACE('',(#162),#21,.T.);
#1998=ADVANCED_FACE('',(#163),#1933,.T.);
#1999=ADVANCED_FACE('',(#164),#102,.F.);
#2000=ADVANCED_FACE('',(#165),#1934,.T.);
#2001=ADVANCED_FACE('',(#166),#103,.F.);
#2002=ADVANCED_FACE('',(#167),#104,.T.);
#2003=ADVANCED_FACE('',(#168),#1935,.F.);
#2004=ADVANCED_FACE('',(#169),#22,.T.);
#2005=ADVANCED_FACE('',(#170),#105,.F.);
#2006=ADVANCED_FACE('',(#171),#1936,.T.);
#2007=ADVANCED_FACE('',(#172),#106,.F.);
#2008=ADVANCED_FACE('',(#173,#58,#59,#60,#61,#62),#107,.T.);
#2009=ADVANCED_FACE('',(#174),#1937,.F.);
#2010=ADVANCED_FACE('',(#175),#1938,.F.);
#2011=ADVANCED_FACE('',(#176),#1939,.F.);
#2012=ADVANCED_FACE('',(#177),#1940,.F.);
#2013=ADVANCED_FACE('',(#178),#1941,.F.);
#2014=ADVANCED_FACE('',(#179),#108,.F.);
#2015=ADVANCED_FACE('',(#180),#1942,.T.);
#2016=ADVANCED_FACE('',(#181),#109,.F.);
#2017=ADVANCED_FACE('',(#182),#110,.F.);
#2018=ADVANCED_FACE('',(#183),#1943,.F.);
#2019=ADVANCED_FACE('',(#184),#1944,.F.);
#2020=ADVANCED_FACE('',(#185),#1945,.F.);
#2021=ADVANCED_FACE('',(#186),#1946,.F.);
#2022=ADVANCED_FACE('',(#187),#1947,.F.);
#2023=ADVANCED_FACE('',(#188),#1948,.F.);
#2024=ADVANCED_FACE('',(#189),#111,.F.);
#2025=ADVANCED_FACE('',(#190),#1949,.F.);
#2026=ADVANCED_FACE('',(#191),#23,.F.);
#2027=ADVANCED_FACE('',(#192),#24,.F.);
#2028=ADVANCED_FACE('',(#193,#63,#64,#65,#66,#67),#112,.F.);
#2029=ADVANCED_FACE('',(#194),#1950,.F.);
#2030=ADVANCED_FACE('',(#195,#68),#113,.T.);
#2031=ADVANCED_FACE('',(#196),#1951,.F.);
#2032=ADVANCED_FACE('',(#197,#69),#114,.T.);
#2033=ADVANCED_FACE('',(#198),#1952,.F.);
#2034=ADVANCED_FACE('',(#199,#70),#115,.T.);
#2035=ADVANCED_FACE('',(#200),#1953,.F.);
#2036=ADVANCED_FACE('',(#201,#71),#116,.T.);
#2037=ADVANCED_FACE('',(#202),#1954,.F.);
#2038=ADVANCED_FACE('',(#203,#72),#117,.T.);
#2039=ADVANCED_FACE('',(#204),#1955,.F.);
#2040=ADVANCED_FACE('',(#205,#73),#118,.T.);
#2041=ADVANCED_FACE('',(#206),#1956,.F.);
#2042=ADVANCED_FACE('',(#207,#74),#119,.T.);
#2043=ADVANCED_FACE('',(#208),#1957,.F.);
#2044=ADVANCED_FACE('',(#209,#75),#120,.T.);
#2045=ADVANCED_FACE('',(#210,#76,#77,#78,#79,#80),#121,.T.);
#2046=ADVANCED_FACE('',(#211),#122,.F.);
#2047=ADVANCED_FACE('',(#212),#1958,.F.);
#2048=ADVANCED_FACE('',(#213),#1959,.F.);
#2049=ADVANCED_FACE('',(#214),#1960,.F.);
#2050=ADVANCED_FACE('',(#215),#1961,.F.);
#2051=ADVANCED_FACE('',(#216),#1962,.F.);
#2052=ADVANCED_FACE('',(#217),#1963,.T.);
#2053=ADVANCED_FACE('',(#218),#123,.F.);
#2054=ADVANCED_FACE('',(#219),#1964,.T.);
#2055=ADVANCED_FACE('',(#220),#1965,.F.);
#2056=ADVANCED_FACE('',(#221),#1966,.F.);
#2057=ADVANCED_FACE('',(#222),#1967,.F.);
#2058=ADVANCED_FACE('',(#223),#1968,.F.);
#2059=ADVANCED_FACE('',(#224),#1969,.F.);
#2060=ADVANCED_FACE('',(#225),#124,.F.);
#2061=ADVANCED_FACE('',(#226),#25,.F.);
#2062=ADVANCED_FACE('',(#227),#26,.F.);
#2063=ADVANCED_FACE('',(#228,#81,#82,#83,#84,#85),#125,.F.);
#2064=ADVANCED_FACE('',(#229,#86),#126,.T.);
#2065=ADVANCED_FACE('',(#230),#1970,.F.);
#2066=ADVANCED_FACE('',(#231,#87),#127,.T.);
#2067=ADVANCED_FACE('',(#232),#1971,.F.);
#2068=ADVANCED_FACE('',(#233,#88),#128,.T.);
#2069=ADVANCED_FACE('',(#234),#1972,.F.);
#2070=ADVANCED_FACE('',(#235,#89),#129,.T.);
#2071=ADVANCED_FACE('',(#236),#1973,.F.);
#2072=ADVANCED_FACE('',(#237,#90),#130,.T.);
#2073=ADVANCED_FACE('',(#238),#1974,.F.);
#2074=ADVANCED_FACE('',(#239,#91),#131,.T.);
#2075=ADVANCED_FACE('',(#240),#1975,.F.);
#2076=ADVANCED_FACE('',(#241,#92),#132,.T.);
#2077=ADVANCED_FACE('',(#242),#1976,.F.);
#2078=ADVANCED_FACE('',(#243,#93),#133,.T.);
#2079=ADVANCED_FACE('',(#244),#1977,.F.);
#2080=ADVANCED_FACE('',(#245),#1978,.F.);
#2081=ADVANCED_FACE('',(#246),#1979,.T.);
#2082=ADVANCED_FACE('',(#247),#134,.T.);
#2083=ADVANCED_FACE('',(#248),#135,.F.);
#2084=ADVANCED_FACE('',(#249),#136,.T.);
#2085=ADVANCED_FACE('',(#250),#137,.T.);
#2086=ADVANCED_FACE('',(#251),#138,.F.);
#2087=ADVANCED_FACE('',(#252),#139,.T.);
#2088=ADVANCED_FACE('',(#253),#140,.F.);
#2089=ADVANCED_FACE('',(#254),#141,.F.);
#2090=ADVANCED_FACE('',(#255),#142,.F.);
#2091=ADVANCED_FACE('',(#256),#143,.T.);
#2092=ADVANCED_FACE('',(#257),#144,.F.);
#2093=ADVANCED_FACE('',(#258),#145,.T.);
#2094=ADVANCED_FACE('',(#259),#146,.F.);
#2095=ADVANCED_FACE('',(#260),#147,.T.);
#2096=ADVANCED_FACE('',(#261),#148,.F.);
#2097=ADVANCED_FACE('',(#262),#1980,.T.);
#2098=ADVANCED_FACE('',(#263),#1981,.T.);
#2099=ADVANCED_FACE('',(#264),#1982,.T.);
#2100=ADVANCED_FACE('',(#265),#1983,.T.);
#2101=CLOSED_SHELL('',(#1984,#1985,#1986,#1987,#1988,#1989,#1990,#1991,
#1992,#1993,#1994,#1995,#1996,#1997,#1998,#1999,#2000,#2001,#2002,#2003,
#2004,#2005,#2006,#2007,#2008,#2009,#2010,#2011,#2012,#2013,#2014,#2015,
#2016,#2017,#2018,#2019,#2020,#2021,#2022,#2023,#2024,#2025,#2026,#2027,
#2028,#2029,#2030,#2031,#2032,#2033,#2034,#2035,#2036,#2037,#2038,#2039,
#2040,#2041,#2042,#2043,#2044,#2045,#2046,#2047,#2048,#2049,#2050,#2051,
#2052,#2053,#2054,#2055,#2056,#2057,#2058,#2059,#2060,#2061,#2062,#2063,
#2064,#2065,#2066,#2067,#2068,#2069,#2070,#2071,#2072,#2073,#2074,#2075,
#2076,#2077,#2078,#2079,#2080,#2081,#2082,#2083,#2084,#2085,#2086,#2087,
#2088,#2089,#2090,#2091,#2092,#2093,#2094,#2095,#2096,#2097,#2098,#2099,
#2100));
#2102=DERIVED_UNIT_ELEMENT(#2104,1.);
#2103=DERIVED_UNIT_ELEMENT(#3641,-3.);
#2104=(
MASS_UNIT()
NAMED_UNIT(*)
SI_UNIT(.KILO.,.GRAM.)
);
#2105=DERIVED_UNIT((#2102,#2103));
#2106=MEASURE_REPRESENTATION_ITEM('density measure',
POSITIVE_RATIO_MEASURE(7850.),#2105);
#2107=PROPERTY_DEFINITION_REPRESENTATION(#2112,#2109);
#2108=PROPERTY_DEFINITION_REPRESENTATION(#2113,#2110);
#2109=REPRESENTATION('material name',(#2111),#3638);
#2110=REPRESENTATION('density',(#2106),#3638);
#2111=DESCRIPTIVE_REPRESENTATION_ITEM('\X2\92FC\X0\','\X2\92FC\X0\');
#2112=PROPERTY_DEFINITION('material property','material name',#3648);
#2113=PROPERTY_DEFINITION('material property','density of part',#3648);
#2114=AXIS2_PLACEMENT_3D('',#2986,#2354,#2355);
#2115=AXIS2_PLACEMENT_3D('',#2987,#2356,#2357);
#2116=AXIS2_PLACEMENT_3D('',#2990,#2358,#2359);
#2117=AXIS2_PLACEMENT_3D('',#2994,#2361,#2362);
#2118=AXIS2_PLACEMENT_3D('',#2996,#2364,#2365);
#2119=AXIS2_PLACEMENT_3D('',#3002,#2369,#2370);
#2120=AXIS2_PLACEMENT_3D('',#3005,#2371,#2372);
#2121=AXIS2_PLACEMENT_3D('',#3009,#2374,#2375);
#2122=AXIS2_PLACEMENT_3D('',#3011,#2377,#2378);
#2123=AXIS2_PLACEMENT_3D('',#3017,#2382,#2383);
#2124=AXIS2_PLACEMENT_3D('',#3020,#2384,#2385);
#2125=AXIS2_PLACEMENT_3D('',#3024,#2387,#2388);
#2126=AXIS2_PLACEMENT_3D('',#3026,#2390,#2391);
#2127=AXIS2_PLACEMENT_3D('',#3030,#2393,#2394);
#2128=AXIS2_PLACEMENT_3D('',#3034,#2396,#2397);
#2129=AXIS2_PLACEMENT_3D('',#3037,#2399,#2400);
#2130=AXIS2_PLACEMENT_3D('',#3041,#2402,#2403);
#2131=AXIS2_PLACEMENT_3D('',#3045,#2405,#2406);
#2132=AXIS2_PLACEMENT_3D('',#3049,#2408,#2409);
#2133=AXIS2_PLACEMENT_3D('',#3052,#2411,#2412);
#2134=AXIS2_PLACEMENT_3D('',#3054,#2413,#2414);
#2135=AXIS2_PLACEMENT_3D('',#3056,#2415,#2416);
#2136=AXIS2_PLACEMENT_3D('',#3058,#2417,#2418);
#2137=AXIS2_PLACEMENT_3D('',#3060,#2419,#2420);
#2138=AXIS2_PLACEMENT_3D('',#3062,#2421,#2422);
#2139=AXIS2_PLACEMENT_3D('',#3064,#2423,#2424);
#2140=AXIS2_PLACEMENT_3D('',#3066,#2425,#2426);
#2141=AXIS2_PLACEMENT_3D('',#3068,#2427,#2428);
#2142=AXIS2_PLACEMENT_3D('',#3070,#2429,#2430);
#2143=AXIS2_PLACEMENT_3D('',#3071,#2431,#2432);
#2144=AXIS2_PLACEMENT_3D('',#3091,#2439,#2440);
#2145=AXIS2_PLACEMENT_3D('',#3093,#2441,#2442);
#2146=AXIS2_PLACEMENT_3D('',#3096,#2444,#2445);
#2147=AXIS2_PLACEMENT_3D('',#3097,#2446,#2447);
#2148=AXIS2_PLACEMENT_3D('',#3099,#2448,#2449);
#2149=AXIS2_PLACEMENT_3D('',#3103,#2451,#2452);
#2150=AXIS2_PLACEMENT_3D('',#3107,#2454,#2455);
#2151=AXIS2_PLACEMENT_3D('',#3118,#2461,#2462);
#2152=AXIS2_PLACEMENT_3D('',#3122,#2464,#2465);
#2153=AXIS2_PLACEMENT_3D('',#3126,#2467,#2468);
#2154=AXIS2_PLACEMENT_3D('',#3129,#2470,#2471);
#2155=AXIS2_PLACEMENT_3D('',#3131,#2472,#2473);
#2156=AXIS2_PLACEMENT_3D('',#3133,#2474,#2475);
#2157=AXIS2_PLACEMENT_3D('',#3135,#2476,#2477);
#2158=AXIS2_PLACEMENT_3D('',#3137,#2478,#2479);
#2159=AXIS2_PLACEMENT_3D('',#3139,#2480,#2481);
#2160=AXIS2_PLACEMENT_3D('',#3141,#2482,#2483);
#2161=AXIS2_PLACEMENT_3D('',#3143,#2484,#2485);
#2162=AXIS2_PLACEMENT_3D('',#3145,#2486,#2487);
#2163=AXIS2_PLACEMENT_3D('',#3147,#2488,#2489);
#2164=AXIS2_PLACEMENT_3D('',#3156,#2494,#2495);
#2165=AXIS2_PLACEMENT_3D('',#3160,#2498,#2499);
#2166=AXIS2_PLACEMENT_3D('',#3170,#2503,#2504);
#2167=AXIS2_PLACEMENT_3D('',#3174,#2507,#2508);
#2168=AXIS2_PLACEMENT_3D('',#3175,#2509,#2510);
#2169=AXIS2_PLACEMENT_3D('',#3176,#2511,#2512);
#2170=AXIS2_PLACEMENT_3D('',#3178,#2513,#2514);
#2171=AXIS2_PLACEMENT_3D('',#3183,#2515,#2516);
#2172=AXIS2_PLACEMENT_3D('',#3184,#2517,#2518);
#2173=AXIS2_PLACEMENT_3D('',#3186,#2519,#2520);
#2174=AXIS2_PLACEMENT_3D('',#3188,#2522,#2523);
#2175=AXIS2_PLACEMENT_3D('',#3192,#2526,#2527);
#2176=AXIS2_PLACEMENT_3D('',#3193,#2528,#2529);
#2177=AXIS2_PLACEMENT_3D('',#3196,#2531,#2532);
#2178=AXIS2_PLACEMENT_3D('',#3197,#2533,#2534);
#2179=AXIS2_PLACEMENT_3D('',#3199,#2536,#2537);
#2180=AXIS2_PLACEMENT_3D('',#3209,#2541,#2542);
#2181=AXIS2_PLACEMENT_3D('',#3210,#2543,#2544);
#2182=AXIS2_PLACEMENT_3D('',#3211,#2545,#2546);
#2183=AXIS2_PLACEMENT_3D('',#3213,#2547,#2548);
#2184=AXIS2_PLACEMENT_3D('',#3218,#2549,#2550);
#2185=AXIS2_PLACEMENT_3D('',#3219,#2551,#2552);
#2186=AXIS2_PLACEMENT_3D('',#3225,#2556,#2557);
#2187=AXIS2_PLACEMENT_3D('',#3226,#2558,#2559);
#2188=AXIS2_PLACEMENT_3D('',#3227,#2560,#2561);
#2189=AXIS2_PLACEMENT_3D('',#3236,#2564,#2565);
#2190=AXIS2_PLACEMENT_3D('',#3241,#2567,#2568);
#2191=AXIS2_PLACEMENT_3D('',#3244,#2570,#2571);
#2192=AXIS2_PLACEMENT_3D('',#3246,#2572,#2573);
#2193=AXIS2_PLACEMENT_3D('',#3248,#2574,#2575);
#2194=AXIS2_PLACEMENT_3D('',#3250,#2576,#2577);
#2195=AXIS2_PLACEMENT_3D('',#3252,#2578,#2579);
#2196=AXIS2_PLACEMENT_3D('',#3254,#2580,#2581);
#2197=AXIS2_PLACEMENT_3D('',#3255,#2582,#2583);
#2198=AXIS2_PLACEMENT_3D('',#3257,#2584,#2585);
#2199=AXIS2_PLACEMENT_3D('',#3260,#2587,#2588);
#2200=AXIS2_PLACEMENT_3D('',#3261,#2589,#2590);
#2201=AXIS2_PLACEMENT_3D('',#3263,#2591,#2592);
#2202=AXIS2_PLACEMENT_3D('',#3266,#2594,#2595);
#2203=AXIS2_PLACEMENT_3D('',#3267,#2596,#2597);
#2204=AXIS2_PLACEMENT_3D('',#3269,#2598,#2599);
#2205=AXIS2_PLACEMENT_3D('',#3272,#2601,#2602);
#2206=AXIS2_PLACEMENT_3D('',#3273,#2603,#2604);
#2207=AXIS2_PLACEMENT_3D('',#3275,#2605,#2606);
#2208=AXIS2_PLACEMENT_3D('',#3278,#2608,#2609);
#2209=AXIS2_PLACEMENT_3D('',#3279,#2610,#2611);
#2210=AXIS2_PLACEMENT_3D('',#3282,#2613,#2614);
#2211=AXIS2_PLACEMENT_3D('',#3283,#2615,#2616);
#2212=AXIS2_PLACEMENT_3D('',#3299,#2622,#2623);
#2213=AXIS2_PLACEMENT_3D('',#3301,#2625,#2626);
#2214=AXIS2_PLACEMENT_3D('',#3307,#2628,#2629);
#2215=AXIS2_PLACEMENT_3D('',#3321,#2635,#2636);
#2216=AXIS2_PLACEMENT_3D('',#3323,#2637,#2638);
#2217=AXIS2_PLACEMENT_3D('',#3325,#2640,#2641);
#2218=AXIS2_PLACEMENT_3D('',#3327,#2642,#2643);
#2219=AXIS2_PLACEMENT_3D('',#3329,#2645,#2646);
#2220=AXIS2_PLACEMENT_3D('',#3331,#2647,#2648);
#2221=AXIS2_PLACEMENT_3D('',#3333,#2650,#2651);
#2222=AXIS2_PLACEMENT_3D('',#3335,#2653,#2654);
#2223=AXIS2_PLACEMENT_3D('',#3337,#2655,#2656);
#2224=AXIS2_PLACEMENT_3D('',#3339,#2658,#2659);
#2225=AXIS2_PLACEMENT_3D('',#3341,#2660,#2661);
#2226=AXIS2_PLACEMENT_3D('',#3344,#2663,#2664);
#2227=AXIS2_PLACEMENT_3D('',#3345,#2665,#2666);
#2228=AXIS2_PLACEMENT_3D('',#3346,#2667,#2668);
#2229=AXIS2_PLACEMENT_3D('',#3347,#2669,#2670);
#2230=AXIS2_PLACEMENT_3D('',#3349,#2671,#2672);
#2231=AXIS2_PLACEMENT_3D('',#3351,#2673,#2674);
#2232=AXIS2_PLACEMENT_3D('',#3353,#2676,#2677);
#2233=AXIS2_PLACEMENT_3D('',#3362,#2678,#2679);
#2234=AXIS2_PLACEMENT_3D('',#3369,#2680,#2681);
#2235=AXIS2_PLACEMENT_3D('',#3370,#2682,#2683);
#2236=AXIS2_PLACEMENT_3D('',#3372,#2684,#2685);
#2237=AXIS2_PLACEMENT_3D('',#3374,#2687,#2688);
#2238=AXIS2_PLACEMENT_3D('',#3375,#2689,#2690);
#2239=AXIS2_PLACEMENT_3D('',#3377,#2691,#2692);
#2240=AXIS2_PLACEMENT_3D('',#3379,#2694,#2695);
#2241=AXIS2_PLACEMENT_3D('',#3380,#2696,#2697);
#2242=AXIS2_PLACEMENT_3D('',#3382,#2698,#2699);
#2243=AXIS2_PLACEMENT_3D('',#3384,#2701,#2702);
#2244=AXIS2_PLACEMENT_3D('',#3385,#2703,#2704);
#2245=AXIS2_PLACEMENT_3D('',#3387,#2705,#2706);
#2246=AXIS2_PLACEMENT_3D('',#3389,#2708,#2709);
#2247=AXIS2_PLACEMENT_3D('',#3390,#2710,#2711);
#2248=AXIS2_PLACEMENT_3D('',#3392,#2712,#2713);
#2249=AXIS2_PLACEMENT_3D('',#3394,#2715,#2716);
#2250=AXIS2_PLACEMENT_3D('',#3395,#2717,#2718);
#2251=AXIS2_PLACEMENT_3D('',#3397,#2719,#2720);
#2252=AXIS2_PLACEMENT_3D('',#3399,#2722,#2723);
#2253=AXIS2_PLACEMENT_3D('',#3400,#2724,#2725);
#2254=AXIS2_PLACEMENT_3D('',#3402,#2726,#2727);
#2255=AXIS2_PLACEMENT_3D('',#3404,#2729,#2730);
#2256=AXIS2_PLACEMENT_3D('',#3405,#2731,#2732);
#2257=AXIS2_PLACEMENT_3D('',#3407,#2733,#2734);
#2258=AXIS2_PLACEMENT_3D('',#3409,#2736,#2737);
#2259=AXIS2_PLACEMENT_3D('',#3410,#2738,#2739);
#2260=AXIS2_PLACEMENT_3D('',#3412,#2740,#2741);
#2261=AXIS2_PLACEMENT_3D('',#3415,#2743,#2744);
#2262=AXIS2_PLACEMENT_3D('',#3417,#2745,#2746);
#2263=AXIS2_PLACEMENT_3D('',#3419,#2747,#2748);
#2264=AXIS2_PLACEMENT_3D('',#3421,#2749,#2750);
#2265=AXIS2_PLACEMENT_3D('',#3423,#2751,#2752);
#2266=AXIS2_PLACEMENT_3D('',#3425,#2753,#2754);
#2267=AXIS2_PLACEMENT_3D('',#3426,#2755,#2756);
#2268=AXIS2_PLACEMENT_3D('',#3430,#2759,#2760);
#2269=AXIS2_PLACEMENT_3D('',#3432,#2761,#2762);
#2270=AXIS2_PLACEMENT_3D('',#3435,#2764,#2765);
#2271=AXIS2_PLACEMENT_3D('',#3436,#2766,#2767);
#2272=AXIS2_PLACEMENT_3D('',#3438,#2768,#2769);
#2273=AXIS2_PLACEMENT_3D('',#3441,#2771,#2772);
#2274=AXIS2_PLACEMENT_3D('',#3442,#2773,#2774);
#2275=AXIS2_PLACEMENT_3D('',#3444,#2775,#2776);
#2276=AXIS2_PLACEMENT_3D('',#3447,#2778,#2779);
#2277=AXIS2_PLACEMENT_3D('',#3448,#2780,#2781);
#2278=AXIS2_PLACEMENT_3D('',#3450,#2782,#2783);
#2279=AXIS2_PLACEMENT_3D('',#3453,#2785,#2786);
#2280=AXIS2_PLACEMENT_3D('',#3454,#2787,#2788);
#2281=AXIS2_PLACEMENT_3D('',#3457,#2790,#2791);
#2282=AXIS2_PLACEMENT_3D('',#3458,#2792,#2793);
#2283=AXIS2_PLACEMENT_3D('',#3460,#2795,#2796);
#2284=AXIS2_PLACEMENT_3D('',#3466,#2798,#2799);
#2285=AXIS2_PLACEMENT_3D('',#3467,#2800,#2801);
#2286=AXIS2_PLACEMENT_3D('',#3468,#2802,#2803);
#2287=AXIS2_PLACEMENT_3D('',#3469,#2804,#2805);
#2288=AXIS2_PLACEMENT_3D('',#3471,#2806,#2807);
#2289=AXIS2_PLACEMENT_3D('',#3473,#2809,#2810);
#2290=AXIS2_PLACEMENT_3D('',#3475,#2811,#2812);
#2291=AXIS2_PLACEMENT_3D('',#3477,#2814,#2815);
#2292=AXIS2_PLACEMENT_3D('',#3479,#2816,#2817);
#2293=AXIS2_PLACEMENT_3D('',#3481,#2819,#2820);
#2294=AXIS2_PLACEMENT_3D('',#3483,#2822,#2823);
#2295=AXIS2_PLACEMENT_3D('',#3485,#2824,#2825);
#2296=AXIS2_PLACEMENT_3D('',#3487,#2827,#2828);
#2297=AXIS2_PLACEMENT_3D('',#3488,#2829,#2830);
#2298=AXIS2_PLACEMENT_3D('',#3489,#2831,#2832);
#2299=AXIS2_PLACEMENT_3D('',#3498,#2833,#2834);
#2300=AXIS2_PLACEMENT_3D('',#3505,#2835,#2836);
#2301=AXIS2_PLACEMENT_3D('',#3506,#2837,#2838);
#2302=AXIS2_PLACEMENT_3D('',#3508,#2839,#2840);
#2303=AXIS2_PLACEMENT_3D('',#3509,#2841,#2842);
#2304=AXIS2_PLACEMENT_3D('',#3511,#2844,#2845);
#2305=AXIS2_PLACEMENT_3D('',#3513,#2846,#2847);
#2306=AXIS2_PLACEMENT_3D('',#3514,#2848,#2849);
#2307=AXIS2_PLACEMENT_3D('',#3516,#2851,#2852);
#2308=AXIS2_PLACEMENT_3D('',#3518,#2853,#2854);
#2309=AXIS2_PLACEMENT_3D('',#3519,#2855,#2856);
#2310=AXIS2_PLACEMENT_3D('',#3521,#2858,#2859);
#2311=AXIS2_PLACEMENT_3D('',#3523,#2860,#2861);
#2312=AXIS2_PLACEMENT_3D('',#3524,#2862,#2863);
#2313=AXIS2_PLACEMENT_3D('',#3526,#2865,#2866);
#2314=AXIS2_PLACEMENT_3D('',#3528,#2867,#2868);
#2315=AXIS2_PLACEMENT_3D('',#3529,#2869,#2870);
#2316=AXIS2_PLACEMENT_3D('',#3531,#2872,#2873);
#2317=AXIS2_PLACEMENT_3D('',#3533,#2874,#2875);
#2318=AXIS2_PLACEMENT_3D('',#3534,#2876,#2877);
#2319=AXIS2_PLACEMENT_3D('',#3536,#2879,#2880);
#2320=AXIS2_PLACEMENT_3D('',#3538,#2881,#2882);
#2321=AXIS2_PLACEMENT_3D('',#3539,#2883,#2884);
#2322=AXIS2_PLACEMENT_3D('',#3541,#2886,#2887);
#2323=AXIS2_PLACEMENT_3D('',#3543,#2888,#2889);
#2324=AXIS2_PLACEMENT_3D('',#3544,#2890,#2891);
#2325=AXIS2_PLACEMENT_3D('',#3546,#2893,#2894);
#2326=AXIS2_PLACEMENT_3D('',#3547,#2895,#2896);
#2327=AXIS2_PLACEMENT_3D('',#3548,#2897,#2898);
#2328=AXIS2_PLACEMENT_3D('',#3552,#2900,#2901);
#2329=AXIS2_PLACEMENT_3D('',#3556,#2903,#2904);
#2330=AXIS2_PLACEMENT_3D('',#3558,#2906,#2907);
#2331=AXIS2_PLACEMENT_3D('',#3564,#2911,#2912);
#2332=AXIS2_PLACEMENT_3D('',#3570,#2916,#2917);
#2333=AXIS2_PLACEMENT_3D('',#3578,#2921,#2922);
#2334=AXIS2_PLACEMENT_3D('',#3579,#2923,#2924);
#2335=AXIS2_PLACEMENT_3D('',#3580,#2925,#2926);
#2336=AXIS2_PLACEMENT_3D('',#3586,#2930,#2931);
#2337=AXIS2_PLACEMENT_3D('',#3589,#2934,#2935);
#2338=AXIS2_PLACEMENT_3D('',#3593,#2937,#2938);
#2339=AXIS2_PLACEMENT_3D('',#3597,#2940,#2941);
#2340=AXIS2_PLACEMENT_3D('',#3599,#2943,#2944);
#2341=AXIS2_PLACEMENT_3D('',#3604,#2946,#2947);
#2342=AXIS2_PLACEMENT_3D('',#3611,#2951,#2952);
#2343=AXIS2_PLACEMENT_3D('',#3612,#2953,#2954);
#2344=AXIS2_PLACEMENT_3D('',#3618,#2958,#2959);
#2345=AXIS2_PLACEMENT_3D('',#3621,#2962,#2963);
#2346=AXIS2_PLACEMENT_3D('',#3624,#2966,#2967);
#2347=AXIS2_PLACEMENT_3D('',#3626,#2969,#2970);
#2348=AXIS2_PLACEMENT_3D('',#3628,#2972,#2973);
#2349=AXIS2_PLACEMENT_3D('',#3630,#2975,#2976);
#2350=AXIS2_PLACEMENT_3D('',#3632,#2978,#2979);
#2351=AXIS2_PLACEMENT_3D('',#3633,#2980,#2981);
#2352=AXIS2_PLACEMENT_3D('',#3634,#2982,#2983);
#2353=AXIS2_PLACEMENT_3D('',#3635,#2984,#2985);
#2354=DIRECTION('axis',(0.,0.,1.));
#2355=DIRECTION('refdir',(1.,0.,0.));
#2356=DIRECTION('center_axis',(1.,0.,0.));
#2357=DIRECTION('ref_axis',(0.,0.923879532511289,-0.382683432365083));
#2358=DIRECTION('center_axis',(-1.,0.,0.));
#2359=DIRECTION('ref_axis',(0.,0.923879532511289,-0.382683432365083));
#2360=DIRECTION('',(1.,0.,0.));
#2361=DIRECTION('center_axis',(1.,0.,0.));
#2362=DIRECTION('ref_axis',(0.,0.923879532511289,-0.382683432365083));
#2363=DIRECTION('',(-1.,0.,0.));
#2364=DIRECTION('center_axis',(0.,0.70710678118656,-0.707106781186535));
#2365=DIRECTION('ref_axis',(0.,0.707106781186535,0.70710678118656));
#2366=DIRECTION('',(0.,0.707106781186535,0.70710678118656));
#2367=DIRECTION('',(1.,0.,0.));
#2368=DIRECTION('',(0.,-0.707106781186535,-0.70710678118656));
#2369=DIRECTION('center_axis',(1.,0.,0.));
#2370=DIRECTION('ref_axis',(0.,0.923879532511289,-0.382683432365083));
#2371=DIRECTION('center_axis',(-1.,0.,0.));
#2372=DIRECTION('ref_axis',(0.,0.923879532511289,-0.382683432365083));
#2373=DIRECTION('',(1.,0.,0.));
#2374=DIRECTION('center_axis',(1.,0.,0.));
#2375=DIRECTION('ref_axis',(0.,0.923879532511289,-0.382683432365083));
#2376=DIRECTION('',(-1.,0.,0.));
#2377=DIRECTION('center_axis',(0.,0.70710678118656,-0.707106781186535));
#2378=DIRECTION('ref_axis',(-1.67059466156054E-24,-0.707106781186535,-0.70710678118656));
#2379=DIRECTION('',(0.,0.707106781186535,0.70710678118656));
#2380=DIRECTION('',(-1.,0.,0.));
#2381=DIRECTION('',(-1.67059466156054E-24,-0.707106781186535,-0.70710678118656));
#2382=DIRECTION('center_axis',(-1.,0.,0.));
#2383=DIRECTION('ref_axis',(0.,0.923879531180721,-0.382683435577361));
#2384=DIRECTION('center_axis',(-1.,0.,0.));
#2385=DIRECTION('ref_axis',(0.,0.923879531180721,-0.382683435577361));
#2386=DIRECTION('',(-1.,0.,0.));
#2387=DIRECTION('center_axis',(1.,0.,0.));
#2388=DIRECTION('ref_axis',(0.,0.923879531180721,-0.382683435577361));
#2389=DIRECTION('',(1.,0.,0.));
#2390=DIRECTION('center_axis',(1.,0.,0.));
#2391=DIRECTION('ref_axis',(0.,-1.,0.));
#2392=DIRECTION('',(0.,0.707106786103679,0.707106776269416));
#2393=DIRECTION('center_axis',(-1.,0.,0.));
#2394=DIRECTION('ref_axis',(0.,-1.,-9.80216310019722E-24));
#2395=DIRECTION('',(0.,-5.9771194782974E-15,1.));
#2396=DIRECTION('center_axis',(-1.,0.,0.));
#2397=DIRECTION('ref_axis',(0.,0.,-1.));
#2398=DIRECTION('',(0.,-5.23665251764815E-17,1.));
#2399=DIRECTION('center_axis',(-1.,0.,0.));
#2400=DIRECTION('ref_axis',(0.,-1.,-9.80216310019721E-24));
#2401=DIRECTION('',(0.,-1.17432597037615E-16,1.));
#2402=DIRECTION('center_axis',(1.,0.,0.));
#2403=DIRECTION('ref_axis',(0.,0.,-1.));
#2404=DIRECTION('',(0.,-0.707106781186548,0.707106781186548));
#2405=DIRECTION('center_axis',(1.,0.,0.));
#2406=DIRECTION('ref_axis',(0.,0.,-1.));
#2407=DIRECTION('',(0.,0.707106781186548,-0.707106781186548));
#2408=DIRECTION('center_axis',(1.,0.,0.));
#2409=DIRECTION('ref_axis',(0.,0.,-1.));
#2410=DIRECTION('',(0.,2.34127617217878E-16,-1.));
#2411=DIRECTION('center_axis',(1.,0.,0.));
#2412=DIRECTION('ref_axis',(0.,0.,-1.));
#2413=DIRECTION('center_axis',(1.,0.,0.));
#2414=DIRECTION('ref_axis',(0.,0.,-1.));
#2415=DIRECTION('center_axis',(1.,0.,0.));
#2416=DIRECTION('ref_axis',(0.,0.,-1.));
#2417=DIRECTION('center_axis',(1.,0.,0.));
#2418=DIRECTION('ref_axis',(0.,0.,-1.));
#2419=DIRECTION('center_axis',(1.,0.,0.));
#2420=DIRECTION('ref_axis',(0.,0.,-1.));
#2421=DIRECTION('center_axis',(1.,0.,0.));
#2422=DIRECTION('ref_axis',(0.,0.,-1.));
#2423=DIRECTION('center_axis',(1.,0.,0.));
#2424=DIRECTION('ref_axis',(0.,0.,-1.));
#2425=DIRECTION('center_axis',(1.,0.,0.));
#2426=DIRECTION('ref_axis',(0.,0.,-1.));
#2427=DIRECTION('center_axis',(1.,0.,0.));
#2428=DIRECTION('ref_axis',(0.,0.,-1.));
#2429=DIRECTION('center_axis',(1.,0.,0.));
#2430=DIRECTION('ref_axis',(0.,0.,-1.));
#2431=DIRECTION('center_axis',(0.,-1.,-2.34127617217878E-16));
#2432=DIRECTION('ref_axis',(0.,2.34127617217878E-16,-1.));
#2433=DIRECTION('',(1.,0.,0.));
#2434=DIRECTION('',(0.,2.34127617217878E-16,-1.));
#2435=DIRECTION('',(-1.,0.,0.));
#2436=DIRECTION('',(0.,2.34127617217878E-16,-1.));
#2437=DIRECTION('',(1.,0.,0.));
#2438=DIRECTION('',(0.,2.34127617217878E-16,-1.));
#2439=DIRECTION('center_axis',(-1.,0.,0.));
#2440=DIRECTION('ref_axis',(0.,0.923879531180721,-0.382683435577361));
#2441=DIRECTION('center_axis',(1.,0.,0.));
#2442=DIRECTION('ref_axis',(0.,0.923879531180721,-0.382683435577361));
#2443=DIRECTION('',(1.,0.,0.));
#2444=DIRECTION('center_axis',(-1.,0.,0.));
#2445=DIRECTION('ref_axis',(0.,0.923879531180721,-0.382683435577361));
#2446=DIRECTION('center_axis',(-1.,0.,0.));
#2447=DIRECTION('ref_axis',(0.,-1.,0.));
#2448=DIRECTION('center_axis',(-1.,0.,0.));
#2449=DIRECTION('ref_axis',(0.,0.,1.));
#2450=DIRECTION('',(0.,0.707106781186548,-0.707106781186548));
#2451=DIRECTION('center_axis',(1.,0.,0.));
#2452=DIRECTION('ref_axis',(0.,0.,-1.));
#2453=DIRECTION('',(0.,-0.707106781186548,0.707106781186548));
#2454=DIRECTION('center_axis',(-1.,0.,0.));
#2455=DIRECTION('ref_axis',(0.,0.,1.));
#2456=DIRECTION('',(0.,-1.17432597037615E-16,1.));
#2457=DIRECTION('',(0.,-1.,0.));
#2458=DIRECTION('',(0.,0.,1.));
#2459=DIRECTION('',(0.,1.,0.));
#2460=DIRECTION('',(2.36217378438971E-24,-1.17432597037615E-16,1.));
#2461=DIRECTION('center_axis',(-1.,4.03843217252129E-28,2.36217378438971E-24));
#2462=DIRECTION('ref_axis',(-4.03843217252129E-28,-1.,-9.80216310019721E-24));
#2463=DIRECTION('',(-2.36217378438971E-24,5.23665251764815E-17,-1.));
#2464=DIRECTION('center_axis',(-1.,0.,0.));
#2465=DIRECTION('ref_axis',(0.,1.,9.80216310019721E-24));
#2466=DIRECTION('',(0.,5.9771194782974E-15,-1.));
#2467=DIRECTION('center_axis',(1.,0.,0.));
#2468=DIRECTION('ref_axis',(0.,-1.,-9.80216310019722E-24));
#2469=DIRECTION('',(0.,-0.707106786103679,-0.707106776269416));
#2470=DIRECTION('center_axis',(1.,0.,0.));
#2471=DIRECTION('ref_axis',(0.,0.,-1.));
#2472=DIRECTION('center_axis',(1.,0.,0.));
#2473=DIRECTION('ref_axis',(0.,0.,-1.));
#2474=DIRECTION('center_axis',(1.,0.,0.));
#2475=DIRECTION('ref_axis',(0.,0.,-1.));
#2476=DIRECTION('center_axis',(1.,0.,0.));
#2477=DIRECTION('ref_axis',(0.,0.,-1.));
#2478=DIRECTION('center_axis',(1.,0.,0.));
#2479=DIRECTION('ref_axis',(0.,0.,-1.));
#2480=DIRECTION('center_axis',(1.,0.,0.));
#2481=DIRECTION('ref_axis',(0.,0.,-1.));
#2482=DIRECTION('center_axis',(1.,0.,0.));
#2483=DIRECTION('ref_axis',(0.,0.,-1.));
#2484=DIRECTION('center_axis',(1.,0.,0.));
#2485=DIRECTION('ref_axis',(0.,0.,-1.));
#2486=DIRECTION('center_axis',(1.,0.,0.));
#2487=DIRECTION('ref_axis',(0.,0.,-1.));
#2488=DIRECTION('center_axis',(1.,0.,0.));
#2489=DIRECTION('ref_axis',(0.,0.,-1.));
#2490=DIRECTION('',(0.,0.,1.));
#2491=DIRECTION('',(0.,1.,0.));
#2492=DIRECTION('',(0.,0.,1.));
#2493=DIRECTION('',(0.,-1.,0.));
#2494=DIRECTION('center_axis',(0.,0.707106776269416,-0.707106786103679));
#2495=DIRECTION('ref_axis',(-1.67059464994737E-24,-0.707106786103679,-0.707106776269416));
#2496=DIRECTION('',(-1.,0.,0.));
#2497=DIRECTION('',(0.,0.707106786103679,0.707106776269416));
#2498=DIRECTION('center_axis',(0.,1.,5.9771194782974E-15));
#2499=DIRECTION('ref_axis',(0.,-5.9771194782974E-15,1.));
#2500=DIRECTION('',(0.,5.9771194782974E-15,-1.));
#2501=DIRECTION('',(1.,0.,0.));
#2502=DIRECTION('',(1.,0.,0.));
#2503=DIRECTION('center_axis',(0.,0.707106776269416,-0.707106786103679));
#2504=DIRECTION('ref_axis',(0.,0.707106786103679,0.707106776269416));
#2505=DIRECTION('',(0.,-0.707106786103679,-0.707106776269416));
#2506=DIRECTION('',(1.,0.,0.));
#2507=DIRECTION('center_axis',(-1.,0.,0.));
#2508=DIRECTION('ref_axis',(0.,-1.,-9.80216310019722E-24));
#2509=DIRECTION('center_axis',(1.,0.,0.));
#2510=DIRECTION('ref_axis',(0.,-1.,-9.80216310019722E-24));
#2511=DIRECTION('center_axis',(-1.,0.,0.));
#2512=DIRECTION('ref_axis',(0.,0.382683432365091,0.923879532511286));
#2513=DIRECTION('center_axis',(-1.,0.,0.));
#2514=DIRECTION('ref_axis',(0.,0.,1.));
#2515=DIRECTION('center_axis',(-1.,0.,0.));
#2516=DIRECTION('ref_axis',(0.,0.,-1.));
#2517=DIRECTION('center_axis',(-1.,0.,0.));
#2518=DIRECTION('ref_axis',(0.,-1.,-9.80216310019721E-24));
#2519=DIRECTION('center_axis',(1.,0.,0.));
#2520=DIRECTION('ref_axis',(0.,-1.,-9.80216310019721E-24));
#2521=DIRECTION('',(1.,0.,0.));
#2522=DIRECTION('center_axis',(0.,1.,5.23665251764815E-17));
#2523=DIRECTION('ref_axis',(0.,-5.23665251764815E-17,1.));
#2524=DIRECTION('',(0.,5.23665251764815E-17,-1.));
#2525=DIRECTION('',(1.,0.,0.));
#2526=DIRECTION('center_axis',(-1.,0.,0.));
#2527=DIRECTION('ref_axis',(0.,-0.382683432365093,-0.923879532511286));
#2528=DIRECTION('center_axis',(-1.,0.,0.));
#2529=DIRECTION('ref_axis',(0.,0.,-1.));
#2530=DIRECTION('',(1.,0.,0.));
#2531=DIRECTION('center_axis',(-1.,0.,0.));
#2532=DIRECTION('ref_axis',(0.,0.,1.));
#2533=DIRECTION('center_axis',(0.,0.707106781186548,-0.707106781186548));
#2534=DIRECTION('ref_axis',(0.,0.707106781186547,0.707106781186547));
#2535=DIRECTION('',(0.,0.707106781186548,0.707106781186548));
#2536=DIRECTION('center_axis',(0.,1.,5.9771194782974E-15));
#2537=DIRECTION('ref_axis',(-2.36217378438971E-24,5.9771194782974E-15,-1.));
#2538=DIRECTION('',(0.,-5.9771194782974E-15,1.));
#2539=DIRECTION('',(-1.,0.,0.));
#2540=DIRECTION('',(-1.,0.,0.));
#2541=DIRECTION('center_axis',(1.,0.,0.));
#2542=DIRECTION('ref_axis',(0.,-1.,-9.80216310019722E-24));
#2543=DIRECTION('center_axis',(-1.,0.,0.));
#2544=DIRECTION('ref_axis',(0.,-1.,-9.80216310019722E-24));
#2545=DIRECTION('center_axis',(1.,0.,0.));
#2546=DIRECTION('ref_axis',(0.,0.382683432365093,0.923879532511286));
#2547=DIRECTION('center_axis',(-1.,0.,0.));
#2548=DIRECTION('ref_axis',(0.,0.,-1.));
#2549=DIRECTION('center_axis',(-1.,0.,0.));
#2550=DIRECTION('ref_axis',(0.,0.,1.));
#2551=DIRECTION('center_axis',(0.,1.,5.23665251764815E-17));
#2552=DIRECTION('ref_axis',(-2.36217378438971E-24,5.23665251764815E-17,
-1.));
#2553=DIRECTION('',(0.,-5.23665251764815E-17,1.));
#2554=DIRECTION('',(-1.,0.,0.));
#2555=DIRECTION('',(-1.,0.,0.));
#2556=DIRECTION('center_axis',(1.,0.,0.));
#2557=DIRECTION('ref_axis',(0.,-1.,-9.80216310019721E-24));
#2558=DIRECTION('center_axis',(-1.,0.,0.));
#2559=DIRECTION('ref_axis',(0.,-1.,-9.80216310019721E-24));
#2560=DIRECTION('center_axis',(0.,1.,1.17432597037615E-16));
#2561=DIRECTION('ref_axis',(0.,-1.17432597037615E-16,1.));
#2562=DIRECTION('',(0.,-1.17432597037615E-16,1.));
#2563=DIRECTION('',(-1.,0.,0.));
#2564=DIRECTION('center_axis',(1.,0.,0.));
#2565=DIRECTION('ref_axis',(0.,-1.,0.));
#2566=DIRECTION('',(0.,0.707106781186548,-0.707106781186548));
#2567=DIRECTION('center_axis',(1.,0.,0.));
#2568=DIRECTION('ref_axis',(0.,0.,-1.));
#2569=DIRECTION('',(0.,-0.707106781186548,0.707106781186548));
#2570=DIRECTION('center_axis',(1.,0.,0.));
#2571=DIRECTION('ref_axis',(0.,0.,-1.));
#2572=DIRECTION('center_axis',(1.,0.,0.));
#2573=DIRECTION('ref_axis',(0.,0.,-1.));
#2574=DIRECTION('center_axis',(1.,0.,0.));
#2575=DIRECTION('ref_axis',(0.,0.,-1.));
#2576=DIRECTION('center_axis',(1.,0.,0.));
#2577=DIRECTION('ref_axis',(0.,0.,-1.));
#2578=DIRECTION('center_axis',(1.,0.,0.));
#2579=DIRECTION('ref_axis',(0.,0.,-1.));
#2580=DIRECTION('center_axis',(1.,0.,0.));
#2581=DIRECTION('ref_axis',(0.,0.,-1.));
#2582=DIRECTION('center_axis',(-1.,0.,0.));
#2583=DIRECTION('ref_axis',(0.,0.,1.));
#2584=DIRECTION('center_axis',(-1.,0.,0.));
#2585=DIRECTION('ref_axis',(0.,0.,1.));
#2586=DIRECTION('',(1.,0.,0.));
#2587=DIRECTION('center_axis',(1.,0.,0.));
#2588=DIRECTION('ref_axis',(0.,0.,-1.));
#2589=DIRECTION('center_axis',(-1.,0.,0.));
#2590=DIRECTION('ref_axis',(0.,0.,1.));
#2591=DIRECTION('center_axis',(-1.,0.,0.));
#2592=DIRECTION('ref_axis',(0.,0.,1.));
#2593=DIRECTION('',(1.,0.,0.));
#2594=DIRECTION('center_axis',(1.,0.,0.));
#2595=DIRECTION('ref_axis',(0.,0.,-1.));
#2596=DIRECTION('center_axis',(-1.,0.,0.));
#2597=DIRECTION('ref_axis',(0.,0.,1.));
#2598=DIRECTION('center_axis',(-1.,0.,0.));
#2599=DIRECTION('ref_axis',(0.,0.,1.));
#2600=DIRECTION('',(1.,0.,0.));
#2601=DIRECTION('center_axis',(1.,0.,0.));
#2602=DIRECTION('ref_axis',(0.,0.,-1.));
#2603=DIRECTION('center_axis',(-1.,0.,0.));
#2604=DIRECTION('ref_axis',(0.,0.,1.));
#2605=DIRECTION('center_axis',(-1.,0.,0.));
#2606=DIRECTION('ref_axis',(0.,0.,1.));
#2607=DIRECTION('',(1.,0.,0.));
#2608=DIRECTION('center_axis',(1.,0.,0.));
#2609=DIRECTION('ref_axis',(0.,0.,-1.));
#2610=DIRECTION('center_axis',(-1.,0.,0.));
#2611=DIRECTION('ref_axis',(0.,0.,1.));
#2612=DIRECTION('',(1.,0.,0.));
#2613=DIRECTION('center_axis',(1.,0.,0.));
#2614=DIRECTION('ref_axis',(0.,0.,-1.));
#2615=DIRECTION('center_axis',(0.,-0.707106781186547,-0.707106781186548));
#2616=DIRECTION('ref_axis',(0.,0.707106781186548,-0.707106781186547));
#2617=DIRECTION('',(1.,0.,0.));
#2618=DIRECTION('',(-1.,0.,0.));
#2619=DIRECTION('',(0.,0.707106781186548,-0.707106781186548));
#2620=DIRECTION('',(-1.,0.,0.));
#2621=DIRECTION('',(1.,0.,0.));
#2622=DIRECTION('center_axis',(-1.,0.,0.));
#2623=DIRECTION('ref_axis',(0.,0.,1.));
#2624=DIRECTION('',(1.,0.,0.));
#2625=DIRECTION('center_axis',(0.,0.707106781186548,0.707106781186548));
#2626=DIRECTION('ref_axis',(0.,-0.707106781186547,0.707106781186547));
#2627=DIRECTION('',(1.,0.,0.));
#2628=DIRECTION('center_axis',(0.,1.,1.17432597037615E-16));
#2629=DIRECTION('ref_axis',(0.,-1.17432597037615E-16,1.));
#2630=DIRECTION('',(0.707106781186547,-8.30373856976452E-17,0.707106781186548));
#2631=DIRECTION('',(0.,-1.34142134990007E-16,-1.));
#2632=DIRECTION('',(0.707106781186547,8.30373856976452E-17,-0.707106781186548));
#2633=DIRECTION('',(-1.,0.,0.));
#2634=DIRECTION('',(0.,-1.17432597037615E-16,1.));
#2635=DIRECTION('center_axis',(-1.,0.,0.));
#2636=DIRECTION('ref_axis',(0.,0.,1.));
#2637=DIRECTION('center_axis',(-1.,0.,0.));
#2638=DIRECTION('ref_axis',(0.,0.,1.));
#2639=DIRECTION('',(1.,0.,0.));
#2640=DIRECTION('center_axis',(-1.,0.,0.));
#2641=DIRECTION('ref_axis',(0.,0.,1.));
#2642=DIRECTION('center_axis',(-1.,0.,0.));
#2643=DIRECTION('ref_axis',(0.,0.,1.));
#2644=DIRECTION('',(1.,0.,0.));
#2645=DIRECTION('center_axis',(-1.,0.,0.));
#2646=DIRECTION('ref_axis',(0.,0.,1.));
#2647=DIRECTION('center_axis',(-1.,0.,0.));
#2648=DIRECTION('ref_axis',(0.,0.,1.));
#2649=DIRECTION('',(1.,0.,0.));
#2650=DIRECTION('center_axis',(-1.,0.,0.));
#2651=DIRECTION('ref_axis',(0.,0.,1.));
#2652=DIRECTION('',(1.,0.,0.));
#2653=DIRECTION('center_axis',(-1.,0.,0.));
#2654=DIRECTION('ref_axis',(0.,0.,1.));
#2655=DIRECTION('center_axis',(-1.,0.,0.));
#2656=DIRECTION('ref_axis',(0.,0.,1.));
#2657=DIRECTION('',(1.,0.,0.));
#2658=DIRECTION('center_axis',(-1.,0.,0.));
#2659=DIRECTION('ref_axis',(0.,0.,1.));
#2660=DIRECTION('center_axis',(-1.,0.,0.));
#2661=DIRECTION('ref_axis',(0.,0.,1.));
#2662=DIRECTION('',(1.,0.,0.));
#2663=DIRECTION('center_axis',(-1.,0.,0.));
#2664=DIRECTION('ref_axis',(0.,0.,1.));
#2665=DIRECTION('center_axis',(-1.,0.,0.));
#2666=DIRECTION('ref_axis',(0.,1.,0.));
#2667=DIRECTION('center_axis',(-1.,0.,0.));
#2668=DIRECTION('ref_axis',(0.,0.,1.));
#2669=DIRECTION('center_axis',(1.,0.,0.));
#2670=DIRECTION('ref_axis',(0.,0.,-1.));
#2671=DIRECTION('center_axis',(1.,0.,0.));
#2672=DIRECTION('ref_axis',(0.,0.,-1.));
#2673=DIRECTION('center_axis',(1.,0.,0.));
#2674=DIRECTION('ref_axis',(0.,0.,-1.));
#2675=DIRECTION('',(-1.,0.,0.));
#2676=DIRECTION('center_axis',(1.,0.,0.));
#2677=DIRECTION('ref_axis',(0.,0.707106781186548,-0.707106781186547));
#2678=DIRECTION('center_axis',(1.,0.,0.));
#2679=DIRECTION('ref_axis',(0.,0.,1.));
#2680=DIRECTION('center_axis',(-1.,0.,0.));
#2681=DIRECTION('ref_axis',(0.,1.,0.));
#2682=DIRECTION('center_axis',(1.,0.,0.));
#2683=DIRECTION('ref_axis',(0.,0.,-1.));
#2684=DIRECTION('center_axis',(-1.,0.,0.));
#2685=DIRECTION('ref_axis',(0.,0.,1.));
#2686=DIRECTION('',(-1.,0.,0.));
#2687=DIRECTION('center_axis',(-1.,0.,0.));
#2688=DIRECTION('ref_axis',(0.,1.,0.));
#2689=DIRECTION('center_axis',(1.,0.,0.));
#2690=DIRECTION('ref_axis',(0.,0.,-1.));
#2691=DIRECTION('center_axis',(-1.,0.,0.));
#2692=DIRECTION('ref_axis',(0.,0.,1.));
#2693=DIRECTION('',(-1.,0.,0.));
#2694=DIRECTION('center_axis',(-1.,0.,0.));
#2695=DIRECTION('ref_axis',(0.,1.,0.));
#2696=DIRECTION('center_axis',(1.,0.,0.));
#2697=DIRECTION('ref_axis',(0.,0.,-1.));
#2698=DIRECTION('center_axis',(-1.,0.,0.));
#2699=DIRECTION('ref_axis',(0.,0.,1.));
#2700=DIRECTION('',(-1.,0.,0.));
#2701=DIRECTION('center_axis',(-1.,0.,0.));
#2702=DIRECTION('ref_axis',(0.,1.,0.));
#2703=DIRECTION('center_axis',(1.,0.,0.));
#2704=DIRECTION('ref_axis',(0.,0.,-1.));
#2705=DIRECTION('center_axis',(-1.,0.,0.));
#2706=DIRECTION('ref_axis',(0.,0.,1.));
#2707=DIRECTION('',(-1.,0.,0.));
#2708=DIRECTION('center_axis',(-1.,0.,0.));
#2709=DIRECTION('ref_axis',(0.,1.,0.));
#2710=DIRECTION('center_axis',(1.,0.,0.));
#2711=DIRECTION('ref_axis',(0.,0.,-1.));
#2712=DIRECTION('center_axis',(-1.,0.,0.));
#2713=DIRECTION('ref_axis',(0.,0.,1.));
#2714=DIRECTION('',(-1.,0.,0.));
#2715=DIRECTION('center_axis',(-1.,0.,0.));
#2716=DIRECTION('ref_axis',(0.,1.,0.));
#2717=DIRECTION('center_axis',(1.,0.,0.));
#2718=DIRECTION('ref_axis',(0.,0.,-1.));
#2719=DIRECTION('center_axis',(-1.,0.,0.));
#2720=DIRECTION('ref_axis',(0.,0.,1.));
#2721=DIRECTION('',(-1.,0.,0.));
#2722=DIRECTION('center_axis',(-1.,0.,0.));
#2723=DIRECTION('ref_axis',(0.,1.,0.));
#2724=DIRECTION('center_axis',(1.,0.,0.));
#2725=DIRECTION('ref_axis',(0.,0.,-1.));
#2726=DIRECTION('center_axis',(-1.,0.,0.));
#2727=DIRECTION('ref_axis',(0.,0.,1.));
#2728=DIRECTION('',(-1.,0.,0.));
#2729=DIRECTION('center_axis',(-1.,0.,0.));
#2730=DIRECTION('ref_axis',(0.,1.,0.));
#2731=DIRECTION('center_axis',(1.,0.,0.));
#2732=DIRECTION('ref_axis',(0.,0.,-1.));
#2733=DIRECTION('center_axis',(-1.,0.,0.));
#2734=DIRECTION('ref_axis',(0.,0.,1.));
#2735=DIRECTION('',(-1.,0.,0.));
#2736=DIRECTION('center_axis',(-1.,0.,0.));
#2737=DIRECTION('ref_axis',(0.,1.,0.));
#2738=DIRECTION('center_axis',(-1.,0.,0.));
#2739=DIRECTION('ref_axis',(0.,-1.,0.));
#2740=DIRECTION('center_axis',(1.,0.,0.));
#2741=DIRECTION('ref_axis',(0.,0.,-1.));
#2742=DIRECTION('',(0.,-0.707106781186548,0.707106781186548));
#2743=DIRECTION('center_axis',(1.,0.,0.));
#2744=DIRECTION('ref_axis',(0.,0.,-1.));
#2745=DIRECTION('center_axis',(1.,0.,0.));
#2746=DIRECTION('ref_axis',(0.,0.,-1.));
#2747=DIRECTION('center_axis',(1.,0.,0.));
#2748=DIRECTION('ref_axis',(0.,0.,-1.));
#2749=DIRECTION('center_axis',(1.,0.,0.));
#2750=DIRECTION('ref_axis',(0.,0.,-1.));
#2751=DIRECTION('center_axis',(1.,0.,0.));
#2752=DIRECTION('ref_axis',(0.,0.,-1.));
#2753=DIRECTION('center_axis',(1.,0.,0.));
#2754=DIRECTION('ref_axis',(0.,0.,-1.));
#2755=DIRECTION('center_axis',(0.,0.707106781186548,-0.707106781186548));
#2756=DIRECTION('ref_axis',(0.,0.707106781186547,0.707106781186547));
#2757=DIRECTION('',(0.,-0.707106781186548,-0.707106781186548));
#2758=DIRECTION('',(-1.,0.,0.));
#2759=DIRECTION('center_axis',(1.,0.,0.));
#2760=DIRECTION('ref_axis',(0.,0.,1.));
#2761=DIRECTION('center_axis',(-1.,0.,0.));
#2762=DIRECTION('ref_axis',(0.,0.,1.));
#2763=DIRECTION('',(-1.,0.,0.));
#2764=DIRECTION('center_axis',(1.,0.,0.));
#2765=DIRECTION('ref_axis',(0.,0.,-1.));
#2766=DIRECTION('center_axis',(1.,0.,0.));
#2767=DIRECTION('ref_axis',(0.,0.,1.));
#2768=DIRECTION('center_axis',(-1.,0.,0.));
#2769=DIRECTION('ref_axis',(0.,0.,1.));
#2770=DIRECTION('',(-1.,0.,0.));
#2771=DIRECTION('center_axis',(1.,0.,0.));
#2772=DIRECTION('ref_axis',(0.,0.,-1.));
#2773=DIRECTION('center_axis',(1.,0.,0.));
#2774=DIRECTION('ref_axis',(0.,0.,1.));
#2775=DIRECTION('center_axis',(-1.,0.,0.));
#2776=DIRECTION('ref_axis',(0.,0.,1.));
#2777=DIRECTION('',(-1.,0.,0.));
#2778=DIRECTION('center_axis',(1.,0.,0.));
#2779=DIRECTION('ref_axis',(0.,0.,-1.));
#2780=DIRECTION('center_axis',(1.,0.,0.));
#2781=DIRECTION('ref_axis',(0.,0.,1.));
#2782=DIRECTION('center_axis',(-1.,0.,0.));
#2783=DIRECTION('ref_axis',(0.,0.,1.));
#2784=DIRECTION('',(-1.,0.,0.));
#2785=DIRECTION('center_axis',(1.,0.,0.));
#2786=DIRECTION('ref_axis',(0.,0.,-1.));
#2787=DIRECTION('center_axis',(1.,0.,0.));
#2788=DIRECTION('ref_axis',(0.,0.,1.));
#2789=DIRECTION('',(-1.,0.,0.));
#2790=DIRECTION('center_axis',(1.,0.,0.));
#2791=DIRECTION('ref_axis',(0.,0.,-1.));
#2792=DIRECTION('center_axis',(1.,0.,0.));
#2793=DIRECTION('ref_axis',(0.,0.,1.));
#2794=DIRECTION('',(-1.,0.,0.));
#2795=DIRECTION('center_axis',(0.,0.707106781186548,0.707106781186548));
#2796=DIRECTION('ref_axis',(0.,-0.707106781186547,0.707106781186547));
#2797=DIRECTION('',(-1.,0.,0.));
#2798=DIRECTION('center_axis',(1.,0.,0.));
#2799=DIRECTION('ref_axis',(0.,-0.382683432365093,-0.923879532511286));
#2800=DIRECTION('center_axis',(1.,0.,0.));
#2801=DIRECTION('ref_axis',(0.,0.,1.));
#2802=DIRECTION('center_axis',(-1.,0.,0.));
#2803=DIRECTION('ref_axis',(0.,0.,-1.));
#2804=DIRECTION('center_axis',(1.,0.,0.));
#2805=DIRECTION('ref_axis',(0.,0.,1.));
#2806=DIRECTION('center_axis',(-1.,0.,0.));
#2807=DIRECTION('ref_axis',(0.,0.,1.));
#2808=DIRECTION('',(-1.,0.,0.));
#2809=DIRECTION('center_axis',(1.,0.,0.));
#2810=DIRECTION('ref_axis',(0.,0.,1.));
#2811=DIRECTION('center_axis',(-1.,0.,0.));
#2812=DIRECTION('ref_axis',(0.,0.,1.));
#2813=DIRECTION('',(-1.,0.,0.));
#2814=DIRECTION('center_axis',(1.,0.,0.));
#2815=DIRECTION('ref_axis',(0.,0.,1.));
#2816=DIRECTION('center_axis',(-1.,0.,0.));
#2817=DIRECTION('ref_axis',(0.,0.,1.));
#2818=DIRECTION('',(-1.,0.,0.));
#2819=DIRECTION('center_axis',(1.,0.,0.));
#2820=DIRECTION('ref_axis',(0.,0.,1.));
#2821=DIRECTION('',(-1.,0.,0.));
#2822=DIRECTION('center_axis',(1.,0.,0.));
#2823=DIRECTION('ref_axis',(0.,0.,1.));
#2824=DIRECTION('center_axis',(-1.,0.,0.));
#2825=DIRECTION('ref_axis',(0.,0.,1.));
#2826=DIRECTION('',(-1.,0.,0.));
#2827=DIRECTION('center_axis',(1.,0.,0.));
#2828=DIRECTION('ref_axis',(0.,1.,0.));
#2829=DIRECTION('center_axis',(-1.,0.,0.));
#2830=DIRECTION('ref_axis',(0.,0.,1.));
#2831=DIRECTION('center_axis',(-1.,0.,0.));
#2832=DIRECTION('ref_axis',(0.,0.707106781186548,-0.707106781186547));
#2833=DIRECTION('center_axis',(-1.,0.,0.));
#2834=DIRECTION('ref_axis',(0.,0.,1.));
#2835=DIRECTION('center_axis',(1.,0.,0.));
#2836=DIRECTION('ref_axis',(0.,1.,0.));
#2837=DIRECTION('center_axis',(1.,0.,0.));
#2838=DIRECTION('ref_axis',(0.,1.,0.));
#2839=DIRECTION('center_axis',(-1.,0.,0.));
#2840=DIRECTION('ref_axis',(0.,0.,1.));
#2841=DIRECTION('center_axis',(-1.,0.,0.));
#2842=DIRECTION('ref_axis',(0.,0.,-1.));
#2843=DIRECTION('',(1.,0.,0.));
#2844=DIRECTION('center_axis',(1.,0.,0.));
#2845=DIRECTION('ref_axis',(0.,1.,0.));
#2846=DIRECTION('center_axis',(-1.,0.,0.));
#2847=DIRECTION('ref_axis',(0.,0.,1.));
#2848=DIRECTION('center_axis',(-1.,0.,0.));
#2849=DIRECTION('ref_axis',(0.,0.,-1.));
#2850=DIRECTION('',(1.,0.,0.));
#2851=DIRECTION('center_axis',(1.,0.,0.));
#2852=DIRECTION('ref_axis',(0.,1.,0.));
#2853=DIRECTION('center_axis',(-1.,0.,0.));
#2854=DIRECTION('ref_axis',(0.,0.,1.));
#2855=DIRECTION('center_axis',(-1.,0.,0.));
#2856=DIRECTION('ref_axis',(0.,0.,-1.));
#2857=DIRECTION('',(1.,0.,0.));
#2858=DIRECTION('center_axis',(1.,0.,0.));
#2859=DIRECTION('ref_axis',(0.,1.,0.));
#2860=DIRECTION('center_axis',(-1.,0.,0.));
#2861=DIRECTION('ref_axis',(0.,0.,1.));
#2862=DIRECTION('center_axis',(-1.,0.,0.));
#2863=DIRECTION('ref_axis',(0.,0.,-1.));
#2864=DIRECTION('',(1.,0.,0.));
#2865=DIRECTION('center_axis',(1.,0.,0.));
#2866=DIRECTION('ref_axis',(0.,1.,0.));
#2867=DIRECTION('center_axis',(-1.,0.,0.));
#2868=DIRECTION('ref_axis',(0.,0.,1.));
#2869=DIRECTION('center_axis',(-1.,0.,0.));
#2870=DIRECTION('ref_axis',(0.,0.,-1.));
#2871=DIRECTION('',(1.,0.,0.));
#2872=DIRECTION('center_axis',(1.,0.,0.));
#2873=DIRECTION('ref_axis',(0.,1.,0.));
#2874=DIRECTION('center_axis',(-1.,0.,0.));
#2875=DIRECTION('ref_axis',(0.,0.,1.));
#2876=DIRECTION('center_axis',(-1.,0.,0.));
#2877=DIRECTION('ref_axis',(0.,0.,-1.));
#2878=DIRECTION('',(1.,0.,0.));
#2879=DIRECTION('center_axis',(1.,0.,0.));
#2880=DIRECTION('ref_axis',(0.,1.,0.));
#2881=DIRECTION('center_axis',(-1.,0.,0.));
#2882=DIRECTION('ref_axis',(0.,0.,1.));
#2883=DIRECTION('center_axis',(-1.,0.,0.));
#2884=DIRECTION('ref_axis',(0.,0.,-1.));
#2885=DIRECTION('',(1.,0.,0.));
#2886=DIRECTION('center_axis',(1.,0.,0.));
#2887=DIRECTION('ref_axis',(0.,1.,0.));
#2888=DIRECTION('center_axis',(-1.,0.,0.));
#2889=DIRECTION('ref_axis',(0.,0.,1.));
#2890=DIRECTION('center_axis',(-1.,0.,0.));
#2891=DIRECTION('ref_axis',(0.,0.,-1.));
#2892=DIRECTION('',(1.,0.,0.));
#2893=DIRECTION('center_axis',(-1.,0.,0.));
#2894=DIRECTION('ref_axis',(0.,0.,1.));
#2895=DIRECTION('center_axis',(-1.,0.,0.));
#2896=DIRECTION('ref_axis',(0.,0.,1.));
#2897=DIRECTION('center_axis',(0.,-1.,0.));
#2898=DIRECTION('ref_axis',(0.,0.,-1.));
#2899=DIRECTION('',(0.707106781186547,0.,0.707106781186548));
#2900=DIRECTION('center_axis',(0.,-1.,0.));
#2901=DIRECTION('ref_axis',(0.,0.,-1.));
#2902=DIRECTION('',(0.,0.,1.));
#2903=DIRECTION('center_axis',(0.,-1.,0.));
#2904=DIRECTION('ref_axis',(0.,0.,-1.));
#2905=DIRECTION('',(0.707106781186547,0.,-0.707106781186548));
#2906=DIRECTION('center_axis',(0.,-1.,0.));
#2907=DIRECTION('ref_axis',(0.,0.,-1.));
#2908=DIRECTION('',(-0.707106781186547,0.,0.707106781186548));
#2909=DIRECTION('',(0.,0.,1.));
#2910=DIRECTION('',(-0.707106781186547,0.,-0.707106781186548));
#2911=DIRECTION('center_axis',(-1.,0.,0.));
#2912=DIRECTION('ref_axis',(0.,1.,0.));
#2913=DIRECTION('',(0.,0.,1.));
#2914=DIRECTION('',(0.,-1.,0.));
#2915=DIRECTION('',(0.,-1.,0.));
#2916=DIRECTION('center_axis',(0.,-1.,0.));
#2917=DIRECTION('ref_axis',(0.,0.,-1.));
#2918=DIRECTION('',(0.707106781186547,0.,0.707106781186548));
#2919=DIRECTION('',(0.,0.,1.));
#2920=DIRECTION('',(0.707106781186547,0.,-0.707106781186548));
#2921=DIRECTION('center_axis',(0.,-1.,0.));
#2922=DIRECTION('ref_axis',(0.,0.,-1.));
#2923=DIRECTION('center_axis',(0.,-1.,0.));
#2924=DIRECTION('ref_axis',(0.,0.,-1.));
#2925=DIRECTION('center_axis',(-1.,0.,0.));
#2926=DIRECTION('ref_axis',(0.,1.,0.));
#2927=DIRECTION('',(0.,-1.,0.));
#2928=DIRECTION('',(0.,-1.,0.));
#2929=DIRECTION('',(0.,0.,-1.));
#2930=DIRECTION('center_axis',(0.707106781186548,0.707106781186548,0.));
#2931=DIRECTION('ref_axis',(0.,0.,1.));
#2932=DIRECTION('',(0.577350269189626,-0.577350269189626,-0.577350269189626));
#2933=DIRECTION('',(0.577350269189626,-0.577350269189626,0.577350269189626));
#2934=DIRECTION('center_axis',(0.,-1.,0.));
#2935=DIRECTION('ref_axis',(0.,0.,-1.));
#2936=DIRECTION('',(-0.707106781186547,0.,0.707106781186548));
#2937=DIRECTION('center_axis',(0.,-1.,0.));
#2938=DIRECTION('ref_axis',(0.,0.,-1.));
#2939=DIRECTION('',(0.,0.,1.));
#2940=DIRECTION('center_axis',(0.,-1.,0.));
#2941=DIRECTION('ref_axis',(0.,0.,-1.));
#2942=DIRECTION('',(-0.707106781186547,0.,-0.707106781186548));
#2943=DIRECTION('center_axis',(0.,-1.,0.));
#2944=DIRECTION('ref_axis',(0.,0.,-1.));
#2945=DIRECTION('',(0.,0.,1.));
#2946=DIRECTION('center_axis',(0.,-1.,0.));
#2947=DIRECTION('ref_axis',(0.,0.,-1.));
#2948=DIRECTION('',(-0.707106781186547,0.,0.707106781186548));
#2949=DIRECTION('',(0.,0.,1.));
#2950=DIRECTION('',(-0.707106781186547,0.,-0.707106781186548));
#2951=DIRECTION('center_axis',(0.,-1.,0.));
#2952=DIRECTION('ref_axis',(0.,0.,-1.));
#2953=DIRECTION('center_axis',(-1.,0.,0.));
#2954=DIRECTION('ref_axis',(0.,1.,0.));
#2955=DIRECTION('',(0.,1.,0.));
#2956=DIRECTION('',(0.,1.,0.));
#2957=DIRECTION('',(0.,1.34142134990007E-16,1.));
#2958=DIRECTION('center_axis',(-1.,0.,0.));
#2959=DIRECTION('ref_axis',(0.,1.,0.));
#2960=DIRECTION('',(0.,-1.,0.));
#2961=DIRECTION('',(0.,-1.,0.));
#2962=DIRECTION('center_axis',(-0.707106781186548,0.707106781186547,-9.48528132942751E-17));
#2963=DIRECTION('ref_axis',(-1.23259516440783E-32,-1.34142134990007E-16,
-1.));
#2964=DIRECTION('',(0.577350269189625,0.577350269189626,-0.577350269189626));
#2965=DIRECTION('',(0.577350269189625,0.577350269189626,0.577350269189626));
#2966=DIRECTION('center_axis',(0.707106781186548,0.,0.707106781186547));
#2967=DIRECTION('ref_axis',(0.,1.,0.));
#2968=DIRECTION('',(0.,-1.,0.));
#2969=DIRECTION('center_axis',(-0.707106781186548,0.,0.707106781186547));
#2970=DIRECTION('ref_axis',(0.,-1.,0.));
#2971=DIRECTION('',(0.,1.,0.));
#2972=DIRECTION('center_axis',(0.707106781186548,0.,0.707106781186547));
#2973=DIRECTION('ref_axis',(0.,1.,0.));
#2974=DIRECTION('',(0.,-1.,0.));
#2975=DIRECTION('center_axis',(-0.707106781186548,0.,0.707106781186547));
#2976=DIRECTION('ref_axis',(0.,-1.,0.));
#2977=DIRECTION('',(0.,1.,0.));
#2978=DIRECTION('center_axis',(0.,1.,0.));
#2979=DIRECTION('ref_axis',(-0.382683432365159,0.,-0.923879532511258));
#2980=DIRECTION('center_axis',(0.,1.,0.));
#2981=DIRECTION('ref_axis',(-0.382683432365159,0.,-0.923879532511258));
#2982=DIRECTION('center_axis',(0.,1.,0.));
#2983=DIRECTION('ref_axis',(0.,0.,1.));
#2984=DIRECTION('center_axis',(0.,1.,0.));
#2985=DIRECTION('ref_axis',(0.,0.,1.));
#2986=CARTESIAN_POINT('',(0.,0.,0.));
#2987=CARTESIAN_POINT('Origin',(-18.5,4.,-92.3699121204507));
#2988=CARTESIAN_POINT('',(-16.,9.,-92.3699121204507));
#2989=CARTESIAN_POINT('',(-16.,7.5355339059328,-95.9054460263834));
#2990=CARTESIAN_POINT('Origin',(-16.,4.,-92.3699121204507));
#2991=CARTESIAN_POINT('',(-18.5,9.,-92.3699121204507));
#2992=CARTESIAN_POINT('',(-18.5,9.,-92.3699121204507));
#2993=CARTESIAN_POINT('',(-18.5,7.5355339059328,-95.9054460263834));
#2994=CARTESIAN_POINT('Origin',(-18.5,4.,-92.3699121204507));
#2995=CARTESIAN_POINT('',(-18.5,7.5355339059328,-95.9054460263834));
#2996=CARTESIAN_POINT('Origin',(-18.5,-4.53553390593282,-107.976513838249));
#2997=CARTESIAN_POINT('',(-18.5,-4.53553390593282,-107.976513838249));
#2998=CARTESIAN_POINT('',(-18.5,2.3409902308839,-101.099989701432));
#2999=CARTESIAN_POINT('',(-16.,-4.53553390593282,-107.976513838249));
#3000=CARTESIAN_POINT('',(-18.5,-4.53553390593282,-107.976513838249));
#3001=CARTESIAN_POINT('',(-16.,-4.42677670422527,-107.867756636542));
#3002=CARTESIAN_POINT('Origin',(0.,4.,-92.3699121204507));
#3003=CARTESIAN_POINT('',(18.5,9.,-92.3699121204507));
#3004=CARTESIAN_POINT('',(18.5,7.5355339059328,-95.9054460263834));
#3005=CARTESIAN_POINT('Origin',(18.5,4.,-92.3699121204507));
#3006=CARTESIAN_POINT('',(16.,9.,-92.3699121204507));
#3007=CARTESIAN_POINT('',(0.,9.,-92.3699121204507));
#3008=CARTESIAN_POINT('',(16.,7.5355339059328,-95.9054460263834));
#3009=CARTESIAN_POINT('Origin',(16.,4.,-92.3699121204507));
#3010=CARTESIAN_POINT('',(0.,7.5355339059328,-95.9054460263834));
#3011=CARTESIAN_POINT('Origin',(18.5,8.99999996428552,-94.4409799680306));
#3012=CARTESIAN_POINT('',(16.,-4.53553390593282,-107.976513838249));
#3013=CARTESIAN_POINT('',(16.,2.3409902308839,-101.099989701432));
#3014=CARTESIAN_POINT('',(18.5,-4.53553390593282,-107.976513838249));
#3015=CARTESIAN_POINT('',(18.5,-4.53553390593282,-107.976513838249));
#3016=CARTESIAN_POINT('',(18.5,8.99999996428552,-94.4409799680306));
#3017=CARTESIAN_POINT('Origin',(-18.5,22.,-99.8257556936087));
#3018=CARTESIAN_POINT('',(-18.5,27.,-99.8257556936087));
#3019=CARTESIAN_POINT('',(-18.5,25.5355338813471,-103.361289624127));
#3020=CARTESIAN_POINT('Origin',(-18.5,22.,-99.8257556936087));
#3021=CARTESIAN_POINT('',(-16.,27.,-99.8257556936087));
#3022=CARTESIAN_POINT('',(-18.5,27.,-99.8257556936087));
#3023=CARTESIAN_POINT('',(-16.,25.5355338813471,-103.361289624127));
#3024=CARTESIAN_POINT('Origin',(-16.,22.,-99.8257556936087));
#3025=CARTESIAN_POINT('',(-18.5,25.5355338813471,-103.361289624127));
#3026=CARTESIAN_POINT('Origin',(-18.5,-5.10461384057998,-101.713057906673));
#3027=CARTESIAN_POINT('',(-18.5,13.4644661186529,-115.43235721894));
#3028=CARTESIAN_POINT('',(-18.5,12.2520208923479,-116.644802428383));
#3029=CARTESIAN_POINT('',(-18.5,12.,-118.967891149458));
#3030=CARTESIAN_POINT('Origin',(-18.5,16.9999999999999,-118.967891149458));
#3031=CARTESIAN_POINT('',(-18.5,12.,-132.713057906673));
#3032=CARTESIAN_POINT('',(-18.5,11.9999999999999,-117.213057906673));
#3033=CARTESIAN_POINT('',(-18.5,-6.00000000000004,-132.713057906673));
#3034=CARTESIAN_POINT('Origin',(-18.5,3.,-132.713057906673));
#3035=CARTESIAN_POINT('',(-18.5,-6.00000000000004,-111.512047744182));
#3036=CARTESIAN_POINT('',(-18.5,-6.00000000000004,-112.544533340767));
#3037=CARTESIAN_POINT('Origin',(-18.5,-0.999999999999965,-111.512047744182));
#3038=CARTESIAN_POINT('',(-18.5,9.,-86.5120477798961));
#3039=CARTESIAN_POINT('',(-18.5,9.,-99.2130579066727));
#3040=CARTESIAN_POINT('',(-18.5,7.53553390593275,-82.9765138739633));
#3041=CARTESIAN_POINT('Origin',(-18.5,4.,-86.5120477798961));
#3042=CARTESIAN_POINT('',(-18.5,1.63603896932107,-77.0770189373516));
#3043=CARTESIAN_POINT('',(-18.5,5.31801948466055,-80.7589994526911));
#3044=CARTESIAN_POINT('',(-18.5,14.3639610306789,-64.3490968759938));
#3045=CARTESIAN_POINT('Origin',(-18.5,8.,-70.7130579066727));
#3046=CARTESIAN_POINT('',(-18.5,25.5355339059328,-75.5206697512476));
#3047=CARTESIAN_POINT('',(-18.5,20.6819805153395,-70.6671163606543));
#3048=CARTESIAN_POINT('',(-18.5,27.,-79.0562036571803));
#3049=CARTESIAN_POINT('Origin',(-18.5,22.,-79.0562036571803));
#3050=CARTESIAN_POINT('',(-18.5,27.,-99.2130579066727));
#3051=CARTESIAN_POINT('',(-18.5,2.,-68.7130579066727));
#3052=CARTESIAN_POINT('Origin',(-18.5,2.,-70.7130579066727));
#3053=CARTESIAN_POINT('',(-18.5,8.,-62.7130579066727));
#3054=CARTESIAN_POINT('Origin',(-18.5,8.,-64.7130579066727));
#3055=CARTESIAN_POINT('',(-18.5,14.,-68.7130579066727));
#3056=CARTESIAN_POINT('Origin',(-18.5,14.,-70.7130579066727));
#3057=CARTESIAN_POINT('',(-18.5,-3.,-130.713057906673));
#3058=CARTESIAN_POINT('Origin',(-18.5,-3.,-132.713057906673));
#3059=CARTESIAN_POINT('',(-18.5,3.,-136.713057906673));
#3060=CARTESIAN_POINT('Origin',(-18.5,3.,-138.713057906673));
#3061=CARTESIAN_POINT('',(-18.5,9.,-130.713057906673));
#3062=CARTESIAN_POINT('Origin',(-18.5,9.,-132.713057906673));
#3063=CARTESIAN_POINT('',(-18.5,3.,-124.713057906673));
#3064=CARTESIAN_POINT('Origin',(-18.5,3.,-126.713057906673));
#3065=CARTESIAN_POINT('',(-18.5,8.,-74.7130579066727));
#3066=CARTESIAN_POINT('Origin',(-18.5,8.,-76.7130579066727));
#3067=CARTESIAN_POINT('',(-18.5,8.,-73.7130579066727));
#3068=CARTESIAN_POINT('Origin',(-18.5,8.,-70.7130579066727));
#3069=CARTESIAN_POINT('',(-18.5,3.,-135.713057906673));
#3070=CARTESIAN_POINT('Origin',(-18.5,3.,-132.713057906673));
#3071=CARTESIAN_POINT('Origin',(-18.5,27.,-99.2130579066727));
#3072=CARTESIAN_POINT('',(18.5,27.,-79.0562036571803));
#3073=CARTESIAN_POINT('',(-18.5,27.,-79.0562036571803));
#3074=CARTESIAN_POINT('',(18.5,27.,-99.8257556936087));
#3075=CARTESIAN_POINT('',(18.5,27.,-99.2130579066727));
#3076=CARTESIAN_POINT('',(16.,27.,-99.8257556936087));
#3077=CARTESIAN_POINT('',(0.,27.,-99.8257556936087));
#3078=CARTESIAN_POINT('',(16.,27.,-94.0575279012518));
#3079=CARTESIAN_POINT('',(16.,27.,-99.2130579066727));
#3080=CARTESIAN_POINT('',(13.5,27.,-91.1438385250197));
#3081=CARTESIAN_POINT('Ctrl Pts',(16.0000000000005,27.,-94.0575279012526));
#3082=CARTESIAN_POINT('Ctrl Pts',(14.7953988544449,27.,-92.6396362796634));
#3083=CARTESIAN_POINT('Ctrl Pts',(13.4999999999999,27.,-91.1438385250198));
#3084=CARTESIAN_POINT('',(-13.5,27.,-91.1438385250197));
#3085=CARTESIAN_POINT('',(-16.,27.,-91.1438385250197));
#3086=CARTESIAN_POINT('',(-16.,27.,-94.0575279012518));
#3087=CARTESIAN_POINT('Ctrl Pts',(-16.0000000000005,27.,-94.0575279012527));
#3088=CARTESIAN_POINT('Ctrl Pts',(-14.795398854445,27.,-92.6396362796634));
#3089=CARTESIAN_POINT('Ctrl Pts',(-13.4999999999999,27.,-91.1438385250198));
#3090=CARTESIAN_POINT('',(-16.,27.,-99.2130579066727));
#3091=CARTESIAN_POINT('Origin',(0.,22.,-99.8257556936087));
#3092=CARTESIAN_POINT('',(18.5,25.5355338813471,-103.361289624127));
#3093=CARTESIAN_POINT('Origin',(18.5,22.,-99.8257556936087));
#3094=CARTESIAN_POINT('',(16.,25.5355338813471,-103.361289624127));
#3095=CARTESIAN_POINT('',(0.,25.5355338813471,-103.361289624127));
#3096=CARTESIAN_POINT('Origin',(16.,22.,-99.8257556936087));
#3097=CARTESIAN_POINT('Origin',(18.5,-5.10461384057998,-101.713057906673));
#3098=CARTESIAN_POINT('',(18.5,25.5355339059328,-75.5206697512476));
#3099=CARTESIAN_POINT('Origin',(18.5,22.,-79.0562036571803));
#3100=CARTESIAN_POINT('',(18.5,14.3639610306789,-64.3490968759938));
#3101=CARTESIAN_POINT('',(18.5,20.6819805153395,-70.6671163606543));
#3102=CARTESIAN_POINT('',(18.5,1.63603896932107,-77.0770189373516));
#3103=CARTESIAN_POINT('Origin',(18.5,8.,-70.7130579066727));
#3104=CARTESIAN_POINT('',(18.5,7.53553390593275,-82.9765138739633));
#3105=CARTESIAN_POINT('',(18.5,5.31801948466055,-80.7589994526911));
#3106=CARTESIAN_POINT('',(18.5,9.,-86.5120477798961));
#3107=CARTESIAN_POINT('Origin',(18.5,4.,-86.5120477798961));
#3108=CARTESIAN_POINT('',(18.5,9.,-88.5120477798961));
#3109=CARTESIAN_POINT('',(18.5,9.,-99.2130579066727));
#3110=CARTESIAN_POINT('',(18.5,11.,-88.5120477798961));
#3111=CARTESIAN_POINT('',(18.5,-5.10461384057998,-88.5120477798961));
#3112=CARTESIAN_POINT('',(18.5,11.,-100.512047779896));
#3113=CARTESIAN_POINT('',(18.5,11.,-94.5120477798961));
#3114=CARTESIAN_POINT('',(18.5,9.,-100.512047779896));
#3115=CARTESIAN_POINT('',(18.5,11.,-100.512047779896));
#3116=CARTESIAN_POINT('',(18.5,9.,-106.395038422012));
#3117=CARTESIAN_POINT('',(18.5,-6.00000000000004,-111.512047744182));
#3118=CARTESIAN_POINT('Origin',(18.5,-0.999999999999965,-111.512047744182));
#3119=CARTESIAN_POINT('',(18.5,-6.00000000000004,-132.713057906673));
#3120=CARTESIAN_POINT('',(18.5,-6.00000000000004,-111.512047744182));
#3121=CARTESIAN_POINT('',(18.5,12.,-132.713057906673));
#3122=CARTESIAN_POINT('Origin',(18.5,3.,-132.713057906673));
#3123=CARTESIAN_POINT('',(18.5,12.,-118.967891149458));
#3124=CARTESIAN_POINT('',(18.5,11.9999999999999,-110.340474528066));
#3125=CARTESIAN_POINT('',(18.5,13.4644661186529,-115.43235721894));
#3126=CARTESIAN_POINT('Origin',(18.5,16.9999999999999,-118.967891149458));
#3127=CARTESIAN_POINT('',(18.5,19.0197878330214,-109.877035581833));
#3128=CARTESIAN_POINT('',(18.5,2.,-68.7130579066727));
#3129=CARTESIAN_POINT('Origin',(18.5,2.,-70.7130579066727));
#3130=CARTESIAN_POINT('',(18.5,8.,-62.7130579066727));
#3131=CARTESIAN_POINT('Origin',(18.5,8.,-64.7130579066727));
#3132=CARTESIAN_POINT('',(18.5,14.,-68.7130579066727));
#3133=CARTESIAN_POINT('Origin',(18.5,14.,-70.7130579066727));
#3134=CARTESIAN_POINT('',(18.5,-3.,-130.713057906673));
#3135=CARTESIAN_POINT('Origin',(18.5,-3.,-132.713057906673));
#3136=CARTESIAN_POINT('',(18.5,3.,-136.713057906673));
#3137=CARTESIAN_POINT('Origin',(18.5,3.,-138.713057906673));
#3138=CARTESIAN_POINT('',(18.5,9.,-130.713057906673));
#3139=CARTESIAN_POINT('Origin',(18.5,9.,-132.713057906673));
#3140=CARTESIAN_POINT('',(18.5,3.,-124.713057906673));
#3141=CARTESIAN_POINT('Origin',(18.5,3.,-126.713057906673));
#3142=CARTESIAN_POINT('',(18.5,8.,-74.7130579066727));
#3143=CARTESIAN_POINT('Origin',(18.5,8.,-76.7130579066727));
#3144=CARTESIAN_POINT('',(18.5,8.,-73.7130579066727));
#3145=CARTESIAN_POINT('Origin',(18.5,8.,-70.7130579066727));
#3146=CARTESIAN_POINT('',(18.5,3.,-135.713057906673));
#3147=CARTESIAN_POINT('Origin',(18.5,3.,-132.713057906673));
#3148=CARTESIAN_POINT('',(18.5,18.,-100.512047779896));
#3149=CARTESIAN_POINT('',(18.5,18.,-88.5120477798961));
#3150=CARTESIAN_POINT('',(18.5,18.,-94.5120477798961));
#3151=CARTESIAN_POINT('',(18.5,16.,-100.512047779896));
#3152=CARTESIAN_POINT('',(18.5,18.,-100.512047779896));
#3153=CARTESIAN_POINT('',(18.5,16.,-88.5120477798961));
#3154=CARTESIAN_POINT('',(18.5,16.,-94.5120477798961));
#3155=CARTESIAN_POINT('',(18.5,-5.10461384057998,-88.5120477798961));
#3156=CARTESIAN_POINT('Origin',(18.5,27.,-101.896823525842));
#3157=CARTESIAN_POINT('',(16.,13.4644661186529,-115.43235721894));
#3158=CARTESIAN_POINT('',(18.5,13.4644661186529,-115.43235721894));
#3159=CARTESIAN_POINT('',(16.,16.1709413213457,-112.725882053888));
#3160=CARTESIAN_POINT('Origin',(-18.5,12.,-132.713057906673));
#3161=CARTESIAN_POINT('',(-16.,12.,-118.967891149458));
#3162=CARTESIAN_POINT('',(-16.,12.,-127.304730993477));
#3163=CARTESIAN_POINT('',(-16.,12.,-126.963057906673));
#3164=CARTESIAN_POINT('',(-14.5,12.,-132.713057906673));
#3165=CARTESIAN_POINT('Ctrl Pts',(-16.0000000000016,12.,-127.304730993474));
#3166=CARTESIAN_POINT('Ctrl Pts',(-14.5,12.,-130.216907023658));
#3167=CARTESIAN_POINT('Ctrl Pts',(-14.5,12.,-132.713057906673));
#3168=CARTESIAN_POINT('',(-18.5,12.,-132.713057906673));
#3169=CARTESIAN_POINT('',(-18.5,12.,-118.967891149458));
#3170=CARTESIAN_POINT('Origin',(-18.5,13.4644661186529,-115.43235721894));
#3171=CARTESIAN_POINT('',(-16.,13.4644661186529,-115.43235721894));
#3172=CARTESIAN_POINT('',(-16.,9.40317438067209,-119.493648900437));
#3173=CARTESIAN_POINT('',(-18.5,13.4644661186529,-115.43235721894));
#3174=CARTESIAN_POINT('Origin',(-18.5,16.9999999999999,-118.967891149458));
#3175=CARTESIAN_POINT('Origin',(-16.,16.9999999999999,-118.967891149458));
#3176=CARTESIAN_POINT('Origin',(-14.5,3.,-132.713057906673));
#3177=CARTESIAN_POINT('',(-16.,0.460303604515688,-122.524832240799));
#3178=CARTESIAN_POINT('Origin',(-16.,3.,-132.713057906673));
#3179=CARTESIAN_POINT('',(-14.5,-3.36396103067892,-126.349096875994));
#3180=CARTESIAN_POINT('Ctrl Pts',(-16.0000000000016,0.460303604517094,-122.524832240797));
#3181=CARTESIAN_POINT('Ctrl Pts',(-14.5000000000004,-1.59891581443486,-124.584051659749));
#3182=CARTESIAN_POINT('Ctrl Pts',(-14.5000000000004,-3.3639610306792,-126.349096875994));
#3183=CARTESIAN_POINT('Origin',(-14.5,3.,-132.713057906673));
#3184=CARTESIAN_POINT('Origin',(-18.5,-0.999999999999965,-111.512047744182));
#3185=CARTESIAN_POINT('',(-16.,-6.00000000000004,-111.512047744182));
#3186=CARTESIAN_POINT('Origin',(-16.,-0.999999999999965,-111.512047744182));
#3187=CARTESIAN_POINT('',(-18.5,-6.00000000000004,-111.512047744182));
#3188=CARTESIAN_POINT('Origin',(-18.5,-6.00000000000004,-132.713057906673));
#3189=CARTESIAN_POINT('',(-16.,-6.00000000000004,-132.713057906673));
#3190=CARTESIAN_POINT('',(-16.,-6.00000000000004,-123.145038422012));
#3191=CARTESIAN_POINT('',(-18.5,-6.00000000000004,-132.713057906673));
#3192=CARTESIAN_POINT('Origin',(-18.5,3.,-132.713057906673));
#3193=CARTESIAN_POINT('Origin',(-14.5,3.,-132.713057906673));
#3194=CARTESIAN_POINT('',(-16.,-3.36396103067889,-126.349096875994));
#3195=CARTESIAN_POINT('',(-18.5,-3.36396103067892,-126.349096875994));
#3196=CARTESIAN_POINT('Origin',(-16.,3.,-132.713057906673));
#3197=CARTESIAN_POINT('Origin',(-18.5,2.81801948466055,-120.167116360654));
#3198=CARTESIAN_POINT('',(-16.,4.13603896932097,-118.849096875994));
#3199=CARTESIAN_POINT('Origin',(18.5,12.,-118.967891149458));
#3200=CARTESIAN_POINT('',(14.5,12.,-132.713057906673));
#3201=CARTESIAN_POINT('',(16.,12.,-127.304730993477));
#3202=CARTESIAN_POINT('Ctrl Pts',(14.5,12.,-132.713057906673));
#3203=CARTESIAN_POINT('Ctrl Pts',(14.5,12.,-130.216907023658));
#3204=CARTESIAN_POINT('Ctrl Pts',(16.0000000000016,12.,-127.304730993474));
#3205=CARTESIAN_POINT('',(16.,12.,-118.967891149458));
#3206=CARTESIAN_POINT('',(16.,12.,-120.090474528066));
#3207=CARTESIAN_POINT('',(18.5,12.,-118.967891149458));
#3208=CARTESIAN_POINT('',(18.5,12.,-132.713057906673));
#3209=CARTESIAN_POINT('Origin',(18.5,16.9999999999999,-118.967891149458));
#3210=CARTESIAN_POINT('Origin',(16.,16.9999999999999,-118.967891149458));
#3211=CARTESIAN_POINT('Origin',(14.5,3.,-132.713057906673));
#3212=CARTESIAN_POINT('',(14.5,-3.36396103067892,-126.349096875994));
#3213=CARTESIAN_POINT('Origin',(14.5,3.,-132.713057906673));
#3214=CARTESIAN_POINT('',(16.,0.460303604515688,-122.524832240799));
#3215=CARTESIAN_POINT('Ctrl Pts',(16.0000000000016,0.460303604517099,-122.524832240797));
#3216=CARTESIAN_POINT('Ctrl Pts',(14.5000000000004,-1.59891581443484,-124.584051659749));
#3217=CARTESIAN_POINT('Ctrl Pts',(14.5000000000004,-3.36396103067918,-126.349096875994));
#3218=CARTESIAN_POINT('Origin',(16.,3.,-132.713057906673));
#3219=CARTESIAN_POINT('Origin',(18.5,-6.00000000000004,-111.512047744182));
#3220=CARTESIAN_POINT('',(16.,-6.00000000000004,-132.713057906673));
#3221=CARTESIAN_POINT('',(16.,-6.00000000000004,-111.512047744182));
#3222=CARTESIAN_POINT('',(16.,-6.00000000000004,-112.544533340767));
#3223=CARTESIAN_POINT('',(18.5,-6.00000000000004,-132.713057906673));
#3224=CARTESIAN_POINT('',(18.5,-6.00000000000004,-111.512047744182));
#3225=CARTESIAN_POINT('Origin',(18.5,-0.999999999999965,-111.512047744182));
#3226=CARTESIAN_POINT('Origin',(16.,-0.999999999999965,-111.512047744182));
#3227=CARTESIAN_POINT('Origin',(-18.5,9.,-99.2130579066727));
#3228=CARTESIAN_POINT('',(-16.,9.,-87.6103972312757));
#3229=CARTESIAN_POINT('',(-16.,9.,-99.2130579066727));
#3230=CARTESIAN_POINT('',(-14.9110170025733,9.,-86.5120477798961));
#3231=CARTESIAN_POINT('Ctrl Pts',(-14.9110170025733,9.,-86.512047779896));
#3232=CARTESIAN_POINT('Ctrl Pts',(-15.274048286451,9.,-86.8781276181008));
#3233=CARTESIAN_POINT('Ctrl Pts',(-15.6370435109763,9.,-87.2442432172269));
#3234=CARTESIAN_POINT('Ctrl Pts',(-16.,9.,-87.6103972312757));
#3235=CARTESIAN_POINT('',(18.5,9.,-86.5120477798961));
#3236=CARTESIAN_POINT('Origin',(-14.5,-5.10461384057998,-101.713057906673));
#3237=CARTESIAN_POINT('',(-14.5,14.3639610306789,-64.3490968759938));
#3238=CARTESIAN_POINT('',(-14.5,19.4260752135081,-69.4112110588229));
#3239=CARTESIAN_POINT('',(-14.5,20.6819805153395,-70.6671163606543));
#3240=CARTESIAN_POINT('',(-14.5,1.63603896932107,-77.0770189373516));
#3241=CARTESIAN_POINT('Origin',(-14.5,8.,-70.7130579066727));
#3242=CARTESIAN_POINT('',(-14.5,6.69815315215021,-82.1391331201808));
#3243=CARTESIAN_POINT('',(-14.5,5.31801948466055,-80.7589994526911));
#3244=CARTESIAN_POINT('Origin',(-14.5,8.,-70.7130579066727));
#3245=CARTESIAN_POINT('',(-14.5,2.,-71.7130579066727));
#3246=CARTESIAN_POINT('Origin',(-14.5,2.,-70.7130579066727));
#3247=CARTESIAN_POINT('',(-14.5,8.,-65.7130579066727));
#3248=CARTESIAN_POINT('Origin',(-14.5,8.,-64.7130579066727));
#3249=CARTESIAN_POINT('',(-14.5,14.,-71.7130579066727));
#3250=CARTESIAN_POINT('Origin',(-14.5,14.,-70.7130579066727));
#3251=CARTESIAN_POINT('',(-14.5,8.,-77.7130579066727));
#3252=CARTESIAN_POINT('Origin',(-14.5,8.,-76.7130579066727));
#3253=CARTESIAN_POINT('',(-14.5,8.,-73.7130579066727));
#3254=CARTESIAN_POINT('Origin',(-14.5,8.,-70.7130579066727));
#3255=CARTESIAN_POINT('Origin',(-18.5,-3.,-132.713057906673));
#3256=CARTESIAN_POINT('',(-17.5,-3.,-133.713057906673));
#3257=CARTESIAN_POINT('Origin',(-17.5,-3.,-132.713057906673));
#3258=CARTESIAN_POINT('',(-14.5,-3.,-133.713057906673));
#3259=CARTESIAN_POINT('',(-18.5,-3.,-133.713057906673));
#3260=CARTESIAN_POINT('Origin',(-14.5,-3.,-132.713057906673));
#3261=CARTESIAN_POINT('Origin',(-18.5,3.,-138.713057906673));
#3262=CARTESIAN_POINT('',(-17.5,3.,-139.713057906673));
#3263=CARTESIAN_POINT('Origin',(-17.5,3.,-138.713057906673));
#3264=CARTESIAN_POINT('',(-14.5,3.,-139.713057906673));
#3265=CARTESIAN_POINT('',(-18.5,3.,-139.713057906673));
#3266=CARTESIAN_POINT('Origin',(-14.5,3.,-138.713057906673));
#3267=CARTESIAN_POINT('Origin',(-18.5,9.,-132.713057906673));
#3268=CARTESIAN_POINT('',(-17.5,9.,-133.713057906673));
#3269=CARTESIAN_POINT('Origin',(-17.5,9.,-132.713057906673));
#3270=CARTESIAN_POINT('',(-14.5,9.,-133.713057906673));
#3271=CARTESIAN_POINT('',(-18.5,9.,-133.713057906673));
#3272=CARTESIAN_POINT('Origin',(-14.5,9.,-132.713057906673));
#3273=CARTESIAN_POINT('Origin',(-18.5,3.,-126.713057906673));
#3274=CARTESIAN_POINT('',(-17.5,3.,-127.713057906673));
#3275=CARTESIAN_POINT('Origin',(-17.5,3.,-126.713057906673));
#3276=CARTESIAN_POINT('',(-14.5,3.,-127.713057906673));
#3277=CARTESIAN_POINT('',(-18.5,3.,-127.713057906673));
#3278=CARTESIAN_POINT('Origin',(-14.5,3.,-126.713057906673));
#3279=CARTESIAN_POINT('Origin',(-18.5,3.,-132.713057906673));
#3280=CARTESIAN_POINT('',(-14.5,3.,-135.713057906673));
#3281=CARTESIAN_POINT('',(-18.5,3.,-135.713057906673));
#3282=CARTESIAN_POINT('Origin',(-14.5,3.,-132.713057906673));
#3283=CARTESIAN_POINT('Origin',(-18.5,20.6819805153395,-70.6671163606543));
#3284=CARTESIAN_POINT('',(-18.5,14.3639610306789,-64.3490968759938));
#3285=CARTESIAN_POINT('',(-12.,21.9468364747305,-71.9319723200453));
#3286=CARTESIAN_POINT('Ctrl Pts',(-12.,21.9468364747305,-71.9319723200453));
#3287=CARTESIAN_POINT('Ctrl Pts',(-13.4991857778854,20.562889115628,-70.5480249609428));
#3288=CARTESIAN_POINT('Ctrl Pts',(-14.5,19.4260752135081,-69.4112110588229));
#3289=CARTESIAN_POINT('',(12.,21.9468364747305,-71.9319723200453));
#3290=CARTESIAN_POINT('',(0.00200000000000027,21.9468364747305,-71.9319723200453));
#3291=CARTESIAN_POINT('',(14.5,19.4260752135081,-69.4112110588229));
#3292=CARTESIAN_POINT('Ctrl Pts',(12.,21.9468364747305,-71.9319723200453));
#3293=CARTESIAN_POINT('Ctrl Pts',(13.4991857778855,20.562889115628,-70.5480249609428));
#3294=CARTESIAN_POINT('Ctrl Pts',(14.5,19.4260752135081,-69.4112110588229));
#3295=CARTESIAN_POINT('',(14.5,14.3639610306789,-64.3490968759938));
#3296=CARTESIAN_POINT('',(14.5,20.6819805153395,-70.6671163606543));
#3297=CARTESIAN_POINT('',(18.5,14.3639610306789,-64.3490968759938));
#3298=CARTESIAN_POINT('',(-18.5,25.5355339059328,-75.5206697512476));
#3299=CARTESIAN_POINT('Origin',(-18.5,8.,-70.7130579066727));
#3300=CARTESIAN_POINT('',(-18.5,1.63603896932107,-77.0770189373516));
#3301=CARTESIAN_POINT('Origin',(-18.5,5.31801948466055,-80.7589994526911));
#3302=CARTESIAN_POINT('',(-13.7277515909156,7.5355339059354,-82.976513873966));
#3303=CARTESIAN_POINT('Ctrl Pts',(-14.4999999999887,6.69815315216309,-82.1391331201936));
#3304=CARTESIAN_POINT('Ctrl Pts',(-14.1433726488719,7.1032422502861,-82.5442222183166));
#3305=CARTESIAN_POINT('Ctrl Pts',(-13.727751590915,7.53553390593592,-82.9765138739665));
#3306=CARTESIAN_POINT('',(-16.1138757954578,7.53553390593275,-82.9765138739633));
#3307=CARTESIAN_POINT('Origin',(-18.5,9.,-99.2130579066727));
#3308=CARTESIAN_POINT('',(21.5,9.,-97.5120477798961));
#3309=CARTESIAN_POINT('',(18.5,9.,-100.512047779896));
#3310=CARTESIAN_POINT('',(21.5,9.,-91.5120477798961));
#3311=CARTESIAN_POINT('',(21.5,9.,-96.5120477798961));
#3312=CARTESIAN_POINT('',(22.5,9.,-92.5120477798961));
#3313=CARTESIAN_POINT('',(14.9110170025733,9.,-86.5120477798961));
#3314=CARTESIAN_POINT('',(18.5,9.,-86.5120477798961));
#3315=CARTESIAN_POINT('',(16.,9.,-87.6103972312757));
#3316=CARTESIAN_POINT('Ctrl Pts',(14.9110170025733,9.,-86.512047779896));
#3317=CARTESIAN_POINT('Ctrl Pts',(15.274048286451,9.,-86.8781276181008));
#3318=CARTESIAN_POINT('Ctrl Pts',(15.6370435109763,9.,-87.2442432172269));
#3319=CARTESIAN_POINT('Ctrl Pts',(16.,9.,-87.6103972312757));
#3320=CARTESIAN_POINT('',(16.,9.,-99.2130579066727));
#3321=CARTESIAN_POINT('Origin',(-18.5,8.,-64.7130579066727));
#3322=CARTESIAN_POINT('',(-17.5,8.,-65.7130579066727));
#3323=CARTESIAN_POINT('Origin',(-17.5,8.,-64.7130579066727));
#3324=CARTESIAN_POINT('',(-18.5,8.,-65.7130579066727));
#3325=CARTESIAN_POINT('Origin',(-18.5,14.,-70.7130579066727));
#3326=CARTESIAN_POINT('',(-17.5,14.,-71.7130579066727));
#3327=CARTESIAN_POINT('Origin',(-17.5,14.,-70.7130579066727));
#3328=CARTESIAN_POINT('',(-18.5,14.,-71.7130579066727));
#3329=CARTESIAN_POINT('Origin',(-18.5,8.,-76.7130579066727));
#3330=CARTESIAN_POINT('',(-17.5,8.,-77.7130579066727));
#3331=CARTESIAN_POINT('Origin',(-17.5,8.,-76.7130579066727));
#3332=CARTESIAN_POINT('',(-18.5,8.,-77.7130579066727));
#3333=CARTESIAN_POINT('Origin',(-18.5,8.,-70.7130579066727));
#3334=CARTESIAN_POINT('',(-18.5,8.,-73.7130579066727));
#3335=CARTESIAN_POINT('Origin',(-18.5,2.,-70.7130579066727));
#3336=CARTESIAN_POINT('',(-17.5,2.,-71.7130579066727));
#3337=CARTESIAN_POINT('Origin',(-17.5,2.,-70.7130579066727));
#3338=CARTESIAN_POINT('',(-18.5,2.,-71.7130579066727));
#3339=CARTESIAN_POINT('Origin',(-16.,3.,-132.713057906673));
#3340=CARTESIAN_POINT('',(13.5,8.78541877206935,-85.0629904394404));
#3341=CARTESIAN_POINT('Origin',(13.5,3.,-132.713057906673));
#3342=CARTESIAN_POINT('',(-13.5,8.78541877206935,-85.0629904394404));
#3343=CARTESIAN_POINT('',(-13.5,8.78541877206937,-85.0629904394403));
#3344=CARTESIAN_POINT('Origin',(-13.5,3.,-132.713057906673));
#3345=CARTESIAN_POINT('Origin',(-16.,3.,-121.213057906673));
#3346=CARTESIAN_POINT('Origin',(-16.,3.,-132.713057906673));
#3347=CARTESIAN_POINT('Origin',(0.00200000000000027,8.,-70.7130579066727));
#3348=CARTESIAN_POINT('',(12.,8.65913466594221,-84.6975329233529));
#3349=CARTESIAN_POINT('Origin',(12.,8.,-70.7130579066727));
#3350=CARTESIAN_POINT('',(-12.,8.65913466594221,-84.6975329233529));
#3351=CARTESIAN_POINT('Origin',(-12.,8.,-70.7130579066727));
#3352=CARTESIAN_POINT('',(12.,8.65913466594221,-84.6975329233529));
#3353=CARTESIAN_POINT('Origin',(-14.5,8.,-70.7130579066727));
#3354=CARTESIAN_POINT('Ctrl Pts',(-12.,8.65913466594217,-84.6975329233529));
#3355=CARTESIAN_POINT('Ctrl Pts',(-12.0479475824315,8.64077756366948,-84.6503973425907));
#3356=CARTESIAN_POINT('Ctrl Pts',(-12.0957604272211,8.62165229444489,-84.603405086476));
#3357=CARTESIAN_POINT('Ctrl Pts',(-12.6947420408793,8.37150381252563,-84.0147314803114));
#3358=CARTESIAN_POINT('Ctrl Pts',(-13.2221282134488,8.03626911138808,-83.4983245011743));
#3359=CARTESIAN_POINT('Ctrl Pts',(-13.6764224545172,7.5881986694482,-83.0297811188212));
#3360=CARTESIAN_POINT('Ctrl Pts',(-13.7021377202013,7.56217515128766,-83.0031551193183));
#3361=CARTESIAN_POINT('Ctrl Pts',(-13.7277515909155,7.53553390593535,-82.976513873966));
#3362=CARTESIAN_POINT('Origin',(-16.,3.,-132.713057906673));
#3363=CARTESIAN_POINT('Ctrl Pts',(-14.9110170025731,9.,-86.5120477798962));
#3364=CARTESIAN_POINT('Ctrl Pts',(-14.4717564805959,9.00000000000001,-86.0690985687495));
#3365=CARTESIAN_POINT('Ctrl Pts',(-14.0222375806199,8.94006615171709,-85.6079989605698));
#3366=CARTESIAN_POINT('Ctrl Pts',(-13.5586309613304,8.80365419072969,-85.1242712540558));
#3367=CARTESIAN_POINT('Ctrl Pts',(-13.5292777351892,8.79469024324651,-85.0936088773575));
#3368=CARTESIAN_POINT('Ctrl Pts',(-13.4999999999999,8.78541877206917,-85.0629904394406));
#3369=CARTESIAN_POINT('Origin',(-14.5,10.5,-114.661727568974));
#3370=CARTESIAN_POINT('Origin',(310.758653848261,8.,-76.7130579066727));
#3371=CARTESIAN_POINT('',(-17.5,8.,-74.7130579066727));
#3372=CARTESIAN_POINT('Origin',(-17.5,8.,-76.7130579066727));
#3373=CARTESIAN_POINT('',(310.758653848261,8.,-74.7130579066727));
#3374=CARTESIAN_POINT('Origin',(-17.5,10.5,-114.661727568974));
#3375=CARTESIAN_POINT('Origin',(310.758653848261,3.,-126.713057906673));
#3376=CARTESIAN_POINT('',(-17.5,3.,-124.713057906673));
#3377=CARTESIAN_POINT('Origin',(-17.5,3.,-126.713057906673));
#3378=CARTESIAN_POINT('',(310.758653848261,3.,-124.713057906673));
#3379=CARTESIAN_POINT('Origin',(-17.5,10.5,-114.661727568974));
#3380=CARTESIAN_POINT('Origin',(310.758653848261,9.,-132.713057906673));
#3381=CARTESIAN_POINT('',(-17.5,9.,-130.713057906673));
#3382=CARTESIAN_POINT('Origin',(-17.5,9.,-132.713057906673));
#3383=CARTESIAN_POINT('',(310.758653848261,9.,-130.713057906673));
#3384=CARTESIAN_POINT('Origin',(-17.5,10.5,-114.661727568974));
#3385=CARTESIAN_POINT('Origin',(310.758653848261,3.,-138.713057906673));
#3386=CARTESIAN_POINT('',(-17.5,3.,-136.713057906673));
#3387=CARTESIAN_POINT('Origin',(-17.5,3.,-138.713057906673));
#3388=CARTESIAN_POINT('',(310.758653848261,3.,-136.713057906673));
#3389=CARTESIAN_POINT('Origin',(-17.5,10.5,-114.661727568974));
#3390=CARTESIAN_POINT('Origin',(310.758653848261,-3.,-132.713057906673));
#3391=CARTESIAN_POINT('',(-17.5,-3.,-130.713057906673));
#3392=CARTESIAN_POINT('Origin',(-17.5,-3.,-132.713057906673));
#3393=CARTESIAN_POINT('',(310.758653848261,-3.,-130.713057906673));
#3394=CARTESIAN_POINT('Origin',(-17.5,10.5,-114.661727568974));
#3395=CARTESIAN_POINT('Origin',(310.758653848261,14.,-70.7130579066727));
#3396=CARTESIAN_POINT('',(-17.5,14.,-68.7130579066727));
#3397=CARTESIAN_POINT('Origin',(-17.5,14.,-70.7130579066727));
#3398=CARTESIAN_POINT('',(310.758653848261,14.,-68.7130579066727));
#3399=CARTESIAN_POINT('Origin',(-17.5,10.5,-114.661727568974));
#3400=CARTESIAN_POINT('Origin',(310.758653848261,8.,-64.7130579066727));
#3401=CARTESIAN_POINT('',(-17.5,8.,-62.7130579066727));
#3402=CARTESIAN_POINT('Origin',(-17.5,8.,-64.7130579066727));
#3403=CARTESIAN_POINT('',(310.758653848261,8.,-62.7130579066727));
#3404=CARTESIAN_POINT('Origin',(-17.5,10.5,-114.661727568974));
#3405=CARTESIAN_POINT('Origin',(310.758653848261,2.,-70.7130579066727));
#3406=CARTESIAN_POINT('',(-17.5,2.,-68.7130579066727));
#3407=CARTESIAN_POINT('Origin',(-17.5,2.,-70.7130579066727));
#3408=CARTESIAN_POINT('',(310.758653848261,2.,-68.7130579066727));
#3409=CARTESIAN_POINT('Origin',(-17.5,10.5,-114.661727568974));
#3410=CARTESIAN_POINT('Origin',(14.5,-5.10461384057998,-101.713057906673));
#3411=CARTESIAN_POINT('',(14.5,6.69815315215021,-82.1391331201808));
#3412=CARTESIAN_POINT('Origin',(14.5,8.,-70.7130579066727));
#3413=CARTESIAN_POINT('',(14.5,1.63603896932107,-77.0770189373516));
#3414=CARTESIAN_POINT('',(14.5,5.31801948466055,-80.7589994526911));
#3415=CARTESIAN_POINT('Origin',(14.5,8.,-70.7130579066727));
#3416=CARTESIAN_POINT('',(14.5,2.,-71.7130579066727));
#3417=CARTESIAN_POINT('Origin',(14.5,2.,-70.7130579066727));
#3418=CARTESIAN_POINT('',(14.5,8.,-65.7130579066727));
#3419=CARTESIAN_POINT('Origin',(14.5,8.,-64.7130579066727));
#3420=CARTESIAN_POINT('',(14.5,14.,-71.7130579066727));
#3421=CARTESIAN_POINT('Origin',(14.5,14.,-70.7130579066727));
#3422=CARTESIAN_POINT('',(14.5,8.,-77.7130579066727));
#3423=CARTESIAN_POINT('Origin',(14.5,8.,-76.7130579066727));
#3424=CARTESIAN_POINT('',(14.5,8.,-73.7130579066727));
#3425=CARTESIAN_POINT('Origin',(14.5,8.,-70.7130579066727));
#3426=CARTESIAN_POINT('Origin',(18.5,2.81801948466055,-120.167116360654));
#3427=CARTESIAN_POINT('',(16.,-3.36396103067889,-126.349096875994));
#3428=CARTESIAN_POINT('',(16.,4.13603896932097,-118.849096875994));
#3429=CARTESIAN_POINT('',(18.5,-3.36396103067892,-126.349096875994));
#3430=CARTESIAN_POINT('Origin',(18.5,-3.,-132.713057906673));
#3431=CARTESIAN_POINT('',(17.5,-3.,-133.713057906673));
#3432=CARTESIAN_POINT('Origin',(17.5,-3.,-132.713057906673));
#3433=CARTESIAN_POINT('',(14.5,-3.,-133.713057906673));
#3434=CARTESIAN_POINT('',(18.5,-3.,-133.713057906673));
#3435=CARTESIAN_POINT('Origin',(14.5,-3.,-132.713057906673));
#3436=CARTESIAN_POINT('Origin',(18.5,3.,-138.713057906673));
#3437=CARTESIAN_POINT('',(17.5,3.,-139.713057906673));
#3438=CARTESIAN_POINT('Origin',(17.5,3.,-138.713057906673));
#3439=CARTESIAN_POINT('',(14.5,3.,-139.713057906673));
#3440=CARTESIAN_POINT('',(18.5,3.,-139.713057906673));
#3441=CARTESIAN_POINT('Origin',(14.5,3.,-138.713057906673));
#3442=CARTESIAN_POINT('Origin',(18.5,9.,-132.713057906673));
#3443=CARTESIAN_POINT('',(17.5,9.,-133.713057906673));
#3444=CARTESIAN_POINT('Origin',(17.5,9.,-132.713057906673));
#3445=CARTESIAN_POINT('',(14.5,9.,-133.713057906673));
#3446=CARTESIAN_POINT('',(18.5,9.,-133.713057906673));
#3447=CARTESIAN_POINT('Origin',(14.5,9.,-132.713057906673));
#3448=CARTESIAN_POINT('Origin',(18.5,3.,-126.713057906673));
#3449=CARTESIAN_POINT('',(17.5,3.,-127.713057906673));
#3450=CARTESIAN_POINT('Origin',(17.5,3.,-126.713057906673));
#3451=CARTESIAN_POINT('',(14.5,3.,-127.713057906673));
#3452=CARTESIAN_POINT('',(18.5,3.,-127.713057906673));
#3453=CARTESIAN_POINT('Origin',(14.5,3.,-126.713057906673));
#3454=CARTESIAN_POINT('Origin',(18.5,3.,-132.713057906673));
#3455=CARTESIAN_POINT('',(14.5,3.,-135.713057906673));
#3456=CARTESIAN_POINT('',(18.5,3.,-135.713057906673));
#3457=CARTESIAN_POINT('Origin',(14.5,3.,-132.713057906673));
#3458=CARTESIAN_POINT('Origin',(18.5,8.,-70.7130579066727));
#3459=CARTESIAN_POINT('',(18.5,1.63603896932107,-77.0770189373516));
#3460=CARTESIAN_POINT('Origin',(18.5,5.31801948466055,-80.7589994526911));
#3461=CARTESIAN_POINT('',(13.7277515909181,7.53553390593277,-82.9765138739634));
#3462=CARTESIAN_POINT('Ctrl Pts',(14.4999999999887,6.6981531521631,-82.1391331201937));
#3463=CARTESIAN_POINT('Ctrl Pts',(14.143372648873,7.1032422502849,-82.5442222183155));
#3464=CARTESIAN_POINT('Ctrl Pts',(13.7277515909175,7.53553390593334,-82.9765138739639));
#3465=CARTESIAN_POINT('',(12.2357040091868,7.53553390593275,-82.9765138739633));
#3466=CARTESIAN_POINT('Origin',(18.5,3.,-132.713057906673));
#3467=CARTESIAN_POINT('Origin',(16.,3.,-132.713057906673));
#3468=CARTESIAN_POINT('Origin',(14.5,3.,-132.713057906673));
#3469=CARTESIAN_POINT('Origin',(18.5,8.,-64.7130579066727));
#3470=CARTESIAN_POINT('',(17.5,8.,-65.7130579066727));
#3471=CARTESIAN_POINT('Origin',(17.5,8.,-64.7130579066727));
#3472=CARTESIAN_POINT('',(18.5,8.,-65.7130579066727));
#3473=CARTESIAN_POINT('Origin',(18.5,14.,-70.7130579066727));
#3474=CARTESIAN_POINT('',(17.5,14.,-71.7130579066727));
#3475=CARTESIAN_POINT('Origin',(17.5,14.,-70.7130579066727));
#3476=CARTESIAN_POINT('',(18.5,14.,-71.7130579066727));
#3477=CARTESIAN_POINT('Origin',(18.5,8.,-76.7130579066727));
#3478=CARTESIAN_POINT('',(17.5,8.,-77.7130579066727));
#3479=CARTESIAN_POINT('Origin',(17.5,8.,-76.7130579066727));
#3480=CARTESIAN_POINT('',(18.5,8.,-77.7130579066727));
#3481=CARTESIAN_POINT('Origin',(18.5,8.,-70.7130579066727));
#3482=CARTESIAN_POINT('',(18.5,8.,-73.7130579066727));
#3483=CARTESIAN_POINT('Origin',(18.5,2.,-70.7130579066727));
#3484=CARTESIAN_POINT('',(17.5,2.,-71.7130579066727));
#3485=CARTESIAN_POINT('Origin',(17.5,2.,-70.7130579066727));
#3486=CARTESIAN_POINT('',(18.5,2.,-71.7130579066727));
#3487=CARTESIAN_POINT('Origin',(16.,3.,-121.213057906673));
#3488=CARTESIAN_POINT('Origin',(16.,3.,-132.713057906673));
#3489=CARTESIAN_POINT('Origin',(14.5,8.,-70.7130579066727));
#3490=CARTESIAN_POINT('Ctrl Pts',(13.727751590918,7.53553390593274,-82.9765138739634));
#3491=CARTESIAN_POINT('Ctrl Pts',(13.702137720203,7.56217515128596,-83.0031551193166));
#3492=CARTESIAN_POINT('Ctrl Pts',(13.6764224545181,7.58819866944737,-83.0297811188203));
#3493=CARTESIAN_POINT('Ctrl Pts',(13.2221282134488,8.03626911138809,-83.4983245011743));
#3494=CARTESIAN_POINT('Ctrl Pts',(12.6947420408793,8.37150381252564,-84.0147314803114));
#3495=CARTESIAN_POINT('Ctrl Pts',(12.0957604272211,8.62165229444489,-84.603405086476));
#3496=CARTESIAN_POINT('Ctrl Pts',(12.0479475824315,8.64077756366948,-84.6503973425907));
#3497=CARTESIAN_POINT('Ctrl Pts',(12.,8.65913466594217,-84.6975329233529));
#3498=CARTESIAN_POINT('Origin',(16.,3.,-132.713057906673));
#3499=CARTESIAN_POINT('Ctrl Pts',(13.4999999999999,8.78541877206917,-85.0629904394406));
#3500=CARTESIAN_POINT('Ctrl Pts',(13.5292777351892,8.7946902432465,-85.0936088773575));
#3501=CARTESIAN_POINT('Ctrl Pts',(13.5586309613304,8.80365419072969,-85.1242712540558));
#3502=CARTESIAN_POINT('Ctrl Pts',(14.0222375806199,8.94006615171709,-85.6079989605698));
#3503=CARTESIAN_POINT('Ctrl Pts',(14.4717564805959,9.00000000000001,-86.0690985687495));
#3504=CARTESIAN_POINT('Ctrl Pts',(14.9110170025731,9.,-86.5120477798962));
#3505=CARTESIAN_POINT('Origin',(14.5,10.5,-114.661727568974));
#3506=CARTESIAN_POINT('Origin',(17.5,10.5,-114.661727568974));
#3507=CARTESIAN_POINT('',(17.5,8.,-74.7130579066727));
#3508=CARTESIAN_POINT('Origin',(17.5,8.,-76.7130579066727));
#3509=CARTESIAN_POINT('Origin',(-310.758653848261,8.,-76.7130579066727));
#3510=CARTESIAN_POINT('',(-310.758653848261,8.,-74.7130579066727));
#3511=CARTESIAN_POINT('Origin',(17.5,10.5,-114.661727568974));
#3512=CARTESIAN_POINT('',(17.5,3.,-124.713057906673));
#3513=CARTESIAN_POINT('Origin',(17.5,3.,-126.713057906673));
#3514=CARTESIAN_POINT('Origin',(-310.758653848261,3.,-126.713057906673));
#3515=CARTESIAN_POINT('',(-310.758653848261,3.,-124.713057906673));
#3516=CARTESIAN_POINT('Origin',(17.5,10.5,-114.661727568974));
#3517=CARTESIAN_POINT('',(17.5,9.,-130.713057906673));
#3518=CARTESIAN_POINT('Origin',(17.5,9.,-132.713057906673));
#3519=CARTESIAN_POINT('Origin',(-310.758653848261,9.,-132.713057906673));
#3520=CARTESIAN_POINT('',(-310.758653848261,9.,-130.713057906673));
#3521=CARTESIAN_POINT('Origin',(17.5,10.5,-114.661727568974));
#3522=CARTESIAN_POINT('',(17.5,3.,-136.713057906673));
#3523=CARTESIAN_POINT('Origin',(17.5,3.,-138.713057906673));
#3524=CARTESIAN_POINT('Origin',(-310.758653848261,3.,-138.713057906673));
#3525=CARTESIAN_POINT('',(-310.758653848261,3.,-136.713057906673));
#3526=CARTESIAN_POINT('Origin',(17.5,10.5,-114.661727568974));
#3527=CARTESIAN_POINT('',(17.5,-3.,-130.713057906673));
#3528=CARTESIAN_POINT('Origin',(17.5,-3.,-132.713057906673));
#3529=CARTESIAN_POINT('Origin',(-310.758653848261,-3.,-132.713057906673));
#3530=CARTESIAN_POINT('',(-310.758653848261,-3.,-130.713057906673));
#3531=CARTESIAN_POINT('Origin',(17.5,10.5,-114.661727568974));
#3532=CARTESIAN_POINT('',(17.5,14.,-68.7130579066727));
#3533=CARTESIAN_POINT('Origin',(17.5,14.,-70.7130579066727));
#3534=CARTESIAN_POINT('Origin',(-310.758653848261,14.,-70.7130579066727));
#3535=CARTESIAN_POINT('',(-310.758653848261,14.,-68.7130579066727));
#3536=CARTESIAN_POINT('Origin',(17.5,10.5,-114.661727568974));
#3537=CARTESIAN_POINT('',(17.5,8.,-62.7130579066727));
#3538=CARTESIAN_POINT('Origin',(17.5,8.,-64.7130579066727));
#3539=CARTESIAN_POINT('Origin',(-310.758653848261,8.,-64.7130579066727));
#3540=CARTESIAN_POINT('',(-310.758653848261,8.,-62.7130579066727));
#3541=CARTESIAN_POINT('Origin',(17.5,10.5,-114.661727568974));
#3542=CARTESIAN_POINT('',(17.5,2.,-68.7130579066727));
#3543=CARTESIAN_POINT('Origin',(17.5,2.,-70.7130579066727));
#3544=CARTESIAN_POINT('Origin',(-310.758653848261,2.,-70.7130579066727));
#3545=CARTESIAN_POINT('',(-310.758653848261,2.,-68.7130579066727));
#3546=CARTESIAN_POINT('Origin',(18.5,4.,-86.5120477798961));
#3547=CARTESIAN_POINT('Origin',(-18.5,22.,-79.0562036571803));
#3548=CARTESIAN_POINT('Origin',(20.5,16.,-94.5120477798961));
#3549=CARTESIAN_POINT('',(21.3535533905932,16.,-97.6584943893028));
#3550=CARTESIAN_POINT('',(22.5,16.,-96.5120477798961));
#3551=CARTESIAN_POINT('',(20.5,16.,-97.3049409987095));
#3552=CARTESIAN_POINT('Origin',(21.,16.,-97.3049409987095));
#3553=CARTESIAN_POINT('',(20.5,16.,-91.7191545610826));
#3554=CARTESIAN_POINT('',(20.5,16.,-94.5120477798961));
#3555=CARTESIAN_POINT('',(21.3535533905932,16.,-91.3656011704893));
#3556=CARTESIAN_POINT('Origin',(21.,16.,-91.7191545610826));
#3557=CARTESIAN_POINT('',(22.5,16.,-92.5120477798961));
#3558=CARTESIAN_POINT('Origin',(20.5,18.,-94.5120477798961));
#3559=CARTESIAN_POINT('',(21.5,18.,-91.5120477798961));
#3560=CARTESIAN_POINT('',(22.5,18.,-92.5120477798961));
#3561=CARTESIAN_POINT('',(21.5,18.,-97.5120477798961));
#3562=CARTESIAN_POINT('',(21.5,18.,-94.5120477798961));
#3563=CARTESIAN_POINT('',(18.5,18.,-100.512047779896));
#3564=CARTESIAN_POINT('Origin',(20.5,13.5,-94.5120477798961));
#3565=CARTESIAN_POINT('',(20.5,14.125,-97.3049409987095));
#3566=CARTESIAN_POINT('',(20.5,14.125,-91.7191545610826));
#3567=CARTESIAN_POINT('',(20.5,14.125,-94.5120477798961));
#3568=CARTESIAN_POINT('',(20.5,13.5,-91.7191545610826));
#3569=CARTESIAN_POINT('',(20.5,13.5,-97.3049409987095));
#3570=CARTESIAN_POINT('Origin',(22.5,14.125,-94.5120477798961));
#3571=CARTESIAN_POINT('',(22.5,14.125,-96.5120477798961));
#3572=CARTESIAN_POINT('',(21.3535533905932,14.125,-97.6584943893028));
#3573=CARTESIAN_POINT('',(23.5,14.125,-95.5120477798961));
#3574=CARTESIAN_POINT('',(22.5,14.125,-92.5120477798961));
#3575=CARTESIAN_POINT('',(22.5,14.125,-94.5120477798961));
#3576=CARTESIAN_POINT('',(21.3535533905932,14.125,-91.3656011704893));
#3577=CARTESIAN_POINT('',(23.5,14.125,-93.5120477798961));
#3578=CARTESIAN_POINT('Origin',(21.,14.125,-91.7191545610826));
#3579=CARTESIAN_POINT('Origin',(21.,14.125,-97.3049409987095));
#3580=CARTESIAN_POINT('Origin',(22.5,13.5,-94.5120477798961));
#3581=CARTESIAN_POINT('',(22.5,17.,-92.5120477798961));
#3582=CARTESIAN_POINT('',(22.5,16.0625,-92.5120477798961));
#3583=CARTESIAN_POINT('',(22.5,17.,-96.5120477798961));
#3584=CARTESIAN_POINT('',(22.5,16.0625,-96.5120477798961));
#3585=CARTESIAN_POINT('',(22.5,17.,-94.5120477798961));
#3586=CARTESIAN_POINT('Origin',(21.5,18.,-94.5120477798961));
#3587=CARTESIAN_POINT('',(22.5,17.,-92.5120477798961));
#3588=CARTESIAN_POINT('',(27.20153794686,12.29846205314,-91.8105098330361));
#3589=CARTESIAN_POINT('Origin',(20.5,11.,-94.5120477798961));
#3590=CARTESIAN_POINT('',(21.3535533905932,11.,-91.3656011704893));
#3591=CARTESIAN_POINT('',(22.5,11.,-92.5120477798961));
#3592=CARTESIAN_POINT('',(20.5,11.,-91.7191545610826));
#3593=CARTESIAN_POINT('Origin',(21.,11.,-91.7191545610826));
#3594=CARTESIAN_POINT('',(20.5,11.,-97.3049409987095));
#3595=CARTESIAN_POINT('',(20.5,11.,-94.5120477798961));
#3596=CARTESIAN_POINT('',(21.3535533905932,11.,-97.6584943893028));
#3597=CARTESIAN_POINT('Origin',(21.,11.,-97.3049409987095));
#3598=CARTESIAN_POINT('',(18.5,11.,-100.512047779896));
#3599=CARTESIAN_POINT('Origin',(22.5,12.875,-94.5120477798961));
#3600=CARTESIAN_POINT('',(20.5,12.875,-97.3049409987095));
#3601=CARTESIAN_POINT('',(20.5,12.875,-91.7191545610826));
#3602=CARTESIAN_POINT('',(20.5,12.875,-94.5120477798961));
#3603=CARTESIAN_POINT('',(21.3535533905932,12.875,-91.3656011704893));
#3604=CARTESIAN_POINT('Origin',(21.,12.875,-91.7191545610826));
#3605=CARTESIAN_POINT('',(22.5,12.875,-92.5120477798961));
#3606=CARTESIAN_POINT('',(22.5,12.875,-92.5120477798961));
#3607=CARTESIAN_POINT('',(22.5,12.875,-96.5120477798961));
#3608=CARTESIAN_POINT('',(22.5,12.875,-94.5120477798961));
#3609=CARTESIAN_POINT('',(21.3535533905932,12.875,-97.6584943893028));
#3610=CARTESIAN_POINT('',(18.5,12.875,-100.512047779896));
#3611=CARTESIAN_POINT('Origin',(21.,12.875,-97.3049409987095));
#3612=CARTESIAN_POINT('Origin',(22.5,13.5,-94.5120477798961));
#3613=CARTESIAN_POINT('',(22.5,10.,-96.5120477798961));
#3614=CARTESIAN_POINT('',(22.5,10.,-96.5120477798961));
#3615=CARTESIAN_POINT('',(22.5,10.,-92.5120477798961));
#3616=CARTESIAN_POINT('',(22.5,10.,-92.5120477798961));
#3617=CARTESIAN_POINT('',(22.5,10.,-92.5120477798961));
#3618=CARTESIAN_POINT('Origin',(20.5,13.5,-94.5120477798961));
#3619=CARTESIAN_POINT('',(20.5,13.5,-91.7191545610826));
#3620=CARTESIAN_POINT('',(20.5,13.5,-97.3049409987095));
#3621=CARTESIAN_POINT('Origin',(22.5,10.,-94.5120477798961));
#3622=CARTESIAN_POINT('',(22.5,10.,-92.5120477798961));
#3623=CARTESIAN_POINT('',(14.79846205314,2.29846205314001,-104.213585726756));
#3624=CARTESIAN_POINT('Origin',(22.5,17.,-92.5120477798961));
#3625=CARTESIAN_POINT('',(21.3535533905932,17.,-91.3656011704893));
#3626=CARTESIAN_POINT('Origin',(18.5,-5.10461384057998,-100.512047779896));
#3627=CARTESIAN_POINT('',(21.3535533905932,-5.10461384057998,-97.6584943893028));
#3628=CARTESIAN_POINT('Origin',(22.5,10.,-92.5120477798961));
#3629=CARTESIAN_POINT('',(21.3535533905932,10.,-91.3656011704893));
#3630=CARTESIAN_POINT('Origin',(18.5,-5.10461384057998,-100.512047779896));
#3631=CARTESIAN_POINT('',(21.3535533905932,-5.10461384057998,-97.6584943893028));
#3632=CARTESIAN_POINT('Origin',(21.,13.5,-97.3049409987095));
#3633=CARTESIAN_POINT('Origin',(21.,13.5,-97.3049409987095));
#3634=CARTESIAN_POINT('Origin',(21.,13.5,-91.7191545610826));
#3635=CARTESIAN_POINT('Origin',(21.,13.5,-91.7191545610826));
#3636=UNCERTAINTY_MEASURE_WITH_UNIT(LENGTH_MEASURE(0.01),#3640,
'DISTANCE_ACCURACY_VALUE',
'Maximum model space distance between geometric entities at asserted c
onnectivities');
#3637=UNCERTAINTY_MEASURE_WITH_UNIT(LENGTH_MEASURE(0.01),#3640,
'DISTANCE_ACCURACY_VALUE',
'Maximum model space distance between geometric entities at asserted c
onnectivities');
#3638=(
GEOMETRIC_REPRESENTATION_CONTEXT(3)
GLOBAL_UNCERTAINTY_ASSIGNED_CONTEXT((#3636))
GLOBAL_UNIT_ASSIGNED_CONTEXT((#3640,#3642,#3643))
REPRESENTATION_CONTEXT('','3D')
);
#3639=(
GEOMETRIC_REPRESENTATION_CONTEXT(3)
GLOBAL_UNCERTAINTY_ASSIGNED_CONTEXT((#3637))
GLOBAL_UNIT_ASSIGNED_CONTEXT((#3640,#3642,#3643))
REPRESENTATION_CONTEXT('','3D')
);
#3640=(
LENGTH_UNIT()
NAMED_UNIT(*)
SI_UNIT(.MILLI.,.METRE.)
);
#3641=(
LENGTH_UNIT()
NAMED_UNIT(*)
SI_UNIT($,.METRE.)
);
#3642=(
NAMED_UNIT(*)
PLANE_ANGLE_UNIT()
SI_UNIT($,.RADIAN.)
);
#3643=(
NAMED_UNIT(*)
SI_UNIT($,.STERADIAN.)
SOLID_ANGLE_UNIT()
);
#3644=SHAPE_DEFINITION_REPRESENTATION(#3645,#3646);
#3645=PRODUCT_DEFINITION_SHAPE('',$,#3648);
#3646=SHAPE_REPRESENTATION('',(#2114),#3638);
#3647=PRODUCT_DEFINITION_CONTEXT('part definition',#3652,'design');
#3648=PRODUCT_DEFINITION('2026-09-21-09-19-50-441',
'femur (1)(\X2\30DF30E930FC\X0\)',#3649,#3647);
#3649=PRODUCT_DEFINITION_FORMATION('',$,#3654);
#3650=PRODUCT_RELATED_PRODUCT_CATEGORY('femur (1)(\X2\30DF30E930FC\X0\)',
'femur (1)(\X2\30DF30E930FC\X0\)',(#3654));
#3651=APPLICATION_PROTOCOL_DEFINITION('international standard',
'automotive_design',2009,#3652);
#3652=APPLICATION_CONTEXT(
'Core Data for Automotive Mechanical Design Process');
#3653=PRODUCT_CONTEXT('part definition',#3652,'mechanical');
#3654=PRODUCT('2026-09-21-09-19-50-441','femur (1)(\X2\30DF30E930FC\X0\)',
'femur',(#3653));
#3655=PRESENTATION_STYLE_ASSIGNMENT((#3657));
#3656=PRESENTATION_STYLE_ASSIGNMENT((#3658));
#3657=SURFACE_STYLE_USAGE(.BOTH.,#3659);
#3658=SURFACE_STYLE_USAGE(.BOTH.,#3660);
#3659=SURFACE_SIDE_STYLE('',(#3661));
#3660=SURFACE_SIDE_STYLE('',(#3662));
#3661=SURFACE_STYLE_FILL_AREA(#3663);
#3662=SURFACE_STYLE_FILL_AREA(#3664);
#3663=FILL_AREA_STYLE('\X2\92FC\X0\ - \X2\30B530C630F3\X0\',(#3665));
#3664=FILL_AREA_STYLE('Opaque(128,128,128)',(#3666));
#3665=FILL_AREA_STYLE_COLOUR('\X2\92FC\X0\ - \X2\30B530C630F3\X0\',#3667);
#3666=FILL_AREA_STYLE_COLOUR('Opaque(128,128,128)',#3668);
#3667=COLOUR_RGB('\X2\92FC\X0\ - \X2\30B530C630F3\X0\',0.627450980392157,
0.627450980392157,0.627450980392157);
#3668=COLOUR_RGB('Opaque(128,128,128)',0.501960784313725,0.501960784313725,
0.501960784313725);
ENDSEC;
END-ISO-10303-21;
