ISO-10303-21;
HEADER;
/* Generated by software containing ST-Developer
 * from STEP Tools, Inc. (www.steptools.com) 
 */

FILE_DESCRIPTION(
/* description */ ('femur'),
/* implementation_level */ '2;1');

FILE_NAME(
/* name */ 'femur_right.step',
/* time_stamp */ '2026-09-21T02:16:34+09:00',
/* author */ (''),
/* organization */ (''),
/* preprocessor_version */ 'ST-DEVELOPER v20.2',
/* originating_system */ 'Autodesk Translation Framework v15.15.0.0',
/* authorisation */ '');

FILE_SCHEMA (('AUTOMOTIVE_DESIGN { 1 0 10303 214 3 1 1 }'));
ENDSEC;

DATA;
#10=MECHANICAL_DESIGN_GEOMETRIC_PRESENTATION_REPRESENTATION('',(#13),#3640);
#11=SHAPE_REPRESENTATION_RELATIONSHIP('SRR','None',#3647,#12);
#12=ADVANCED_BREP_SHAPE_REPRESENTATION('',(#14),#3639);
#13=STYLED_ITEM('',(#3657),#14);
#14=MANIFOLD_SOLID_BREP('\X2\30DC30C730A3\X0\1',#2100);
#15=B_SPLINE_CURVE_WITH_KNOTS('',3,(#3232,#3233,#3234,#3235),
 .UNSPECIFIED.,.F.,.F.,(4,4),(0.00200362509520984,0.00355031687042382),
 .UNSPECIFIED.);
#16=B_SPLINE_CURVE_WITH_KNOTS('',3,(#3312,#3313,#3314,#3315),
 .UNSPECIFIED.,.F.,.F.,(4,4),(0.00200362509520984,0.00355031687042382),
 .UNSPECIFIED.);
#17=B_SPLINE_CURVE_WITH_KNOTS('',3,(#3355,#3356,#3357,#3358,#3359,#3360,
#3361,#3362),.UNSPECIFIED.,.F.,.F.,(4,2,2,4),(0.204672816006859,0.224026440363684,
0.448052880727367,0.461516429963153),.UNSPECIFIED.);
#18=B_SPLINE_CURVE_WITH_KNOTS('',3,(#3364,#3365,#3366,#3367,#3368,#3369),
 .UNSPECIFIED.,.F.,.F.,(4,2,4),(-1.86883705474005,-1.68972354706342,-1.67758640607583),
 .UNSPECIFIED.);
#19=B_SPLINE_CURVE_WITH_KNOTS('',3,(#3491,#3492,#3493,#3494,#3495,#3496,
#3497,#3498),.UNSPECIFIED.,.F.,.F.,(4,2,2,4),(-0.461516429963595,-0.448052880727369,
-0.224026440363684,-0.204672816006862),.UNSPECIFIED.);
#20=B_SPLINE_CURVE_WITH_KNOTS('',3,(#3500,#3501,#3502,#3503,#3504,#3505),
 .UNSPECIFIED.,.F.,.F.,(4,2,4),(-1.9908006874657,-1.97866354647812,-1.79955003880149),
 .UNSPECIFIED.);
#21=CONICAL_SURFACE('',#2169,9.,0.785398163397455);
#22=CONICAL_SURFACE('',#2182,9.,0.785398163397455);
#23=CONICAL_SURFACE('',#2232,11.5,0.785398163397449);
#24=CONICAL_SURFACE('',#2233,45.5,0.785398163397448);
#25=CONICAL_SURFACE('',#2298,11.5,0.785398163397449);
#26=CONICAL_SURFACE('',#2299,45.5,0.785398163397448);
#27=(
BOUNDED_CURVE()
B_SPLINE_CURVE(2,(#3078,#3079,#3080),.UNSPECIFIED.,.F.,.F.)
B_SPLINE_CURVE_WITH_KNOTS((3,3),(-5.04597033606194,-4.55098069919903),
 .UNSPECIFIED.)
CURVE()
GEOMETRIC_REPRESENTATION_ITEM()
RATIONAL_B_SPLINE_CURVE((1.01512773897773,1.01936233629966,1.0226205676193))
REPRESENTATION_ITEM('')
);
#28=(
BOUNDED_CURVE()
B_SPLINE_CURVE(2,(#3084,#3085,#3086),.UNSPECIFIED.,.F.,.F.)
B_SPLINE_CURVE_WITH_KNOTS((3,3),(0.752330889968251,1.24732052683116),
 .UNSPECIFIED.)
CURVE()
GEOMETRIC_REPRESENTATION_ITEM()
RATIONAL_B_SPLINE_CURVE((1.01512773897773,1.01936233629966,1.0226205676193))
REPRESENTATION_ITEM('')
);
#29=(
BOUNDED_CURVE()
B_SPLINE_CURVE(2,(#3168,#3169,#3170),.UNSPECIFIED.,.F.,.F.)
B_SPLINE_CURVE_WITH_KNOTS((3,3),(0.,0.565380202358963),.UNSPECIFIED.)
CURVE()
GEOMETRIC_REPRESENTATION_ITEM()
RATIONAL_B_SPLINE_CURVE((1.,1.04083299973308,1.))
REPRESENTATION_ITEM('')
);
#30=(
BOUNDED_CURVE()
B_SPLINE_CURVE(2,(#3181,#3182,#3183),.UNSPECIFIED.,.F.,.F.)
B_SPLINE_CURVE_WITH_KNOTS((3,3),(0.479380311468993,1.18321595661988),
 .UNSPECIFIED.)
CURVE()
GEOMETRIC_REPRESENTATION_ITEM()
RATIONAL_B_SPLINE_CURVE((1.17948717948708,1.27777777777774,1.27777777777774))
REPRESENTATION_ITEM('')
);
#31=(
BOUNDED_CURVE()
B_SPLINE_CURVE(2,(#3203,#3204,#3205),.UNSPECIFIED.,.F.,.F.)
B_SPLINE_CURVE_WITH_KNOTS((3,3),(0.565380202358963,1.13076040471793),
 .UNSPECIFIED.)
CURVE()
GEOMETRIC_REPRESENTATION_ITEM()
RATIONAL_B_SPLINE_CURVE((1.,1.04083299973308,1.))
REPRESENTATION_ITEM('')
);
#32=(
BOUNDED_CURVE()
B_SPLINE_CURVE(2,(#3216,#3217,#3218),.UNSPECIFIED.,.F.,.F.)
B_SPLINE_CURVE_WITH_KNOTS((3,3),(-1.88705160177077,-1.18321595661989),
 .UNSPECIFIED.)
CURVE()
GEOMETRIC_REPRESENTATION_ITEM()
RATIONAL_B_SPLINE_CURVE((1.17948717948708,1.27777777777774,1.27777777777774))
REPRESENTATION_ITEM('')
);
#33=(
BOUNDED_CURVE()
B_SPLINE_CURVE(2,(#3291,#3292,#3293),.UNSPECIFIED.,.F.,.F.)
B_SPLINE_CURVE_WITH_KNOTS((3,3),(2.47972284975975,3.30394271788936),
 .UNSPECIFIED.)
CURVE()
GEOMETRIC_REPRESENTATION_ITEM()
RATIONAL_B_SPLINE_CURVE((2.36956521739131,2.53478772650128,2.65853658536585))
REPRESENTATION_ITEM('')
);
#34=(
BOUNDED_CURVE()
B_SPLINE_CURVE(2,(#3296,#3297,#3298),.UNSPECIFIED.,.F.,.F.)
B_SPLINE_CURVE_WITH_KNOTS((3,3),(-9.0467683769753,-8.2225485088457),
 .UNSPECIFIED.)
CURVE()
GEOMETRIC_REPRESENTATION_ITEM()
RATIONAL_B_SPLINE_CURVE((2.3695652173913,2.53478772650128,2.65853658536585))
REPRESENTATION_ITEM('')
);
#35=(
BOUNDED_CURVE()
B_SPLINE_CURVE(2,(#3304,#3305,#3306),.UNSPECIFIED.,.F.,.F.)
B_SPLINE_CURVE_WITH_KNOTS((3,3),(-0.404852082124993,-0.289475187350764),
 .UNSPECIFIED.)
CURVE()
GEOMETRIC_REPRESENTATION_ITEM()
RATIONAL_B_SPLINE_CURVE((1.17084879538882,1.15082845857079,1.12834336285924))
REPRESENTATION_ITEM('')
);
#36=(
BOUNDED_CURVE()
B_SPLINE_CURVE(2,(#3464,#3465,#3466),.UNSPECIFIED.,.F.,.F.)
B_SPLINE_CURVE_WITH_KNOTS((3,3),(2.27918088602769,2.39455778080158),
 .UNSPECIFIED.)
CURVE()
GEOMETRIC_REPRESENTATION_ITEM()
RATIONAL_B_SPLINE_CURVE((1.17084879538882,1.15082845857085,1.12834336285937))
REPRESENTATION_ITEM('')
);
#37=FACE_BOUND('',#273,.T.);
#38=FACE_BOUND('',#274,.T.);
#39=FACE_BOUND('',#275,.T.);
#40=FACE_BOUND('',#276,.T.);
#41=FACE_BOUND('',#277,.T.);
#42=FACE_BOUND('',#278,.T.);
#43=FACE_BOUND('',#279,.T.);
#44=FACE_BOUND('',#280,.T.);
#45=FACE_BOUND('',#281,.T.);
#46=FACE_BOUND('',#282,.T.);
#47=FACE_BOUND('',#286,.T.);
#48=FACE_BOUND('',#287,.T.);
#49=FACE_BOUND('',#288,.T.);
#50=FACE_BOUND('',#289,.T.);
#51=FACE_BOUND('',#290,.T.);
#52=FACE_BOUND('',#291,.T.);
#53=FACE_BOUND('',#292,.T.);
#54=FACE_BOUND('',#293,.T.);
#55=FACE_BOUND('',#294,.T.);
#56=FACE_BOUND('',#295,.T.);
#57=FACE_BOUND('',#296,.T.);
#58=FACE_BOUND('',#313,.T.);
#59=FACE_BOUND('',#314,.T.);
#60=FACE_BOUND('',#315,.T.);
#61=FACE_BOUND('',#316,.T.);
#62=FACE_BOUND('',#317,.T.);
#63=FACE_BOUND('',#338,.T.);
#64=FACE_BOUND('',#339,.T.);
#65=FACE_BOUND('',#340,.T.);
#66=FACE_BOUND('',#341,.T.);
#67=FACE_BOUND('',#342,.T.);
#68=FACE_BOUND('',#345,.T.);
#69=FACE_BOUND('',#348,.T.);
#70=FACE_BOUND('',#351,.T.);
#71=FACE_BOUND('',#354,.T.);
#72=FACE_BOUND('',#357,.T.);
#73=FACE_BOUND('',#360,.T.);
#74=FACE_BOUND('',#363,.T.);
#75=FACE_BOUND('',#366,.T.);
#76=FACE_BOUND('',#368,.T.);
#77=FACE_BOUND('',#369,.T.);
#78=FACE_BOUND('',#370,.T.);
#79=FACE_BOUND('',#371,.T.);
#80=FACE_BOUND('',#372,.T.);
#81=FACE_BOUND('',#391,.T.);
#82=FACE_BOUND('',#392,.T.);
#83=FACE_BOUND('',#393,.T.);
#84=FACE_BOUND('',#394,.T.);
#85=FACE_BOUND('',#395,.T.);
#86=FACE_BOUND('',#397,.T.);
#87=FACE_BOUND('',#400,.T.);
#88=FACE_BOUND('',#403,.T.);
#89=FACE_BOUND('',#406,.T.);
#90=FACE_BOUND('',#409,.T.);
#91=FACE_BOUND('',#412,.T.);
#92=FACE_BOUND('',#415,.T.);
#93=FACE_BOUND('',#418,.T.);
#94=ELLIPSE('',#2121,7.07106781186547,5.);
#95=PLANE('',#2117);
#96=PLANE('',#2122);
#97=PLANE('',#2126);
#98=PLANE('',#2143);
#99=PLANE('',#2147);
#100=PLANE('',#2164);
#101=PLANE('',#2165);
#102=PLANE('',#2166);
#103=PLANE('',#2174);
#104=PLANE('',#2178);
#105=PLANE('',#2179);
#106=PLANE('',#2185);
#107=PLANE('',#2188);
#108=PLANE('',#2189);
#109=PLANE('',#2211);
#110=PLANE('',#2213);
#111=PLANE('',#2214);
#112=PLANE('',#2227);
#113=PLANE('',#2234);
#114=PLANE('',#2237);
#115=PLANE('',#2240);
#116=PLANE('',#2243);
#117=PLANE('',#2246);
#118=PLANE('',#2249);
#119=PLANE('',#2252);
#120=PLANE('',#2255);
#121=PLANE('',#2258);
#122=PLANE('',#2259);
#123=PLANE('',#2267);
#124=PLANE('',#2283);
#125=PLANE('',#2296);
#126=PLANE('',#2300);
#127=PLANE('',#2301);
#128=PLANE('',#2304);
#129=PLANE('',#2307);
#130=PLANE('',#2310);
#131=PLANE('',#2313);
#132=PLANE('',#2316);
#133=PLANE('',#2319);
#134=PLANE('',#2322);
#135=PLANE('',#2327);
#136=PLANE('',#2330);
#137=PLANE('',#2331);
#138=PLANE('',#2332);
#139=PLANE('',#2335);
#140=PLANE('',#2336);
#141=PLANE('',#2337);
#142=PLANE('',#2340);
#143=PLANE('',#2343);
#144=PLANE('',#2344);
#145=PLANE('',#2345);
#146=PLANE('',#2346);
#147=PLANE('',#2347);
#148=PLANE('',#2348);
#149=PLANE('',#2349);
#150=FACE_OUTER_BOUND('',#267,.T.);
#151=FACE_OUTER_BOUND('',#268,.T.);
#152=FACE_OUTER_BOUND('',#269,.T.);
#153=FACE_OUTER_BOUND('',#270,.T.);
#154=FACE_OUTER_BOUND('',#271,.T.);
#155=FACE_OUTER_BOUND('',#272,.T.);
#156=FACE_OUTER_BOUND('',#283,.T.);
#157=FACE_OUTER_BOUND('',#284,.T.);
#158=FACE_OUTER_BOUND('',#285,.T.);
#159=FACE_OUTER_BOUND('',#297,.T.);
#160=FACE_OUTER_BOUND('',#298,.T.);
#161=FACE_OUTER_BOUND('',#299,.T.);
#162=FACE_OUTER_BOUND('',#300,.T.);
#163=FACE_OUTER_BOUND('',#301,.T.);
#164=FACE_OUTER_BOUND('',#302,.T.);
#165=FACE_OUTER_BOUND('',#303,.T.);
#166=FACE_OUTER_BOUND('',#304,.T.);
#167=FACE_OUTER_BOUND('',#305,.T.);
#168=FACE_OUTER_BOUND('',#306,.T.);
#169=FACE_OUTER_BOUND('',#307,.T.);
#170=FACE_OUTER_BOUND('',#308,.T.);
#171=FACE_OUTER_BOUND('',#309,.T.);
#172=FACE_OUTER_BOUND('',#310,.T.);
#173=FACE_OUTER_BOUND('',#311,.T.);
#174=FACE_OUTER_BOUND('',#312,.T.);
#175=FACE_OUTER_BOUND('',#318,.T.);
#176=FACE_OUTER_BOUND('',#319,.T.);
#177=FACE_OUTER_BOUND('',#320,.T.);
#178=FACE_OUTER_BOUND('',#321,.T.);
#179=FACE_OUTER_BOUND('',#322,.T.);
#180=FACE_OUTER_BOUND('',#323,.T.);
#181=FACE_OUTER_BOUND('',#324,.T.);
#182=FACE_OUTER_BOUND('',#325,.T.);
#183=FACE_OUTER_BOUND('',#326,.T.);
#184=FACE_OUTER_BOUND('',#327,.T.);
#185=FACE_OUTER_BOUND('',#328,.T.);
#186=FACE_OUTER_BOUND('',#329,.T.);
#187=FACE_OUTER_BOUND('',#330,.T.);
#188=FACE_OUTER_BOUND('',#331,.T.);
#189=FACE_OUTER_BOUND('',#332,.T.);
#190=FACE_OUTER_BOUND('',#333,.T.);
#191=FACE_OUTER_BOUND('',#334,.T.);
#192=FACE_OUTER_BOUND('',#335,.T.);
#193=FACE_OUTER_BOUND('',#336,.T.);
#194=FACE_OUTER_BOUND('',#337,.T.);
#195=FACE_OUTER_BOUND('',#343,.T.);
#196=FACE_OUTER_BOUND('',#344,.T.);
#197=FACE_OUTER_BOUND('',#346,.T.);
#198=FACE_OUTER_BOUND('',#347,.T.);
#199=FACE_OUTER_BOUND('',#349,.T.);
#200=FACE_OUTER_BOUND('',#350,.T.);
#201=FACE_OUTER_BOUND('',#352,.T.);
#202=FACE_OUTER_BOUND('',#353,.T.);
#203=FACE_OUTER_BOUND('',#355,.T.);
#204=FACE_OUTER_BOUND('',#356,.T.);
#205=FACE_OUTER_BOUND('',#358,.T.);
#206=FACE_OUTER_BOUND('',#359,.T.);
#207=FACE_OUTER_BOUND('',#361,.T.);
#208=FACE_OUTER_BOUND('',#362,.T.);
#209=FACE_OUTER_BOUND('',#364,.T.);
#210=FACE_OUTER_BOUND('',#365,.T.);
#211=FACE_OUTER_BOUND('',#367,.T.);
#212=FACE_OUTER_BOUND('',#373,.T.);
#213=FACE_OUTER_BOUND('',#374,.T.);
#214=FACE_OUTER_BOUND('',#375,.T.);
#215=FACE_OUTER_BOUND('',#376,.T.);
#216=FACE_OUTER_BOUND('',#377,.T.);
#217=FACE_OUTER_BOUND('',#378,.T.);
#218=FACE_OUTER_BOUND('',#379,.T.);
#219=FACE_OUTER_BOUND('',#380,.T.);
#220=FACE_OUTER_BOUND('',#381,.T.);
#221=FACE_OUTER_BOUND('',#382,.T.);
#222=FACE_OUTER_BOUND('',#383,.T.);
#223=FACE_OUTER_BOUND('',#384,.T.);
#224=FACE_OUTER_BOUND('',#385,.T.);
#225=FACE_OUTER_BOUND('',#386,.T.);
#226=FACE_OUTER_BOUND('',#387,.T.);
#227=FACE_OUTER_BOUND('',#388,.T.);
#228=FACE_OUTER_BOUND('',#389,.T.);
#229=FACE_OUTER_BOUND('',#390,.T.);
#230=FACE_OUTER_BOUND('',#396,.T.);
#231=FACE_OUTER_BOUND('',#398,.T.);
#232=FACE_OUTER_BOUND('',#399,.T.);
#233=FACE_OUTER_BOUND('',#401,.T.);
#234=FACE_OUTER_BOUND('',#402,.T.);
#235=FACE_OUTER_BOUND('',#404,.T.);
#236=FACE_OUTER_BOUND('',#405,.T.);
#237=FACE_OUTER_BOUND('',#407,.T.);
#238=FACE_OUTER_BOUND('',#408,.T.);
#239=FACE_OUTER_BOUND('',#410,.T.);
#240=FACE_OUTER_BOUND('',#411,.T.);
#241=FACE_OUTER_BOUND('',#413,.T.);
#242=FACE_OUTER_BOUND('',#414,.T.);
#243=FACE_OUTER_BOUND('',#416,.T.);
#244=FACE_OUTER_BOUND('',#417,.T.);
#245=FACE_OUTER_BOUND('',#419,.T.);
#246=FACE_OUTER_BOUND('',#420,.T.);
#247=FACE_OUTER_BOUND('',#421,.T.);
#248=FACE_OUTER_BOUND('',#422,.T.);
#249=FACE_OUTER_BOUND('',#423,.T.);
#250=FACE_OUTER_BOUND('',#424,.T.);
#251=FACE_OUTER_BOUND('',#425,.T.);
#252=FACE_OUTER_BOUND('',#426,.T.);
#253=FACE_OUTER_BOUND('',#427,.T.);
#254=FACE_OUTER_BOUND('',#428,.T.);
#255=FACE_OUTER_BOUND('',#429,.T.);
#256=FACE_OUTER_BOUND('',#430,.T.);
#257=FACE_OUTER_BOUND('',#431,.T.);
#258=FACE_OUTER_BOUND('',#432,.T.);
#259=FACE_OUTER_BOUND('',#433,.T.);
#260=FACE_OUTER_BOUND('',#434,.T.);
#261=FACE_OUTER_BOUND('',#435,.T.);
#262=FACE_OUTER_BOUND('',#436,.T.);
#263=FACE_OUTER_BOUND('',#437,.T.);
#264=FACE_OUTER_BOUND('',#438,.T.);
#265=FACE_OUTER_BOUND('',#439,.T.);
#266=FACE_OUTER_BOUND('',#440,.T.);
#267=EDGE_LOOP('',(#1347,#1348,#1349,#1350));
#268=EDGE_LOOP('',(#1351,#1352,#1353,#1354));
#269=EDGE_LOOP('',(#1355,#1356,#1357,#1358,#1359));
#270=EDGE_LOOP('',(#1360,#1361,#1362,#1363));
#271=EDGE_LOOP('',(#1364,#1365,#1366,#1367));
#272=EDGE_LOOP('',(#1368,#1369,#1370,#1371,#1372,#1373,#1374,#1375,#1376,
#1377,#1378,#1379,#1380,#1381,#1382,#1383));
#273=EDGE_LOOP('',(#1384));
#274=EDGE_LOOP('',(#1385));
#275=EDGE_LOOP('',(#1386));
#276=EDGE_LOOP('',(#1387));
#277=EDGE_LOOP('',(#1388));
#278=EDGE_LOOP('',(#1389));
#279=EDGE_LOOP('',(#1390));
#280=EDGE_LOOP('',(#1391));
#281=EDGE_LOOP('',(#1392));
#282=EDGE_LOOP('',(#1393));
#283=EDGE_LOOP('',(#1394,#1395,#1396,#1397,#1398,#1399,#1400,#1401,#1402,
#1403));
#284=EDGE_LOOP('',(#1404,#1405,#1406,#1407));
#285=EDGE_LOOP('',(#1408,#1409,#1410,#1411,#1412,#1413,#1414,#1415,#1416,
#1417,#1418,#1419,#1420,#1421,#1422,#1423,#1424,#1425,#1426));
#286=EDGE_LOOP('',(#1427));
#287=EDGE_LOOP('',(#1428));
#288=EDGE_LOOP('',(#1429));
#289=EDGE_LOOP('',(#1430));
#290=EDGE_LOOP('',(#1431));
#291=EDGE_LOOP('',(#1432));
#292=EDGE_LOOP('',(#1433));
#293=EDGE_LOOP('',(#1434));
#294=EDGE_LOOP('',(#1435));
#295=EDGE_LOOP('',(#1436));
#296=EDGE_LOOP('',(#1437,#1438,#1439,#1440));
#297=EDGE_LOOP('',(#1441,#1442,#1443,#1444));
#298=EDGE_LOOP('',(#1445,#1446,#1447,#1448,#1449));
#299=EDGE_LOOP('',(#1450,#1451,#1452,#1453));
#300=EDGE_LOOP('',(#1454,#1455,#1456,#1457));
#301=EDGE_LOOP('',(#1458,#1459,#1460,#1461));
#302=EDGE_LOOP('',(#1462,#1463,#1464,#1465));
#303=EDGE_LOOP('',(#1466,#1467,#1468,#1469));
#304=EDGE_LOOP('',(#1470,#1471,#1472,#1473,#1474,#1475));
#305=EDGE_LOOP('',(#1476,#1477,#1478));
#306=EDGE_LOOP('',(#1479,#1480,#1481,#1482,#1483));
#307=EDGE_LOOP('',(#1484,#1485,#1486,#1487));
#308=EDGE_LOOP('',(#1488,#1489,#1490,#1491));
#309=EDGE_LOOP('',(#1492,#1493,#1494,#1495));
#310=EDGE_LOOP('',(#1496,#1497,#1498,#1499));
#311=EDGE_LOOP('',(#1500,#1501,#1502,#1503,#1504));
#312=EDGE_LOOP('',(#1505,#1506,#1507,#1508));
#313=EDGE_LOOP('',(#1509));
#314=EDGE_LOOP('',(#1510));
#315=EDGE_LOOP('',(#1511));
#316=EDGE_LOOP('',(#1512));
#317=EDGE_LOOP('',(#1513));
#318=EDGE_LOOP('',(#1514,#1515,#1516,#1517));
#319=EDGE_LOOP('',(#1518,#1519,#1520,#1521));
#320=EDGE_LOOP('',(#1522,#1523,#1524,#1525));
#321=EDGE_LOOP('',(#1526,#1527,#1528,#1529));
#322=EDGE_LOOP('',(#1530,#1531,#1532,#1533));
#323=EDGE_LOOP('',(#1534,#1535,#1536,#1537,#1538,#1539,#1540,#1541,#1542,
#1543));
#324=EDGE_LOOP('',(#1544,#1545,#1546,#1547));
#325=EDGE_LOOP('',(#1548,#1549,#1550,#1551,#1552));
#326=EDGE_LOOP('',(#1553,#1554,#1555,#1556,#1557,#1558,#1559,#1560));
#327=EDGE_LOOP('',(#1561,#1562,#1563,#1564));
#328=EDGE_LOOP('',(#1565,#1566,#1567,#1568));
#329=EDGE_LOOP('',(#1569,#1570,#1571,#1572));
#330=EDGE_LOOP('',(#1573,#1574,#1575,#1576));
#331=EDGE_LOOP('',(#1577,#1578,#1579,#1580));
#332=EDGE_LOOP('',(#1581,#1582,#1583,#1584));
#333=EDGE_LOOP('',(#1585,#1586,#1587,#1588,#1589,#1590,#1591,#1592,#1593,
#1594,#1595,#1596,#1597,#1598));
#334=EDGE_LOOP('',(#1599,#1600,#1601,#1602));
#335=EDGE_LOOP('',(#1603,#1604,#1605,#1606,#1607));
#336=EDGE_LOOP('',(#1608,#1609,#1610,#1611,#1612));
#337=EDGE_LOOP('',(#1613,#1614));
#338=EDGE_LOOP('',(#1615));
#339=EDGE_LOOP('',(#1616));
#340=EDGE_LOOP('',(#1617));
#341=EDGE_LOOP('',(#1618));
#342=EDGE_LOOP('',(#1619));
#343=EDGE_LOOP('',(#1620,#1621,#1622,#1623));
#344=EDGE_LOOP('',(#1624));
#345=EDGE_LOOP('',(#1625));
#346=EDGE_LOOP('',(#1626,#1627,#1628,#1629));
#347=EDGE_LOOP('',(#1630));
#348=EDGE_LOOP('',(#1631));
#349=EDGE_LOOP('',(#1632,#1633,#1634,#1635));
#350=EDGE_LOOP('',(#1636));
#351=EDGE_LOOP('',(#1637));
#352=EDGE_LOOP('',(#1638,#1639,#1640,#1641));
#353=EDGE_LOOP('',(#1642));
#354=EDGE_LOOP('',(#1643));
#355=EDGE_LOOP('',(#1644,#1645,#1646,#1647));
#356=EDGE_LOOP('',(#1648));
#357=EDGE_LOOP('',(#1649));
#358=EDGE_LOOP('',(#1650,#1651,#1652,#1653));
#359=EDGE_LOOP('',(#1654));
#360=EDGE_LOOP('',(#1655));
#361=EDGE_LOOP('',(#1656,#1657,#1658,#1659));
#362=EDGE_LOOP('',(#1660));
#363=EDGE_LOOP('',(#1661));
#364=EDGE_LOOP('',(#1662,#1663,#1664,#1665));
#365=EDGE_LOOP('',(#1666));
#366=EDGE_LOOP('',(#1667));
#367=EDGE_LOOP('',(#1668,#1669,#1670,#1671));
#368=EDGE_LOOP('',(#1672));
#369=EDGE_LOOP('',(#1673));
#370=EDGE_LOOP('',(#1674));
#371=EDGE_LOOP('',(#1675));
#372=EDGE_LOOP('',(#1676));
#373=EDGE_LOOP('',(#1677,#1678,#1679));
#374=EDGE_LOOP('',(#1680,#1681,#1682,#1683));
#375=EDGE_LOOP('',(#1684,#1685,#1686,#1687));
#376=EDGE_LOOP('',(#1688,#1689,#1690,#1691));
#377=EDGE_LOOP('',(#1692,#1693,#1694,#1695));
#378=EDGE_LOOP('',(#1696,#1697,#1698,#1699));
#379=EDGE_LOOP('',(#1700,#1701,#1702,#1703));
#380=EDGE_LOOP('',(#1704,#1705,#1706,#1707,#1708));
#381=EDGE_LOOP('',(#1709,#1710,#1711,#1712,#1713,#1714));
#382=EDGE_LOOP('',(#1715,#1716,#1717,#1718));
#383=EDGE_LOOP('',(#1719,#1720,#1721,#1722));
#384=EDGE_LOOP('',(#1723,#1724,#1725,#1726));
#385=EDGE_LOOP('',(#1727,#1728,#1729,#1730));
#386=EDGE_LOOP('',(#1731,#1732,#1733,#1734));
#387=EDGE_LOOP('',(#1735,#1736,#1737,#1738,#1739,#1740,#1741,#1742,#1743,
#1744,#1745,#1746,#1747,#1748));
#388=EDGE_LOOP('',(#1749,#1750,#1751,#1752,#1753));
#389=EDGE_LOOP('',(#1754,#1755,#1756,#1757,#1758));
#390=EDGE_LOOP('',(#1759,#1760));
#391=EDGE_LOOP('',(#1761));
#392=EDGE_LOOP('',(#1762));
#393=EDGE_LOOP('',(#1763));
#394=EDGE_LOOP('',(#1764));
#395=EDGE_LOOP('',(#1765));
#396=EDGE_LOOP('',(#1766));
#397=EDGE_LOOP('',(#1767));
#398=EDGE_LOOP('',(#1768,#1769,#1770,#1771));
#399=EDGE_LOOP('',(#1772));
#400=EDGE_LOOP('',(#1773));
#401=EDGE_LOOP('',(#1774,#1775,#1776,#1777));
#402=EDGE_LOOP('',(#1778));
#403=EDGE_LOOP('',(#1779));
#404=EDGE_LOOP('',(#1780,#1781,#1782,#1783));
#405=EDGE_LOOP('',(#1784));
#406=EDGE_LOOP('',(#1785));
#407=EDGE_LOOP('',(#1786,#1787,#1788,#1789));
#408=EDGE_LOOP('',(#1790));
#409=EDGE_LOOP('',(#1791));
#410=EDGE_LOOP('',(#1792,#1793,#1794,#1795));
#411=EDGE_LOOP('',(#1796));
#412=EDGE_LOOP('',(#1797));
#413=EDGE_LOOP('',(#1798,#1799,#1800,#1801));
#414=EDGE_LOOP('',(#1802));
#415=EDGE_LOOP('',(#1803));
#416=EDGE_LOOP('',(#1804,#1805,#1806,#1807));
#417=EDGE_LOOP('',(#1808));
#418=EDGE_LOOP('',(#1809));
#419=EDGE_LOOP('',(#1810,#1811,#1812,#1813));
#420=EDGE_LOOP('',(#1814,#1815,#1816,#1817,#1818,#1819,#1820,#1821,#1822,
#1823,#1824,#1825));
#421=EDGE_LOOP('',(#1826,#1827,#1828,#1829));
#422=EDGE_LOOP('',(#1830,#1831,#1832,#1833,#1834,#1835));
#423=EDGE_LOOP('',(#1836,#1837,#1838,#1839));
#424=EDGE_LOOP('',(#1840,#1841,#1842,#1843));
#425=EDGE_LOOP('',(#1844,#1845,#1846,#1847,#1848,#1849));
#426=EDGE_LOOP('',(#1850,#1851,#1852,#1853));
#427=EDGE_LOOP('',(#1854,#1855,#1856,#1857));
#428=EDGE_LOOP('',(#1858,#1859,#1860,#1861,#1862,#1863));
#429=EDGE_LOOP('',(#1864,#1865,#1866,#1867,#1868,#1869));
#430=EDGE_LOOP('',(#1870,#1871,#1872,#1873));
#431=EDGE_LOOP('',(#1874,#1875,#1876,#1877));
#432=EDGE_LOOP('',(#1878,#1879,#1880,#1881));
#433=EDGE_LOOP('',(#1882,#1883,#1884,#1885,#1886,#1887,#1888));
#434=EDGE_LOOP('',(#1889,#1890,#1891,#1892,#1893,#1894,#1895));
#435=EDGE_LOOP('',(#1896,#1897,#1898,#1899,#1900,#1901,#1902));
#436=EDGE_LOOP('',(#1903,#1904,#1905,#1906,#1907,#1908,#1909,#1910));
#437=EDGE_LOOP('',(#1911,#1912,#1913,#1914));
#438=EDGE_LOOP('',(#1915,#1916,#1917,#1918));
#439=EDGE_LOOP('',(#1919,#1920,#1921,#1922));
#440=EDGE_LOOP('',(#1923,#1924,#1925,#1926));
#441=LINE('',#2993,#592);
#442=LINE('',#2996,#593);
#443=LINE('',#2999,#594);
#444=LINE('',#3001,#595);
#445=LINE('',#3002,#596);
#446=LINE('',#3008,#597);
#447=LINE('',#3012,#598);
#448=LINE('',#3016,#599);
#449=LINE('',#3018,#600);
#450=LINE('',#3019,#601);
#451=LINE('',#3025,#602);
#452=LINE('',#3028,#603);
#453=LINE('',#3031,#604);
#454=LINE('',#3035,#605);
#455=LINE('',#3039,#606);
#456=LINE('',#3042,#607);
#457=LINE('',#3046,#608);
#458=LINE('',#3050,#609);
#459=LINE('',#3053,#610);
#460=LINE('',#3076,#611);
#461=LINE('',#3082,#612);
#462=LINE('',#3088,#613);
#463=LINE('',#3090,#614);
#464=LINE('',#3092,#615);
#465=LINE('',#3093,#616);
#466=LINE('',#3099,#617);
#467=LINE('',#3102,#618);
#468=LINE('',#3106,#619);
#469=LINE('',#3110,#620);
#470=LINE('',#3113,#621);
#471=LINE('',#3115,#622);
#472=LINE('',#3117,#623);
#473=LINE('',#3119,#624);
#474=LINE('',#3123,#625);
#475=LINE('',#3127,#626);
#476=LINE('',#3151,#627);
#477=LINE('',#3153,#628);
#478=LINE('',#3155,#629);
#479=LINE('',#3156,#630);
#480=LINE('',#3159,#631);
#481=LINE('',#3160,#632);
#482=LINE('',#3164,#633);
#483=LINE('',#3165,#634);
#484=LINE('',#3167,#635);
#485=LINE('',#3173,#636);
#486=LINE('',#3174,#637);
#487=LINE('',#3188,#638);
#488=LINE('',#3191,#639);
#489=LINE('',#3192,#640);
#490=LINE('',#3196,#641);
#491=LINE('',#3199,#642);
#492=LINE('',#3206,#643);
#493=LINE('',#3208,#644);
#494=LINE('',#3209,#645);
#495=LINE('',#3223,#646);
#496=LINE('',#3224,#647);
#497=LINE('',#3225,#648);
#498=LINE('',#3230,#649);
#499=LINE('',#3236,#650);
#500=LINE('',#3240,#651);
#501=LINE('',#3244,#652);
#502=LINE('',#3260,#653);
#503=LINE('',#3266,#654);
#504=LINE('',#3272,#655);
#505=LINE('',#3278,#656);
#506=LINE('',#3282,#657);
#507=LINE('',#3285,#658);
#508=LINE('',#3287,#659);
#509=LINE('',#3289,#660);
#510=LINE('',#3295,#661);
#511=LINE('',#3299,#662);
#512=LINE('',#3301,#663);
#513=LINE('',#3307,#664);
#514=LINE('',#3310,#665);
#515=LINE('',#3316,#666);
#516=LINE('',#3318,#667);
#517=LINE('',#3320,#668);
#518=LINE('',#3321,#669);
#519=LINE('',#3325,#670);
#520=LINE('',#3329,#671);
#521=LINE('',#3333,#672);
#522=LINE('',#3335,#673);
#523=LINE('',#3339,#674);
#524=LINE('',#3344,#675);
#525=LINE('',#3352,#676);
#526=LINE('',#3374,#677);
#527=LINE('',#3379,#678);
#528=LINE('',#3384,#679);
#529=LINE('',#3389,#680);
#530=LINE('',#3394,#681);
#531=LINE('',#3399,#682);
#532=LINE('',#3404,#683);
#533=LINE('',#3409,#684);
#534=LINE('',#3415,#685);
#535=LINE('',#3429,#686);
#536=LINE('',#3430,#687);
#537=LINE('',#3435,#688);
#538=LINE('',#3441,#689);
#539=LINE('',#3447,#690);
#540=LINE('',#3453,#691);
#541=LINE('',#3457,#692);
#542=LINE('',#3460,#693);
#543=LINE('',#3463,#694);
#544=LINE('',#3473,#695);
#545=LINE('',#3477,#696);
#546=LINE('',#3481,#697);
#547=LINE('',#3483,#698);
#548=LINE('',#3487,#699);
#549=LINE('',#3511,#700);
#550=LINE('',#3516,#701);
#551=LINE('',#3521,#702);
#552=LINE('',#3526,#703);
#553=LINE('',#3531,#704);
#554=LINE('',#3536,#705);
#555=LINE('',#3541,#706);
#556=LINE('',#3546,#707);
#557=LINE('',#3551,#708);
#558=LINE('',#3555,#709);
#559=LINE('',#3558,#710);
#560=LINE('',#3561,#711);
#561=LINE('',#3563,#712);
#562=LINE('',#3564,#713);
#563=LINE('',#3568,#714);
#564=LINE('',#3569,#715);
#565=LINE('',#3570,#716);
#566=LINE('',#3574,#717);
#567=LINE('',#3579,#718);
#568=LINE('',#3580,#719);
#569=LINE('',#3583,#720);
#570=LINE('',#3585,#721);
#571=LINE('',#3586,#722);
#572=LINE('',#3588,#723);
#573=LINE('',#3589,#724);
#574=LINE('',#3592,#725);
#575=LINE('',#3596,#726);
#576=LINE('',#3599,#727);
#577=LINE('',#3603,#728);
#578=LINE('',#3607,#729);
#579=LINE('',#3609,#730);
#580=LINE('',#3611,#731);
#581=LINE('',#3615,#732);
#582=LINE('',#3617,#733);
#583=LINE('',#3618,#734);
#584=LINE('',#3620,#735);
#585=LINE('',#3621,#736);
#586=LINE('',#3623,#737);
#587=LINE('',#3624,#738);
#588=LINE('',#3626,#739);
#589=LINE('',#3628,#740);
#590=LINE('',#3630,#741);
#591=LINE('',#3632,#742);
#592=VECTOR('',#2360,10.);
#593=VECTOR('',#2363,10.);
#594=VECTOR('',#2366,10.);
#595=VECTOR('',#2367,10.);
#596=VECTOR('',#2368,10.);
#597=VECTOR('',#2373,10.);
#598=VECTOR('',#2376,10.);
#599=VECTOR('',#2381,10.);
#600=VECTOR('',#2382,10.);
#601=VECTOR('',#2383,10.);
#602=VECTOR('',#2388,10.);
#603=VECTOR('',#2391,10.);
#604=VECTOR('',#2394,1000.);
#605=VECTOR('',#2397,1000.);
#606=VECTOR('',#2400,1000.);
#607=VECTOR('',#2403,1000.);
#608=VECTOR('',#2406,10.);
#609=VECTOR('',#2409,10.);
#610=VECTOR('',#2412,10.);
#611=VECTOR('',#2435,1000.);
#612=VECTOR('',#2436,1000.);
#613=VECTOR('',#2437,1000.);
#614=VECTOR('',#2438,10.);
#615=VECTOR('',#2439,1000.);
#616=VECTOR('',#2440,1000.);
#617=VECTOR('',#2447,10.);
#618=VECTOR('',#2450,10.);
#619=VECTOR('',#2453,10.);
#620=VECTOR('',#2456,10.);
#621=VECTOR('',#2459,1000.);
#622=VECTOR('',#2460,1000.);
#623=VECTOR('',#2461,1000.);
#624=VECTOR('',#2462,1000.);
#625=VECTOR('',#2465,1000.);
#626=VECTOR('',#2468,1000.);
#627=VECTOR('',#2491,1000.);
#628=VECTOR('',#2492,1000.);
#629=VECTOR('',#2493,1000.);
#630=VECTOR('',#2494,1000.);
#631=VECTOR('',#2497,10.);
#632=VECTOR('',#2498,10.);
#633=VECTOR('',#2501,10.);
#634=VECTOR('',#2502,10.);
#635=VECTOR('',#2503,10.);
#636=VECTOR('',#2506,10.);
#637=VECTOR('',#2507,10.);
#638=VECTOR('',#2522,10.);
#639=VECTOR('',#2525,10.);
#640=VECTOR('',#2526,10.);
#641=VECTOR('',#2531,1000.);
#642=VECTOR('',#2536,10.);
#643=VECTOR('',#2539,10.);
#644=VECTOR('',#2540,10.);
#645=VECTOR('',#2541,10.);
#646=VECTOR('',#2554,10.);
#647=VECTOR('',#2555,10.);
#648=VECTOR('',#2556,10.);
#649=VECTOR('',#2563,1000.);
#650=VECTOR('',#2564,1000.);
#651=VECTOR('',#2567,1000.);
#652=VECTOR('',#2570,1000.);
#653=VECTOR('',#2587,1.);
#654=VECTOR('',#2594,1.);
#655=VECTOR('',#2601,1.);
#656=VECTOR('',#2608,1.);
#657=VECTOR('',#2613,3.);
#658=VECTOR('',#2618,1000.);
#659=VECTOR('',#2619,1000.);
#660=VECTOR('',#2620,1000.);
#661=VECTOR('',#2621,1000.);
#662=VECTOR('',#2622,1000.);
#663=VECTOR('',#2625,1000.);
#664=VECTOR('',#2628,1000.);
#665=VECTOR('',#2631,1000.);
#666=VECTOR('',#2632,1000.);
#667=VECTOR('',#2633,1000.);
#668=VECTOR('',#2634,1000.);
#669=VECTOR('',#2635,1000.);
#670=VECTOR('',#2640,1.);
#671=VECTOR('',#2645,1.);
#672=VECTOR('',#2650,1.);
#673=VECTOR('',#2653,3.);
#674=VECTOR('',#2658,1.);
#675=VECTOR('',#2663,1000.);
#676=VECTOR('',#2674,1000.);
#677=VECTOR('',#2687,2.);
#678=VECTOR('',#2694,2.);
#679=VECTOR('',#2701,2.);
#680=VECTOR('',#2708,2.);
#681=VECTOR('',#2715,2.);
#682=VECTOR('',#2722,2.);
#683=VECTOR('',#2729,2.);
#684=VECTOR('',#2736,2.);
#685=VECTOR('',#2743,1000.);
#686=VECTOR('',#2758,10.);
#687=VECTOR('',#2759,1000.);
#688=VECTOR('',#2764,1.);
#689=VECTOR('',#2771,1.);
#690=VECTOR('',#2778,1.);
#691=VECTOR('',#2785,1.);
#692=VECTOR('',#2790,3.);
#693=VECTOR('',#2795,1000.);
#694=VECTOR('',#2798,1000.);
#695=VECTOR('',#2809,1.);
#696=VECTOR('',#2814,1.);
#697=VECTOR('',#2819,1.);
#698=VECTOR('',#2822,3.);
#699=VECTOR('',#2827,1.);
#700=VECTOR('',#2844,2.);
#701=VECTOR('',#2851,2.);
#702=VECTOR('',#2858,2.);
#703=VECTOR('',#2865,2.);
#704=VECTOR('',#2872,2.);
#705=VECTOR('',#2879,2.);
#706=VECTOR('',#2886,2.);
#707=VECTOR('',#2893,2.);
#708=VECTOR('',#2900,1000.);
#709=VECTOR('',#2903,1000.);
#710=VECTOR('',#2906,1000.);
#711=VECTOR('',#2909,1000.);
#712=VECTOR('',#2910,1000.);
#713=VECTOR('',#2911,1000.);
#714=VECTOR('',#2914,1000.);
#715=VECTOR('',#2915,1000.);
#716=VECTOR('',#2916,1000.);
#717=VECTOR('',#2919,1000.);
#718=VECTOR('',#2924,1000.);
#719=VECTOR('',#2925,1000.);
#720=VECTOR('',#2928,1000.);
#721=VECTOR('',#2929,1000.);
#722=VECTOR('',#2930,1000.);
#723=VECTOR('',#2933,1000.);
#724=VECTOR('',#2934,1000.);
#725=VECTOR('',#2937,1000.);
#726=VECTOR('',#2940,1000.);
#727=VECTOR('',#2943,1000.);
#728=VECTOR('',#2946,1000.);
#729=VECTOR('',#2949,1000.);
#730=VECTOR('',#2950,1000.);
#731=VECTOR('',#2951,1000.);
#732=VECTOR('',#2956,1000.);
#733=VECTOR('',#2957,1000.);
#734=VECTOR('',#2958,1000.);
#735=VECTOR('',#2961,1000.);
#736=VECTOR('',#2962,1000.);
#737=VECTOR('',#2965,1000.);
#738=VECTOR('',#2966,1000.);
#739=VECTOR('',#2969,1000.);
#740=VECTOR('',#2972,1000.);
#741=VECTOR('',#2975,1000.);
#742=VECTOR('',#2978,1000.);
#743=CIRCLE('',#2115,5.);
#744=CIRCLE('',#2116,5.);
#745=CIRCLE('',#2119,5.);
#746=CIRCLE('',#2120,5.);
#747=CIRCLE('',#2124,5.);
#748=CIRCLE('',#2125,5.);
#749=CIRCLE('',#2127,5.);
#750=CIRCLE('',#2128,9.);
#751=CIRCLE('',#2129,5.);
#752=CIRCLE('',#2130,5.00000000000008);
#753=CIRCLE('',#2131,9.);
#754=CIRCLE('',#2132,4.99999999999997);
#755=CIRCLE('',#2133,2.);
#756=CIRCLE('',#2134,2.);
#757=CIRCLE('',#2135,2.);
#758=CIRCLE('',#2136,2.);
#759=CIRCLE('',#2137,2.);
#760=CIRCLE('',#2138,2.);
#761=CIRCLE('',#2139,2.);
#762=CIRCLE('',#2140,2.);
#763=CIRCLE('',#2141,3.);
#764=CIRCLE('',#2142,3.);
#765=CIRCLE('',#2145,5.);
#766=CIRCLE('',#2146,5.);
#767=CIRCLE('',#2148,4.99999999999997);
#768=CIRCLE('',#2149,9.00000000000004);
#769=CIRCLE('',#2150,5.00000000000008);
#770=CIRCLE('',#2151,5.);
#771=CIRCLE('',#2152,9.);
#772=CIRCLE('',#2153,5.);
#773=CIRCLE('',#2154,2.);
#774=CIRCLE('',#2155,2.);
#775=CIRCLE('',#2156,2.);
#776=CIRCLE('',#2157,2.);
#777=CIRCLE('',#2158,2.);
#778=CIRCLE('',#2159,2.);
#779=CIRCLE('',#2160,2.);
#780=CIRCLE('',#2161,2.);
#781=CIRCLE('',#2162,3.);
#782=CIRCLE('',#2163,3.);
#783=CIRCLE('',#2168,4.99999999999997);
#784=CIRCLE('',#2170,9.);
#785=CIRCLE('',#2171,10.5);
#786=CIRCLE('',#2173,5.00000000000008);
#787=CIRCLE('',#2176,9.);
#788=CIRCLE('',#2177,9.);
#789=CIRCLE('',#2181,4.99999999999997);
#790=CIRCLE('',#2183,10.5);
#791=CIRCLE('',#2184,9.);
#792=CIRCLE('',#2187,5.00000000000008);
#793=CIRCLE('',#2190,11.5);
#794=CIRCLE('',#2191,9.);
#795=CIRCLE('',#2192,1.);
#796=CIRCLE('',#2193,1.);
#797=CIRCLE('',#2194,1.);
#798=CIRCLE('',#2195,1.);
#799=CIRCLE('',#2196,3.);
#800=CIRCLE('',#2198,1.);
#801=CIRCLE('',#2199,1.);
#802=CIRCLE('',#2201,1.);
#803=CIRCLE('',#2202,1.);
#804=CIRCLE('',#2204,1.);
#805=CIRCLE('',#2205,1.);
#806=CIRCLE('',#2207,1.);
#807=CIRCLE('',#2208,1.);
#808=CIRCLE('',#2210,3.);
#809=CIRCLE('',#2216,1.);
#810=CIRCLE('',#2218,1.);
#811=CIRCLE('',#2220,1.);
#812=CIRCLE('',#2223,1.);
#813=CIRCLE('',#2225,48.);
#814=CIRCLE('',#2226,48.);
#815=CIRCLE('',#2228,45.5);
#816=CIRCLE('',#2230,14.);
#817=CIRCLE('',#2231,14.);
#818=CIRCLE('',#2236,2.);
#819=CIRCLE('',#2239,2.);
#820=CIRCLE('',#2242,2.);
#821=CIRCLE('',#2245,2.);
#822=CIRCLE('',#2248,2.);
#823=CIRCLE('',#2251,2.);
#824=CIRCLE('',#2254,2.);
#825=CIRCLE('',#2257,2.);
#826=CIRCLE('',#2260,9.);
#827=CIRCLE('',#2261,11.5);
#828=CIRCLE('',#2262,1.);
#829=CIRCLE('',#2263,1.);
#830=CIRCLE('',#2264,1.);
#831=CIRCLE('',#2265,1.);
#832=CIRCLE('',#2266,3.);
#833=CIRCLE('',#2269,1.);
#834=CIRCLE('',#2270,1.);
#835=CIRCLE('',#2272,1.);
#836=CIRCLE('',#2273,1.);
#837=CIRCLE('',#2275,1.);
#838=CIRCLE('',#2276,1.);
#839=CIRCLE('',#2278,1.);
#840=CIRCLE('',#2279,1.);
#841=CIRCLE('',#2281,3.);
#842=CIRCLE('',#2285,9.);
#843=CIRCLE('',#2286,9.);
#844=CIRCLE('',#2288,1.);
#845=CIRCLE('',#2290,1.);
#846=CIRCLE('',#2292,1.);
#847=CIRCLE('',#2295,1.);
#848=CIRCLE('',#2297,45.5);
#849=CIRCLE('',#2302,2.);
#850=CIRCLE('',#2305,2.);
#851=CIRCLE('',#2308,2.);
#852=CIRCLE('',#2311,2.);
#853=CIRCLE('',#2314,2.);
#854=CIRCLE('',#2317,2.);
#855=CIRCLE('',#2320,2.);
#856=CIRCLE('',#2323,2.);
#857=CIRCLE('',#2328,0.5);
#858=CIRCLE('',#2329,0.5);
#859=CIRCLE('',#2333,0.5);
#860=CIRCLE('',#2334,0.5);
#861=CIRCLE('',#2338,0.5);
#862=CIRCLE('',#2339,0.5);
#863=CIRCLE('',#2341,0.5);
#864=CIRCLE('',#2342,0.5);
#865=VERTEX_POINT('',#2989);
#866=VERTEX_POINT('',#2990);
#867=VERTEX_POINT('',#2992);
#868=VERTEX_POINT('',#2994);
#869=VERTEX_POINT('',#2998);
#870=VERTEX_POINT('',#3000);
#871=VERTEX_POINT('',#3004);
#872=VERTEX_POINT('',#3005);
#873=VERTEX_POINT('',#3007);
#874=VERTEX_POINT('',#3009);
#875=VERTEX_POINT('',#3011);
#876=VERTEX_POINT('',#3015);
#877=VERTEX_POINT('',#3017);
#878=VERTEX_POINT('',#3021);
#879=VERTEX_POINT('',#3022);
#880=VERTEX_POINT('',#3024);
#881=VERTEX_POINT('',#3026);
#882=VERTEX_POINT('',#3030);
#883=VERTEX_POINT('',#3032);
#884=VERTEX_POINT('',#3034);
#885=VERTEX_POINT('',#3036);
#886=VERTEX_POINT('',#3038);
#887=VERTEX_POINT('',#3040);
#888=VERTEX_POINT('',#3043);
#889=VERTEX_POINT('',#3045);
#890=VERTEX_POINT('',#3047);
#891=VERTEX_POINT('',#3049);
#892=VERTEX_POINT('',#3051);
#893=VERTEX_POINT('',#3054);
#894=VERTEX_POINT('',#3056);
#895=VERTEX_POINT('',#3058);
#896=VERTEX_POINT('',#3060);
#897=VERTEX_POINT('',#3062);
#898=VERTEX_POINT('',#3064);
#899=VERTEX_POINT('',#3066);
#900=VERTEX_POINT('',#3068);
#901=VERTEX_POINT('',#3070);
#902=VERTEX_POINT('',#3072);
#903=VERTEX_POINT('',#3075);
#904=VERTEX_POINT('',#3077);
#905=VERTEX_POINT('',#3081);
#906=VERTEX_POINT('',#3083);
#907=VERTEX_POINT('',#3087);
#908=VERTEX_POINT('',#3089);
#909=VERTEX_POINT('',#3091);
#910=VERTEX_POINT('',#3095);
#911=VERTEX_POINT('',#3097);
#912=VERTEX_POINT('',#3101);
#913=VERTEX_POINT('',#3103);
#914=VERTEX_POINT('',#3105);
#915=VERTEX_POINT('',#3107);
#916=VERTEX_POINT('',#3109);
#917=VERTEX_POINT('',#3112);
#918=VERTEX_POINT('',#3114);
#919=VERTEX_POINT('',#3116);
#920=VERTEX_POINT('',#3118);
#921=VERTEX_POINT('',#3120);
#922=VERTEX_POINT('',#3122);
#923=VERTEX_POINT('',#3124);
#924=VERTEX_POINT('',#3126);
#925=VERTEX_POINT('',#3129);
#926=VERTEX_POINT('',#3131);
#927=VERTEX_POINT('',#3133);
#928=VERTEX_POINT('',#3135);
#929=VERTEX_POINT('',#3137);
#930=VERTEX_POINT('',#3139);
#931=VERTEX_POINT('',#3141);
#932=VERTEX_POINT('',#3143);
#933=VERTEX_POINT('',#3145);
#934=VERTEX_POINT('',#3147);
#935=VERTEX_POINT('',#3149);
#936=VERTEX_POINT('',#3150);
#937=VERTEX_POINT('',#3152);
#938=VERTEX_POINT('',#3154);
#939=VERTEX_POINT('',#3158);
#940=VERTEX_POINT('',#3162);
#941=VERTEX_POINT('',#3163);
#942=VERTEX_POINT('',#3166);
#943=VERTEX_POINT('',#3172);
#944=VERTEX_POINT('',#3178);
#945=VERTEX_POINT('',#3180);
#946=VERTEX_POINT('',#3186);
#947=VERTEX_POINT('',#3190);
#948=VERTEX_POINT('',#3194);
#949=VERTEX_POINT('',#3201);
#950=VERTEX_POINT('',#3202);
#951=VERTEX_POINT('',#3207);
#952=VERTEX_POINT('',#3213);
#953=VERTEX_POINT('',#3215);
#954=VERTEX_POINT('',#3221);
#955=VERTEX_POINT('',#3222);
#956=VERTEX_POINT('',#3229);
#957=VERTEX_POINT('',#3231);
#958=VERTEX_POINT('',#3238);
#959=VERTEX_POINT('',#3239);
#960=VERTEX_POINT('',#3241);
#961=VERTEX_POINT('',#3243);
#962=VERTEX_POINT('',#3246);
#963=VERTEX_POINT('',#3248);
#964=VERTEX_POINT('',#3250);
#965=VERTEX_POINT('',#3252);
#966=VERTEX_POINT('',#3254);
#967=VERTEX_POINT('',#3257);
#968=VERTEX_POINT('',#3259);
#969=VERTEX_POINT('',#3263);
#970=VERTEX_POINT('',#3265);
#971=VERTEX_POINT('',#3269);
#972=VERTEX_POINT('',#3271);
#973=VERTEX_POINT('',#3275);
#974=VERTEX_POINT('',#3277);
#975=VERTEX_POINT('',#3281);
#976=VERTEX_POINT('',#3286);
#977=VERTEX_POINT('',#3288);
#978=VERTEX_POINT('',#3290);
#979=VERTEX_POINT('',#3294);
#980=VERTEX_POINT('',#3303);
#981=VERTEX_POINT('',#3309);
#982=VERTEX_POINT('',#3311);
#983=VERTEX_POINT('',#3317);
#984=VERTEX_POINT('',#3319);
#985=VERTEX_POINT('',#3323);
#986=VERTEX_POINT('',#3327);
#987=VERTEX_POINT('',#3331);
#988=VERTEX_POINT('',#3337);
#989=VERTEX_POINT('',#3341);
#990=VERTEX_POINT('',#3343);
#991=VERTEX_POINT('',#3349);
#992=VERTEX_POINT('',#3351);
#993=VERTEX_POINT('',#3372);
#994=VERTEX_POINT('',#3377);
#995=VERTEX_POINT('',#3382);
#996=VERTEX_POINT('',#3387);
#997=VERTEX_POINT('',#3392);
#998=VERTEX_POINT('',#3397);
#999=VERTEX_POINT('',#3402);
#1000=VERTEX_POINT('',#3407);
#1001=VERTEX_POINT('',#3412);
#1002=VERTEX_POINT('',#3414);
#1003=VERTEX_POINT('',#3417);
#1004=VERTEX_POINT('',#3419);
#1005=VERTEX_POINT('',#3421);
#1006=VERTEX_POINT('',#3423);
#1007=VERTEX_POINT('',#3425);
#1008=VERTEX_POINT('',#3428);
#1009=VERTEX_POINT('',#3432);
#1010=VERTEX_POINT('',#3434);
#1011=VERTEX_POINT('',#3438);
#1012=VERTEX_POINT('',#3440);
#1013=VERTEX_POINT('',#3444);
#1014=VERTEX_POINT('',#3446);
#1015=VERTEX_POINT('',#3450);
#1016=VERTEX_POINT('',#3452);
#1017=VERTEX_POINT('',#3456);
#1018=VERTEX_POINT('',#3462);
#1019=VERTEX_POINT('',#3471);
#1020=VERTEX_POINT('',#3475);
#1021=VERTEX_POINT('',#3479);
#1022=VERTEX_POINT('',#3485);
#1023=VERTEX_POINT('',#3508);
#1024=VERTEX_POINT('',#3513);
#1025=VERTEX_POINT('',#3518);
#1026=VERTEX_POINT('',#3523);
#1027=VERTEX_POINT('',#3528);
#1028=VERTEX_POINT('',#3533);
#1029=VERTEX_POINT('',#3538);
#1030=VERTEX_POINT('',#3543);
#1031=VERTEX_POINT('',#3550);
#1032=VERTEX_POINT('',#3552);
#1033=VERTEX_POINT('',#3554);
#1034=VERTEX_POINT('',#3556);
#1035=VERTEX_POINT('',#3560);
#1036=VERTEX_POINT('',#3562);
#1037=VERTEX_POINT('',#3566);
#1038=VERTEX_POINT('',#3567);
#1039=VERTEX_POINT('',#3572);
#1040=VERTEX_POINT('',#3573);
#1041=VERTEX_POINT('',#3576);
#1042=VERTEX_POINT('',#3578);
#1043=VERTEX_POINT('',#3582);
#1044=VERTEX_POINT('',#3584);
#1045=VERTEX_POINT('',#3591);
#1046=VERTEX_POINT('',#3593);
#1047=VERTEX_POINT('',#3595);
#1048=VERTEX_POINT('',#3597);
#1049=VERTEX_POINT('',#3601);
#1050=VERTEX_POINT('',#3602);
#1051=VERTEX_POINT('',#3604);
#1052=VERTEX_POINT('',#3606);
#1053=VERTEX_POINT('',#3608);
#1054=VERTEX_POINT('',#3610);
#1055=VERTEX_POINT('',#3614);
#1056=VERTEX_POINT('',#3616);
#1057=EDGE_CURVE('',#865,#866,#743,.T.);
#1058=EDGE_CURVE('',#866,#867,#441,.T.);
#1059=EDGE_CURVE('',#867,#868,#744,.T.);
#1060=EDGE_CURVE('',#868,#865,#442,.T.);
#1061=EDGE_CURVE('',#866,#869,#443,.T.);
#1062=EDGE_CURVE('',#870,#869,#444,.T.);
#1063=EDGE_CURVE('',#870,#867,#445,.T.);
#1064=EDGE_CURVE('',#871,#872,#745,.T.);
#1065=EDGE_CURVE('',#872,#873,#446,.T.);
#1066=EDGE_CURVE('',#873,#874,#746,.T.);
#1067=EDGE_CURVE('',#874,#875,#447,.T.);
#1068=EDGE_CURVE('',#875,#871,#94,.T.);
#1069=EDGE_CURVE('',#872,#876,#448,.T.);
#1070=EDGE_CURVE('',#876,#877,#449,.T.);
#1071=EDGE_CURVE('',#877,#873,#450,.T.);
#1072=EDGE_CURVE('',#878,#879,#747,.T.);
#1073=EDGE_CURVE('',#879,#880,#451,.T.);
#1074=EDGE_CURVE('',#880,#881,#748,.T.);
#1075=EDGE_CURVE('',#881,#878,#452,.T.);
#1076=EDGE_CURVE('',#882,#878,#453,.T.);
#1077=EDGE_CURVE('',#882,#883,#749,.T.);
#1078=EDGE_CURVE('',#884,#883,#454,.T.);
#1079=EDGE_CURVE('',#884,#885,#750,.T.);
#1080=EDGE_CURVE('',#886,#885,#455,.T.);
#1081=EDGE_CURVE('',#886,#887,#751,.F.);
#1082=EDGE_CURVE('',#868,#887,#456,.T.);
#1083=EDGE_CURVE('',#888,#870,#752,.T.);
#1084=EDGE_CURVE('',#889,#888,#457,.T.);
#1085=EDGE_CURVE('',#890,#889,#753,.T.);
#1086=EDGE_CURVE('',#890,#891,#458,.T.);
#1087=EDGE_CURVE('',#891,#892,#754,.T.);
#1088=EDGE_CURVE('',#892,#879,#459,.T.);
#1089=EDGE_CURVE('',#893,#893,#755,.T.);
#1090=EDGE_CURVE('',#894,#894,#756,.T.);
#1091=EDGE_CURVE('',#895,#895,#757,.T.);
#1092=EDGE_CURVE('',#896,#896,#758,.T.);
#1093=EDGE_CURVE('',#897,#897,#759,.T.);
#1094=EDGE_CURVE('',#898,#898,#760,.T.);
#1095=EDGE_CURVE('',#899,#899,#761,.T.);
#1096=EDGE_CURVE('',#900,#900,#762,.T.);
#1097=EDGE_CURVE('',#901,#901,#763,.T.);
#1098=EDGE_CURVE('',#902,#902,#764,.T.);
#1099=EDGE_CURVE('',#903,#881,#460,.T.);
#1100=EDGE_CURVE('',#903,#904,#27,.T.);
#1101=EDGE_CURVE('',#904,#905,#461,.T.);
#1102=EDGE_CURVE('',#906,#905,#28,.T.);
#1103=EDGE_CURVE('',#906,#907,#462,.T.);
#1104=EDGE_CURVE('',#908,#907,#463,.T.);
#1105=EDGE_CURVE('',#909,#908,#464,.T.);
#1106=EDGE_CURVE('',#909,#882,#465,.F.);
#1107=EDGE_CURVE('',#910,#908,#765,.T.);
#1108=EDGE_CURVE('',#907,#911,#766,.T.);
#1109=EDGE_CURVE('',#911,#910,#466,.T.);
#1110=EDGE_CURVE('',#910,#912,#467,.T.);
#1111=EDGE_CURVE('',#912,#913,#767,.T.);
#1112=EDGE_CURVE('',#913,#914,#468,.T.);
#1113=EDGE_CURVE('',#914,#915,#768,.T.);
#1114=EDGE_CURVE('',#916,#915,#469,.T.);
#1115=EDGE_CURVE('',#916,#876,#769,.T.);
#1116=EDGE_CURVE('',#871,#917,#470,.T.);
#1117=EDGE_CURVE('',#917,#918,#471,.T.);
#1118=EDGE_CURVE('',#918,#919,#472,.T.);
#1119=EDGE_CURVE('',#919,#920,#473,.T.);
#1120=EDGE_CURVE('',#920,#921,#770,.F.);
#1121=EDGE_CURVE('',#921,#922,#474,.T.);
#1122=EDGE_CURVE('',#923,#922,#771,.T.);
#1123=EDGE_CURVE('',#923,#924,#475,.T.);
#1124=EDGE_CURVE('',#924,#909,#772,.T.);
#1125=EDGE_CURVE('',#925,#925,#773,.T.);
#1126=EDGE_CURVE('',#926,#926,#774,.T.);
#1127=EDGE_CURVE('',#927,#927,#775,.T.);
#1128=EDGE_CURVE('',#928,#928,#776,.T.);
#1129=EDGE_CURVE('',#929,#929,#777,.T.);
#1130=EDGE_CURVE('',#930,#930,#778,.T.);
#1131=EDGE_CURVE('',#931,#931,#779,.T.);
#1132=EDGE_CURVE('',#932,#932,#780,.T.);
#1133=EDGE_CURVE('',#933,#933,#781,.T.);
#1134=EDGE_CURVE('',#934,#934,#782,.T.);
#1135=EDGE_CURVE('',#935,#936,#476,.T.);
#1136=EDGE_CURVE('',#936,#937,#477,.T.);
#1137=EDGE_CURVE('',#938,#937,#478,.T.);
#1138=EDGE_CURVE('',#938,#935,#479,.T.);
#1139=EDGE_CURVE('',#939,#911,#480,.T.);
#1140=EDGE_CURVE('',#912,#939,#481,.T.);
#1141=EDGE_CURVE('',#940,#941,#482,.T.);
#1142=EDGE_CURVE('',#891,#940,#483,.T.);
#1143=EDGE_CURVE('',#890,#942,#484,.T.);
#1144=EDGE_CURVE('',#941,#942,#29,.T.);
#1145=EDGE_CURVE('',#892,#943,#485,.T.);
#1146=EDGE_CURVE('',#880,#943,#486,.T.);
#1147=EDGE_CURVE('',#943,#940,#783,.T.);
#1148=EDGE_CURVE('',#944,#942,#784,.T.);
#1149=EDGE_CURVE('',#945,#944,#30,.T.);
#1150=EDGE_CURVE('',#941,#945,#785,.F.);
#1151=EDGE_CURVE('',#869,#946,#786,.T.);
#1152=EDGE_CURVE('',#888,#946,#487,.T.);
#1153=EDGE_CURVE('',#946,#947,#488,.T.);
#1154=EDGE_CURVE('',#889,#947,#489,.T.);
#1155=EDGE_CURVE('',#947,#948,#787,.T.);
#1156=EDGE_CURVE('',#948,#944,#490,.T.);
#1157=EDGE_CURVE('',#942,#944,#788,.T.);
#1158=EDGE_CURVE('',#948,#945,#491,.T.);
#1159=EDGE_CURVE('',#949,#950,#31,.T.);
#1160=EDGE_CURVE('',#914,#949,#492,.T.);
#1161=EDGE_CURVE('',#913,#951,#493,.T.);
#1162=EDGE_CURVE('',#950,#951,#494,.T.);
#1163=EDGE_CURVE('',#951,#939,#789,.T.);
#1164=EDGE_CURVE('',#950,#952,#790,.F.);
#1165=EDGE_CURVE('',#952,#953,#32,.T.);
#1166=EDGE_CURVE('',#953,#949,#791,.T.);
#1167=EDGE_CURVE('',#954,#955,#495,.T.);
#1168=EDGE_CURVE('',#916,#955,#496,.T.);
#1169=EDGE_CURVE('',#915,#954,#497,.T.);
#1170=EDGE_CURVE('',#955,#877,#792,.T.);
#1171=EDGE_CURVE('',#887,#956,#498,.F.);
#1172=EDGE_CURVE('',#956,#957,#15,.T.);
#1173=EDGE_CURVE('',#865,#957,#499,.T.);
#1174=EDGE_CURVE('',#958,#959,#500,.T.);
#1175=EDGE_CURVE('',#959,#960,#793,.F.);
#1176=EDGE_CURVE('',#960,#961,#501,.T.);
#1177=EDGE_CURVE('',#958,#961,#794,.T.);
#1178=EDGE_CURVE('',#962,#962,#795,.T.);
#1179=EDGE_CURVE('',#963,#963,#796,.T.);
#1180=EDGE_CURVE('',#964,#964,#797,.T.);
#1181=EDGE_CURVE('',#965,#965,#798,.T.);
#1182=EDGE_CURVE('',#966,#966,#799,.T.);
#1183=EDGE_CURVE('',#967,#967,#800,.T.);
#1184=EDGE_CURVE('',#967,#968,#502,.T.);
#1185=EDGE_CURVE('',#968,#968,#801,.T.);
#1186=EDGE_CURVE('',#969,#969,#802,.T.);
#1187=EDGE_CURVE('',#969,#970,#503,.T.);
#1188=EDGE_CURVE('',#970,#970,#803,.T.);
#1189=EDGE_CURVE('',#971,#971,#804,.T.);
#1190=EDGE_CURVE('',#971,#972,#504,.T.);
#1191=EDGE_CURVE('',#972,#972,#805,.T.);
#1192=EDGE_CURVE('',#973,#973,#806,.T.);
#1193=EDGE_CURVE('',#973,#974,#505,.T.);
#1194=EDGE_CURVE('',#974,#974,#807,.T.);
#1195=EDGE_CURVE('',#902,#975,#506,.T.);
#1196=EDGE_CURVE('',#975,#975,#808,.T.);
#1197=EDGE_CURVE('',#883,#924,#507,.T.);
#1198=EDGE_CURVE('',#923,#976,#508,.T.);
#1199=EDGE_CURVE('',#976,#977,#509,.T.);
#1200=EDGE_CURVE('',#978,#977,#33,.T.);
#1201=EDGE_CURVE('',#978,#979,#510,.T.);
#1202=EDGE_CURVE('',#979,#959,#34,.T.);
#1203=EDGE_CURVE('',#884,#958,#511,.T.);
#1204=EDGE_CURVE('',#885,#961,#512,.T.);
#1205=EDGE_CURVE('',#960,#980,#35,.T.);
#1206=EDGE_CURVE('',#980,#886,#513,.F.);
#1207=EDGE_CURVE('',#874,#981,#514,.T.);
#1208=EDGE_CURVE('',#982,#981,#16,.T.);
#1209=EDGE_CURVE('',#982,#920,#515,.F.);
#1210=EDGE_CURVE('',#919,#983,#516,.T.);
#1211=EDGE_CURVE('',#983,#984,#517,.T.);
#1212=EDGE_CURVE('',#984,#875,#518,.F.);
#1213=EDGE_CURVE('',#985,#985,#809,.T.);
#1214=EDGE_CURVE('',#985,#963,#519,.T.);
#1215=EDGE_CURVE('',#986,#986,#810,.T.);
#1216=EDGE_CURVE('',#986,#964,#520,.T.);
#1217=EDGE_CURVE('',#987,#987,#811,.T.);
#1218=EDGE_CURVE('',#987,#965,#521,.T.);
#1219=EDGE_CURVE('',#901,#966,#522,.T.);
#1220=EDGE_CURVE('',#988,#988,#812,.T.);
#1221=EDGE_CURVE('',#988,#962,#523,.T.);
#1222=EDGE_CURVE('',#904,#989,#813,.F.);
#1223=EDGE_CURVE('',#989,#990,#524,.T.);
#1224=EDGE_CURVE('',#905,#990,#814,.F.);
#1225=EDGE_CURVE('',#957,#903,#815,.T.);
#1226=EDGE_CURVE('',#991,#978,#816,.T.);
#1227=EDGE_CURVE('',#991,#992,#525,.T.);
#1228=EDGE_CURVE('',#992,#979,#817,.T.);
#1229=EDGE_CURVE('',#992,#980,#17,.T.);
#1230=EDGE_CURVE('',#956,#989,#18,.T.);
#1231=EDGE_CURVE('',#993,#993,#818,.F.);
#1232=EDGE_CURVE('',#993,#900,#526,.T.);
#1233=EDGE_CURVE('',#994,#994,#819,.F.);
#1234=EDGE_CURVE('',#994,#899,#527,.T.);
#1235=EDGE_CURVE('',#995,#995,#820,.F.);
#1236=EDGE_CURVE('',#995,#898,#528,.T.);
#1237=EDGE_CURVE('',#996,#996,#821,.F.);
#1238=EDGE_CURVE('',#996,#897,#529,.T.);
#1239=EDGE_CURVE('',#997,#997,#822,.F.);
#1240=EDGE_CURVE('',#997,#896,#530,.T.);
#1241=EDGE_CURVE('',#998,#998,#823,.F.);
#1242=EDGE_CURVE('',#998,#895,#531,.T.);
#1243=EDGE_CURVE('',#999,#999,#824,.F.);
#1244=EDGE_CURVE('',#999,#894,#532,.T.);
#1245=EDGE_CURVE('',#1000,#1000,#825,.F.);
#1246=EDGE_CURVE('',#1000,#893,#533,.T.);
#1247=EDGE_CURVE('',#976,#1001,#826,.T.);
#1248=EDGE_CURVE('',#1002,#1001,#534,.T.);
#1249=EDGE_CURVE('',#977,#1002,#827,.F.);
#1250=EDGE_CURVE('',#1003,#1003,#828,.T.);
#1251=EDGE_CURVE('',#1004,#1004,#829,.T.);
#1252=EDGE_CURVE('',#1005,#1005,#830,.T.);
#1253=EDGE_CURVE('',#1006,#1006,#831,.T.);
#1254=EDGE_CURVE('',#1007,#1007,#832,.T.);
#1255=EDGE_CURVE('',#952,#1008,#535,.T.);
#1256=EDGE_CURVE('',#1008,#953,#536,.T.);
#1257=EDGE_CURVE('',#1009,#1009,#833,.T.);
#1258=EDGE_CURVE('',#1009,#1010,#537,.T.);
#1259=EDGE_CURVE('',#1010,#1010,#834,.T.);
#1260=EDGE_CURVE('',#1011,#1011,#835,.T.);
#1261=EDGE_CURVE('',#1011,#1012,#538,.T.);
#1262=EDGE_CURVE('',#1012,#1012,#836,.T.);
#1263=EDGE_CURVE('',#1013,#1013,#837,.T.);
#1264=EDGE_CURVE('',#1013,#1014,#539,.T.);
#1265=EDGE_CURVE('',#1014,#1014,#838,.T.);
#1266=EDGE_CURVE('',#1015,#1015,#839,.T.);
#1267=EDGE_CURVE('',#1015,#1016,#540,.T.);
#1268=EDGE_CURVE('',#1016,#1016,#840,.T.);
#1269=EDGE_CURVE('',#934,#1017,#541,.T.);
#1270=EDGE_CURVE('',#1017,#1017,#841,.T.);
#1271=EDGE_CURVE('',#922,#1001,#542,.T.);
#1272=EDGE_CURVE('',#921,#1018,#543,.T.);
#1273=EDGE_CURVE('',#1002,#1018,#36,.T.);
#1274=EDGE_CURVE('',#949,#953,#842,.T.);
#1275=EDGE_CURVE('',#1008,#954,#843,.T.);
#1276=EDGE_CURVE('',#1019,#1019,#844,.T.);
#1277=EDGE_CURVE('',#1019,#1004,#544,.T.);
#1278=EDGE_CURVE('',#1020,#1020,#845,.T.);
#1279=EDGE_CURVE('',#1020,#1005,#545,.T.);
#1280=EDGE_CURVE('',#1021,#1021,#846,.T.);
#1281=EDGE_CURVE('',#1021,#1006,#546,.T.);
#1282=EDGE_CURVE('',#933,#1007,#547,.T.);
#1283=EDGE_CURVE('',#1022,#1022,#847,.T.);
#1284=EDGE_CURVE('',#1022,#1003,#548,.T.);
#1285=EDGE_CURVE('',#981,#906,#848,.T.);
#1286=EDGE_CURVE('',#1018,#991,#19,.T.);
#1287=EDGE_CURVE('',#990,#982,#20,.T.);
#1288=EDGE_CURVE('',#1023,#1023,#849,.F.);
#1289=EDGE_CURVE('',#1023,#932,#549,.T.);
#1290=EDGE_CURVE('',#1024,#1024,#850,.F.);
#1291=EDGE_CURVE('',#1024,#931,#550,.T.);
#1292=EDGE_CURVE('',#1025,#1025,#851,.F.);
#1293=EDGE_CURVE('',#1025,#930,#551,.T.);
#1294=EDGE_CURVE('',#1026,#1026,#852,.F.);
#1295=EDGE_CURVE('',#1026,#929,#552,.T.);
#1296=EDGE_CURVE('',#1027,#1027,#853,.F.);
#1297=EDGE_CURVE('',#1027,#928,#553,.T.);
#1298=EDGE_CURVE('',#1028,#1028,#854,.F.);
#1299=EDGE_CURVE('',#1028,#927,#554,.T.);
#1300=EDGE_CURVE('',#1029,#1029,#855,.F.);
#1301=EDGE_CURVE('',#1029,#926,#555,.T.);
#1302=EDGE_CURVE('',#1030,#1030,#856,.F.);
#1303=EDGE_CURVE('',#1030,#925,#556,.T.);
#1304=EDGE_CURVE('',#937,#1031,#557,.T.);
#1305=EDGE_CURVE('',#1031,#1032,#857,.T.);
#1306=EDGE_CURVE('',#1033,#1032,#558,.T.);
#1307=EDGE_CURVE('',#1033,#1034,#858,.T.);
#1308=EDGE_CURVE('',#1034,#938,#559,.F.);
#1309=EDGE_CURVE('',#935,#1035,#560,.F.);
#1310=EDGE_CURVE('',#1035,#1036,#561,.T.);
#1311=EDGE_CURVE('',#1036,#936,#562,.T.);
#1312=EDGE_CURVE('',#1037,#1038,#563,.T.);
#1313=EDGE_CURVE('',#1037,#1033,#564,.F.);
#1314=EDGE_CURVE('',#1032,#1038,#565,.T.);
#1315=EDGE_CURVE('',#1039,#1040,#566,.F.);
#1316=EDGE_CURVE('',#1040,#1037,#859,.F.);
#1317=EDGE_CURVE('',#1038,#1041,#860,.F.);
#1318=EDGE_CURVE('',#1041,#1042,#567,.T.);
#1319=EDGE_CURVE('',#1039,#1042,#568,.T.);
#1320=EDGE_CURVE('',#1043,#1042,#569,.T.);
#1321=EDGE_CURVE('',#1043,#1044,#570,.T.);
#1322=EDGE_CURVE('',#1044,#1039,#571,.T.);
#1323=EDGE_CURVE('',#1035,#1044,#572,.T.);
#1324=EDGE_CURVE('',#1043,#1036,#573,.F.);
#1325=EDGE_CURVE('',#917,#1045,#574,.F.);
#1326=EDGE_CURVE('',#1045,#1046,#861,.F.);
#1327=EDGE_CURVE('',#1046,#1047,#575,.T.);
#1328=EDGE_CURVE('',#1047,#1048,#862,.F.);
#1329=EDGE_CURVE('',#1048,#918,#576,.T.);
#1330=EDGE_CURVE('',#1049,#1050,#577,.T.);
#1331=EDGE_CURVE('',#1049,#1051,#863,.T.);
#1332=EDGE_CURVE('',#1051,#1052,#578,.F.);
#1333=EDGE_CURVE('',#1052,#1053,#579,.T.);
#1334=EDGE_CURVE('',#1053,#1054,#580,.T.);
#1335=EDGE_CURVE('',#1054,#1050,#864,.T.);
#1336=EDGE_CURVE('',#1055,#1052,#581,.T.);
#1337=EDGE_CURVE('',#1055,#1056,#582,.T.);
#1338=EDGE_CURVE('',#1056,#1053,#583,.T.);
#1339=EDGE_CURVE('',#1046,#1049,#584,.F.);
#1340=EDGE_CURVE('',#1050,#1047,#585,.T.);
#1341=EDGE_CURVE('',#1055,#984,#586,.F.);
#1342=EDGE_CURVE('',#983,#1056,#587,.T.);
#1343=EDGE_CURVE('',#1041,#1031,#588,.F.);
#1344=EDGE_CURVE('',#1034,#1040,#589,.F.);
#1345=EDGE_CURVE('',#1048,#1054,#590,.F.);
#1346=EDGE_CURVE('',#1051,#1045,#591,.F.);
#1347=ORIENTED_EDGE('',*,*,#1057,.T.);
#1348=ORIENTED_EDGE('',*,*,#1058,.T.);
#1349=ORIENTED_EDGE('',*,*,#1059,.T.);
#1350=ORIENTED_EDGE('',*,*,#1060,.T.);
#1351=ORIENTED_EDGE('',*,*,#1058,.F.);
#1352=ORIENTED_EDGE('',*,*,#1061,.T.);
#1353=ORIENTED_EDGE('',*,*,#1062,.F.);
#1354=ORIENTED_EDGE('',*,*,#1063,.T.);
#1355=ORIENTED_EDGE('',*,*,#1064,.T.);
#1356=ORIENTED_EDGE('',*,*,#1065,.T.);
#1357=ORIENTED_EDGE('',*,*,#1066,.T.);
#1358=ORIENTED_EDGE('',*,*,#1067,.T.);
#1359=ORIENTED_EDGE('',*,*,#1068,.T.);
#1360=ORIENTED_EDGE('',*,*,#1065,.F.);
#1361=ORIENTED_EDGE('',*,*,#1069,.T.);
#1362=ORIENTED_EDGE('',*,*,#1070,.T.);
#1363=ORIENTED_EDGE('',*,*,#1071,.T.);
#1364=ORIENTED_EDGE('',*,*,#1072,.T.);
#1365=ORIENTED_EDGE('',*,*,#1073,.T.);
#1366=ORIENTED_EDGE('',*,*,#1074,.T.);
#1367=ORIENTED_EDGE('',*,*,#1075,.T.);
#1368=ORIENTED_EDGE('',*,*,#1072,.F.);
#1369=ORIENTED_EDGE('',*,*,#1076,.F.);
#1370=ORIENTED_EDGE('',*,*,#1077,.T.);
#1371=ORIENTED_EDGE('',*,*,#1078,.F.);
#1372=ORIENTED_EDGE('',*,*,#1079,.T.);
#1373=ORIENTED_EDGE('',*,*,#1080,.F.);
#1374=ORIENTED_EDGE('',*,*,#1081,.T.);
#1375=ORIENTED_EDGE('',*,*,#1082,.F.);
#1376=ORIENTED_EDGE('',*,*,#1059,.F.);
#1377=ORIENTED_EDGE('',*,*,#1063,.F.);
#1378=ORIENTED_EDGE('',*,*,#1083,.F.);
#1379=ORIENTED_EDGE('',*,*,#1084,.F.);
#1380=ORIENTED_EDGE('',*,*,#1085,.F.);
#1381=ORIENTED_EDGE('',*,*,#1086,.T.);
#1382=ORIENTED_EDGE('',*,*,#1087,.T.);
#1383=ORIENTED_EDGE('',*,*,#1088,.T.);
#1384=ORIENTED_EDGE('',*,*,#1089,.F.);
#1385=ORIENTED_EDGE('',*,*,#1090,.F.);
#1386=ORIENTED_EDGE('',*,*,#1091,.F.);
#1387=ORIENTED_EDGE('',*,*,#1092,.F.);
#1388=ORIENTED_EDGE('',*,*,#1093,.F.);
#1389=ORIENTED_EDGE('',*,*,#1094,.F.);
#1390=ORIENTED_EDGE('',*,*,#1095,.F.);
#1391=ORIENTED_EDGE('',*,*,#1096,.F.);
#1392=ORIENTED_EDGE('',*,*,#1097,.F.);
#1393=ORIENTED_EDGE('',*,*,#1098,.F.);
#1394=ORIENTED_EDGE('',*,*,#1075,.F.);
#1395=ORIENTED_EDGE('',*,*,#1099,.F.);
#1396=ORIENTED_EDGE('',*,*,#1100,.T.);
#1397=ORIENTED_EDGE('',*,*,#1101,.T.);
#1398=ORIENTED_EDGE('',*,*,#1102,.F.);
#1399=ORIENTED_EDGE('',*,*,#1103,.T.);
#1400=ORIENTED_EDGE('',*,*,#1104,.F.);
#1401=ORIENTED_EDGE('',*,*,#1105,.F.);
#1402=ORIENTED_EDGE('',*,*,#1106,.T.);
#1403=ORIENTED_EDGE('',*,*,#1076,.T.);
#1404=ORIENTED_EDGE('',*,*,#1107,.T.);
#1405=ORIENTED_EDGE('',*,*,#1104,.T.);
#1406=ORIENTED_EDGE('',*,*,#1108,.T.);
#1407=ORIENTED_EDGE('',*,*,#1109,.T.);
#1408=ORIENTED_EDGE('',*,*,#1107,.F.);
#1409=ORIENTED_EDGE('',*,*,#1110,.T.);
#1410=ORIENTED_EDGE('',*,*,#1111,.T.);
#1411=ORIENTED_EDGE('',*,*,#1112,.T.);
#1412=ORIENTED_EDGE('',*,*,#1113,.T.);
#1413=ORIENTED_EDGE('',*,*,#1114,.F.);
#1414=ORIENTED_EDGE('',*,*,#1115,.T.);
#1415=ORIENTED_EDGE('',*,*,#1069,.F.);
#1416=ORIENTED_EDGE('',*,*,#1064,.F.);
#1417=ORIENTED_EDGE('',*,*,#1116,.T.);
#1418=ORIENTED_EDGE('',*,*,#1117,.T.);
#1419=ORIENTED_EDGE('',*,*,#1118,.T.);
#1420=ORIENTED_EDGE('',*,*,#1119,.T.);
#1421=ORIENTED_EDGE('',*,*,#1120,.T.);
#1422=ORIENTED_EDGE('',*,*,#1121,.T.);
#1423=ORIENTED_EDGE('',*,*,#1122,.F.);
#1424=ORIENTED_EDGE('',*,*,#1123,.T.);
#1425=ORIENTED_EDGE('',*,*,#1124,.T.);
#1426=ORIENTED_EDGE('',*,*,#1105,.T.);
#1427=ORIENTED_EDGE('',*,*,#1125,.T.);
#1428=ORIENTED_EDGE('',*,*,#1126,.T.);
#1429=ORIENTED_EDGE('',*,*,#1127,.T.);
#1430=ORIENTED_EDGE('',*,*,#1128,.T.);
#1431=ORIENTED_EDGE('',*,*,#1129,.T.);
#1432=ORIENTED_EDGE('',*,*,#1130,.T.);
#1433=ORIENTED_EDGE('',*,*,#1131,.T.);
#1434=ORIENTED_EDGE('',*,*,#1132,.T.);
#1435=ORIENTED_EDGE('',*,*,#1133,.T.);
#1436=ORIENTED_EDGE('',*,*,#1134,.T.);
#1437=ORIENTED_EDGE('',*,*,#1135,.T.);
#1438=ORIENTED_EDGE('',*,*,#1136,.T.);
#1439=ORIENTED_EDGE('',*,*,#1137,.F.);
#1440=ORIENTED_EDGE('',*,*,#1138,.T.);
#1441=ORIENTED_EDGE('',*,*,#1109,.F.);
#1442=ORIENTED_EDGE('',*,*,#1139,.F.);
#1443=ORIENTED_EDGE('',*,*,#1140,.F.);
#1444=ORIENTED_EDGE('',*,*,#1110,.F.);
#1445=ORIENTED_EDGE('',*,*,#1141,.F.);
#1446=ORIENTED_EDGE('',*,*,#1142,.F.);
#1447=ORIENTED_EDGE('',*,*,#1086,.F.);
#1448=ORIENTED_EDGE('',*,*,#1143,.T.);
#1449=ORIENTED_EDGE('',*,*,#1144,.F.);
#1450=ORIENTED_EDGE('',*,*,#1073,.F.);
#1451=ORIENTED_EDGE('',*,*,#1088,.F.);
#1452=ORIENTED_EDGE('',*,*,#1145,.T.);
#1453=ORIENTED_EDGE('',*,*,#1146,.F.);
#1454=ORIENTED_EDGE('',*,*,#1147,.F.);
#1455=ORIENTED_EDGE('',*,*,#1145,.F.);
#1456=ORIENTED_EDGE('',*,*,#1087,.F.);
#1457=ORIENTED_EDGE('',*,*,#1142,.T.);
#1458=ORIENTED_EDGE('',*,*,#1144,.T.);
#1459=ORIENTED_EDGE('',*,*,#1148,.F.);
#1460=ORIENTED_EDGE('',*,*,#1149,.F.);
#1461=ORIENTED_EDGE('',*,*,#1150,.F.);
#1462=ORIENTED_EDGE('',*,*,#1151,.T.);
#1463=ORIENTED_EDGE('',*,*,#1152,.F.);
#1464=ORIENTED_EDGE('',*,*,#1083,.T.);
#1465=ORIENTED_EDGE('',*,*,#1062,.T.);
#1466=ORIENTED_EDGE('',*,*,#1153,.T.);
#1467=ORIENTED_EDGE('',*,*,#1154,.F.);
#1468=ORIENTED_EDGE('',*,*,#1084,.T.);
#1469=ORIENTED_EDGE('',*,*,#1152,.T.);
#1470=ORIENTED_EDGE('',*,*,#1154,.T.);
#1471=ORIENTED_EDGE('',*,*,#1155,.T.);
#1472=ORIENTED_EDGE('',*,*,#1156,.T.);
#1473=ORIENTED_EDGE('',*,*,#1157,.F.);
#1474=ORIENTED_EDGE('',*,*,#1143,.F.);
#1475=ORIENTED_EDGE('',*,*,#1085,.T.);
#1476=ORIENTED_EDGE('',*,*,#1158,.T.);
#1477=ORIENTED_EDGE('',*,*,#1149,.T.);
#1478=ORIENTED_EDGE('',*,*,#1156,.F.);
#1479=ORIENTED_EDGE('',*,*,#1159,.F.);
#1480=ORIENTED_EDGE('',*,*,#1160,.F.);
#1481=ORIENTED_EDGE('',*,*,#1112,.F.);
#1482=ORIENTED_EDGE('',*,*,#1161,.T.);
#1483=ORIENTED_EDGE('',*,*,#1162,.F.);
#1484=ORIENTED_EDGE('',*,*,#1163,.F.);
#1485=ORIENTED_EDGE('',*,*,#1161,.F.);
#1486=ORIENTED_EDGE('',*,*,#1111,.F.);
#1487=ORIENTED_EDGE('',*,*,#1140,.T.);
#1488=ORIENTED_EDGE('',*,*,#1159,.T.);
#1489=ORIENTED_EDGE('',*,*,#1164,.T.);
#1490=ORIENTED_EDGE('',*,*,#1165,.T.);
#1491=ORIENTED_EDGE('',*,*,#1166,.T.);
#1492=ORIENTED_EDGE('',*,*,#1167,.T.);
#1493=ORIENTED_EDGE('',*,*,#1168,.F.);
#1494=ORIENTED_EDGE('',*,*,#1114,.T.);
#1495=ORIENTED_EDGE('',*,*,#1169,.T.);
#1496=ORIENTED_EDGE('',*,*,#1170,.T.);
#1497=ORIENTED_EDGE('',*,*,#1070,.F.);
#1498=ORIENTED_EDGE('',*,*,#1115,.F.);
#1499=ORIENTED_EDGE('',*,*,#1168,.T.);
#1500=ORIENTED_EDGE('',*,*,#1060,.F.);
#1501=ORIENTED_EDGE('',*,*,#1082,.T.);
#1502=ORIENTED_EDGE('',*,*,#1171,.T.);
#1503=ORIENTED_EDGE('',*,*,#1172,.T.);
#1504=ORIENTED_EDGE('',*,*,#1173,.F.);
#1505=ORIENTED_EDGE('',*,*,#1174,.T.);
#1506=ORIENTED_EDGE('',*,*,#1175,.T.);
#1507=ORIENTED_EDGE('',*,*,#1176,.T.);
#1508=ORIENTED_EDGE('',*,*,#1177,.F.);
#1509=ORIENTED_EDGE('',*,*,#1178,.T.);
#1510=ORIENTED_EDGE('',*,*,#1179,.T.);
#1511=ORIENTED_EDGE('',*,*,#1180,.T.);
#1512=ORIENTED_EDGE('',*,*,#1181,.T.);
#1513=ORIENTED_EDGE('',*,*,#1182,.T.);
#1514=ORIENTED_EDGE('',*,*,#1183,.F.);
#1515=ORIENTED_EDGE('',*,*,#1184,.T.);
#1516=ORIENTED_EDGE('',*,*,#1185,.F.);
#1517=ORIENTED_EDGE('',*,*,#1184,.F.);
#1518=ORIENTED_EDGE('',*,*,#1186,.F.);
#1519=ORIENTED_EDGE('',*,*,#1187,.T.);
#1520=ORIENTED_EDGE('',*,*,#1188,.F.);
#1521=ORIENTED_EDGE('',*,*,#1187,.F.);
#1522=ORIENTED_EDGE('',*,*,#1189,.F.);
#1523=ORIENTED_EDGE('',*,*,#1190,.T.);
#1524=ORIENTED_EDGE('',*,*,#1191,.F.);
#1525=ORIENTED_EDGE('',*,*,#1190,.F.);
#1526=ORIENTED_EDGE('',*,*,#1192,.F.);
#1527=ORIENTED_EDGE('',*,*,#1193,.T.);
#1528=ORIENTED_EDGE('',*,*,#1194,.F.);
#1529=ORIENTED_EDGE('',*,*,#1193,.F.);
#1530=ORIENTED_EDGE('',*,*,#1098,.T.);
#1531=ORIENTED_EDGE('',*,*,#1195,.T.);
#1532=ORIENTED_EDGE('',*,*,#1196,.F.);
#1533=ORIENTED_EDGE('',*,*,#1195,.F.);
#1534=ORIENTED_EDGE('',*,*,#1078,.T.);
#1535=ORIENTED_EDGE('',*,*,#1197,.T.);
#1536=ORIENTED_EDGE('',*,*,#1123,.F.);
#1537=ORIENTED_EDGE('',*,*,#1198,.T.);
#1538=ORIENTED_EDGE('',*,*,#1199,.T.);
#1539=ORIENTED_EDGE('',*,*,#1200,.F.);
#1540=ORIENTED_EDGE('',*,*,#1201,.T.);
#1541=ORIENTED_EDGE('',*,*,#1202,.T.);
#1542=ORIENTED_EDGE('',*,*,#1174,.F.);
#1543=ORIENTED_EDGE('',*,*,#1203,.F.);
#1544=ORIENTED_EDGE('',*,*,#1177,.T.);
#1545=ORIENTED_EDGE('',*,*,#1204,.F.);
#1546=ORIENTED_EDGE('',*,*,#1079,.F.);
#1547=ORIENTED_EDGE('',*,*,#1203,.T.);
#1548=ORIENTED_EDGE('',*,*,#1205,.T.);
#1549=ORIENTED_EDGE('',*,*,#1206,.T.);
#1550=ORIENTED_EDGE('',*,*,#1080,.T.);
#1551=ORIENTED_EDGE('',*,*,#1204,.T.);
#1552=ORIENTED_EDGE('',*,*,#1176,.F.);
#1553=ORIENTED_EDGE('',*,*,#1067,.F.);
#1554=ORIENTED_EDGE('',*,*,#1207,.T.);
#1555=ORIENTED_EDGE('',*,*,#1208,.F.);
#1556=ORIENTED_EDGE('',*,*,#1209,.T.);
#1557=ORIENTED_EDGE('',*,*,#1119,.F.);
#1558=ORIENTED_EDGE('',*,*,#1210,.T.);
#1559=ORIENTED_EDGE('',*,*,#1211,.T.);
#1560=ORIENTED_EDGE('',*,*,#1212,.T.);
#1561=ORIENTED_EDGE('',*,*,#1213,.F.);
#1562=ORIENTED_EDGE('',*,*,#1214,.T.);
#1563=ORIENTED_EDGE('',*,*,#1179,.F.);
#1564=ORIENTED_EDGE('',*,*,#1214,.F.);
#1565=ORIENTED_EDGE('',*,*,#1215,.F.);
#1566=ORIENTED_EDGE('',*,*,#1216,.T.);
#1567=ORIENTED_EDGE('',*,*,#1180,.F.);
#1568=ORIENTED_EDGE('',*,*,#1216,.F.);
#1569=ORIENTED_EDGE('',*,*,#1217,.F.);
#1570=ORIENTED_EDGE('',*,*,#1218,.T.);
#1571=ORIENTED_EDGE('',*,*,#1181,.F.);
#1572=ORIENTED_EDGE('',*,*,#1218,.F.);
#1573=ORIENTED_EDGE('',*,*,#1097,.T.);
#1574=ORIENTED_EDGE('',*,*,#1219,.T.);
#1575=ORIENTED_EDGE('',*,*,#1182,.F.);
#1576=ORIENTED_EDGE('',*,*,#1219,.F.);
#1577=ORIENTED_EDGE('',*,*,#1220,.F.);
#1578=ORIENTED_EDGE('',*,*,#1221,.T.);
#1579=ORIENTED_EDGE('',*,*,#1178,.F.);
#1580=ORIENTED_EDGE('',*,*,#1221,.F.);
#1581=ORIENTED_EDGE('',*,*,#1101,.F.);
#1582=ORIENTED_EDGE('',*,*,#1222,.T.);
#1583=ORIENTED_EDGE('',*,*,#1223,.T.);
#1584=ORIENTED_EDGE('',*,*,#1224,.F.);
#1585=ORIENTED_EDGE('',*,*,#1074,.F.);
#1586=ORIENTED_EDGE('',*,*,#1146,.T.);
#1587=ORIENTED_EDGE('',*,*,#1147,.T.);
#1588=ORIENTED_EDGE('',*,*,#1141,.T.);
#1589=ORIENTED_EDGE('',*,*,#1150,.T.);
#1590=ORIENTED_EDGE('',*,*,#1158,.F.);
#1591=ORIENTED_EDGE('',*,*,#1155,.F.);
#1592=ORIENTED_EDGE('',*,*,#1153,.F.);
#1593=ORIENTED_EDGE('',*,*,#1151,.F.);
#1594=ORIENTED_EDGE('',*,*,#1061,.F.);
#1595=ORIENTED_EDGE('',*,*,#1057,.F.);
#1596=ORIENTED_EDGE('',*,*,#1173,.T.);
#1597=ORIENTED_EDGE('',*,*,#1225,.T.);
#1598=ORIENTED_EDGE('',*,*,#1099,.T.);
#1599=ORIENTED_EDGE('',*,*,#1226,.F.);
#1600=ORIENTED_EDGE('',*,*,#1227,.T.);
#1601=ORIENTED_EDGE('',*,*,#1228,.T.);
#1602=ORIENTED_EDGE('',*,*,#1201,.F.);
#1603=ORIENTED_EDGE('',*,*,#1202,.F.);
#1604=ORIENTED_EDGE('',*,*,#1228,.F.);
#1605=ORIENTED_EDGE('',*,*,#1229,.T.);
#1606=ORIENTED_EDGE('',*,*,#1205,.F.);
#1607=ORIENTED_EDGE('',*,*,#1175,.F.);
#1608=ORIENTED_EDGE('',*,*,#1172,.F.);
#1609=ORIENTED_EDGE('',*,*,#1230,.T.);
#1610=ORIENTED_EDGE('',*,*,#1222,.F.);
#1611=ORIENTED_EDGE('',*,*,#1100,.F.);
#1612=ORIENTED_EDGE('',*,*,#1225,.F.);
#1613=ORIENTED_EDGE('',*,*,#1148,.T.);
#1614=ORIENTED_EDGE('',*,*,#1157,.T.);
#1615=ORIENTED_EDGE('',*,*,#1188,.T.);
#1616=ORIENTED_EDGE('',*,*,#1194,.T.);
#1617=ORIENTED_EDGE('',*,*,#1196,.T.);
#1618=ORIENTED_EDGE('',*,*,#1191,.T.);
#1619=ORIENTED_EDGE('',*,*,#1185,.T.);
#1620=ORIENTED_EDGE('',*,*,#1231,.F.);
#1621=ORIENTED_EDGE('',*,*,#1232,.T.);
#1622=ORIENTED_EDGE('',*,*,#1096,.T.);
#1623=ORIENTED_EDGE('',*,*,#1232,.F.);
#1624=ORIENTED_EDGE('',*,*,#1231,.T.);
#1625=ORIENTED_EDGE('',*,*,#1217,.T.);
#1626=ORIENTED_EDGE('',*,*,#1233,.F.);
#1627=ORIENTED_EDGE('',*,*,#1234,.T.);
#1628=ORIENTED_EDGE('',*,*,#1095,.T.);
#1629=ORIENTED_EDGE('',*,*,#1234,.F.);
#1630=ORIENTED_EDGE('',*,*,#1233,.T.);
#1631=ORIENTED_EDGE('',*,*,#1192,.T.);
#1632=ORIENTED_EDGE('',*,*,#1235,.F.);
#1633=ORIENTED_EDGE('',*,*,#1236,.T.);
#1634=ORIENTED_EDGE('',*,*,#1094,.T.);
#1635=ORIENTED_EDGE('',*,*,#1236,.F.);
#1636=ORIENTED_EDGE('',*,*,#1235,.T.);
#1637=ORIENTED_EDGE('',*,*,#1189,.T.);
#1638=ORIENTED_EDGE('',*,*,#1237,.F.);
#1639=ORIENTED_EDGE('',*,*,#1238,.T.);
#1640=ORIENTED_EDGE('',*,*,#1093,.T.);
#1641=ORIENTED_EDGE('',*,*,#1238,.F.);
#1642=ORIENTED_EDGE('',*,*,#1237,.T.);
#1643=ORIENTED_EDGE('',*,*,#1186,.T.);
#1644=ORIENTED_EDGE('',*,*,#1239,.F.);
#1645=ORIENTED_EDGE('',*,*,#1240,.T.);
#1646=ORIENTED_EDGE('',*,*,#1092,.T.);
#1647=ORIENTED_EDGE('',*,*,#1240,.F.);
#1648=ORIENTED_EDGE('',*,*,#1239,.T.);
#1649=ORIENTED_EDGE('',*,*,#1183,.T.);
#1650=ORIENTED_EDGE('',*,*,#1241,.F.);
#1651=ORIENTED_EDGE('',*,*,#1242,.T.);
#1652=ORIENTED_EDGE('',*,*,#1091,.T.);
#1653=ORIENTED_EDGE('',*,*,#1242,.F.);
#1654=ORIENTED_EDGE('',*,*,#1241,.T.);
#1655=ORIENTED_EDGE('',*,*,#1215,.T.);
#1656=ORIENTED_EDGE('',*,*,#1243,.F.);
#1657=ORIENTED_EDGE('',*,*,#1244,.T.);
#1658=ORIENTED_EDGE('',*,*,#1090,.T.);
#1659=ORIENTED_EDGE('',*,*,#1244,.F.);
#1660=ORIENTED_EDGE('',*,*,#1243,.T.);
#1661=ORIENTED_EDGE('',*,*,#1213,.T.);
#1662=ORIENTED_EDGE('',*,*,#1245,.F.);
#1663=ORIENTED_EDGE('',*,*,#1246,.T.);
#1664=ORIENTED_EDGE('',*,*,#1089,.T.);
#1665=ORIENTED_EDGE('',*,*,#1246,.F.);
#1666=ORIENTED_EDGE('',*,*,#1245,.T.);
#1667=ORIENTED_EDGE('',*,*,#1220,.T.);
#1668=ORIENTED_EDGE('',*,*,#1199,.F.);
#1669=ORIENTED_EDGE('',*,*,#1247,.T.);
#1670=ORIENTED_EDGE('',*,*,#1248,.F.);
#1671=ORIENTED_EDGE('',*,*,#1249,.F.);
#1672=ORIENTED_EDGE('',*,*,#1250,.F.);
#1673=ORIENTED_EDGE('',*,*,#1251,.F.);
#1674=ORIENTED_EDGE('',*,*,#1252,.F.);
#1675=ORIENTED_EDGE('',*,*,#1253,.F.);
#1676=ORIENTED_EDGE('',*,*,#1254,.F.);
#1677=ORIENTED_EDGE('',*,*,#1255,.T.);
#1678=ORIENTED_EDGE('',*,*,#1256,.T.);
#1679=ORIENTED_EDGE('',*,*,#1165,.F.);
#1680=ORIENTED_EDGE('',*,*,#1257,.T.);
#1681=ORIENTED_EDGE('',*,*,#1258,.T.);
#1682=ORIENTED_EDGE('',*,*,#1259,.T.);
#1683=ORIENTED_EDGE('',*,*,#1258,.F.);
#1684=ORIENTED_EDGE('',*,*,#1260,.T.);
#1685=ORIENTED_EDGE('',*,*,#1261,.T.);
#1686=ORIENTED_EDGE('',*,*,#1262,.T.);
#1687=ORIENTED_EDGE('',*,*,#1261,.F.);
#1688=ORIENTED_EDGE('',*,*,#1263,.T.);
#1689=ORIENTED_EDGE('',*,*,#1264,.T.);
#1690=ORIENTED_EDGE('',*,*,#1265,.T.);
#1691=ORIENTED_EDGE('',*,*,#1264,.F.);
#1692=ORIENTED_EDGE('',*,*,#1266,.T.);
#1693=ORIENTED_EDGE('',*,*,#1267,.T.);
#1694=ORIENTED_EDGE('',*,*,#1268,.T.);
#1695=ORIENTED_EDGE('',*,*,#1267,.F.);
#1696=ORIENTED_EDGE('',*,*,#1134,.F.);
#1697=ORIENTED_EDGE('',*,*,#1269,.T.);
#1698=ORIENTED_EDGE('',*,*,#1270,.T.);
#1699=ORIENTED_EDGE('',*,*,#1269,.F.);
#1700=ORIENTED_EDGE('',*,*,#1247,.F.);
#1701=ORIENTED_EDGE('',*,*,#1198,.F.);
#1702=ORIENTED_EDGE('',*,*,#1122,.T.);
#1703=ORIENTED_EDGE('',*,*,#1271,.T.);
#1704=ORIENTED_EDGE('',*,*,#1121,.F.);
#1705=ORIENTED_EDGE('',*,*,#1272,.T.);
#1706=ORIENTED_EDGE('',*,*,#1273,.F.);
#1707=ORIENTED_EDGE('',*,*,#1248,.T.);
#1708=ORIENTED_EDGE('',*,*,#1271,.F.);
#1709=ORIENTED_EDGE('',*,*,#1169,.F.);
#1710=ORIENTED_EDGE('',*,*,#1113,.F.);
#1711=ORIENTED_EDGE('',*,*,#1160,.T.);
#1712=ORIENTED_EDGE('',*,*,#1274,.T.);
#1713=ORIENTED_EDGE('',*,*,#1256,.F.);
#1714=ORIENTED_EDGE('',*,*,#1275,.T.);
#1715=ORIENTED_EDGE('',*,*,#1276,.T.);
#1716=ORIENTED_EDGE('',*,*,#1277,.T.);
#1717=ORIENTED_EDGE('',*,*,#1251,.T.);
#1718=ORIENTED_EDGE('',*,*,#1277,.F.);
#1719=ORIENTED_EDGE('',*,*,#1278,.T.);
#1720=ORIENTED_EDGE('',*,*,#1279,.T.);
#1721=ORIENTED_EDGE('',*,*,#1252,.T.);
#1722=ORIENTED_EDGE('',*,*,#1279,.F.);
#1723=ORIENTED_EDGE('',*,*,#1280,.T.);
#1724=ORIENTED_EDGE('',*,*,#1281,.T.);
#1725=ORIENTED_EDGE('',*,*,#1253,.T.);
#1726=ORIENTED_EDGE('',*,*,#1281,.F.);
#1727=ORIENTED_EDGE('',*,*,#1133,.F.);
#1728=ORIENTED_EDGE('',*,*,#1282,.T.);
#1729=ORIENTED_EDGE('',*,*,#1254,.T.);
#1730=ORIENTED_EDGE('',*,*,#1282,.F.);
#1731=ORIENTED_EDGE('',*,*,#1283,.T.);
#1732=ORIENTED_EDGE('',*,*,#1284,.T.);
#1733=ORIENTED_EDGE('',*,*,#1250,.T.);
#1734=ORIENTED_EDGE('',*,*,#1284,.F.);
#1735=ORIENTED_EDGE('',*,*,#1108,.F.);
#1736=ORIENTED_EDGE('',*,*,#1103,.F.);
#1737=ORIENTED_EDGE('',*,*,#1285,.F.);
#1738=ORIENTED_EDGE('',*,*,#1207,.F.);
#1739=ORIENTED_EDGE('',*,*,#1066,.F.);
#1740=ORIENTED_EDGE('',*,*,#1071,.F.);
#1741=ORIENTED_EDGE('',*,*,#1170,.F.);
#1742=ORIENTED_EDGE('',*,*,#1167,.F.);
#1743=ORIENTED_EDGE('',*,*,#1275,.F.);
#1744=ORIENTED_EDGE('',*,*,#1255,.F.);
#1745=ORIENTED_EDGE('',*,*,#1164,.F.);
#1746=ORIENTED_EDGE('',*,*,#1162,.T.);
#1747=ORIENTED_EDGE('',*,*,#1163,.T.);
#1748=ORIENTED_EDGE('',*,*,#1139,.T.);
#1749=ORIENTED_EDGE('',*,*,#1200,.T.);
#1750=ORIENTED_EDGE('',*,*,#1249,.T.);
#1751=ORIENTED_EDGE('',*,*,#1273,.T.);
#1752=ORIENTED_EDGE('',*,*,#1286,.T.);
#1753=ORIENTED_EDGE('',*,*,#1226,.T.);
#1754=ORIENTED_EDGE('',*,*,#1224,.T.);
#1755=ORIENTED_EDGE('',*,*,#1287,.T.);
#1756=ORIENTED_EDGE('',*,*,#1208,.T.);
#1757=ORIENTED_EDGE('',*,*,#1285,.T.);
#1758=ORIENTED_EDGE('',*,*,#1102,.T.);
#1759=ORIENTED_EDGE('',*,*,#1166,.F.);
#1760=ORIENTED_EDGE('',*,*,#1274,.F.);
#1761=ORIENTED_EDGE('',*,*,#1262,.F.);
#1762=ORIENTED_EDGE('',*,*,#1268,.F.);
#1763=ORIENTED_EDGE('',*,*,#1270,.F.);
#1764=ORIENTED_EDGE('',*,*,#1265,.F.);
#1765=ORIENTED_EDGE('',*,*,#1259,.F.);
#1766=ORIENTED_EDGE('',*,*,#1288,.F.);
#1767=ORIENTED_EDGE('',*,*,#1280,.F.);
#1768=ORIENTED_EDGE('',*,*,#1288,.T.);
#1769=ORIENTED_EDGE('',*,*,#1289,.T.);
#1770=ORIENTED_EDGE('',*,*,#1132,.F.);
#1771=ORIENTED_EDGE('',*,*,#1289,.F.);
#1772=ORIENTED_EDGE('',*,*,#1290,.F.);
#1773=ORIENTED_EDGE('',*,*,#1266,.F.);
#1774=ORIENTED_EDGE('',*,*,#1290,.T.);
#1775=ORIENTED_EDGE('',*,*,#1291,.T.);
#1776=ORIENTED_EDGE('',*,*,#1131,.F.);
#1777=ORIENTED_EDGE('',*,*,#1291,.F.);
#1778=ORIENTED_EDGE('',*,*,#1292,.F.);
#1779=ORIENTED_EDGE('',*,*,#1263,.F.);
#1780=ORIENTED_EDGE('',*,*,#1292,.T.);
#1781=ORIENTED_EDGE('',*,*,#1293,.T.);
#1782=ORIENTED_EDGE('',*,*,#1130,.F.);
#1783=ORIENTED_EDGE('',*,*,#1293,.F.);
#1784=ORIENTED_EDGE('',*,*,#1294,.F.);
#1785=ORIENTED_EDGE('',*,*,#1260,.F.);
#1786=ORIENTED_EDGE('',*,*,#1294,.T.);
#1787=ORIENTED_EDGE('',*,*,#1295,.T.);
#1788=ORIENTED_EDGE('',*,*,#1129,.F.);
#1789=ORIENTED_EDGE('',*,*,#1295,.F.);
#1790=ORIENTED_EDGE('',*,*,#1296,.F.);
#1791=ORIENTED_EDGE('',*,*,#1257,.F.);
#1792=ORIENTED_EDGE('',*,*,#1296,.T.);
#1793=ORIENTED_EDGE('',*,*,#1297,.T.);
#1794=ORIENTED_EDGE('',*,*,#1128,.F.);
#1795=ORIENTED_EDGE('',*,*,#1297,.F.);
#1796=ORIENTED_EDGE('',*,*,#1298,.F.);
#1797=ORIENTED_EDGE('',*,*,#1278,.F.);
#1798=ORIENTED_EDGE('',*,*,#1298,.T.);
#1799=ORIENTED_EDGE('',*,*,#1299,.T.);
#1800=ORIENTED_EDGE('',*,*,#1127,.F.);
#1801=ORIENTED_EDGE('',*,*,#1299,.F.);
#1802=ORIENTED_EDGE('',*,*,#1300,.F.);
#1803=ORIENTED_EDGE('',*,*,#1276,.F.);
#1804=ORIENTED_EDGE('',*,*,#1300,.T.);
#1805=ORIENTED_EDGE('',*,*,#1301,.T.);
#1806=ORIENTED_EDGE('',*,*,#1126,.F.);
#1807=ORIENTED_EDGE('',*,*,#1301,.F.);
#1808=ORIENTED_EDGE('',*,*,#1302,.F.);
#1809=ORIENTED_EDGE('',*,*,#1283,.F.);
#1810=ORIENTED_EDGE('',*,*,#1302,.T.);
#1811=ORIENTED_EDGE('',*,*,#1303,.T.);
#1812=ORIENTED_EDGE('',*,*,#1125,.F.);
#1813=ORIENTED_EDGE('',*,*,#1303,.F.);
#1814=ORIENTED_EDGE('',*,*,#1230,.F.);
#1815=ORIENTED_EDGE('',*,*,#1171,.F.);
#1816=ORIENTED_EDGE('',*,*,#1081,.F.);
#1817=ORIENTED_EDGE('',*,*,#1206,.F.);
#1818=ORIENTED_EDGE('',*,*,#1229,.F.);
#1819=ORIENTED_EDGE('',*,*,#1227,.F.);
#1820=ORIENTED_EDGE('',*,*,#1286,.F.);
#1821=ORIENTED_EDGE('',*,*,#1272,.F.);
#1822=ORIENTED_EDGE('',*,*,#1120,.F.);
#1823=ORIENTED_EDGE('',*,*,#1209,.F.);
#1824=ORIENTED_EDGE('',*,*,#1287,.F.);
#1825=ORIENTED_EDGE('',*,*,#1223,.F.);
#1826=ORIENTED_EDGE('',*,*,#1077,.F.);
#1827=ORIENTED_EDGE('',*,*,#1106,.F.);
#1828=ORIENTED_EDGE('',*,*,#1124,.F.);
#1829=ORIENTED_EDGE('',*,*,#1197,.F.);
#1830=ORIENTED_EDGE('',*,*,#1137,.T.);
#1831=ORIENTED_EDGE('',*,*,#1304,.T.);
#1832=ORIENTED_EDGE('',*,*,#1305,.T.);
#1833=ORIENTED_EDGE('',*,*,#1306,.F.);
#1834=ORIENTED_EDGE('',*,*,#1307,.T.);
#1835=ORIENTED_EDGE('',*,*,#1308,.T.);
#1836=ORIENTED_EDGE('',*,*,#1135,.F.);
#1837=ORIENTED_EDGE('',*,*,#1309,.T.);
#1838=ORIENTED_EDGE('',*,*,#1310,.T.);
#1839=ORIENTED_EDGE('',*,*,#1311,.T.);
#1840=ORIENTED_EDGE('',*,*,#1312,.F.);
#1841=ORIENTED_EDGE('',*,*,#1313,.T.);
#1842=ORIENTED_EDGE('',*,*,#1306,.T.);
#1843=ORIENTED_EDGE('',*,*,#1314,.T.);
#1844=ORIENTED_EDGE('',*,*,#1315,.T.);
#1845=ORIENTED_EDGE('',*,*,#1316,.T.);
#1846=ORIENTED_EDGE('',*,*,#1312,.T.);
#1847=ORIENTED_EDGE('',*,*,#1317,.T.);
#1848=ORIENTED_EDGE('',*,*,#1318,.T.);
#1849=ORIENTED_EDGE('',*,*,#1319,.F.);
#1850=ORIENTED_EDGE('',*,*,#1320,.F.);
#1851=ORIENTED_EDGE('',*,*,#1321,.T.);
#1852=ORIENTED_EDGE('',*,*,#1322,.T.);
#1853=ORIENTED_EDGE('',*,*,#1319,.T.);
#1854=ORIENTED_EDGE('',*,*,#1310,.F.);
#1855=ORIENTED_EDGE('',*,*,#1323,.T.);
#1856=ORIENTED_EDGE('',*,*,#1321,.F.);
#1857=ORIENTED_EDGE('',*,*,#1324,.T.);
#1858=ORIENTED_EDGE('',*,*,#1117,.F.);
#1859=ORIENTED_EDGE('',*,*,#1325,.T.);
#1860=ORIENTED_EDGE('',*,*,#1326,.T.);
#1861=ORIENTED_EDGE('',*,*,#1327,.T.);
#1862=ORIENTED_EDGE('',*,*,#1328,.T.);
#1863=ORIENTED_EDGE('',*,*,#1329,.T.);
#1864=ORIENTED_EDGE('',*,*,#1330,.F.);
#1865=ORIENTED_EDGE('',*,*,#1331,.T.);
#1866=ORIENTED_EDGE('',*,*,#1332,.T.);
#1867=ORIENTED_EDGE('',*,*,#1333,.T.);
#1868=ORIENTED_EDGE('',*,*,#1334,.T.);
#1869=ORIENTED_EDGE('',*,*,#1335,.T.);
#1870=ORIENTED_EDGE('',*,*,#1336,.F.);
#1871=ORIENTED_EDGE('',*,*,#1337,.T.);
#1872=ORIENTED_EDGE('',*,*,#1338,.T.);
#1873=ORIENTED_EDGE('',*,*,#1333,.F.);
#1874=ORIENTED_EDGE('',*,*,#1327,.F.);
#1875=ORIENTED_EDGE('',*,*,#1339,.T.);
#1876=ORIENTED_EDGE('',*,*,#1330,.T.);
#1877=ORIENTED_EDGE('',*,*,#1340,.T.);
#1878=ORIENTED_EDGE('',*,*,#1337,.F.);
#1879=ORIENTED_EDGE('',*,*,#1341,.T.);
#1880=ORIENTED_EDGE('',*,*,#1211,.F.);
#1881=ORIENTED_EDGE('',*,*,#1342,.T.);
#1882=ORIENTED_EDGE('',*,*,#1318,.F.);
#1883=ORIENTED_EDGE('',*,*,#1343,.T.);
#1884=ORIENTED_EDGE('',*,*,#1304,.F.);
#1885=ORIENTED_EDGE('',*,*,#1136,.F.);
#1886=ORIENTED_EDGE('',*,*,#1311,.F.);
#1887=ORIENTED_EDGE('',*,*,#1324,.F.);
#1888=ORIENTED_EDGE('',*,*,#1320,.T.);
#1889=ORIENTED_EDGE('',*,*,#1308,.F.);
#1890=ORIENTED_EDGE('',*,*,#1344,.T.);
#1891=ORIENTED_EDGE('',*,*,#1315,.F.);
#1892=ORIENTED_EDGE('',*,*,#1322,.F.);
#1893=ORIENTED_EDGE('',*,*,#1323,.F.);
#1894=ORIENTED_EDGE('',*,*,#1309,.F.);
#1895=ORIENTED_EDGE('',*,*,#1138,.F.);
#1896=ORIENTED_EDGE('',*,*,#1329,.F.);
#1897=ORIENTED_EDGE('',*,*,#1345,.T.);
#1898=ORIENTED_EDGE('',*,*,#1334,.F.);
#1899=ORIENTED_EDGE('',*,*,#1338,.F.);
#1900=ORIENTED_EDGE('',*,*,#1342,.F.);
#1901=ORIENTED_EDGE('',*,*,#1210,.F.);
#1902=ORIENTED_EDGE('',*,*,#1118,.F.);
#1903=ORIENTED_EDGE('',*,*,#1332,.F.);
#1904=ORIENTED_EDGE('',*,*,#1346,.T.);
#1905=ORIENTED_EDGE('',*,*,#1325,.F.);
#1906=ORIENTED_EDGE('',*,*,#1116,.F.);
#1907=ORIENTED_EDGE('',*,*,#1068,.F.);
#1908=ORIENTED_EDGE('',*,*,#1212,.F.);
#1909=ORIENTED_EDGE('',*,*,#1341,.F.);
#1910=ORIENTED_EDGE('',*,*,#1336,.T.);
#1911=ORIENTED_EDGE('',*,*,#1316,.F.);
#1912=ORIENTED_EDGE('',*,*,#1344,.F.);
#1913=ORIENTED_EDGE('',*,*,#1307,.F.);
#1914=ORIENTED_EDGE('',*,*,#1313,.F.);
#1915=ORIENTED_EDGE('',*,*,#1326,.F.);
#1916=ORIENTED_EDGE('',*,*,#1346,.F.);
#1917=ORIENTED_EDGE('',*,*,#1331,.F.);
#1918=ORIENTED_EDGE('',*,*,#1339,.F.);
#1919=ORIENTED_EDGE('',*,*,#1305,.F.);
#1920=ORIENTED_EDGE('',*,*,#1343,.F.);
#1921=ORIENTED_EDGE('',*,*,#1317,.F.);
#1922=ORIENTED_EDGE('',*,*,#1314,.F.);
#1923=ORIENTED_EDGE('',*,*,#1335,.F.);
#1924=ORIENTED_EDGE('',*,*,#1345,.F.);
#1925=ORIENTED_EDGE('',*,*,#1328,.F.);
#1926=ORIENTED_EDGE('',*,*,#1340,.F.);
#1927=CYLINDRICAL_SURFACE('',#2114,5.);
#1928=CYLINDRICAL_SURFACE('',#2118,5.);
#1929=CYLINDRICAL_SURFACE('',#2123,5.);
#1930=CYLINDRICAL_SURFACE('',#2144,5.);
#1931=CYLINDRICAL_SURFACE('',#2167,4.99999999999997);
#1932=CYLINDRICAL_SURFACE('',#2172,5.00000000000008);
#1933=CYLINDRICAL_SURFACE('',#2175,9.);
#1934=CYLINDRICAL_SURFACE('',#2180,4.99999999999997);
#1935=CYLINDRICAL_SURFACE('',#2186,5.00000000000008);
#1936=CYLINDRICAL_SURFACE('',#2197,1.);
#1937=CYLINDRICAL_SURFACE('',#2200,1.);
#1938=CYLINDRICAL_SURFACE('',#2203,1.);
#1939=CYLINDRICAL_SURFACE('',#2206,1.);
#1940=CYLINDRICAL_SURFACE('',#2209,3.);
#1941=CYLINDRICAL_SURFACE('',#2212,9.);
#1942=CYLINDRICAL_SURFACE('',#2215,1.);
#1943=CYLINDRICAL_SURFACE('',#2217,1.);
#1944=CYLINDRICAL_SURFACE('',#2219,1.);
#1945=CYLINDRICAL_SURFACE('',#2221,3.);
#1946=CYLINDRICAL_SURFACE('',#2222,1.);
#1947=CYLINDRICAL_SURFACE('',#2224,48.);
#1948=CYLINDRICAL_SURFACE('',#2229,14.);
#1949=CYLINDRICAL_SURFACE('',#2235,2.);
#1950=CYLINDRICAL_SURFACE('',#2238,2.);
#1951=CYLINDRICAL_SURFACE('',#2241,2.);
#1952=CYLINDRICAL_SURFACE('',#2244,2.);
#1953=CYLINDRICAL_SURFACE('',#2247,2.);
#1954=CYLINDRICAL_SURFACE('',#2250,2.);
#1955=CYLINDRICAL_SURFACE('',#2253,2.);
#1956=CYLINDRICAL_SURFACE('',#2256,2.);
#1957=CYLINDRICAL_SURFACE('',#2268,1.);
#1958=CYLINDRICAL_SURFACE('',#2271,1.);
#1959=CYLINDRICAL_SURFACE('',#2274,1.);
#1960=CYLINDRICAL_SURFACE('',#2277,1.);
#1961=CYLINDRICAL_SURFACE('',#2280,3.);
#1962=CYLINDRICAL_SURFACE('',#2282,9.);
#1963=CYLINDRICAL_SURFACE('',#2284,9.);
#1964=CYLINDRICAL_SURFACE('',#2287,1.);
#1965=CYLINDRICAL_SURFACE('',#2289,1.);
#1966=CYLINDRICAL_SURFACE('',#2291,1.);
#1967=CYLINDRICAL_SURFACE('',#2293,3.);
#1968=CYLINDRICAL_SURFACE('',#2294,1.);
#1969=CYLINDRICAL_SURFACE('',#2303,2.);
#1970=CYLINDRICAL_SURFACE('',#2306,2.);
#1971=CYLINDRICAL_SURFACE('',#2309,2.);
#1972=CYLINDRICAL_SURFACE('',#2312,2.);
#1973=CYLINDRICAL_SURFACE('',#2315,2.);
#1974=CYLINDRICAL_SURFACE('',#2318,2.);
#1975=CYLINDRICAL_SURFACE('',#2321,2.);
#1976=CYLINDRICAL_SURFACE('',#2324,2.);
#1977=CYLINDRICAL_SURFACE('',#2325,5.);
#1978=CYLINDRICAL_SURFACE('',#2326,5.);
#1979=CYLINDRICAL_SURFACE('',#2350,0.5);
#1980=CYLINDRICAL_SURFACE('',#2351,0.5);
#1981=CYLINDRICAL_SURFACE('',#2352,0.5);
#1982=CYLINDRICAL_SURFACE('',#2353,0.5);
#1983=ADVANCED_FACE('',(#150),#1927,.F.);
#1984=ADVANCED_FACE('',(#151),#95,.T.);
#1985=ADVANCED_FACE('',(#152),#1928,.F.);
#1986=ADVANCED_FACE('',(#153),#96,.T.);
#1987=ADVANCED_FACE('',(#154),#1929,.T.);
#1988=ADVANCED_FACE('',(#155,#37,#38,#39,#40,#41,#42,#43,#44,#45,#46),#97,
 .T.);
#1989=ADVANCED_FACE('',(#156),#98,.T.);
#1990=ADVANCED_FACE('',(#157),#1930,.T.);
#1991=ADVANCED_FACE('',(#158,#47,#48,#49,#50,#51,#52,#53,#54,#55,#56,#57),
#99,.T.);
#1992=ADVANCED_FACE('',(#159),#100,.F.);
#1993=ADVANCED_FACE('',(#160),#101,.F.);
#1994=ADVANCED_FACE('',(#161),#102,.F.);
#1995=ADVANCED_FACE('',(#162),#1931,.F.);
#1996=ADVANCED_FACE('',(#163),#21,.T.);
#1997=ADVANCED_FACE('',(#164),#1932,.T.);
#1998=ADVANCED_FACE('',(#165),#103,.T.);
#1999=ADVANCED_FACE('',(#166),#1933,.T.);
#2000=ADVANCED_FACE('',(#167),#104,.T.);
#2001=ADVANCED_FACE('',(#168),#105,.F.);
#2002=ADVANCED_FACE('',(#169),#1934,.F.);
#2003=ADVANCED_FACE('',(#170),#22,.T.);
#2004=ADVANCED_FACE('',(#171),#106,.T.);
#2005=ADVANCED_FACE('',(#172),#1935,.T.);
#2006=ADVANCED_FACE('',(#173),#107,.T.);
#2007=ADVANCED_FACE('',(#174,#58,#59,#60,#61,#62),#108,.F.);
#2008=ADVANCED_FACE('',(#175),#1936,.F.);
#2009=ADVANCED_FACE('',(#176),#1937,.F.);
#2010=ADVANCED_FACE('',(#177),#1938,.F.);
#2011=ADVANCED_FACE('',(#178),#1939,.F.);
#2012=ADVANCED_FACE('',(#179),#1940,.F.);
#2013=ADVANCED_FACE('',(#180),#109,.T.);
#2014=ADVANCED_FACE('',(#181),#1941,.T.);
#2015=ADVANCED_FACE('',(#182),#110,.T.);
#2016=ADVANCED_FACE('',(#183),#111,.T.);
#2017=ADVANCED_FACE('',(#184),#1942,.F.);
#2018=ADVANCED_FACE('',(#185),#1943,.F.);
#2019=ADVANCED_FACE('',(#186),#1944,.F.);
#2020=ADVANCED_FACE('',(#187),#1945,.F.);
#2021=ADVANCED_FACE('',(#188),#1946,.F.);
#2022=ADVANCED_FACE('',(#189),#1947,.F.);
#2023=ADVANCED_FACE('',(#190),#112,.T.);
#2024=ADVANCED_FACE('',(#191),#1948,.F.);
#2025=ADVANCED_FACE('',(#192),#23,.F.);
#2026=ADVANCED_FACE('',(#193),#24,.F.);
#2027=ADVANCED_FACE('',(#194,#63,#64,#65,#66,#67),#113,.T.);
#2028=ADVANCED_FACE('',(#195),#1949,.F.);
#2029=ADVANCED_FACE('',(#196,#68),#114,.F.);
#2030=ADVANCED_FACE('',(#197),#1950,.F.);
#2031=ADVANCED_FACE('',(#198,#69),#115,.F.);
#2032=ADVANCED_FACE('',(#199),#1951,.F.);
#2033=ADVANCED_FACE('',(#200,#70),#116,.F.);
#2034=ADVANCED_FACE('',(#201),#1952,.F.);
#2035=ADVANCED_FACE('',(#202,#71),#117,.F.);
#2036=ADVANCED_FACE('',(#203),#1953,.F.);
#2037=ADVANCED_FACE('',(#204,#72),#118,.F.);
#2038=ADVANCED_FACE('',(#205),#1954,.F.);
#2039=ADVANCED_FACE('',(#206,#73),#119,.F.);
#2040=ADVANCED_FACE('',(#207),#1955,.F.);
#2041=ADVANCED_FACE('',(#208,#74),#120,.F.);
#2042=ADVANCED_FACE('',(#209),#1956,.F.);
#2043=ADVANCED_FACE('',(#210,#75),#121,.F.);
#2044=ADVANCED_FACE('',(#211,#76,#77,#78,#79,#80),#122,.F.);
#2045=ADVANCED_FACE('',(#212),#123,.T.);
#2046=ADVANCED_FACE('',(#213),#1957,.F.);
#2047=ADVANCED_FACE('',(#214),#1958,.F.);
#2048=ADVANCED_FACE('',(#215),#1959,.F.);
#2049=ADVANCED_FACE('',(#216),#1960,.F.);
#2050=ADVANCED_FACE('',(#217),#1961,.F.);
#2051=ADVANCED_FACE('',(#218),#1962,.T.);
#2052=ADVANCED_FACE('',(#219),#124,.T.);
#2053=ADVANCED_FACE('',(#220),#1963,.T.);
#2054=ADVANCED_FACE('',(#221),#1964,.F.);
#2055=ADVANCED_FACE('',(#222),#1965,.F.);
#2056=ADVANCED_FACE('',(#223),#1966,.F.);
#2057=ADVANCED_FACE('',(#224),#1967,.F.);
#2058=ADVANCED_FACE('',(#225),#1968,.F.);
#2059=ADVANCED_FACE('',(#226),#125,.T.);
#2060=ADVANCED_FACE('',(#227),#25,.F.);
#2061=ADVANCED_FACE('',(#228),#26,.F.);
#2062=ADVANCED_FACE('',(#229,#81,#82,#83,#84,#85),#126,.T.);
#2063=ADVANCED_FACE('',(#230,#86),#127,.F.);
#2064=ADVANCED_FACE('',(#231),#1969,.F.);
#2065=ADVANCED_FACE('',(#232,#87),#128,.F.);
#2066=ADVANCED_FACE('',(#233),#1970,.F.);
#2067=ADVANCED_FACE('',(#234,#88),#129,.F.);
#2068=ADVANCED_FACE('',(#235),#1971,.F.);
#2069=ADVANCED_FACE('',(#236,#89),#130,.F.);
#2070=ADVANCED_FACE('',(#237),#1972,.F.);
#2071=ADVANCED_FACE('',(#238,#90),#131,.F.);
#2072=ADVANCED_FACE('',(#239),#1973,.F.);
#2073=ADVANCED_FACE('',(#240,#91),#132,.F.);
#2074=ADVANCED_FACE('',(#241),#1974,.F.);
#2075=ADVANCED_FACE('',(#242,#92),#133,.F.);
#2076=ADVANCED_FACE('',(#243),#1975,.F.);
#2077=ADVANCED_FACE('',(#244,#93),#134,.F.);
#2078=ADVANCED_FACE('',(#245),#1976,.F.);
#2079=ADVANCED_FACE('',(#246),#1977,.F.);
#2080=ADVANCED_FACE('',(#247),#1978,.T.);
#2081=ADVANCED_FACE('',(#248),#135,.F.);
#2082=ADVANCED_FACE('',(#249),#136,.T.);
#2083=ADVANCED_FACE('',(#250),#137,.F.);
#2084=ADVANCED_FACE('',(#251),#138,.F.);
#2085=ADVANCED_FACE('',(#252),#139,.T.);
#2086=ADVANCED_FACE('',(#253),#140,.F.);
#2087=ADVANCED_FACE('',(#254),#141,.T.);
#2088=ADVANCED_FACE('',(#255),#142,.T.);
#2089=ADVANCED_FACE('',(#256),#143,.T.);
#2090=ADVANCED_FACE('',(#257),#144,.F.);
#2091=ADVANCED_FACE('',(#258),#145,.T.);
#2092=ADVANCED_FACE('',(#259),#146,.F.);
#2093=ADVANCED_FACE('',(#260),#147,.T.);
#2094=ADVANCED_FACE('',(#261),#148,.F.);
#2095=ADVANCED_FACE('',(#262),#149,.T.);
#2096=ADVANCED_FACE('',(#263),#1979,.T.);
#2097=ADVANCED_FACE('',(#264),#1980,.T.);
#2098=ADVANCED_FACE('',(#265),#1981,.T.);
#2099=ADVANCED_FACE('',(#266),#1982,.T.);
#2100=CLOSED_SHELL('',(#1983,#1984,#1985,#1986,#1987,#1988,#1989,#1990,
#1991,#1992,#1993,#1994,#1995,#1996,#1997,#1998,#1999,#2000,#2001,#2002,
#2003,#2004,#2005,#2006,#2007,#2008,#2009,#2010,#2011,#2012,#2013,#2014,
#2015,#2016,#2017,#2018,#2019,#2020,#2021,#2022,#2023,#2024,#2025,#2026,
#2027,#2028,#2029,#2030,#2031,#2032,#2033,#2034,#2035,#2036,#2037,#2038,
#2039,#2040,#2041,#2042,#2043,#2044,#2045,#2046,#2047,#2048,#2049,#2050,
#2051,#2052,#2053,#2054,#2055,#2056,#2057,#2058,#2059,#2060,#2061,#2062,
#2063,#2064,#2065,#2066,#2067,#2068,#2069,#2070,#2071,#2072,#2073,#2074,
#2075,#2076,#2077,#2078,#2079,#2080,#2081,#2082,#2083,#2084,#2085,#2086,
#2087,#2088,#2089,#2090,#2091,#2092,#2093,#2094,#2095,#2096,#2097,#2098,
#2099));
#2101=DERIVED_UNIT_ELEMENT(#2103,1.);
#2102=DERIVED_UNIT_ELEMENT(#3642,-3.);
#2103=(
MASS_UNIT()
NAMED_UNIT(*)
SI_UNIT(.KILO.,.GRAM.)
);
#2104=DERIVED_UNIT((#2101,#2102));
#2105=MEASURE_REPRESENTATION_ITEM('density measure',
POSITIVE_RATIO_MEASURE(7850.),#2104);
#2106=PROPERTY_DEFINITION_REPRESENTATION(#2111,#2108);
#2107=PROPERTY_DEFINITION_REPRESENTATION(#2112,#2109);
#2108=REPRESENTATION('material name',(#2110),#3639);
#2109=REPRESENTATION('density',(#2105),#3639);
#2110=DESCRIPTIVE_REPRESENTATION_ITEM('\X2\92FC\X0\','\X2\92FC\X0\');
#2111=PROPERTY_DEFINITION('material property','material name',#3649);
#2112=PROPERTY_DEFINITION('material property','density of part',#3649);
#2113=AXIS2_PLACEMENT_3D('',#2987,#2354,#2355);
#2114=AXIS2_PLACEMENT_3D('',#2988,#2356,#2357);
#2115=AXIS2_PLACEMENT_3D('',#2991,#2358,#2359);
#2116=AXIS2_PLACEMENT_3D('',#2995,#2361,#2362);
#2117=AXIS2_PLACEMENT_3D('',#2997,#2364,#2365);
#2118=AXIS2_PLACEMENT_3D('',#3003,#2369,#2370);
#2119=AXIS2_PLACEMENT_3D('',#3006,#2371,#2372);
#2120=AXIS2_PLACEMENT_3D('',#3010,#2374,#2375);
#2121=AXIS2_PLACEMENT_3D('',#3013,#2377,#2378);
#2122=AXIS2_PLACEMENT_3D('',#3014,#2379,#2380);
#2123=AXIS2_PLACEMENT_3D('',#3020,#2384,#2385);
#2124=AXIS2_PLACEMENT_3D('',#3023,#2386,#2387);
#2125=AXIS2_PLACEMENT_3D('',#3027,#2389,#2390);
#2126=AXIS2_PLACEMENT_3D('',#3029,#2392,#2393);
#2127=AXIS2_PLACEMENT_3D('',#3033,#2395,#2396);
#2128=AXIS2_PLACEMENT_3D('',#3037,#2398,#2399);
#2129=AXIS2_PLACEMENT_3D('',#3041,#2401,#2402);
#2130=AXIS2_PLACEMENT_3D('',#3044,#2404,#2405);
#2131=AXIS2_PLACEMENT_3D('',#3048,#2407,#2408);
#2132=AXIS2_PLACEMENT_3D('',#3052,#2410,#2411);
#2133=AXIS2_PLACEMENT_3D('',#3055,#2413,#2414);
#2134=AXIS2_PLACEMENT_3D('',#3057,#2415,#2416);
#2135=AXIS2_PLACEMENT_3D('',#3059,#2417,#2418);
#2136=AXIS2_PLACEMENT_3D('',#3061,#2419,#2420);
#2137=AXIS2_PLACEMENT_3D('',#3063,#2421,#2422);
#2138=AXIS2_PLACEMENT_3D('',#3065,#2423,#2424);
#2139=AXIS2_PLACEMENT_3D('',#3067,#2425,#2426);
#2140=AXIS2_PLACEMENT_3D('',#3069,#2427,#2428);
#2141=AXIS2_PLACEMENT_3D('',#3071,#2429,#2430);
#2142=AXIS2_PLACEMENT_3D('',#3073,#2431,#2432);
#2143=AXIS2_PLACEMENT_3D('',#3074,#2433,#2434);
#2144=AXIS2_PLACEMENT_3D('',#3094,#2441,#2442);
#2145=AXIS2_PLACEMENT_3D('',#3096,#2443,#2444);
#2146=AXIS2_PLACEMENT_3D('',#3098,#2445,#2446);
#2147=AXIS2_PLACEMENT_3D('',#3100,#2448,#2449);
#2148=AXIS2_PLACEMENT_3D('',#3104,#2451,#2452);
#2149=AXIS2_PLACEMENT_3D('',#3108,#2454,#2455);
#2150=AXIS2_PLACEMENT_3D('',#3111,#2457,#2458);
#2151=AXIS2_PLACEMENT_3D('',#3121,#2463,#2464);
#2152=AXIS2_PLACEMENT_3D('',#3125,#2466,#2467);
#2153=AXIS2_PLACEMENT_3D('',#3128,#2469,#2470);
#2154=AXIS2_PLACEMENT_3D('',#3130,#2471,#2472);
#2155=AXIS2_PLACEMENT_3D('',#3132,#2473,#2474);
#2156=AXIS2_PLACEMENT_3D('',#3134,#2475,#2476);
#2157=AXIS2_PLACEMENT_3D('',#3136,#2477,#2478);
#2158=AXIS2_PLACEMENT_3D('',#3138,#2479,#2480);
#2159=AXIS2_PLACEMENT_3D('',#3140,#2481,#2482);
#2160=AXIS2_PLACEMENT_3D('',#3142,#2483,#2484);
#2161=AXIS2_PLACEMENT_3D('',#3144,#2485,#2486);
#2162=AXIS2_PLACEMENT_3D('',#3146,#2487,#2488);
#2163=AXIS2_PLACEMENT_3D('',#3148,#2489,#2490);
#2164=AXIS2_PLACEMENT_3D('',#3157,#2495,#2496);
#2165=AXIS2_PLACEMENT_3D('',#3161,#2499,#2500);
#2166=AXIS2_PLACEMENT_3D('',#3171,#2504,#2505);
#2167=AXIS2_PLACEMENT_3D('',#3175,#2508,#2509);
#2168=AXIS2_PLACEMENT_3D('',#3176,#2510,#2511);
#2169=AXIS2_PLACEMENT_3D('',#3177,#2512,#2513);
#2170=AXIS2_PLACEMENT_3D('',#3179,#2514,#2515);
#2171=AXIS2_PLACEMENT_3D('',#3184,#2516,#2517);
#2172=AXIS2_PLACEMENT_3D('',#3185,#2518,#2519);
#2173=AXIS2_PLACEMENT_3D('',#3187,#2520,#2521);
#2174=AXIS2_PLACEMENT_3D('',#3189,#2523,#2524);
#2175=AXIS2_PLACEMENT_3D('',#3193,#2527,#2528);
#2176=AXIS2_PLACEMENT_3D('',#3195,#2529,#2530);
#2177=AXIS2_PLACEMENT_3D('',#3197,#2532,#2533);
#2178=AXIS2_PLACEMENT_3D('',#3198,#2534,#2535);
#2179=AXIS2_PLACEMENT_3D('',#3200,#2537,#2538);
#2180=AXIS2_PLACEMENT_3D('',#3210,#2542,#2543);
#2181=AXIS2_PLACEMENT_3D('',#3211,#2544,#2545);
#2182=AXIS2_PLACEMENT_3D('',#3212,#2546,#2547);
#2183=AXIS2_PLACEMENT_3D('',#3214,#2548,#2549);
#2184=AXIS2_PLACEMENT_3D('',#3219,#2550,#2551);
#2185=AXIS2_PLACEMENT_3D('',#3220,#2552,#2553);
#2186=AXIS2_PLACEMENT_3D('',#3226,#2557,#2558);
#2187=AXIS2_PLACEMENT_3D('',#3227,#2559,#2560);
#2188=AXIS2_PLACEMENT_3D('',#3228,#2561,#2562);
#2189=AXIS2_PLACEMENT_3D('',#3237,#2565,#2566);
#2190=AXIS2_PLACEMENT_3D('',#3242,#2568,#2569);
#2191=AXIS2_PLACEMENT_3D('',#3245,#2571,#2572);
#2192=AXIS2_PLACEMENT_3D('',#3247,#2573,#2574);
#2193=AXIS2_PLACEMENT_3D('',#3249,#2575,#2576);
#2194=AXIS2_PLACEMENT_3D('',#3251,#2577,#2578);
#2195=AXIS2_PLACEMENT_3D('',#3253,#2579,#2580);
#2196=AXIS2_PLACEMENT_3D('',#3255,#2581,#2582);
#2197=AXIS2_PLACEMENT_3D('',#3256,#2583,#2584);
#2198=AXIS2_PLACEMENT_3D('',#3258,#2585,#2586);
#2199=AXIS2_PLACEMENT_3D('',#3261,#2588,#2589);
#2200=AXIS2_PLACEMENT_3D('',#3262,#2590,#2591);
#2201=AXIS2_PLACEMENT_3D('',#3264,#2592,#2593);
#2202=AXIS2_PLACEMENT_3D('',#3267,#2595,#2596);
#2203=AXIS2_PLACEMENT_3D('',#3268,#2597,#2598);
#2204=AXIS2_PLACEMENT_3D('',#3270,#2599,#2600);
#2205=AXIS2_PLACEMENT_3D('',#3273,#2602,#2603);
#2206=AXIS2_PLACEMENT_3D('',#3274,#2604,#2605);
#2207=AXIS2_PLACEMENT_3D('',#3276,#2606,#2607);
#2208=AXIS2_PLACEMENT_3D('',#3279,#2609,#2610);
#2209=AXIS2_PLACEMENT_3D('',#3280,#2611,#2612);
#2210=AXIS2_PLACEMENT_3D('',#3283,#2614,#2615);
#2211=AXIS2_PLACEMENT_3D('',#3284,#2616,#2617);
#2212=AXIS2_PLACEMENT_3D('',#3300,#2623,#2624);
#2213=AXIS2_PLACEMENT_3D('',#3302,#2626,#2627);
#2214=AXIS2_PLACEMENT_3D('',#3308,#2629,#2630);
#2215=AXIS2_PLACEMENT_3D('',#3322,#2636,#2637);
#2216=AXIS2_PLACEMENT_3D('',#3324,#2638,#2639);
#2217=AXIS2_PLACEMENT_3D('',#3326,#2641,#2642);
#2218=AXIS2_PLACEMENT_3D('',#3328,#2643,#2644);
#2219=AXIS2_PLACEMENT_3D('',#3330,#2646,#2647);
#2220=AXIS2_PLACEMENT_3D('',#3332,#2648,#2649);
#2221=AXIS2_PLACEMENT_3D('',#3334,#2651,#2652);
#2222=AXIS2_PLACEMENT_3D('',#3336,#2654,#2655);
#2223=AXIS2_PLACEMENT_3D('',#3338,#2656,#2657);
#2224=AXIS2_PLACEMENT_3D('',#3340,#2659,#2660);
#2225=AXIS2_PLACEMENT_3D('',#3342,#2661,#2662);
#2226=AXIS2_PLACEMENT_3D('',#3345,#2664,#2665);
#2227=AXIS2_PLACEMENT_3D('',#3346,#2666,#2667);
#2228=AXIS2_PLACEMENT_3D('',#3347,#2668,#2669);
#2229=AXIS2_PLACEMENT_3D('',#3348,#2670,#2671);
#2230=AXIS2_PLACEMENT_3D('',#3350,#2672,#2673);
#2231=AXIS2_PLACEMENT_3D('',#3353,#2675,#2676);
#2232=AXIS2_PLACEMENT_3D('',#3354,#2677,#2678);
#2233=AXIS2_PLACEMENT_3D('',#3363,#2679,#2680);
#2234=AXIS2_PLACEMENT_3D('',#3370,#2681,#2682);
#2235=AXIS2_PLACEMENT_3D('',#3371,#2683,#2684);
#2236=AXIS2_PLACEMENT_3D('',#3373,#2685,#2686);
#2237=AXIS2_PLACEMENT_3D('',#3375,#2688,#2689);
#2238=AXIS2_PLACEMENT_3D('',#3376,#2690,#2691);
#2239=AXIS2_PLACEMENT_3D('',#3378,#2692,#2693);
#2240=AXIS2_PLACEMENT_3D('',#3380,#2695,#2696);
#2241=AXIS2_PLACEMENT_3D('',#3381,#2697,#2698);
#2242=AXIS2_PLACEMENT_3D('',#3383,#2699,#2700);
#2243=AXIS2_PLACEMENT_3D('',#3385,#2702,#2703);
#2244=AXIS2_PLACEMENT_3D('',#3386,#2704,#2705);
#2245=AXIS2_PLACEMENT_3D('',#3388,#2706,#2707);
#2246=AXIS2_PLACEMENT_3D('',#3390,#2709,#2710);
#2247=AXIS2_PLACEMENT_3D('',#3391,#2711,#2712);
#2248=AXIS2_PLACEMENT_3D('',#3393,#2713,#2714);
#2249=AXIS2_PLACEMENT_3D('',#3395,#2716,#2717);
#2250=AXIS2_PLACEMENT_3D('',#3396,#2718,#2719);
#2251=AXIS2_PLACEMENT_3D('',#3398,#2720,#2721);
#2252=AXIS2_PLACEMENT_3D('',#3400,#2723,#2724);
#2253=AXIS2_PLACEMENT_3D('',#3401,#2725,#2726);
#2254=AXIS2_PLACEMENT_3D('',#3403,#2727,#2728);
#2255=AXIS2_PLACEMENT_3D('',#3405,#2730,#2731);
#2256=AXIS2_PLACEMENT_3D('',#3406,#2732,#2733);
#2257=AXIS2_PLACEMENT_3D('',#3408,#2734,#2735);
#2258=AXIS2_PLACEMENT_3D('',#3410,#2737,#2738);
#2259=AXIS2_PLACEMENT_3D('',#3411,#2739,#2740);
#2260=AXIS2_PLACEMENT_3D('',#3413,#2741,#2742);
#2261=AXIS2_PLACEMENT_3D('',#3416,#2744,#2745);
#2262=AXIS2_PLACEMENT_3D('',#3418,#2746,#2747);
#2263=AXIS2_PLACEMENT_3D('',#3420,#2748,#2749);
#2264=AXIS2_PLACEMENT_3D('',#3422,#2750,#2751);
#2265=AXIS2_PLACEMENT_3D('',#3424,#2752,#2753);
#2266=AXIS2_PLACEMENT_3D('',#3426,#2754,#2755);
#2267=AXIS2_PLACEMENT_3D('',#3427,#2756,#2757);
#2268=AXIS2_PLACEMENT_3D('',#3431,#2760,#2761);
#2269=AXIS2_PLACEMENT_3D('',#3433,#2762,#2763);
#2270=AXIS2_PLACEMENT_3D('',#3436,#2765,#2766);
#2271=AXIS2_PLACEMENT_3D('',#3437,#2767,#2768);
#2272=AXIS2_PLACEMENT_3D('',#3439,#2769,#2770);
#2273=AXIS2_PLACEMENT_3D('',#3442,#2772,#2773);
#2274=AXIS2_PLACEMENT_3D('',#3443,#2774,#2775);
#2275=AXIS2_PLACEMENT_3D('',#3445,#2776,#2777);
#2276=AXIS2_PLACEMENT_3D('',#3448,#2779,#2780);
#2277=AXIS2_PLACEMENT_3D('',#3449,#2781,#2782);
#2278=AXIS2_PLACEMENT_3D('',#3451,#2783,#2784);
#2279=AXIS2_PLACEMENT_3D('',#3454,#2786,#2787);
#2280=AXIS2_PLACEMENT_3D('',#3455,#2788,#2789);
#2281=AXIS2_PLACEMENT_3D('',#3458,#2791,#2792);
#2282=AXIS2_PLACEMENT_3D('',#3459,#2793,#2794);
#2283=AXIS2_PLACEMENT_3D('',#3461,#2796,#2797);
#2284=AXIS2_PLACEMENT_3D('',#3467,#2799,#2800);
#2285=AXIS2_PLACEMENT_3D('',#3468,#2801,#2802);
#2286=AXIS2_PLACEMENT_3D('',#3469,#2803,#2804);
#2287=AXIS2_PLACEMENT_3D('',#3470,#2805,#2806);
#2288=AXIS2_PLACEMENT_3D('',#3472,#2807,#2808);
#2289=AXIS2_PLACEMENT_3D('',#3474,#2810,#2811);
#2290=AXIS2_PLACEMENT_3D('',#3476,#2812,#2813);
#2291=AXIS2_PLACEMENT_3D('',#3478,#2815,#2816);
#2292=AXIS2_PLACEMENT_3D('',#3480,#2817,#2818);
#2293=AXIS2_PLACEMENT_3D('',#3482,#2820,#2821);
#2294=AXIS2_PLACEMENT_3D('',#3484,#2823,#2824);
#2295=AXIS2_PLACEMENT_3D('',#3486,#2825,#2826);
#2296=AXIS2_PLACEMENT_3D('',#3488,#2828,#2829);
#2297=AXIS2_PLACEMENT_3D('',#3489,#2830,#2831);
#2298=AXIS2_PLACEMENT_3D('',#3490,#2832,#2833);
#2299=AXIS2_PLACEMENT_3D('',#3499,#2834,#2835);
#2300=AXIS2_PLACEMENT_3D('',#3506,#2836,#2837);
#2301=AXIS2_PLACEMENT_3D('',#3507,#2838,#2839);
#2302=AXIS2_PLACEMENT_3D('',#3509,#2840,#2841);
#2303=AXIS2_PLACEMENT_3D('',#3510,#2842,#2843);
#2304=AXIS2_PLACEMENT_3D('',#3512,#2845,#2846);
#2305=AXIS2_PLACEMENT_3D('',#3514,#2847,#2848);
#2306=AXIS2_PLACEMENT_3D('',#3515,#2849,#2850);
#2307=AXIS2_PLACEMENT_3D('',#3517,#2852,#2853);
#2308=AXIS2_PLACEMENT_3D('',#3519,#2854,#2855);
#2309=AXIS2_PLACEMENT_3D('',#3520,#2856,#2857);
#2310=AXIS2_PLACEMENT_3D('',#3522,#2859,#2860);
#2311=AXIS2_PLACEMENT_3D('',#3524,#2861,#2862);
#2312=AXIS2_PLACEMENT_3D('',#3525,#2863,#2864);
#2313=AXIS2_PLACEMENT_3D('',#3527,#2866,#2867);
#2314=AXIS2_PLACEMENT_3D('',#3529,#2868,#2869);
#2315=AXIS2_PLACEMENT_3D('',#3530,#2870,#2871);
#2316=AXIS2_PLACEMENT_3D('',#3532,#2873,#2874);
#2317=AXIS2_PLACEMENT_3D('',#3534,#2875,#2876);
#2318=AXIS2_PLACEMENT_3D('',#3535,#2877,#2878);
#2319=AXIS2_PLACEMENT_3D('',#3537,#2880,#2881);
#2320=AXIS2_PLACEMENT_3D('',#3539,#2882,#2883);
#2321=AXIS2_PLACEMENT_3D('',#3540,#2884,#2885);
#2322=AXIS2_PLACEMENT_3D('',#3542,#2887,#2888);
#2323=AXIS2_PLACEMENT_3D('',#3544,#2889,#2890);
#2324=AXIS2_PLACEMENT_3D('',#3545,#2891,#2892);
#2325=AXIS2_PLACEMENT_3D('',#3547,#2894,#2895);
#2326=AXIS2_PLACEMENT_3D('',#3548,#2896,#2897);
#2327=AXIS2_PLACEMENT_3D('',#3549,#2898,#2899);
#2328=AXIS2_PLACEMENT_3D('',#3553,#2901,#2902);
#2329=AXIS2_PLACEMENT_3D('',#3557,#2904,#2905);
#2330=AXIS2_PLACEMENT_3D('',#3559,#2907,#2908);
#2331=AXIS2_PLACEMENT_3D('',#3565,#2912,#2913);
#2332=AXIS2_PLACEMENT_3D('',#3571,#2917,#2918);
#2333=AXIS2_PLACEMENT_3D('',#3575,#2920,#2921);
#2334=AXIS2_PLACEMENT_3D('',#3577,#2922,#2923);
#2335=AXIS2_PLACEMENT_3D('',#3581,#2926,#2927);
#2336=AXIS2_PLACEMENT_3D('',#3587,#2931,#2932);
#2337=AXIS2_PLACEMENT_3D('',#3590,#2935,#2936);
#2338=AXIS2_PLACEMENT_3D('',#3594,#2938,#2939);
#2339=AXIS2_PLACEMENT_3D('',#3598,#2941,#2942);
#2340=AXIS2_PLACEMENT_3D('',#3600,#2944,#2945);
#2341=AXIS2_PLACEMENT_3D('',#3605,#2947,#2948);
#2342=AXIS2_PLACEMENT_3D('',#3612,#2952,#2953);
#2343=AXIS2_PLACEMENT_3D('',#3613,#2954,#2955);
#2344=AXIS2_PLACEMENT_3D('',#3619,#2959,#2960);
#2345=AXIS2_PLACEMENT_3D('',#3622,#2963,#2964);
#2346=AXIS2_PLACEMENT_3D('',#3625,#2967,#2968);
#2347=AXIS2_PLACEMENT_3D('',#3627,#2970,#2971);
#2348=AXIS2_PLACEMENT_3D('',#3629,#2973,#2974);
#2349=AXIS2_PLACEMENT_3D('',#3631,#2976,#2977);
#2350=AXIS2_PLACEMENT_3D('',#3633,#2979,#2980);
#2351=AXIS2_PLACEMENT_3D('',#3634,#2981,#2982);
#2352=AXIS2_PLACEMENT_3D('',#3635,#2983,#2984);
#2353=AXIS2_PLACEMENT_3D('',#3636,#2985,#2986);
#2354=DIRECTION('axis',(0.,0.,1.));
#2355=DIRECTION('refdir',(1.,0.,0.));
#2356=DIRECTION('center_axis',(-1.,0.,0.));
#2357=DIRECTION('ref_axis',(0.,0.923879532511289,0.382683432365083));
#2358=DIRECTION('center_axis',(1.,0.,0.));
#2359=DIRECTION('ref_axis',(0.,0.923879532511289,0.382683432365083));
#2360=DIRECTION('',(-1.,0.,0.));
#2361=DIRECTION('center_axis',(-1.,0.,0.));
#2362=DIRECTION('ref_axis',(0.,0.923879532511289,0.382683432365083));
#2363=DIRECTION('',(1.,0.,0.));
#2364=DIRECTION('center_axis',(0.,-0.70710678118656,-0.707106781186535));
#2365=DIRECTION('ref_axis',(0.,0.707106781186535,-0.70710678118656));
#2366=DIRECTION('',(0.,-0.707106781186535,0.70710678118656));
#2367=DIRECTION('',(1.,0.,0.));
#2368=DIRECTION('',(0.,0.707106781186535,-0.70710678118656));
#2369=DIRECTION('center_axis',(-1.,0.,0.));
#2370=DIRECTION('ref_axis',(0.,0.923879532511289,0.382683432365083));
#2371=DIRECTION('center_axis',(1.,0.,0.));
#2372=DIRECTION('ref_axis',(0.,0.923879532511289,0.382683432365083));
#2373=DIRECTION('',(-1.,0.,0.));
#2374=DIRECTION('center_axis',(-1.,0.,0.));
#2375=DIRECTION('ref_axis',(0.,0.923879532511289,0.382683432365083));
#2376=DIRECTION('',(1.,0.,0.));
#2377=DIRECTION('center_axis',(0.707106781186548,0.,0.707106781186547));
#2378=DIRECTION('ref_axis',(-0.707106781186547,3.92523114670944E-17,0.707106781186548));
#2379=DIRECTION('center_axis',(0.,-0.70710678118656,-0.707106781186535));
#2380=DIRECTION('ref_axis',(-1.67059466156054E-24,-0.707106781186535,0.70710678118656));
#2381=DIRECTION('',(-1.67059466156054E-24,-0.707106781186535,0.70710678118656));
#2382=DIRECTION('',(-1.,0.,0.));
#2383=DIRECTION('',(0.,0.707106781186535,-0.70710678118656));
#2384=DIRECTION('center_axis',(1.,0.,0.));
#2385=DIRECTION('ref_axis',(0.,0.923879531180721,0.382683435577361));
#2386=DIRECTION('center_axis',(1.,0.,0.));
#2387=DIRECTION('ref_axis',(0.,0.923879531180721,0.382683435577361));
#2388=DIRECTION('',(1.,0.,0.));
#2389=DIRECTION('center_axis',(-1.,0.,0.));
#2390=DIRECTION('ref_axis',(0.,0.923879531180721,0.382683435577361));
#2391=DIRECTION('',(-1.,0.,0.));
#2392=DIRECTION('center_axis',(-1.,0.,0.));
#2393=DIRECTION('ref_axis',(0.,-1.,0.));
#2394=DIRECTION('',(0.,2.34127617217878E-16,1.));
#2395=DIRECTION('center_axis',(-1.,0.,0.));
#2396=DIRECTION('ref_axis',(0.,0.,1.));
#2397=DIRECTION('',(0.,0.707106781186548,0.707106781186548));
#2398=DIRECTION('center_axis',(-1.,0.,0.));
#2399=DIRECTION('ref_axis',(0.,0.,1.));
#2400=DIRECTION('',(0.,-0.707106781186548,-0.707106781186548));
#2401=DIRECTION('center_axis',(-1.,0.,0.));
#2402=DIRECTION('ref_axis',(0.,0.,1.));
#2403=DIRECTION('',(0.,-1.17432597037615E-16,-1.));
#2404=DIRECTION('center_axis',(1.,0.,0.));
#2405=DIRECTION('ref_axis',(0.,-1.,-7.10542734779872E-15));
#2406=DIRECTION('',(0.,4.40275174934397E-16,-1.));
#2407=DIRECTION('center_axis',(1.,0.,0.));
#2408=DIRECTION('ref_axis',(0.,0.,1.));
#2409=DIRECTION('',(0.,-9.80216310019721E-24,-1.));
#2410=DIRECTION('center_axis',(1.,0.,0.));
#2411=DIRECTION('ref_axis',(0.,-1.,3.55271368860269E-15));
#2412=DIRECTION('',(0.,0.707106786103679,-0.707106776269416));
#2413=DIRECTION('center_axis',(-1.,0.,0.));
#2414=DIRECTION('ref_axis',(0.,0.,1.));
#2415=DIRECTION('center_axis',(-1.,0.,0.));
#2416=DIRECTION('ref_axis',(0.,0.,1.));
#2417=DIRECTION('center_axis',(-1.,0.,0.));
#2418=DIRECTION('ref_axis',(0.,0.,1.));
#2419=DIRECTION('center_axis',(-1.,0.,0.));
#2420=DIRECTION('ref_axis',(0.,0.,1.));
#2421=DIRECTION('center_axis',(-1.,0.,0.));
#2422=DIRECTION('ref_axis',(0.,0.,1.));
#2423=DIRECTION('center_axis',(-1.,0.,0.));
#2424=DIRECTION('ref_axis',(0.,0.,1.));
#2425=DIRECTION('center_axis',(-1.,0.,0.));
#2426=DIRECTION('ref_axis',(0.,0.,1.));
#2427=DIRECTION('center_axis',(-1.,0.,0.));
#2428=DIRECTION('ref_axis',(0.,0.,1.));
#2429=DIRECTION('center_axis',(-1.,0.,0.));
#2430=DIRECTION('ref_axis',(0.,0.,1.));
#2431=DIRECTION('center_axis',(-1.,0.,0.));
#2432=DIRECTION('ref_axis',(0.,0.,1.));
#2433=DIRECTION('center_axis',(0.,1.,-2.34127617217878E-16));
#2434=DIRECTION('ref_axis',(0.,2.34127617217878E-16,1.));
#2435=DIRECTION('',(0.,2.34127617217878E-16,1.));
#2436=DIRECTION('',(1.,0.,0.));
#2437=DIRECTION('',(0.,2.34127617217878E-16,1.));
#2438=DIRECTION('',(-1.,0.,0.));
#2439=DIRECTION('',(0.,2.34127617217878E-16,1.));
#2440=DIRECTION('',(1.,0.,0.));
#2441=DIRECTION('center_axis',(1.,0.,0.));
#2442=DIRECTION('ref_axis',(0.,0.923879531180721,0.382683435577361));
#2443=DIRECTION('center_axis',(-1.,0.,0.));
#2444=DIRECTION('ref_axis',(0.,0.923879531180721,0.382683435577361));
#2445=DIRECTION('center_axis',(1.,0.,0.));
#2446=DIRECTION('ref_axis',(0.,0.923879531180721,0.382683435577361));
#2447=DIRECTION('',(1.,0.,0.));
#2448=DIRECTION('center_axis',(1.,0.,0.));
#2449=DIRECTION('ref_axis',(0.,-1.,0.));
#2450=DIRECTION('',(0.,-0.707106786103679,0.707106776269416));
#2451=DIRECTION('center_axis',(-1.,0.,0.));
#2452=DIRECTION('ref_axis',(0.,-1.,3.55271368860269E-15));
#2453=DIRECTION('',(0.,9.80216310019721E-24,1.));
#2454=DIRECTION('center_axis',(1.,0.,0.));
#2455=DIRECTION('ref_axis',(0.,1.,-9.80216310019721E-24));
#2456=DIRECTION('',(-2.36217378438971E-24,-4.40275174934397E-16,1.));
#2457=DIRECTION('center_axis',(1.,-4.03843217252129E-28,2.36217378438971E-24));
#2458=DIRECTION('ref_axis',(-4.03843217235345E-28,-1.,-7.10542734779872E-15));
#2459=DIRECTION('',(0.,1.,0.));
#2460=DIRECTION('',(0.,0.,-1.));
#2461=DIRECTION('',(0.,-1.,0.));
#2462=DIRECTION('',(0.,-1.17432597037615E-16,-1.));
#2463=DIRECTION('center_axis',(1.,0.,0.));
#2464=DIRECTION('ref_axis',(0.,0.,-1.));
#2465=DIRECTION('',(0.,-0.707106781186548,-0.707106781186548));
#2466=DIRECTION('center_axis',(-1.,0.,0.));
#2467=DIRECTION('ref_axis',(0.,0.,1.));
#2468=DIRECTION('',(0.,0.707106781186548,0.707106781186548));
#2469=DIRECTION('center_axis',(1.,0.,0.));
#2470=DIRECTION('ref_axis',(0.,0.,-1.));
#2471=DIRECTION('center_axis',(-1.,0.,0.));
#2472=DIRECTION('ref_axis',(0.,0.,1.));
#2473=DIRECTION('center_axis',(-1.,0.,0.));
#2474=DIRECTION('ref_axis',(0.,0.,1.));
#2475=DIRECTION('center_axis',(-1.,0.,0.));
#2476=DIRECTION('ref_axis',(0.,0.,1.));
#2477=DIRECTION('center_axis',(-1.,0.,0.));
#2478=DIRECTION('ref_axis',(0.,0.,1.));
#2479=DIRECTION('center_axis',(-1.,0.,0.));
#2480=DIRECTION('ref_axis',(0.,0.,1.));
#2481=DIRECTION('center_axis',(-1.,0.,0.));
#2482=DIRECTION('ref_axis',(0.,0.,1.));
#2483=DIRECTION('center_axis',(-1.,0.,0.));
#2484=DIRECTION('ref_axis',(0.,0.,1.));
#2485=DIRECTION('center_axis',(-1.,0.,0.));
#2486=DIRECTION('ref_axis',(0.,0.,1.));
#2487=DIRECTION('center_axis',(-1.,0.,0.));
#2488=DIRECTION('ref_axis',(0.,0.,1.));
#2489=DIRECTION('center_axis',(-1.,0.,0.));
#2490=DIRECTION('ref_axis',(0.,0.,1.));
#2491=DIRECTION('',(0.,0.,-1.));
#2492=DIRECTION('',(0.,-1.,0.));
#2493=DIRECTION('',(0.,0.,-1.));
#2494=DIRECTION('',(0.,1.,0.));
#2495=DIRECTION('center_axis',(0.,-0.707106776269416,-0.707106786103679));
#2496=DIRECTION('ref_axis',(-1.67059464994737E-24,-0.707106786103679,0.707106776269416));
#2497=DIRECTION('',(0.,0.707106786103679,-0.707106776269416));
#2498=DIRECTION('',(-1.,0.,0.));
#2499=DIRECTION('center_axis',(0.,-1.,9.80216310019721E-24));
#2500=DIRECTION('ref_axis',(0.,-9.80216310019721E-24,-1.));
#2501=DIRECTION('',(0.,9.80216310019721E-24,1.));
#2502=DIRECTION('',(1.,0.,0.));
#2503=DIRECTION('',(1.,0.,0.));
#2504=DIRECTION('center_axis',(0.,-0.707106776269416,-0.707106786103679));
#2505=DIRECTION('ref_axis',(0.,0.707106786103679,-0.707106776269416));
#2506=DIRECTION('',(1.,0.,0.));
#2507=DIRECTION('',(0.,-0.707106786103679,0.707106776269416));
#2508=DIRECTION('center_axis',(1.,0.,0.));
#2509=DIRECTION('ref_axis',(0.,-1.,3.55271368860269E-15));
#2510=DIRECTION('center_axis',(-1.,0.,0.));
#2511=DIRECTION('ref_axis',(0.,-1.,3.55271368860269E-15));
#2512=DIRECTION('center_axis',(-1.,0.,0.));
#2513=DIRECTION('ref_axis',(0.,0.382683432365091,-0.923879532511286));
#2514=DIRECTION('center_axis',(1.,0.,0.));
#2515=DIRECTION('ref_axis',(0.,0.,1.));
#2516=DIRECTION('center_axis',(1.,0.,0.));
#2517=DIRECTION('ref_axis',(0.,0.,-1.));
#2518=DIRECTION('center_axis',(1.,0.,0.));
#2519=DIRECTION('ref_axis',(0.,-1.,-7.10542734779872E-15));
#2520=DIRECTION('center_axis',(-1.,0.,0.));
#2521=DIRECTION('ref_axis',(0.,-1.,-7.10542734779872E-15));
#2522=DIRECTION('',(1.,0.,0.));
#2523=DIRECTION('center_axis',(0.,-1.,-4.40275174934397E-16));
#2524=DIRECTION('ref_axis',(0.,4.40275174934397E-16,-1.));
#2525=DIRECTION('',(0.,-4.40275174934397E-16,1.));
#2526=DIRECTION('',(1.,0.,0.));
#2527=DIRECTION('center_axis',(1.,0.,0.));
#2528=DIRECTION('ref_axis',(0.,-0.382683432365093,0.923879532511286));
#2529=DIRECTION('center_axis',(1.,0.,0.));
#2530=DIRECTION('ref_axis',(0.,0.,-1.));
#2531=DIRECTION('',(1.,0.,0.));
#2532=DIRECTION('center_axis',(1.,0.,0.));
#2533=DIRECTION('ref_axis',(0.,0.,1.));
#2534=DIRECTION('center_axis',(0.,-0.707106781186548,-0.707106781186548));
#2535=DIRECTION('ref_axis',(0.,0.707106781186547,-0.707106781186547));
#2536=DIRECTION('',(0.,0.707106781186548,-0.707106781186548));
#2537=DIRECTION('center_axis',(0.,-1.,9.80216310019721E-24));
#2538=DIRECTION('ref_axis',(-2.36217378438971E-24,9.80216310019721E-24,
1.));
#2539=DIRECTION('',(-1.,0.,0.));
#2540=DIRECTION('',(-1.,0.,0.));
#2541=DIRECTION('',(0.,-9.80216310019721E-24,-1.));
#2542=DIRECTION('center_axis',(-1.,0.,0.));
#2543=DIRECTION('ref_axis',(0.,-1.,3.55271368860269E-15));
#2544=DIRECTION('center_axis',(1.,0.,0.));
#2545=DIRECTION('ref_axis',(0.,-1.,3.55271368860269E-15));
#2546=DIRECTION('center_axis',(1.,0.,0.));
#2547=DIRECTION('ref_axis',(0.,0.382683432365093,-0.923879532511286));
#2548=DIRECTION('center_axis',(1.,0.,0.));
#2549=DIRECTION('ref_axis',(0.,0.,-1.));
#2550=DIRECTION('center_axis',(1.,0.,0.));
#2551=DIRECTION('ref_axis',(0.,0.,1.));
#2552=DIRECTION('center_axis',(0.,-1.,-4.40275174934397E-16));
#2553=DIRECTION('ref_axis',(-2.36217378438971E-24,-4.40275174934397E-16,
1.));
#2554=DIRECTION('',(0.,4.40275174934397E-16,-1.));
#2555=DIRECTION('',(-1.,0.,0.));
#2556=DIRECTION('',(-1.,0.,0.));
#2557=DIRECTION('center_axis',(-1.,0.,0.));
#2558=DIRECTION('ref_axis',(0.,-1.,-7.10542734779872E-15));
#2559=DIRECTION('center_axis',(1.,0.,0.));
#2560=DIRECTION('ref_axis',(0.,-1.,-7.10542734779872E-15));
#2561=DIRECTION('center_axis',(0.,-1.,1.17432597037615E-16));
#2562=DIRECTION('ref_axis',(0.,-1.17432597037615E-16,-1.));
#2563=DIRECTION('',(-1.,0.,0.));
#2564=DIRECTION('',(0.,-1.17432597037615E-16,-1.));
#2565=DIRECTION('center_axis',(-1.,0.,0.));
#2566=DIRECTION('ref_axis',(0.,-1.,0.));
#2567=DIRECTION('',(0.,0.707106781186548,0.707106781186548));
#2568=DIRECTION('center_axis',(-1.,0.,0.));
#2569=DIRECTION('ref_axis',(0.,0.,1.));
#2570=DIRECTION('',(0.,-0.707106781186548,-0.707106781186548));
#2571=DIRECTION('center_axis',(-1.,0.,0.));
#2572=DIRECTION('ref_axis',(0.,0.,1.));
#2573=DIRECTION('center_axis',(-1.,0.,0.));
#2574=DIRECTION('ref_axis',(0.,0.,1.));
#2575=DIRECTION('center_axis',(-1.,0.,0.));
#2576=DIRECTION('ref_axis',(0.,0.,1.));
#2577=DIRECTION('center_axis',(-1.,0.,0.));
#2578=DIRECTION('ref_axis',(0.,0.,1.));
#2579=DIRECTION('center_axis',(-1.,0.,0.));
#2580=DIRECTION('ref_axis',(0.,0.,1.));
#2581=DIRECTION('center_axis',(-1.,0.,0.));
#2582=DIRECTION('ref_axis',(0.,0.,1.));
#2583=DIRECTION('center_axis',(1.,0.,0.));
#2584=DIRECTION('ref_axis',(0.,0.,-1.));
#2585=DIRECTION('center_axis',(1.,0.,0.));
#2586=DIRECTION('ref_axis',(0.,0.,-1.));
#2587=DIRECTION('',(1.,0.,0.));
#2588=DIRECTION('center_axis',(-1.,0.,0.));
#2589=DIRECTION('ref_axis',(0.,0.,1.));
#2590=DIRECTION('center_axis',(1.,0.,0.));
#2591=DIRECTION('ref_axis',(0.,0.,-1.));
#2592=DIRECTION('center_axis',(1.,0.,0.));
#2593=DIRECTION('ref_axis',(0.,0.,-1.));
#2594=DIRECTION('',(1.,0.,0.));
#2595=DIRECTION('center_axis',(-1.,0.,0.));
#2596=DIRECTION('ref_axis',(0.,0.,1.));
#2597=DIRECTION('center_axis',(1.,0.,0.));
#2598=DIRECTION('ref_axis',(0.,0.,-1.));
#2599=DIRECTION('center_axis',(1.,0.,0.));
#2600=DIRECTION('ref_axis',(0.,0.,-1.));
#2601=DIRECTION('',(1.,0.,0.));
#2602=DIRECTION('center_axis',(-1.,0.,0.));
#2603=DIRECTION('ref_axis',(0.,0.,1.));
#2604=DIRECTION('center_axis',(1.,0.,0.));
#2605=DIRECTION('ref_axis',(0.,0.,-1.));
#2606=DIRECTION('center_axis',(1.,0.,0.));
#2607=DIRECTION('ref_axis',(0.,0.,-1.));
#2608=DIRECTION('',(1.,0.,0.));
#2609=DIRECTION('center_axis',(-1.,0.,0.));
#2610=DIRECTION('ref_axis',(0.,0.,1.));
#2611=DIRECTION('center_axis',(1.,0.,0.));
#2612=DIRECTION('ref_axis',(0.,0.,-1.));
#2613=DIRECTION('',(1.,0.,0.));
#2614=DIRECTION('center_axis',(-1.,0.,0.));
#2615=DIRECTION('ref_axis',(0.,0.,1.));
#2616=DIRECTION('center_axis',(0.,0.707106781186547,-0.707106781186548));
#2617=DIRECTION('ref_axis',(0.,0.707106781186548,0.707106781186547));
#2618=DIRECTION('',(1.,0.,0.));
#2619=DIRECTION('',(-1.,0.,0.));
#2620=DIRECTION('',(0.,0.707106781186548,0.707106781186548));
#2621=DIRECTION('',(-1.,0.,0.));
#2622=DIRECTION('',(1.,0.,0.));
#2623=DIRECTION('center_axis',(1.,0.,0.));
#2624=DIRECTION('ref_axis',(0.,0.,-1.));
#2625=DIRECTION('',(1.,0.,0.));
#2626=DIRECTION('center_axis',(0.,-0.707106781186548,0.707106781186548));
#2627=DIRECTION('ref_axis',(0.,-0.707106781186547,-0.707106781186547));
#2628=DIRECTION('',(1.,0.,0.));
#2629=DIRECTION('center_axis',(0.,-1.,1.17432597037615E-16));
#2630=DIRECTION('ref_axis',(0.,-1.17432597037615E-16,-1.));
#2631=DIRECTION('',(0.,-1.17432597037615E-16,-1.));
#2632=DIRECTION('',(-1.,0.,0.));
#2633=DIRECTION('',(0.707106781186547,8.30373856976452E-17,0.707106781186548));
#2634=DIRECTION('',(0.,-1.34142134990007E-16,1.));
#2635=DIRECTION('',(0.707106781186547,-8.30373856976452E-17,-0.707106781186548));
#2636=DIRECTION('center_axis',(1.,0.,0.));
#2637=DIRECTION('ref_axis',(0.,0.,-1.));
#2638=DIRECTION('center_axis',(1.,0.,0.));
#2639=DIRECTION('ref_axis',(0.,0.,-1.));
#2640=DIRECTION('',(1.,0.,0.));
#2641=DIRECTION('center_axis',(1.,0.,0.));
#2642=DIRECTION('ref_axis',(0.,0.,-1.));
#2643=DIRECTION('center_axis',(1.,0.,0.));
#2644=DIRECTION('ref_axis',(0.,0.,-1.));
#2645=DIRECTION('',(1.,0.,0.));
#2646=DIRECTION('center_axis',(1.,0.,0.));
#2647=DIRECTION('ref_axis',(0.,0.,-1.));
#2648=DIRECTION('center_axis',(1.,0.,0.));
#2649=DIRECTION('ref_axis',(0.,0.,-1.));
#2650=DIRECTION('',(1.,0.,0.));
#2651=DIRECTION('center_axis',(1.,0.,0.));
#2652=DIRECTION('ref_axis',(0.,0.,-1.));
#2653=DIRECTION('',(1.,0.,0.));
#2654=DIRECTION('center_axis',(1.,0.,0.));
#2655=DIRECTION('ref_axis',(0.,0.,-1.));
#2656=DIRECTION('center_axis',(1.,0.,0.));
#2657=DIRECTION('ref_axis',(0.,0.,-1.));
#2658=DIRECTION('',(1.,0.,0.));
#2659=DIRECTION('center_axis',(1.,0.,0.));
#2660=DIRECTION('ref_axis',(0.,0.,-1.));
#2661=DIRECTION('center_axis',(1.,0.,0.));
#2662=DIRECTION('ref_axis',(0.,0.,-1.));
#2663=DIRECTION('',(1.,0.,0.));
#2664=DIRECTION('center_axis',(1.,0.,0.));
#2665=DIRECTION('ref_axis',(0.,0.,-1.));
#2666=DIRECTION('center_axis',(1.,0.,0.));
#2667=DIRECTION('ref_axis',(0.,1.,0.));
#2668=DIRECTION('center_axis',(1.,0.,0.));
#2669=DIRECTION('ref_axis',(0.,0.,-1.));
#2670=DIRECTION('center_axis',(-1.,0.,0.));
#2671=DIRECTION('ref_axis',(0.,0.,1.));
#2672=DIRECTION('center_axis',(-1.,0.,0.));
#2673=DIRECTION('ref_axis',(0.,0.,1.));
#2674=DIRECTION('',(-1.,0.,0.));
#2675=DIRECTION('center_axis',(-1.,0.,0.));
#2676=DIRECTION('ref_axis',(0.,0.,1.));
#2677=DIRECTION('center_axis',(1.,0.,0.));
#2678=DIRECTION('ref_axis',(0.,0.707106781186548,0.707106781186547));
#2679=DIRECTION('center_axis',(1.,0.,0.));
#2680=DIRECTION('ref_axis',(0.,0.,-1.));
#2681=DIRECTION('center_axis',(1.,0.,0.));
#2682=DIRECTION('ref_axis',(0.,1.,0.));
#2683=DIRECTION('center_axis',(-1.,0.,0.));
#2684=DIRECTION('ref_axis',(0.,0.,1.));
#2685=DIRECTION('center_axis',(1.,0.,0.));
#2686=DIRECTION('ref_axis',(0.,0.,-1.));
#2687=DIRECTION('',(-1.,0.,0.));
#2688=DIRECTION('center_axis',(1.,0.,0.));
#2689=DIRECTION('ref_axis',(0.,1.,0.));
#2690=DIRECTION('center_axis',(-1.,0.,0.));
#2691=DIRECTION('ref_axis',(0.,0.,1.));
#2692=DIRECTION('center_axis',(1.,0.,0.));
#2693=DIRECTION('ref_axis',(0.,0.,-1.));
#2694=DIRECTION('',(-1.,0.,0.));
#2695=DIRECTION('center_axis',(1.,0.,0.));
#2696=DIRECTION('ref_axis',(0.,1.,0.));
#2697=DIRECTION('center_axis',(-1.,0.,0.));
#2698=DIRECTION('ref_axis',(0.,0.,1.));
#2699=DIRECTION('center_axis',(1.,0.,0.));
#2700=DIRECTION('ref_axis',(0.,0.,-1.));
#2701=DIRECTION('',(-1.,0.,0.));
#2702=DIRECTION('center_axis',(1.,0.,0.));
#2703=DIRECTION('ref_axis',(0.,1.,0.));
#2704=DIRECTION('center_axis',(-1.,0.,0.));
#2705=DIRECTION('ref_axis',(0.,0.,1.));
#2706=DIRECTION('center_axis',(1.,0.,0.));
#2707=DIRECTION('ref_axis',(0.,0.,-1.));
#2708=DIRECTION('',(-1.,0.,0.));
#2709=DIRECTION('center_axis',(1.,0.,0.));
#2710=DIRECTION('ref_axis',(0.,1.,0.));
#2711=DIRECTION('center_axis',(-1.,0.,0.));
#2712=DIRECTION('ref_axis',(0.,0.,1.));
#2713=DIRECTION('center_axis',(1.,0.,0.));
#2714=DIRECTION('ref_axis',(0.,0.,-1.));
#2715=DIRECTION('',(-1.,0.,0.));
#2716=DIRECTION('center_axis',(1.,0.,0.));
#2717=DIRECTION('ref_axis',(0.,1.,0.));
#2718=DIRECTION('center_axis',(-1.,0.,0.));
#2719=DIRECTION('ref_axis',(0.,0.,1.));
#2720=DIRECTION('center_axis',(1.,0.,0.));
#2721=DIRECTION('ref_axis',(0.,0.,-1.));
#2722=DIRECTION('',(-1.,0.,0.));
#2723=DIRECTION('center_axis',(1.,0.,0.));
#2724=DIRECTION('ref_axis',(0.,1.,0.));
#2725=DIRECTION('center_axis',(-1.,0.,0.));
#2726=DIRECTION('ref_axis',(0.,0.,1.));
#2727=DIRECTION('center_axis',(1.,0.,0.));
#2728=DIRECTION('ref_axis',(0.,0.,-1.));
#2729=DIRECTION('',(-1.,0.,0.));
#2730=DIRECTION('center_axis',(1.,0.,0.));
#2731=DIRECTION('ref_axis',(0.,1.,0.));
#2732=DIRECTION('center_axis',(-1.,0.,0.));
#2733=DIRECTION('ref_axis',(0.,0.,1.));
#2734=DIRECTION('center_axis',(1.,0.,0.));
#2735=DIRECTION('ref_axis',(0.,0.,-1.));
#2736=DIRECTION('',(-1.,0.,0.));
#2737=DIRECTION('center_axis',(1.,0.,0.));
#2738=DIRECTION('ref_axis',(0.,1.,0.));
#2739=DIRECTION('center_axis',(1.,0.,0.));
#2740=DIRECTION('ref_axis',(0.,-1.,0.));
#2741=DIRECTION('center_axis',(-1.,0.,0.));
#2742=DIRECTION('ref_axis',(0.,0.,1.));
#2743=DIRECTION('',(0.,-0.707106781186548,-0.707106781186548));
#2744=DIRECTION('center_axis',(-1.,0.,0.));
#2745=DIRECTION('ref_axis',(0.,0.,1.));
#2746=DIRECTION('center_axis',(-1.,0.,0.));
#2747=DIRECTION('ref_axis',(0.,0.,1.));
#2748=DIRECTION('center_axis',(-1.,0.,0.));
#2749=DIRECTION('ref_axis',(0.,0.,1.));
#2750=DIRECTION('center_axis',(-1.,0.,0.));
#2751=DIRECTION('ref_axis',(0.,0.,1.));
#2752=DIRECTION('center_axis',(-1.,0.,0.));
#2753=DIRECTION('ref_axis',(0.,0.,1.));
#2754=DIRECTION('center_axis',(-1.,0.,0.));
#2755=DIRECTION('ref_axis',(0.,0.,1.));
#2756=DIRECTION('center_axis',(0.,-0.707106781186548,-0.707106781186548));
#2757=DIRECTION('ref_axis',(0.,0.707106781186547,-0.707106781186547));
#2758=DIRECTION('',(0.,-0.707106781186548,0.707106781186548));
#2759=DIRECTION('',(-1.,0.,0.));
#2760=DIRECTION('center_axis',(-1.,0.,0.));
#2761=DIRECTION('ref_axis',(0.,0.,-1.));
#2762=DIRECTION('center_axis',(1.,0.,0.));
#2763=DIRECTION('ref_axis',(0.,0.,-1.));
#2764=DIRECTION('',(-1.,0.,0.));
#2765=DIRECTION('center_axis',(-1.,0.,0.));
#2766=DIRECTION('ref_axis',(0.,0.,1.));
#2767=DIRECTION('center_axis',(-1.,0.,0.));
#2768=DIRECTION('ref_axis',(0.,0.,-1.));
#2769=DIRECTION('center_axis',(1.,0.,0.));
#2770=DIRECTION('ref_axis',(0.,0.,-1.));
#2771=DIRECTION('',(-1.,0.,0.));
#2772=DIRECTION('center_axis',(-1.,0.,0.));
#2773=DIRECTION('ref_axis',(0.,0.,1.));
#2774=DIRECTION('center_axis',(-1.,0.,0.));
#2775=DIRECTION('ref_axis',(0.,0.,-1.));
#2776=DIRECTION('center_axis',(1.,0.,0.));
#2777=DIRECTION('ref_axis',(0.,0.,-1.));
#2778=DIRECTION('',(-1.,0.,0.));
#2779=DIRECTION('center_axis',(-1.,0.,0.));
#2780=DIRECTION('ref_axis',(0.,0.,1.));
#2781=DIRECTION('center_axis',(-1.,0.,0.));
#2782=DIRECTION('ref_axis',(0.,0.,-1.));
#2783=DIRECTION('center_axis',(1.,0.,0.));
#2784=DIRECTION('ref_axis',(0.,0.,-1.));
#2785=DIRECTION('',(-1.,0.,0.));
#2786=DIRECTION('center_axis',(-1.,0.,0.));
#2787=DIRECTION('ref_axis',(0.,0.,1.));
#2788=DIRECTION('center_axis',(-1.,0.,0.));
#2789=DIRECTION('ref_axis',(0.,0.,-1.));
#2790=DIRECTION('',(-1.,0.,0.));
#2791=DIRECTION('center_axis',(-1.,0.,0.));
#2792=DIRECTION('ref_axis',(0.,0.,1.));
#2793=DIRECTION('center_axis',(-1.,0.,0.));
#2794=DIRECTION('ref_axis',(0.,0.,-1.));
#2795=DIRECTION('',(-1.,0.,0.));
#2796=DIRECTION('center_axis',(0.,-0.707106781186548,0.707106781186548));
#2797=DIRECTION('ref_axis',(0.,-0.707106781186547,-0.707106781186547));
#2798=DIRECTION('',(-1.,0.,0.));
#2799=DIRECTION('center_axis',(-1.,0.,0.));
#2800=DIRECTION('ref_axis',(0.,-0.382683432365093,0.923879532511286));
#2801=DIRECTION('center_axis',(1.,0.,0.));
#2802=DIRECTION('ref_axis',(0.,0.,1.));
#2803=DIRECTION('center_axis',(-1.,0.,0.));
#2804=DIRECTION('ref_axis',(0.,0.,-1.));
#2805=DIRECTION('center_axis',(-1.,0.,0.));
#2806=DIRECTION('ref_axis',(0.,0.,-1.));
#2807=DIRECTION('center_axis',(1.,0.,0.));
#2808=DIRECTION('ref_axis',(0.,0.,-1.));
#2809=DIRECTION('',(-1.,0.,0.));
#2810=DIRECTION('center_axis',(-1.,0.,0.));
#2811=DIRECTION('ref_axis',(0.,0.,-1.));
#2812=DIRECTION('center_axis',(1.,0.,0.));
#2813=DIRECTION('ref_axis',(0.,0.,-1.));
#2814=DIRECTION('',(-1.,0.,0.));
#2815=DIRECTION('center_axis',(-1.,0.,0.));
#2816=DIRECTION('ref_axis',(0.,0.,-1.));
#2817=DIRECTION('center_axis',(1.,0.,0.));
#2818=DIRECTION('ref_axis',(0.,0.,-1.));
#2819=DIRECTION('',(-1.,0.,0.));
#2820=DIRECTION('center_axis',(-1.,0.,0.));
#2821=DIRECTION('ref_axis',(0.,0.,-1.));
#2822=DIRECTION('',(-1.,0.,0.));
#2823=DIRECTION('center_axis',(-1.,0.,0.));
#2824=DIRECTION('ref_axis',(0.,0.,-1.));
#2825=DIRECTION('center_axis',(1.,0.,0.));
#2826=DIRECTION('ref_axis',(0.,0.,-1.));
#2827=DIRECTION('',(-1.,0.,0.));
#2828=DIRECTION('center_axis',(-1.,0.,0.));
#2829=DIRECTION('ref_axis',(0.,1.,0.));
#2830=DIRECTION('center_axis',(1.,0.,0.));
#2831=DIRECTION('ref_axis',(0.,0.,-1.));
#2832=DIRECTION('center_axis',(-1.,0.,0.));
#2833=DIRECTION('ref_axis',(0.,0.707106781186548,0.707106781186547));
#2834=DIRECTION('center_axis',(-1.,0.,0.));
#2835=DIRECTION('ref_axis',(0.,0.,-1.));
#2836=DIRECTION('center_axis',(-1.,0.,0.));
#2837=DIRECTION('ref_axis',(0.,1.,0.));
#2838=DIRECTION('center_axis',(-1.,0.,0.));
#2839=DIRECTION('ref_axis',(0.,1.,0.));
#2840=DIRECTION('center_axis',(1.,0.,0.));
#2841=DIRECTION('ref_axis',(0.,0.,-1.));
#2842=DIRECTION('center_axis',(1.,0.,0.));
#2843=DIRECTION('ref_axis',(0.,0.,1.));
#2844=DIRECTION('',(1.,0.,0.));
#2845=DIRECTION('center_axis',(-1.,0.,0.));
#2846=DIRECTION('ref_axis',(0.,1.,0.));
#2847=DIRECTION('center_axis',(1.,0.,0.));
#2848=DIRECTION('ref_axis',(0.,0.,-1.));
#2849=DIRECTION('center_axis',(1.,0.,0.));
#2850=DIRECTION('ref_axis',(0.,0.,1.));
#2851=DIRECTION('',(1.,0.,0.));
#2852=DIRECTION('center_axis',(-1.,0.,0.));
#2853=DIRECTION('ref_axis',(0.,1.,0.));
#2854=DIRECTION('center_axis',(1.,0.,0.));
#2855=DIRECTION('ref_axis',(0.,0.,-1.));
#2856=DIRECTION('center_axis',(1.,0.,0.));
#2857=DIRECTION('ref_axis',(0.,0.,1.));
#2858=DIRECTION('',(1.,0.,0.));
#2859=DIRECTION('center_axis',(-1.,0.,0.));
#2860=DIRECTION('ref_axis',(0.,1.,0.));
#2861=DIRECTION('center_axis',(1.,0.,0.));
#2862=DIRECTION('ref_axis',(0.,0.,-1.));
#2863=DIRECTION('center_axis',(1.,0.,0.));
#2864=DIRECTION('ref_axis',(0.,0.,1.));
#2865=DIRECTION('',(1.,0.,0.));
#2866=DIRECTION('center_axis',(-1.,0.,0.));
#2867=DIRECTION('ref_axis',(0.,1.,0.));
#2868=DIRECTION('center_axis',(1.,0.,0.));
#2869=DIRECTION('ref_axis',(0.,0.,-1.));
#2870=DIRECTION('center_axis',(1.,0.,0.));
#2871=DIRECTION('ref_axis',(0.,0.,1.));
#2872=DIRECTION('',(1.,0.,0.));
#2873=DIRECTION('center_axis',(-1.,0.,0.));
#2874=DIRECTION('ref_axis',(0.,1.,0.));
#2875=DIRECTION('center_axis',(1.,0.,0.));
#2876=DIRECTION('ref_axis',(0.,0.,-1.));
#2877=DIRECTION('center_axis',(1.,0.,0.));
#2878=DIRECTION('ref_axis',(0.,0.,1.));
#2879=DIRECTION('',(1.,0.,0.));
#2880=DIRECTION('center_axis',(-1.,0.,0.));
#2881=DIRECTION('ref_axis',(0.,1.,0.));
#2882=DIRECTION('center_axis',(1.,0.,0.));
#2883=DIRECTION('ref_axis',(0.,0.,-1.));
#2884=DIRECTION('center_axis',(1.,0.,0.));
#2885=DIRECTION('ref_axis',(0.,0.,1.));
#2886=DIRECTION('',(1.,0.,0.));
#2887=DIRECTION('center_axis',(-1.,0.,0.));
#2888=DIRECTION('ref_axis',(0.,1.,0.));
#2889=DIRECTION('center_axis',(1.,0.,0.));
#2890=DIRECTION('ref_axis',(0.,0.,-1.));
#2891=DIRECTION('center_axis',(1.,0.,0.));
#2892=DIRECTION('ref_axis',(0.,0.,1.));
#2893=DIRECTION('',(1.,0.,0.));
#2894=DIRECTION('center_axis',(1.,0.,0.));
#2895=DIRECTION('ref_axis',(0.,0.,-1.));
#2896=DIRECTION('center_axis',(1.,0.,0.));
#2897=DIRECTION('ref_axis',(0.,0.,-1.));
#2898=DIRECTION('center_axis',(0.,1.,0.));
#2899=DIRECTION('ref_axis',(0.,0.,1.));
#2900=DIRECTION('',(0.707106781186547,0.,0.707106781186548));
#2901=DIRECTION('center_axis',(0.,1.,0.));
#2902=DIRECTION('ref_axis',(0.,0.,1.));
#2903=DIRECTION('',(0.,0.,-1.));
#2904=DIRECTION('center_axis',(0.,1.,0.));
#2905=DIRECTION('ref_axis',(0.,0.,1.));
#2906=DIRECTION('',(0.707106781186547,0.,-0.707106781186548));
#2907=DIRECTION('center_axis',(0.,1.,0.));
#2908=DIRECTION('ref_axis',(0.,0.,1.));
#2909=DIRECTION('',(-0.707106781186547,0.,0.707106781186548));
#2910=DIRECTION('',(0.,0.,-1.));
#2911=DIRECTION('',(-0.707106781186547,0.,-0.707106781186548));
#2912=DIRECTION('center_axis',(1.,0.,0.));
#2913=DIRECTION('ref_axis',(0.,1.,0.));
#2914=DIRECTION('',(0.,0.,-1.));
#2915=DIRECTION('',(0.,-1.,0.));
#2916=DIRECTION('',(0.,-1.,0.));
#2917=DIRECTION('center_axis',(0.,1.,0.));
#2918=DIRECTION('ref_axis',(0.,0.,1.));
#2919=DIRECTION('',(0.707106781186547,0.,-0.707106781186548));
#2920=DIRECTION('center_axis',(0.,1.,0.));
#2921=DIRECTION('ref_axis',(0.,0.,1.));
#2922=DIRECTION('center_axis',(0.,1.,0.));
#2923=DIRECTION('ref_axis',(0.,0.,1.));
#2924=DIRECTION('',(0.707106781186547,0.,0.707106781186548));
#2925=DIRECTION('',(0.,0.,-1.));
#2926=DIRECTION('center_axis',(1.,0.,0.));
#2927=DIRECTION('ref_axis',(0.,1.,0.));
#2928=DIRECTION('',(0.,-1.,0.));
#2929=DIRECTION('',(0.,0.,1.));
#2930=DIRECTION('',(0.,-1.,0.));
#2931=DIRECTION('center_axis',(-0.707106781186548,-0.707106781186548,0.));
#2932=DIRECTION('ref_axis',(0.,0.,-1.));
#2933=DIRECTION('',(0.577350269189626,-0.577350269189626,-0.577350269189626));
#2934=DIRECTION('',(0.577350269189626,-0.577350269189626,0.577350269189626));
#2935=DIRECTION('center_axis',(0.,1.,0.));
#2936=DIRECTION('ref_axis',(0.,0.,1.));
#2937=DIRECTION('',(-0.707106781186547,0.,0.707106781186548));
#2938=DIRECTION('center_axis',(0.,1.,0.));
#2939=DIRECTION('ref_axis',(0.,0.,1.));
#2940=DIRECTION('',(0.,0.,-1.));
#2941=DIRECTION('center_axis',(0.,1.,0.));
#2942=DIRECTION('ref_axis',(0.,0.,1.));
#2943=DIRECTION('',(-0.707106781186547,0.,-0.707106781186548));
#2944=DIRECTION('center_axis',(0.,1.,0.));
#2945=DIRECTION('ref_axis',(0.,0.,1.));
#2946=DIRECTION('',(0.,0.,-1.));
#2947=DIRECTION('center_axis',(0.,1.,0.));
#2948=DIRECTION('ref_axis',(0.,0.,1.));
#2949=DIRECTION('',(-0.707106781186547,0.,0.707106781186548));
#2950=DIRECTION('',(0.,0.,-1.));
#2951=DIRECTION('',(-0.707106781186547,0.,-0.707106781186548));
#2952=DIRECTION('center_axis',(0.,1.,0.));
#2953=DIRECTION('ref_axis',(0.,0.,1.));
#2954=DIRECTION('center_axis',(1.,0.,0.));
#2955=DIRECTION('ref_axis',(0.,1.,0.));
#2956=DIRECTION('',(0.,1.,0.));
#2957=DIRECTION('',(0.,1.34142134990007E-16,-1.));
#2958=DIRECTION('',(0.,1.,0.));
#2959=DIRECTION('center_axis',(1.,0.,0.));
#2960=DIRECTION('ref_axis',(0.,1.,0.));
#2961=DIRECTION('',(0.,-1.,0.));
#2962=DIRECTION('',(0.,-1.,0.));
#2963=DIRECTION('center_axis',(0.707106781186548,-0.707106781186547,-9.48528132942751E-17));
#2964=DIRECTION('ref_axis',(-1.23259516440783E-32,-1.34142134990007E-16,
1.));
#2965=DIRECTION('',(0.577350269189625,0.577350269189626,-0.577350269189626));
#2966=DIRECTION('',(0.577350269189625,0.577350269189626,0.577350269189626));
#2967=DIRECTION('center_axis',(-0.707106781186548,0.,0.707106781186547));
#2968=DIRECTION('ref_axis',(0.,1.,0.));
#2969=DIRECTION('',(0.,-1.,0.));
#2970=DIRECTION('center_axis',(0.707106781186548,0.,0.707106781186547));
#2971=DIRECTION('ref_axis',(0.,-1.,0.));
#2972=DIRECTION('',(0.,1.,0.));
#2973=DIRECTION('center_axis',(-0.707106781186548,0.,0.707106781186547));
#2974=DIRECTION('ref_axis',(0.,1.,0.));
#2975=DIRECTION('',(0.,-1.,0.));
#2976=DIRECTION('center_axis',(0.707106781186548,0.,0.707106781186547));
#2977=DIRECTION('ref_axis',(0.,-1.,0.));
#2978=DIRECTION('',(0.,1.,0.));
#2979=DIRECTION('center_axis',(0.,-1.,0.));
#2980=DIRECTION('ref_axis',(-0.382683432365159,0.,0.923879532511258));
#2981=DIRECTION('center_axis',(0.,-1.,0.));
#2982=DIRECTION('ref_axis',(-0.382683432365159,0.,0.923879532511258));
#2983=DIRECTION('center_axis',(0.,-1.,0.));
#2984=DIRECTION('ref_axis',(0.,0.,-1.));
#2985=DIRECTION('center_axis',(0.,-1.,0.));
#2986=DIRECTION('ref_axis',(0.,0.,-1.));
#2987=CARTESIAN_POINT('',(0.,0.,0.));
#2988=CARTESIAN_POINT('Origin',(-18.5,4.,98.4409799680306));
#2989=CARTESIAN_POINT('',(-16.,9.,98.4409799680306));
#2990=CARTESIAN_POINT('',(-16.,7.53553390593281,101.976513873963));
#2991=CARTESIAN_POINT('Origin',(-16.,4.,98.4409799680306));
#2992=CARTESIAN_POINT('',(-18.5,7.53553390593281,101.976513873963));
#2993=CARTESIAN_POINT('',(-18.5,7.53553390593281,101.976513873963));
#2994=CARTESIAN_POINT('',(-18.5,9.,98.4409799680306));
#2995=CARTESIAN_POINT('Origin',(-18.5,4.,98.4409799680306));
#2996=CARTESIAN_POINT('',(-18.5,9.,98.4409799680306));
#2997=CARTESIAN_POINT('Origin',(-18.5,-4.53553390593282,114.047581685829));
#2998=CARTESIAN_POINT('',(-16.,-4.53553390593283,114.047581685829));
#2999=CARTESIAN_POINT('',(-16.,-3.66789321881347,113.17994099871));
#3000=CARTESIAN_POINT('',(-18.5,-4.53553390593283,114.047581685829));
#3001=CARTESIAN_POINT('',(-18.5,-4.53553390593283,114.047581685829));
#3002=CARTESIAN_POINT('',(-18.5,3.09987373415294,106.412174045743));
#3003=CARTESIAN_POINT('Origin',(0.,4.,98.4409799680306));
#3004=CARTESIAN_POINT('',(18.5,8.55089860562229,100.512047779896));
#3005=CARTESIAN_POINT('',(18.5,7.5355339059328,101.976513873963));
#3006=CARTESIAN_POINT('Origin',(18.5,4.,98.4409799680306));
#3007=CARTESIAN_POINT('',(16.,7.53553390593281,101.976513873963));
#3008=CARTESIAN_POINT('',(0.,7.5355339059328,101.976513873963));
#3009=CARTESIAN_POINT('',(16.,9.,98.4409799680306));
#3010=CARTESIAN_POINT('Origin',(16.,4.,98.4409799680306));
#3011=CARTESIAN_POINT('',(20.5710678118654,9.,98.4409799680306));
#3012=CARTESIAN_POINT('',(0.,9.,98.4409799680306));
#3013=CARTESIAN_POINT('Origin',(20.5710678118654,4.,98.4409799680306));
#3014=CARTESIAN_POINT('Origin',(18.5,9.,100.512047779896));
#3015=CARTESIAN_POINT('',(18.5,-4.53553390593283,114.047581685829));
#3016=CARTESIAN_POINT('',(18.5,9.,100.512047779896));
#3017=CARTESIAN_POINT('',(16.,-4.53553390593283,114.047581685829));
#3018=CARTESIAN_POINT('',(18.5,-4.53553390593283,114.047581685829));
#3019=CARTESIAN_POINT('',(16.,3.09987373415294,106.412174045743));
#3020=CARTESIAN_POINT('Origin',(-18.5,22.,105.896823527005));
#3021=CARTESIAN_POINT('',(-18.5,27.,105.896823527005));
#3022=CARTESIAN_POINT('',(-18.5,25.5355338813471,109.432357457524));
#3023=CARTESIAN_POINT('Origin',(-18.5,22.,105.896823527005));
#3024=CARTESIAN_POINT('',(-16.,25.5355338813471,109.432357457524));
#3025=CARTESIAN_POINT('',(-18.5,25.5355338813471,109.432357457524));
#3026=CARTESIAN_POINT('',(-16.,27.,105.896823527005));
#3027=CARTESIAN_POINT('Origin',(-16.,22.,105.896823527005));
#3028=CARTESIAN_POINT('',(-18.5,27.,105.896823527005));
#3029=CARTESIAN_POINT('Origin',(-18.5,-5.10461384057998,101.713057906673));
#3030=CARTESIAN_POINT('',(-18.5,27.,79.0562036571803));
#3031=CARTESIAN_POINT('',(-18.5,27.,99.2130579066727));
#3032=CARTESIAN_POINT('',(-18.5,25.5355339059328,75.5206697512476));
#3033=CARTESIAN_POINT('Origin',(-18.5,22.,79.0562036571803));
#3034=CARTESIAN_POINT('',(-18.5,14.3639610306789,64.3490968759938));
#3035=CARTESIAN_POINT('',(-18.5,20.6819805153395,70.6671163606543));
#3036=CARTESIAN_POINT('',(-18.5,1.63603896932107,77.0770189373516));
#3037=CARTESIAN_POINT('Origin',(-18.5,8.,70.7130579066727));
#3038=CARTESIAN_POINT('',(-18.5,7.53553390593275,82.9765138739633));
#3039=CARTESIAN_POINT('',(-18.5,5.31801948466055,80.7589994526911));
#3040=CARTESIAN_POINT('',(-18.5,9.,86.5120477798961));
#3041=CARTESIAN_POINT('Origin',(-18.5,4.,86.5120477798961));
#3042=CARTESIAN_POINT('',(-18.5,9.,99.2130579066727));
#3043=CARTESIAN_POINT('',(-18.5,-6.00000000000004,117.583115591762));
#3044=CARTESIAN_POINT('Origin',(-18.5,-0.999999999999951,117.583115591762));
#3045=CARTESIAN_POINT('',(-18.5,-6.00000000000004,132.713057906673));
#3046=CARTESIAN_POINT('',(-18.5,-6.00000000000004,117.097834217523));
#3047=CARTESIAN_POINT('',(-18.5,12.,132.713057906673));
#3048=CARTESIAN_POINT('Origin',(-18.5,3.,132.713057906673));
#3049=CARTESIAN_POINT('',(-18.5,12.,125.038958982855));
#3050=CARTESIAN_POINT('',(-18.5,12.,117.213057906673));
#3051=CARTESIAN_POINT('',(-18.5,13.464466118653,121.503425052336));
#3052=CARTESIAN_POINT('Origin',(-18.5,17.,125.038958982855));
#3053=CARTESIAN_POINT('',(-18.5,13.7697878506971,121.198103324539));
#3054=CARTESIAN_POINT('',(-18.5,2.,68.7130579066727));
#3055=CARTESIAN_POINT('Origin',(-18.5,2.,70.7130579066727));
#3056=CARTESIAN_POINT('',(-18.5,8.,62.7130579066727));
#3057=CARTESIAN_POINT('Origin',(-18.5,8.,64.7130579066727));
#3058=CARTESIAN_POINT('',(-18.5,14.,68.7130579066727));
#3059=CARTESIAN_POINT('Origin',(-18.5,14.,70.7130579066727));
#3060=CARTESIAN_POINT('',(-18.5,-3.,130.713057906673));
#3061=CARTESIAN_POINT('Origin',(-18.5,-3.,132.713057906673));
#3062=CARTESIAN_POINT('',(-18.5,3.,136.713057906673));
#3063=CARTESIAN_POINT('Origin',(-18.5,3.,138.713057906673));
#3064=CARTESIAN_POINT('',(-18.5,9.,130.713057906673));
#3065=CARTESIAN_POINT('Origin',(-18.5,9.,132.713057906673));
#3066=CARTESIAN_POINT('',(-18.5,3.,124.713057906673));
#3067=CARTESIAN_POINT('Origin',(-18.5,3.,126.713057906673));
#3068=CARTESIAN_POINT('',(-18.5,8.,74.7130579066727));
#3069=CARTESIAN_POINT('Origin',(-18.5,8.,76.7130579066727));
#3070=CARTESIAN_POINT('',(-18.5,8.,73.7130579066727));
#3071=CARTESIAN_POINT('Origin',(-18.5,8.,70.7130579066727));
#3072=CARTESIAN_POINT('',(-18.5,3.,135.713057906673));
#3073=CARTESIAN_POINT('Origin',(-18.5,3.,132.713057906673));
#3074=CARTESIAN_POINT('Origin',(-18.5,27.,99.2130579066727));
#3075=CARTESIAN_POINT('',(-16.,27.,94.0575279012518));
#3076=CARTESIAN_POINT('',(-16.,27.,99.2130579066727));
#3077=CARTESIAN_POINT('',(-13.5,27.,91.1438385250197));
#3078=CARTESIAN_POINT('Ctrl Pts',(-16.0000000000005,27.,94.0575279012527));
#3079=CARTESIAN_POINT('Ctrl Pts',(-14.795398854445,27.,92.6396362796634));
#3080=CARTESIAN_POINT('Ctrl Pts',(-13.4999999999999,27.,91.1438385250198));
#3081=CARTESIAN_POINT('',(13.5,27.,91.1438385250197));
#3082=CARTESIAN_POINT('',(-16.,27.,91.1438385250197));
#3083=CARTESIAN_POINT('',(16.,27.,94.0575279012518));
#3084=CARTESIAN_POINT('Ctrl Pts',(16.0000000000005,27.,94.0575279012526));
#3085=CARTESIAN_POINT('Ctrl Pts',(14.7953988544449,27.,92.6396362796634));
#3086=CARTESIAN_POINT('Ctrl Pts',(13.4999999999999,27.,91.1438385250198));
#3087=CARTESIAN_POINT('',(16.,27.,105.896823527005));
#3088=CARTESIAN_POINT('',(16.,27.,99.2130579066727));
#3089=CARTESIAN_POINT('',(18.5,27.,105.896823527005));
#3090=CARTESIAN_POINT('',(0.,27.,105.896823527005));
#3091=CARTESIAN_POINT('',(18.5,27.,79.0562036571803));
#3092=CARTESIAN_POINT('',(18.5,27.,99.2130579066727));
#3093=CARTESIAN_POINT('',(-18.5,27.,79.0562036571803));
#3094=CARTESIAN_POINT('Origin',(0.,22.,105.896823527005));
#3095=CARTESIAN_POINT('',(18.5,25.5355338813471,109.432357457524));
#3096=CARTESIAN_POINT('Origin',(18.5,22.,105.896823527005));
#3097=CARTESIAN_POINT('',(16.,25.5355338813471,109.432357457524));
#3098=CARTESIAN_POINT('Origin',(16.,22.,105.896823527005));
#3099=CARTESIAN_POINT('',(0.,25.5355338813471,109.432357457524));
#3100=CARTESIAN_POINT('Origin',(18.5,-5.10461384057998,101.713057906673));
#3101=CARTESIAN_POINT('',(18.5,13.464466118653,121.503425052336));
#3102=CARTESIAN_POINT('',(18.5,20.5375547913706,114.43033647799));
#3103=CARTESIAN_POINT('',(18.5,12.,125.038958982855));
#3104=CARTESIAN_POINT('Origin',(18.5,17.,125.038958982855));
#3105=CARTESIAN_POINT('',(18.5,12.,132.713057906673));
#3106=CARTESIAN_POINT('',(18.5,12.,113.376008444764));
#3107=CARTESIAN_POINT('',(18.5,-6.00000000000004,132.713057906673));
#3108=CARTESIAN_POINT('Origin',(18.5,3.,132.713057906673));
#3109=CARTESIAN_POINT('',(18.5,-6.00000000000004,117.583115591762));
#3110=CARTESIAN_POINT('',(18.5,-6.00000000000004,117.583115591762));
#3111=CARTESIAN_POINT('Origin',(18.5,-0.999999999999951,117.583115591762));
#3112=CARTESIAN_POINT('',(18.5,11.,100.512047779896));
#3113=CARTESIAN_POINT('',(18.5,11.,100.512047779896));
#3114=CARTESIAN_POINT('',(18.5,11.,88.5120477798961));
#3115=CARTESIAN_POINT('',(18.5,11.,94.5120477798961));
#3116=CARTESIAN_POINT('',(18.5,9.,88.5120477798961));
#3117=CARTESIAN_POINT('',(18.5,-5.10461384057998,88.5120477798961));
#3118=CARTESIAN_POINT('',(18.5,9.,86.5120477798961));
#3119=CARTESIAN_POINT('',(18.5,9.,99.2130579066727));
#3120=CARTESIAN_POINT('',(18.5,7.53553390593275,82.9765138739633));
#3121=CARTESIAN_POINT('Origin',(18.5,4.,86.5120477798961));
#3122=CARTESIAN_POINT('',(18.5,1.63603896932107,77.0770189373516));
#3123=CARTESIAN_POINT('',(18.5,5.31801948466055,80.7589994526911));
#3124=CARTESIAN_POINT('',(18.5,14.3639610306789,64.3490968759938));
#3125=CARTESIAN_POINT('Origin',(18.5,8.,70.7130579066727));
#3126=CARTESIAN_POINT('',(18.5,25.5355339059328,75.5206697512476));
#3127=CARTESIAN_POINT('',(18.5,20.6819805153395,70.6671163606543));
#3128=CARTESIAN_POINT('Origin',(18.5,22.,79.0562036571803));
#3129=CARTESIAN_POINT('',(18.5,2.,68.7130579066727));
#3130=CARTESIAN_POINT('Origin',(18.5,2.,70.7130579066727));
#3131=CARTESIAN_POINT('',(18.5,8.,62.7130579066727));
#3132=CARTESIAN_POINT('Origin',(18.5,8.,64.7130579066727));
#3133=CARTESIAN_POINT('',(18.5,14.,68.7130579066727));
#3134=CARTESIAN_POINT('Origin',(18.5,14.,70.7130579066727));
#3135=CARTESIAN_POINT('',(18.5,-3.,130.713057906673));
#3136=CARTESIAN_POINT('Origin',(18.5,-3.,132.713057906673));
#3137=CARTESIAN_POINT('',(18.5,3.,136.713057906673));
#3138=CARTESIAN_POINT('Origin',(18.5,3.,138.713057906673));
#3139=CARTESIAN_POINT('',(18.5,9.,130.713057906673));
#3140=CARTESIAN_POINT('Origin',(18.5,9.,132.713057906673));
#3141=CARTESIAN_POINT('',(18.5,3.,124.713057906673));
#3142=CARTESIAN_POINT('Origin',(18.5,3.,126.713057906673));
#3143=CARTESIAN_POINT('',(18.5,8.,74.7130579066727));
#3144=CARTESIAN_POINT('Origin',(18.5,8.,76.7130579066727));
#3145=CARTESIAN_POINT('',(18.5,8.,73.7130579066727));
#3146=CARTESIAN_POINT('Origin',(18.5,8.,70.7130579066727));
#3147=CARTESIAN_POINT('',(18.5,3.,135.713057906673));
#3148=CARTESIAN_POINT('Origin',(18.5,3.,132.713057906673));
#3149=CARTESIAN_POINT('',(18.5,18.,100.512047779896));
#3150=CARTESIAN_POINT('',(18.5,18.,88.5120477798961));
#3151=CARTESIAN_POINT('',(18.5,18.,94.5120477798961));
#3152=CARTESIAN_POINT('',(18.5,16.,88.5120477798961));
#3153=CARTESIAN_POINT('',(18.5,-5.10461384057998,88.5120477798961));
#3154=CARTESIAN_POINT('',(18.5,16.,100.512047779896));
#3155=CARTESIAN_POINT('',(18.5,16.,94.5120477798961));
#3156=CARTESIAN_POINT('',(18.5,18.,100.512047779896));
#3157=CARTESIAN_POINT('Origin',(18.5,27.,107.967891359238));
#3158=CARTESIAN_POINT('',(16.,13.464466118653,121.503425052336));
#3159=CARTESIAN_POINT('',(16.,17.6887082796948,117.279182950044));
#3160=CARTESIAN_POINT('',(18.5,13.464466118653,121.503425052336));
#3161=CARTESIAN_POINT('Origin',(-18.5,12.,132.713057906673));
#3162=CARTESIAN_POINT('',(-16.,12.,125.038958982855));
#3163=CARTESIAN_POINT('',(-16.,12.,127.304730993477));
#3164=CARTESIAN_POINT('',(-16.,12.,126.963057906673));
#3165=CARTESIAN_POINT('',(-18.5,12.,125.038958982855));
#3166=CARTESIAN_POINT('',(-14.5,12.,132.713057906673));
#3167=CARTESIAN_POINT('',(-18.5,12.,132.713057906673));
#3168=CARTESIAN_POINT('Ctrl Pts',(-16.0000000000016,12.,127.304730993474));
#3169=CARTESIAN_POINT('Ctrl Pts',(-14.5,12.,130.216907023658));
#3170=CARTESIAN_POINT('Ctrl Pts',(-14.5,12.,132.713057906673));
#3171=CARTESIAN_POINT('Origin',(-18.5,13.464466118653,121.503425052336));
#3172=CARTESIAN_POINT('',(-16.,13.464466118653,121.503425052336));
#3173=CARTESIAN_POINT('',(-18.5,13.464466118653,121.503425052336));
#3174=CARTESIAN_POINT('',(-16.,10.9209413390213,124.046949796593));
#3175=CARTESIAN_POINT('Origin',(-18.5,17.,125.038958982855));
#3176=CARTESIAN_POINT('Origin',(-16.,17.,125.038958982855));
#3177=CARTESIAN_POINT('Origin',(-14.5,3.,132.713057906673));
#3178=CARTESIAN_POINT('',(-14.5,-3.36396103067892,126.349096875994));
#3179=CARTESIAN_POINT('Origin',(-14.5,3.,132.713057906673));
#3180=CARTESIAN_POINT('',(-16.,0.460303604515688,122.524832240799));
#3181=CARTESIAN_POINT('Ctrl Pts',(-16.0000000000016,0.460303604517094,122.524832240797));
#3182=CARTESIAN_POINT('Ctrl Pts',(-14.5000000000004,-1.59891581443486,124.584051659749));
#3183=CARTESIAN_POINT('Ctrl Pts',(-14.5000000000004,-3.3639610306792,126.349096875994));
#3184=CARTESIAN_POINT('Origin',(-16.,3.,132.713057906673));
#3185=CARTESIAN_POINT('Origin',(-18.5,-0.999999999999951,117.583115591762));
#3186=CARTESIAN_POINT('',(-16.,-6.00000000000004,117.583115591762));
#3187=CARTESIAN_POINT('Origin',(-16.,-0.999999999999951,117.583115591762));
#3188=CARTESIAN_POINT('',(-18.5,-6.00000000000004,117.583115591762));
#3189=CARTESIAN_POINT('Origin',(-18.5,-6.00000000000004,132.713057906673));
#3190=CARTESIAN_POINT('',(-16.,-6.00000000000004,132.713057906673));
#3191=CARTESIAN_POINT('',(-16.,-6.00000000000004,124.662805374979));
#3192=CARTESIAN_POINT('',(-18.5,-6.00000000000004,132.713057906673));
#3193=CARTESIAN_POINT('Origin',(-18.5,3.,132.713057906673));
#3194=CARTESIAN_POINT('',(-16.,-3.36396103067889,126.349096875994));
#3195=CARTESIAN_POINT('Origin',(-16.,3.,132.713057906673));
#3196=CARTESIAN_POINT('',(-18.5,-3.36396103067892,126.349096875994));
#3197=CARTESIAN_POINT('Origin',(-14.5,3.,132.713057906673));
#3198=CARTESIAN_POINT('Origin',(-18.5,2.81801948466055,120.167116360654));
#3199=CARTESIAN_POINT('',(-16.,3.37715549283778,119.607980352477));
#3200=CARTESIAN_POINT('Origin',(18.5,12.,125.038958982855));
#3201=CARTESIAN_POINT('',(14.5,12.,132.713057906673));
#3202=CARTESIAN_POINT('',(16.,12.,127.304730993477));
#3203=CARTESIAN_POINT('Ctrl Pts',(14.5,12.,132.713057906673));
#3204=CARTESIAN_POINT('Ctrl Pts',(14.5,12.,130.216907023658));
#3205=CARTESIAN_POINT('Ctrl Pts',(16.0000000000016,12.,127.304730993474));
#3206=CARTESIAN_POINT('',(18.5,12.,132.713057906673));
#3207=CARTESIAN_POINT('',(16.,12.,125.038958982855));
#3208=CARTESIAN_POINT('',(18.5,12.,125.038958982855));
#3209=CARTESIAN_POINT('',(16.,12.,123.126008444764));
#3210=CARTESIAN_POINT('Origin',(18.5,17.,125.038958982855));
#3211=CARTESIAN_POINT('Origin',(16.,17.,125.038958982855));
#3212=CARTESIAN_POINT('Origin',(14.5,3.,132.713057906673));
#3213=CARTESIAN_POINT('',(16.,0.460303604515688,122.524832240799));
#3214=CARTESIAN_POINT('Origin',(16.,3.,132.713057906673));
#3215=CARTESIAN_POINT('',(14.5,-3.36396103067892,126.349096875994));
#3216=CARTESIAN_POINT('Ctrl Pts',(16.0000000000016,0.460303604517099,122.524832240797));
#3217=CARTESIAN_POINT('Ctrl Pts',(14.5000000000004,-1.59891581443484,124.584051659749));
#3218=CARTESIAN_POINT('Ctrl Pts',(14.5000000000004,-3.36396103067918,126.349096875994));
#3219=CARTESIAN_POINT('Origin',(14.5,3.,132.713057906673));
#3220=CARTESIAN_POINT('Origin',(18.5,-6.00000000000004,117.583115591762));
#3221=CARTESIAN_POINT('',(16.,-6.00000000000004,132.713057906673));
#3222=CARTESIAN_POINT('',(16.,-6.00000000000004,117.583115591762));
#3223=CARTESIAN_POINT('',(16.,-6.00000000000004,117.097834217523));
#3224=CARTESIAN_POINT('',(18.5,-6.00000000000004,117.583115591762));
#3225=CARTESIAN_POINT('',(18.5,-6.00000000000004,132.713057906673));
#3226=CARTESIAN_POINT('Origin',(18.5,-0.999999999999951,117.583115591762));
#3227=CARTESIAN_POINT('Origin',(16.,-0.999999999999951,117.583115591762));
#3228=CARTESIAN_POINT('Origin',(-18.5,9.,99.2130579066727));
#3229=CARTESIAN_POINT('',(-14.9110170025733,9.,86.5120477798961));
#3230=CARTESIAN_POINT('',(18.5,9.,86.5120477798961));
#3231=CARTESIAN_POINT('',(-16.,9.,87.6103972312757));
#3232=CARTESIAN_POINT('Ctrl Pts',(-14.9110170025733,9.,86.512047779896));
#3233=CARTESIAN_POINT('Ctrl Pts',(-15.274048286451,9.,86.8781276181008));
#3234=CARTESIAN_POINT('Ctrl Pts',(-15.6370435109763,9.,87.2442432172269));
#3235=CARTESIAN_POINT('Ctrl Pts',(-16.,9.,87.6103972312757));
#3236=CARTESIAN_POINT('',(-16.,9.,99.2130579066727));
#3237=CARTESIAN_POINT('Origin',(-14.5,-5.10461384057998,101.713057906673));
#3238=CARTESIAN_POINT('',(-14.5,14.3639610306789,64.3490968759938));
#3239=CARTESIAN_POINT('',(-14.5,19.4260752135081,69.4112110588229));
#3240=CARTESIAN_POINT('',(-14.5,20.6819805153395,70.6671163606543));
#3241=CARTESIAN_POINT('',(-14.5,6.69815315215021,82.1391331201808));
#3242=CARTESIAN_POINT('Origin',(-14.5,8.,70.7130579066727));
#3243=CARTESIAN_POINT('',(-14.5,1.63603896932107,77.0770189373516));
#3244=CARTESIAN_POINT('',(-14.5,5.31801948466055,80.7589994526911));
#3245=CARTESIAN_POINT('Origin',(-14.5,8.,70.7130579066727));
#3246=CARTESIAN_POINT('',(-14.5,2.,71.7130579066727));
#3247=CARTESIAN_POINT('Origin',(-14.5,2.,70.7130579066727));
#3248=CARTESIAN_POINT('',(-14.5,8.,65.7130579066727));
#3249=CARTESIAN_POINT('Origin',(-14.5,8.,64.7130579066727));
#3250=CARTESIAN_POINT('',(-14.5,14.,71.7130579066727));
#3251=CARTESIAN_POINT('Origin',(-14.5,14.,70.7130579066727));
#3252=CARTESIAN_POINT('',(-14.5,8.,77.7130579066727));
#3253=CARTESIAN_POINT('Origin',(-14.5,8.,76.7130579066727));
#3254=CARTESIAN_POINT('',(-14.5,8.,73.7130579066727));
#3255=CARTESIAN_POINT('Origin',(-14.5,8.,70.7130579066727));
#3256=CARTESIAN_POINT('Origin',(-18.5,-3.,132.713057906673));
#3257=CARTESIAN_POINT('',(-17.5,-3.,133.713057906673));
#3258=CARTESIAN_POINT('Origin',(-17.5,-3.,132.713057906673));
#3259=CARTESIAN_POINT('',(-14.5,-3.,133.713057906673));
#3260=CARTESIAN_POINT('',(-18.5,-3.,133.713057906673));
#3261=CARTESIAN_POINT('Origin',(-14.5,-3.,132.713057906673));
#3262=CARTESIAN_POINT('Origin',(-18.5,3.,138.713057906673));
#3263=CARTESIAN_POINT('',(-17.5,3.,139.713057906673));
#3264=CARTESIAN_POINT('Origin',(-17.5,3.,138.713057906673));
#3265=CARTESIAN_POINT('',(-14.5,3.,139.713057906673));
#3266=CARTESIAN_POINT('',(-18.5,3.,139.713057906673));
#3267=CARTESIAN_POINT('Origin',(-14.5,3.,138.713057906673));
#3268=CARTESIAN_POINT('Origin',(-18.5,9.,132.713057906673));
#3269=CARTESIAN_POINT('',(-17.5,9.,133.713057906673));
#3270=CARTESIAN_POINT('Origin',(-17.5,9.,132.713057906673));
#3271=CARTESIAN_POINT('',(-14.5,9.,133.713057906673));
#3272=CARTESIAN_POINT('',(-18.5,9.,133.713057906673));
#3273=CARTESIAN_POINT('Origin',(-14.5,9.,132.713057906673));
#3274=CARTESIAN_POINT('Origin',(-18.5,3.,126.713057906673));
#3275=CARTESIAN_POINT('',(-17.5,3.,127.713057906673));
#3276=CARTESIAN_POINT('Origin',(-17.5,3.,126.713057906673));
#3277=CARTESIAN_POINT('',(-14.5,3.,127.713057906673));
#3278=CARTESIAN_POINT('',(-18.5,3.,127.713057906673));
#3279=CARTESIAN_POINT('Origin',(-14.5,3.,126.713057906673));
#3280=CARTESIAN_POINT('Origin',(-18.5,3.,132.713057906673));
#3281=CARTESIAN_POINT('',(-14.5,3.,135.713057906673));
#3282=CARTESIAN_POINT('',(-18.5,3.,135.713057906673));
#3283=CARTESIAN_POINT('Origin',(-14.5,3.,132.713057906673));
#3284=CARTESIAN_POINT('Origin',(-18.5,20.6819805153395,70.6671163606543));
#3285=CARTESIAN_POINT('',(-18.5,25.5355339059328,75.5206697512476));
#3286=CARTESIAN_POINT('',(14.5,14.3639610306789,64.3490968759938));
#3287=CARTESIAN_POINT('',(18.5,14.3639610306789,64.3490968759938));
#3288=CARTESIAN_POINT('',(14.5,19.4260752135081,69.4112110588229));
#3289=CARTESIAN_POINT('',(14.5,20.6819805153395,70.6671163606543));
#3290=CARTESIAN_POINT('',(12.,21.9468364747305,71.9319723200453));
#3291=CARTESIAN_POINT('Ctrl Pts',(12.,21.9468364747305,71.9319723200453));
#3292=CARTESIAN_POINT('Ctrl Pts',(13.4991857778855,20.562889115628,70.5480249609428));
#3293=CARTESIAN_POINT('Ctrl Pts',(14.5,19.4260752135081,69.4112110588229));
#3294=CARTESIAN_POINT('',(-12.,21.9468364747305,71.9319723200453));
#3295=CARTESIAN_POINT('',(0.00200000000000027,21.9468364747305,71.9319723200453));
#3296=CARTESIAN_POINT('Ctrl Pts',(-12.,21.9468364747305,71.9319723200453));
#3297=CARTESIAN_POINT('Ctrl Pts',(-13.4991857778854,20.562889115628,70.5480249609428));
#3298=CARTESIAN_POINT('Ctrl Pts',(-14.5,19.4260752135081,69.4112110588229));
#3299=CARTESIAN_POINT('',(-18.5,14.3639610306789,64.3490968759938));
#3300=CARTESIAN_POINT('Origin',(-18.5,8.,70.7130579066727));
#3301=CARTESIAN_POINT('',(-18.5,1.63603896932107,77.0770189373516));
#3302=CARTESIAN_POINT('Origin',(-18.5,5.31801948466055,80.7589994526911));
#3303=CARTESIAN_POINT('',(-13.7277515909156,7.5355339059354,82.976513873966));
#3304=CARTESIAN_POINT('Ctrl Pts',(-14.4999999999887,6.69815315216309,82.1391331201936));
#3305=CARTESIAN_POINT('Ctrl Pts',(-14.1433726488719,7.1032422502861,82.5442222183166));
#3306=CARTESIAN_POINT('Ctrl Pts',(-13.727751590915,7.53553390593592,82.9765138739665));
#3307=CARTESIAN_POINT('',(-16.1138757954578,7.53553390593275,82.9765138739633));
#3308=CARTESIAN_POINT('Origin',(-18.5,9.,99.2130579066727));
#3309=CARTESIAN_POINT('',(16.,9.,87.6103972312757));
#3310=CARTESIAN_POINT('',(16.,9.,99.2130579066727));
#3311=CARTESIAN_POINT('',(14.9110170025733,9.,86.5120477798961));
#3312=CARTESIAN_POINT('Ctrl Pts',(14.9110170025733,9.,86.512047779896));
#3313=CARTESIAN_POINT('Ctrl Pts',(15.274048286451,9.,86.8781276181008));
#3314=CARTESIAN_POINT('Ctrl Pts',(15.6370435109763,9.,87.2442432172269));
#3315=CARTESIAN_POINT('Ctrl Pts',(16.,9.,87.6103972312757));
#3316=CARTESIAN_POINT('',(18.5,9.,86.5120477798961));
#3317=CARTESIAN_POINT('',(21.5,9.,91.5120477798961));
#3318=CARTESIAN_POINT('',(22.5,9.,92.5120477798961));
#3319=CARTESIAN_POINT('',(21.5,9.,97.5120477798961));
#3320=CARTESIAN_POINT('',(21.5,9.,96.5120477798961));
#3321=CARTESIAN_POINT('',(18.5,9.,100.512047779896));
#3322=CARTESIAN_POINT('Origin',(-18.5,8.,64.7130579066727));
#3323=CARTESIAN_POINT('',(-17.5,8.,65.7130579066727));
#3324=CARTESIAN_POINT('Origin',(-17.5,8.,64.7130579066727));
#3325=CARTESIAN_POINT('',(-18.5,8.,65.7130579066727));
#3326=CARTESIAN_POINT('Origin',(-18.5,14.,70.7130579066727));
#3327=CARTESIAN_POINT('',(-17.5,14.,71.7130579066727));
#3328=CARTESIAN_POINT('Origin',(-17.5,14.,70.7130579066727));
#3329=CARTESIAN_POINT('',(-18.5,14.,71.7130579066727));
#3330=CARTESIAN_POINT('Origin',(-18.5,8.,76.7130579066727));
#3331=CARTESIAN_POINT('',(-17.5,8.,77.7130579066727));
#3332=CARTESIAN_POINT('Origin',(-17.5,8.,76.7130579066727));
#3333=CARTESIAN_POINT('',(-18.5,8.,77.7130579066727));
#3334=CARTESIAN_POINT('Origin',(-18.5,8.,70.7130579066727));
#3335=CARTESIAN_POINT('',(-18.5,8.,73.7130579066727));
#3336=CARTESIAN_POINT('Origin',(-18.5,2.,70.7130579066727));
#3337=CARTESIAN_POINT('',(-17.5,2.,71.7130579066727));
#3338=CARTESIAN_POINT('Origin',(-17.5,2.,70.7130579066727));
#3339=CARTESIAN_POINT('',(-18.5,2.,71.7130579066727));
#3340=CARTESIAN_POINT('Origin',(-16.,3.,132.713057906673));
#3341=CARTESIAN_POINT('',(-13.5,8.78541877206935,85.0629904394404));
#3342=CARTESIAN_POINT('Origin',(-13.5,3.,132.713057906673));
#3343=CARTESIAN_POINT('',(13.5,8.78541877206935,85.0629904394404));
#3344=CARTESIAN_POINT('',(-13.5,8.78541877206937,85.0629904394403));
#3345=CARTESIAN_POINT('Origin',(13.5,3.,132.713057906673));
#3346=CARTESIAN_POINT('Origin',(-16.,3.,121.213057906673));
#3347=CARTESIAN_POINT('Origin',(-16.,3.,132.713057906673));
#3348=CARTESIAN_POINT('Origin',(0.00200000000000027,8.,70.7130579066727));
#3349=CARTESIAN_POINT('',(12.,8.65913466594221,84.6975329233529));
#3350=CARTESIAN_POINT('Origin',(12.,8.,70.7130579066727));
#3351=CARTESIAN_POINT('',(-12.,8.65913466594221,84.6975329233529));
#3352=CARTESIAN_POINT('',(12.,8.65913466594221,84.6975329233529));
#3353=CARTESIAN_POINT('Origin',(-12.,8.,70.7130579066727));
#3354=CARTESIAN_POINT('Origin',(-14.5,8.,70.7130579066727));
#3355=CARTESIAN_POINT('Ctrl Pts',(-12.,8.65913466594217,84.6975329233529));
#3356=CARTESIAN_POINT('Ctrl Pts',(-12.0479475824315,8.64077756366948,84.6503973425907));
#3357=CARTESIAN_POINT('Ctrl Pts',(-12.0957604272211,8.62165229444489,84.603405086476));
#3358=CARTESIAN_POINT('Ctrl Pts',(-12.6947420408793,8.37150381252563,84.0147314803114));
#3359=CARTESIAN_POINT('Ctrl Pts',(-13.2221282134488,8.03626911138808,83.4983245011743));
#3360=CARTESIAN_POINT('Ctrl Pts',(-13.6764224545172,7.5881986694482,83.0297811188212));
#3361=CARTESIAN_POINT('Ctrl Pts',(-13.7021377202013,7.56217515128766,83.0031551193183));
#3362=CARTESIAN_POINT('Ctrl Pts',(-13.7277515909155,7.53553390593535,82.976513873966));
#3363=CARTESIAN_POINT('Origin',(-16.,3.,132.713057906673));
#3364=CARTESIAN_POINT('Ctrl Pts',(-14.9110170025731,9.,86.5120477798962));
#3365=CARTESIAN_POINT('Ctrl Pts',(-14.4717564805959,9.00000000000001,86.0690985687495));
#3366=CARTESIAN_POINT('Ctrl Pts',(-14.0222375806199,8.94006615171709,85.6079989605698));
#3367=CARTESIAN_POINT('Ctrl Pts',(-13.5586309613304,8.80365419072969,85.1242712540558));
#3368=CARTESIAN_POINT('Ctrl Pts',(-13.5292777351892,8.79469024324651,85.0936088773575));
#3369=CARTESIAN_POINT('Ctrl Pts',(-13.4999999999999,8.78541877206917,85.0629904394406));
#3370=CARTESIAN_POINT('Origin',(-14.5,10.5,114.661727568974));
#3371=CARTESIAN_POINT('Origin',(310.758653848261,8.,76.7130579066727));
#3372=CARTESIAN_POINT('',(-17.5,8.,74.7130579066727));
#3373=CARTESIAN_POINT('Origin',(-17.5,8.,76.7130579066727));
#3374=CARTESIAN_POINT('',(310.758653848261,8.,74.7130579066727));
#3375=CARTESIAN_POINT('Origin',(-17.5,10.5,114.661727568974));
#3376=CARTESIAN_POINT('Origin',(310.758653848261,3.,126.713057906673));
#3377=CARTESIAN_POINT('',(-17.5,3.,124.713057906673));
#3378=CARTESIAN_POINT('Origin',(-17.5,3.,126.713057906673));
#3379=CARTESIAN_POINT('',(310.758653848261,3.,124.713057906673));
#3380=CARTESIAN_POINT('Origin',(-17.5,10.5,114.661727568974));
#3381=CARTESIAN_POINT('Origin',(310.758653848261,9.,132.713057906673));
#3382=CARTESIAN_POINT('',(-17.5,9.,130.713057906673));
#3383=CARTESIAN_POINT('Origin',(-17.5,9.,132.713057906673));
#3384=CARTESIAN_POINT('',(310.758653848261,9.,130.713057906673));
#3385=CARTESIAN_POINT('Origin',(-17.5,10.5,114.661727568974));
#3386=CARTESIAN_POINT('Origin',(310.758653848261,3.,138.713057906673));
#3387=CARTESIAN_POINT('',(-17.5,3.,136.713057906673));
#3388=CARTESIAN_POINT('Origin',(-17.5,3.,138.713057906673));
#3389=CARTESIAN_POINT('',(310.758653848261,3.,136.713057906673));
#3390=CARTESIAN_POINT('Origin',(-17.5,10.5,114.661727568974));
#3391=CARTESIAN_POINT('Origin',(310.758653848261,-3.,132.713057906673));
#3392=CARTESIAN_POINT('',(-17.5,-3.,130.713057906673));
#3393=CARTESIAN_POINT('Origin',(-17.5,-3.,132.713057906673));
#3394=CARTESIAN_POINT('',(310.758653848261,-3.,130.713057906673));
#3395=CARTESIAN_POINT('Origin',(-17.5,10.5,114.661727568974));
#3396=CARTESIAN_POINT('Origin',(310.758653848261,14.,70.7130579066727));
#3397=CARTESIAN_POINT('',(-17.5,14.,68.7130579066727));
#3398=CARTESIAN_POINT('Origin',(-17.5,14.,70.7130579066727));
#3399=CARTESIAN_POINT('',(310.758653848261,14.,68.7130579066727));
#3400=CARTESIAN_POINT('Origin',(-17.5,10.5,114.661727568974));
#3401=CARTESIAN_POINT('Origin',(310.758653848261,8.,64.7130579066727));
#3402=CARTESIAN_POINT('',(-17.5,8.,62.7130579066727));
#3403=CARTESIAN_POINT('Origin',(-17.5,8.,64.7130579066727));
#3404=CARTESIAN_POINT('',(310.758653848261,8.,62.7130579066727));
#3405=CARTESIAN_POINT('Origin',(-17.5,10.5,114.661727568974));
#3406=CARTESIAN_POINT('Origin',(310.758653848261,2.,70.7130579066727));
#3407=CARTESIAN_POINT('',(-17.5,2.,68.7130579066727));
#3408=CARTESIAN_POINT('Origin',(-17.5,2.,70.7130579066727));
#3409=CARTESIAN_POINT('',(310.758653848261,2.,68.7130579066727));
#3410=CARTESIAN_POINT('Origin',(-17.5,10.5,114.661727568974));
#3411=CARTESIAN_POINT('Origin',(14.5,-5.10461384057998,101.713057906673));
#3412=CARTESIAN_POINT('',(14.5,1.63603896932107,77.0770189373516));
#3413=CARTESIAN_POINT('Origin',(14.5,8.,70.7130579066727));
#3414=CARTESIAN_POINT('',(14.5,6.69815315215021,82.1391331201808));
#3415=CARTESIAN_POINT('',(14.5,5.31801948466055,80.7589994526911));
#3416=CARTESIAN_POINT('Origin',(14.5,8.,70.7130579066727));
#3417=CARTESIAN_POINT('',(14.5,2.,71.7130579066727));
#3418=CARTESIAN_POINT('Origin',(14.5,2.,70.7130579066727));
#3419=CARTESIAN_POINT('',(14.5,8.,65.7130579066727));
#3420=CARTESIAN_POINT('Origin',(14.5,8.,64.7130579066727));
#3421=CARTESIAN_POINT('',(14.5,14.,71.7130579066727));
#3422=CARTESIAN_POINT('Origin',(14.5,14.,70.7130579066727));
#3423=CARTESIAN_POINT('',(14.5,8.,77.7130579066727));
#3424=CARTESIAN_POINT('Origin',(14.5,8.,76.7130579066727));
#3425=CARTESIAN_POINT('',(14.5,8.,73.7130579066727));
#3426=CARTESIAN_POINT('Origin',(14.5,8.,70.7130579066727));
#3427=CARTESIAN_POINT('Origin',(18.5,2.81801948466055,120.167116360654));
#3428=CARTESIAN_POINT('',(16.,-3.36396103067889,126.349096875994));
#3429=CARTESIAN_POINT('',(16.,3.37715549283778,119.607980352477));
#3430=CARTESIAN_POINT('',(18.5,-3.36396103067892,126.349096875994));
#3431=CARTESIAN_POINT('Origin',(18.5,-3.,132.713057906673));
#3432=CARTESIAN_POINT('',(17.5,-3.,133.713057906673));
#3433=CARTESIAN_POINT('Origin',(17.5,-3.,132.713057906673));
#3434=CARTESIAN_POINT('',(14.5,-3.,133.713057906673));
#3435=CARTESIAN_POINT('',(18.5,-3.,133.713057906673));
#3436=CARTESIAN_POINT('Origin',(14.5,-3.,132.713057906673));
#3437=CARTESIAN_POINT('Origin',(18.5,3.,138.713057906673));
#3438=CARTESIAN_POINT('',(17.5,3.,139.713057906673));
#3439=CARTESIAN_POINT('Origin',(17.5,3.,138.713057906673));
#3440=CARTESIAN_POINT('',(14.5,3.,139.713057906673));
#3441=CARTESIAN_POINT('',(18.5,3.,139.713057906673));
#3442=CARTESIAN_POINT('Origin',(14.5,3.,138.713057906673));
#3443=CARTESIAN_POINT('Origin',(18.5,9.,132.713057906673));
#3444=CARTESIAN_POINT('',(17.5,9.,133.713057906673));
#3445=CARTESIAN_POINT('Origin',(17.5,9.,132.713057906673));
#3446=CARTESIAN_POINT('',(14.5,9.,133.713057906673));
#3447=CARTESIAN_POINT('',(18.5,9.,133.713057906673));
#3448=CARTESIAN_POINT('Origin',(14.5,9.,132.713057906673));
#3449=CARTESIAN_POINT('Origin',(18.5,3.,126.713057906673));
#3450=CARTESIAN_POINT('',(17.5,3.,127.713057906673));
#3451=CARTESIAN_POINT('Origin',(17.5,3.,126.713057906673));
#3452=CARTESIAN_POINT('',(14.5,3.,127.713057906673));
#3453=CARTESIAN_POINT('',(18.5,3.,127.713057906673));
#3454=CARTESIAN_POINT('Origin',(14.5,3.,126.713057906673));
#3455=CARTESIAN_POINT('Origin',(18.5,3.,132.713057906673));
#3456=CARTESIAN_POINT('',(14.5,3.,135.713057906673));
#3457=CARTESIAN_POINT('',(18.5,3.,135.713057906673));
#3458=CARTESIAN_POINT('Origin',(14.5,3.,132.713057906673));
#3459=CARTESIAN_POINT('Origin',(18.5,8.,70.7130579066727));
#3460=CARTESIAN_POINT('',(18.5,1.63603896932107,77.0770189373516));
#3461=CARTESIAN_POINT('Origin',(18.5,5.31801948466055,80.7589994526911));
#3462=CARTESIAN_POINT('',(13.7277515909181,7.53553390593277,82.9765138739634));
#3463=CARTESIAN_POINT('',(12.2357040091868,7.53553390593275,82.9765138739633));
#3464=CARTESIAN_POINT('Ctrl Pts',(14.4999999999887,6.6981531521631,82.1391331201937));
#3465=CARTESIAN_POINT('Ctrl Pts',(14.143372648873,7.1032422502849,82.5442222183155));
#3466=CARTESIAN_POINT('Ctrl Pts',(13.7277515909175,7.53553390593334,82.9765138739639));
#3467=CARTESIAN_POINT('Origin',(18.5,3.,132.713057906673));
#3468=CARTESIAN_POINT('Origin',(14.5,3.,132.713057906673));
#3469=CARTESIAN_POINT('Origin',(16.,3.,132.713057906673));
#3470=CARTESIAN_POINT('Origin',(18.5,8.,64.7130579066727));
#3471=CARTESIAN_POINT('',(17.5,8.,65.7130579066727));
#3472=CARTESIAN_POINT('Origin',(17.5,8.,64.7130579066727));
#3473=CARTESIAN_POINT('',(18.5,8.,65.7130579066727));
#3474=CARTESIAN_POINT('Origin',(18.5,14.,70.7130579066727));
#3475=CARTESIAN_POINT('',(17.5,14.,71.7130579066727));
#3476=CARTESIAN_POINT('Origin',(17.5,14.,70.7130579066727));
#3477=CARTESIAN_POINT('',(18.5,14.,71.7130579066727));
#3478=CARTESIAN_POINT('Origin',(18.5,8.,76.7130579066727));
#3479=CARTESIAN_POINT('',(17.5,8.,77.7130579066727));
#3480=CARTESIAN_POINT('Origin',(17.5,8.,76.7130579066727));
#3481=CARTESIAN_POINT('',(18.5,8.,77.7130579066727));
#3482=CARTESIAN_POINT('Origin',(18.5,8.,70.7130579066727));
#3483=CARTESIAN_POINT('',(18.5,8.,73.7130579066727));
#3484=CARTESIAN_POINT('Origin',(18.5,2.,70.7130579066727));
#3485=CARTESIAN_POINT('',(17.5,2.,71.7130579066727));
#3486=CARTESIAN_POINT('Origin',(17.5,2.,70.7130579066727));
#3487=CARTESIAN_POINT('',(18.5,2.,71.7130579066727));
#3488=CARTESIAN_POINT('Origin',(16.,3.,121.213057906673));
#3489=CARTESIAN_POINT('Origin',(16.,3.,132.713057906673));
#3490=CARTESIAN_POINT('Origin',(14.5,8.,70.7130579066727));
#3491=CARTESIAN_POINT('Ctrl Pts',(13.727751590918,7.53553390593274,82.9765138739634));
#3492=CARTESIAN_POINT('Ctrl Pts',(13.702137720203,7.56217515128596,83.0031551193166));
#3493=CARTESIAN_POINT('Ctrl Pts',(13.6764224545181,7.58819866944737,83.0297811188203));
#3494=CARTESIAN_POINT('Ctrl Pts',(13.2221282134488,8.03626911138809,83.4983245011743));
#3495=CARTESIAN_POINT('Ctrl Pts',(12.6947420408793,8.37150381252564,84.0147314803114));
#3496=CARTESIAN_POINT('Ctrl Pts',(12.0957604272211,8.62165229444489,84.603405086476));
#3497=CARTESIAN_POINT('Ctrl Pts',(12.0479475824315,8.64077756366948,84.6503973425907));
#3498=CARTESIAN_POINT('Ctrl Pts',(12.,8.65913466594217,84.6975329233529));
#3499=CARTESIAN_POINT('Origin',(16.,3.,132.713057906673));
#3500=CARTESIAN_POINT('Ctrl Pts',(13.4999999999999,8.78541877206917,85.0629904394406));
#3501=CARTESIAN_POINT('Ctrl Pts',(13.5292777351892,8.7946902432465,85.0936088773575));
#3502=CARTESIAN_POINT('Ctrl Pts',(13.5586309613304,8.80365419072969,85.1242712540558));
#3503=CARTESIAN_POINT('Ctrl Pts',(14.0222375806199,8.94006615171709,85.6079989605698));
#3504=CARTESIAN_POINT('Ctrl Pts',(14.4717564805959,9.00000000000001,86.0690985687495));
#3505=CARTESIAN_POINT('Ctrl Pts',(14.9110170025731,9.,86.5120477798962));
#3506=CARTESIAN_POINT('Origin',(14.5,10.5,114.661727568974));
#3507=CARTESIAN_POINT('Origin',(17.5,10.5,114.661727568974));
#3508=CARTESIAN_POINT('',(17.5,8.,74.7130579066727));
#3509=CARTESIAN_POINT('Origin',(17.5,8.,76.7130579066727));
#3510=CARTESIAN_POINT('Origin',(-310.758653848261,8.,76.7130579066727));
#3511=CARTESIAN_POINT('',(-310.758653848261,8.,74.7130579066727));
#3512=CARTESIAN_POINT('Origin',(17.5,10.5,114.661727568974));
#3513=CARTESIAN_POINT('',(17.5,3.,124.713057906673));
#3514=CARTESIAN_POINT('Origin',(17.5,3.,126.713057906673));
#3515=CARTESIAN_POINT('Origin',(-310.758653848261,3.,126.713057906673));
#3516=CARTESIAN_POINT('',(-310.758653848261,3.,124.713057906673));
#3517=CARTESIAN_POINT('Origin',(17.5,10.5,114.661727568974));
#3518=CARTESIAN_POINT('',(17.5,9.,130.713057906673));
#3519=CARTESIAN_POINT('Origin',(17.5,9.,132.713057906673));
#3520=CARTESIAN_POINT('Origin',(-310.758653848261,9.,132.713057906673));
#3521=CARTESIAN_POINT('',(-310.758653848261,9.,130.713057906673));
#3522=CARTESIAN_POINT('Origin',(17.5,10.5,114.661727568974));
#3523=CARTESIAN_POINT('',(17.5,3.,136.713057906673));
#3524=CARTESIAN_POINT('Origin',(17.5,3.,138.713057906673));
#3525=CARTESIAN_POINT('Origin',(-310.758653848261,3.,138.713057906673));
#3526=CARTESIAN_POINT('',(-310.758653848261,3.,136.713057906673));
#3527=CARTESIAN_POINT('Origin',(17.5,10.5,114.661727568974));
#3528=CARTESIAN_POINT('',(17.5,-3.,130.713057906673));
#3529=CARTESIAN_POINT('Origin',(17.5,-3.,132.713057906673));
#3530=CARTESIAN_POINT('Origin',(-310.758653848261,-3.,132.713057906673));
#3531=CARTESIAN_POINT('',(-310.758653848261,-3.,130.713057906673));
#3532=CARTESIAN_POINT('Origin',(17.5,10.5,114.661727568974));
#3533=CARTESIAN_POINT('',(17.5,14.,68.7130579066727));
#3534=CARTESIAN_POINT('Origin',(17.5,14.,70.7130579066727));
#3535=CARTESIAN_POINT('Origin',(-310.758653848261,14.,70.7130579066727));
#3536=CARTESIAN_POINT('',(-310.758653848261,14.,68.7130579066727));
#3537=CARTESIAN_POINT('Origin',(17.5,10.5,114.661727568974));
#3538=CARTESIAN_POINT('',(17.5,8.,62.7130579066727));
#3539=CARTESIAN_POINT('Origin',(17.5,8.,64.7130579066727));
#3540=CARTESIAN_POINT('Origin',(-310.758653848261,8.,64.7130579066727));
#3541=CARTESIAN_POINT('',(-310.758653848261,8.,62.7130579066727));
#3542=CARTESIAN_POINT('Origin',(17.5,10.5,114.661727568974));
#3543=CARTESIAN_POINT('',(17.5,2.,68.7130579066727));
#3544=CARTESIAN_POINT('Origin',(17.5,2.,70.7130579066727));
#3545=CARTESIAN_POINT('Origin',(-310.758653848261,2.,70.7130579066727));
#3546=CARTESIAN_POINT('',(-310.758653848261,2.,68.7130579066727));
#3547=CARTESIAN_POINT('Origin',(18.5,4.,86.5120477798961));
#3548=CARTESIAN_POINT('Origin',(-18.5,22.,79.0562036571803));
#3549=CARTESIAN_POINT('Origin',(20.5,16.,94.5120477798961));
#3550=CARTESIAN_POINT('',(21.3535533905932,16.,91.3656011704893));
#3551=CARTESIAN_POINT('',(22.5,16.,92.5120477798961));
#3552=CARTESIAN_POINT('',(20.5,16.,91.7191545610826));
#3553=CARTESIAN_POINT('Origin',(21.,16.,91.7191545610826));
#3554=CARTESIAN_POINT('',(20.5,16.,97.3049409987095));
#3555=CARTESIAN_POINT('',(20.5,16.,94.5120477798961));
#3556=CARTESIAN_POINT('',(21.3535533905932,16.,97.6584943893028));
#3557=CARTESIAN_POINT('Origin',(21.,16.,97.3049409987095));
#3558=CARTESIAN_POINT('',(22.5,16.,96.5120477798961));
#3559=CARTESIAN_POINT('Origin',(20.5,18.,94.5120477798961));
#3560=CARTESIAN_POINT('',(21.5,18.,97.5120477798961));
#3561=CARTESIAN_POINT('',(18.5,18.,100.512047779896));
#3562=CARTESIAN_POINT('',(21.5,18.,91.5120477798961));
#3563=CARTESIAN_POINT('',(21.5,18.,94.5120477798961));
#3564=CARTESIAN_POINT('',(22.5,18.,92.5120477798961));
#3565=CARTESIAN_POINT('Origin',(20.5,13.5,94.5120477798961));
#3566=CARTESIAN_POINT('',(20.5,14.125,97.3049409987095));
#3567=CARTESIAN_POINT('',(20.5,14.125,91.7191545610826));
#3568=CARTESIAN_POINT('',(20.5,14.125,94.5120477798961));
#3569=CARTESIAN_POINT('',(20.5,13.5,97.3049409987095));
#3570=CARTESIAN_POINT('',(20.5,13.5,91.7191545610826));
#3571=CARTESIAN_POINT('Origin',(22.5,14.125,94.5120477798961));
#3572=CARTESIAN_POINT('',(22.5,14.125,96.5120477798961));
#3573=CARTESIAN_POINT('',(21.3535533905932,14.125,97.6584943893028));
#3574=CARTESIAN_POINT('',(23.5,14.125,95.5120477798961));
#3575=CARTESIAN_POINT('Origin',(21.,14.125,97.3049409987095));
#3576=CARTESIAN_POINT('',(21.3535533905932,14.125,91.3656011704893));
#3577=CARTESIAN_POINT('Origin',(21.,14.125,91.7191545610826));
#3578=CARTESIAN_POINT('',(22.5,14.125,92.5120477798961));
#3579=CARTESIAN_POINT('',(23.5,14.125,93.5120477798961));
#3580=CARTESIAN_POINT('',(22.5,14.125,94.5120477798961));
#3581=CARTESIAN_POINT('Origin',(22.5,13.5,94.5120477798961));
#3582=CARTESIAN_POINT('',(22.5,17.,92.5120477798961));
#3583=CARTESIAN_POINT('',(22.5,16.0625,92.5120477798961));
#3584=CARTESIAN_POINT('',(22.5,17.,96.5120477798961));
#3585=CARTESIAN_POINT('',(22.5,17.,94.5120477798961));
#3586=CARTESIAN_POINT('',(22.5,16.0625,96.5120477798961));
#3587=CARTESIAN_POINT('Origin',(21.5,18.,94.5120477798961));
#3588=CARTESIAN_POINT('',(27.20153794686,12.29846205314,91.8105098330361));
#3589=CARTESIAN_POINT('',(22.5,17.,92.5120477798961));
#3590=CARTESIAN_POINT('Origin',(20.5,11.,94.5120477798961));
#3591=CARTESIAN_POINT('',(21.3535533905932,11.,97.6584943893028));
#3592=CARTESIAN_POINT('',(18.5,11.,100.512047779896));
#3593=CARTESIAN_POINT('',(20.5,11.,97.3049409987095));
#3594=CARTESIAN_POINT('Origin',(21.,11.,97.3049409987095));
#3595=CARTESIAN_POINT('',(20.5,11.,91.7191545610826));
#3596=CARTESIAN_POINT('',(20.5,11.,94.5120477798961));
#3597=CARTESIAN_POINT('',(21.3535533905932,11.,91.3656011704893));
#3598=CARTESIAN_POINT('Origin',(21.,11.,91.7191545610826));
#3599=CARTESIAN_POINT('',(22.5,11.,92.5120477798961));
#3600=CARTESIAN_POINT('Origin',(22.5,12.875,94.5120477798961));
#3601=CARTESIAN_POINT('',(20.5,12.875,97.3049409987095));
#3602=CARTESIAN_POINT('',(20.5,12.875,91.7191545610826));
#3603=CARTESIAN_POINT('',(20.5,12.875,94.5120477798961));
#3604=CARTESIAN_POINT('',(21.3535533905932,12.875,97.6584943893028));
#3605=CARTESIAN_POINT('Origin',(21.,12.875,97.3049409987095));
#3606=CARTESIAN_POINT('',(22.5,12.875,96.5120477798961));
#3607=CARTESIAN_POINT('',(18.5,12.875,100.512047779896));
#3608=CARTESIAN_POINT('',(22.5,12.875,92.5120477798961));
#3609=CARTESIAN_POINT('',(22.5,12.875,94.5120477798961));
#3610=CARTESIAN_POINT('',(21.3535533905932,12.875,91.3656011704893));
#3611=CARTESIAN_POINT('',(22.5,12.875,92.5120477798961));
#3612=CARTESIAN_POINT('Origin',(21.,12.875,91.7191545610826));
#3613=CARTESIAN_POINT('Origin',(22.5,13.5,94.5120477798961));
#3614=CARTESIAN_POINT('',(22.5,10.,96.5120477798961));
#3615=CARTESIAN_POINT('',(22.5,10.,96.5120477798961));
#3616=CARTESIAN_POINT('',(22.5,10.,92.5120477798961));
#3617=CARTESIAN_POINT('',(22.5,10.,92.5120477798961));
#3618=CARTESIAN_POINT('',(22.5,10.,92.5120477798961));
#3619=CARTESIAN_POINT('Origin',(20.5,13.5,94.5120477798961));
#3620=CARTESIAN_POINT('',(20.5,13.5,97.3049409987095));
#3621=CARTESIAN_POINT('',(20.5,13.5,91.7191545610826));
#3622=CARTESIAN_POINT('Origin',(22.5,10.,94.5120477798961));
#3623=CARTESIAN_POINT('',(14.79846205314,2.29846205314001,104.213585726756));
#3624=CARTESIAN_POINT('',(22.5,10.,92.5120477798961));
#3625=CARTESIAN_POINT('Origin',(22.5,17.,92.5120477798961));
#3626=CARTESIAN_POINT('',(21.3535533905932,17.,91.3656011704893));
#3627=CARTESIAN_POINT('Origin',(18.5,-5.10461384057998,100.512047779896));
#3628=CARTESIAN_POINT('',(21.3535533905932,-5.10461384057998,97.6584943893028));
#3629=CARTESIAN_POINT('Origin',(22.5,10.,92.5120477798961));
#3630=CARTESIAN_POINT('',(21.3535533905932,10.,91.3656011704893));
#3631=CARTESIAN_POINT('Origin',(18.5,-5.10461384057998,100.512047779896));
#3632=CARTESIAN_POINT('',(21.3535533905932,-5.10461384057998,97.6584943893028));
#3633=CARTESIAN_POINT('Origin',(21.,13.5,97.3049409987095));
#3634=CARTESIAN_POINT('Origin',(21.,13.5,97.3049409987095));
#3635=CARTESIAN_POINT('Origin',(21.,13.5,91.7191545610826));
#3636=CARTESIAN_POINT('Origin',(21.,13.5,91.7191545610826));
#3637=UNCERTAINTY_MEASURE_WITH_UNIT(LENGTH_MEASURE(0.01),#3641,
'DISTANCE_ACCURACY_VALUE',
'Maximum model space distance between geometric entities at asserted c
onnectivities');
#3638=UNCERTAINTY_MEASURE_WITH_UNIT(LENGTH_MEASURE(0.01),#3641,
'DISTANCE_ACCURACY_VALUE',
'Maximum model space distance between geometric entities at asserted c
onnectivities');
#3639=(
GEOMETRIC_REPRESENTATION_CONTEXT(3)
GLOBAL_UNCERTAINTY_ASSIGNED_CONTEXT((#3637))
GLOBAL_UNIT_ASSIGNED_CONTEXT((#3641,#3643,#3644))
REPRESENTATION_CONTEXT('','3D')
);
#3640=(
GEOMETRIC_REPRESENTATION_CONTEXT(3)
GLOBAL_UNCERTAINTY_ASSIGNED_CONTEXT((#3638))
GLOBAL_UNIT_ASSIGNED_CONTEXT((#3641,#3643,#3644))
REPRESENTATION_CONTEXT('','3D')
);
#3641=(
LENGTH_UNIT()
NAMED_UNIT(*)
SI_UNIT(.MILLI.,.METRE.)
);
#3642=(
LENGTH_UNIT()
NAMED_UNIT(*)
SI_UNIT($,.METRE.)
);
#3643=(
NAMED_UNIT(*)
PLANE_ANGLE_UNIT()
SI_UNIT($,.RADIAN.)
);
#3644=(
NAMED_UNIT(*)
SI_UNIT($,.STERADIAN.)
SOLID_ANGLE_UNIT()
);
#3645=SHAPE_DEFINITION_REPRESENTATION(#3646,#3647);
#3646=PRODUCT_DEFINITION_SHAPE('',$,#3649);
#3647=SHAPE_REPRESENTATION('',(#2113),#3639);
#3648=PRODUCT_DEFINITION_CONTEXT('part definition',#3653,'design');
#3649=PRODUCT_DEFINITION('2026-09-21-02-16-34-270','femur (1)',#3650,#3648);
#3650=PRODUCT_DEFINITION_FORMATION('',$,#3655);
#3651=PRODUCT_RELATED_PRODUCT_CATEGORY('femur (1)','femur (1)',(#3655));
#3652=APPLICATION_PROTOCOL_DEFINITION('international standard',
'automotive_design',2009,#3653);
#3653=APPLICATION_CONTEXT(
'Core Data for Automotive Mechanical Design Process');
#3654=PRODUCT_CONTEXT('part definition',#3653,'mechanical');
#3655=PRODUCT('2026-09-21-02-16-34-270','femur (1)','femur',(#3654));
#3656=PRESENTATION_STYLE_ASSIGNMENT((#3658));
#3657=PRESENTATION_STYLE_ASSIGNMENT((#3659));
#3658=SURFACE_STYLE_USAGE(.BOTH.,#3660);
#3659=SURFACE_STYLE_USAGE(.BOTH.,#3661);
#3660=SURFACE_SIDE_STYLE('',(#3662));
#3661=SURFACE_SIDE_STYLE('',(#3663));
#3662=SURFACE_STYLE_FILL_AREA(#3664);
#3663=SURFACE_STYLE_FILL_AREA(#3665);
#3664=FILL_AREA_STYLE('\X2\92FC\X0\ - \X2\30B530C630F3\X0\',(#3666));
#3665=FILL_AREA_STYLE('Opaque(128,128,128)',(#3667));
#3666=FILL_AREA_STYLE_COLOUR('\X2\92FC\X0\ - \X2\30B530C630F3\X0\',#3668);
#3667=FILL_AREA_STYLE_COLOUR('Opaque(128,128,128)',#3669);
#3668=COLOUR_RGB('\X2\92FC\X0\ - \X2\30B530C630F3\X0\',0.627450980392157,
0.627450980392157,0.627450980392157);
#3669=COLOUR_RGB('Opaque(128,128,128)',0.501960784313725,0.501960784313725,
0.501960784313725);
ENDSEC;
END-ISO-10303-21;
