ISO-10303-21;
HEADER;
/* Generated by software containing ST-Developer
 * from STEP Tools, Inc. (www.steptools.com) 
 */

FILE_DESCRIPTION(
/* description */ ('hip'),
/* implementation_level */ '2;1');

FILE_NAME(
/* name */ 'hip.step',
/* time_stamp */ '2026-09-20T22:15:20+09:00',
/* author */ (''),
/* organization */ (''),
/* preprocessor_version */ 'ST-DEVELOPER v20.2',
/* originating_system */ 'Autodesk Translation Framework v15.15.0.0',
/* authorisation */ '');

FILE_SCHEMA (('AUTOMOTIVE_DESIGN { 1 0 10303 214 3 1 1 }'));
ENDSEC;

DATA;
#10=MECHANICAL_DESIGN_GEOMETRIC_PRESENTATION_REPRESENTATION('',(#13),#3659);
#11=SHAPE_REPRESENTATION_RELATIONSHIP('SRR','None',#3666,#12);
#12=ADVANCED_BREP_SHAPE_REPRESENTATION('',(#14),#3658);
#13=STYLED_ITEM('',(#3676),#14);
#14=MANIFOLD_SOLID_BREP('\X2\30DC30C730A3\X0\11',#1610);
#15=(
BOUNDED_CURVE()
B_SPLINE_CURVE(2,(#3012,#3013,#3014),.UNSPECIFIED.,.F.,.F.)
B_SPLINE_CURVE_WITH_KNOTS((3,3),(3.89885416026595,4.04976145197309),
 .UNSPECIFIED.)
CURVE()
GEOMETRIC_REPRESENTATION_ITEM()
RATIONAL_B_SPLINE_CURVE((1.17580979427891,1.13855937592369,1.09816197767565))
REPRESENTATION_ITEM('')
);
#16=(
BOUNDED_CURVE()
B_SPLINE_CURVE(2,(#3016,#3017,#3018),.UNSPECIFIED.,.F.,.F.)
B_SPLINE_CURVE_WITH_KNOTS((3,3),(-0.465980698253075,-0.21112048739616),
 .UNSPECIFIED.)
CURVE()
GEOMETRIC_REPRESENTATION_ITEM()
RATIONAL_B_SPLINE_CURVE((1.00312565913957,1.00528002840216,1.00414281029415))
REPRESENTATION_ITEM('')
);
#17=(
BOUNDED_CURVE()
B_SPLINE_CURVE(2,(#3022,#3023,#3024),.UNSPECIFIED.,.F.,.F.)
B_SPLINE_CURVE_WITH_KNOTS((3,3),(0.21112048739616,0.465980698253075),
 .UNSPECIFIED.)
CURVE()
GEOMETRIC_REPRESENTATION_ITEM()
RATIONAL_B_SPLINE_CURVE((1.00414281029415,1.00528002840216,1.00312565913957))
REPRESENTATION_ITEM('')
);
#18=(
BOUNDED_CURVE()
B_SPLINE_CURVE(2,(#3028,#3029,#3030),.UNSPECIFIED.,.F.,.F.)
B_SPLINE_CURVE_WITH_KNOTS((3,3),(0.175404341815298,0.32631163352244),
 .UNSPECIFIED.)
CURVE()
GEOMETRIC_REPRESENTATION_ITEM()
RATIONAL_B_SPLINE_CURVE((1.09816197767565,1.13855937592368,1.17580979427891))
REPRESENTATION_ITEM('')
);
#19=CONICAL_SURFACE('',#1666,17.5,0.785398163397448);
#20=CONICAL_SURFACE('',#1668,17.5,0.785398163397448);
#21=ELLIPSE('',#1655,3.05193647190364,2.5);
#22=ELLIPSE('',#1656,3.05193647190364,2.5);
#23=ELLIPSE('',#1657,4.27271106066509,3.5);
#24=ELLIPSE('',#1658,3.05193647190364,2.5);
#25=ELLIPSE('',#1662,3.05193647190364,2.5);
#26=ELLIPSE('',#1663,3.05193647190364,2.5);
#27=ELLIPSE('',#1664,4.27271106066509,3.5);
#28=ELLIPSE('',#1665,3.05193647190364,2.5);
#29=ELLIPSE('',#1671,2.65787814403438,2.);
#30=ELLIPSE('',#1672,2.65787814403438,2.);
#31=ELLIPSE('',#1673,3.05193647190364,2.5);
#32=ELLIPSE('',#1674,3.05193647190364,2.5);
#33=ELLIPSE('',#1675,2.65787814403438,2.);
#34=ELLIPSE('',#1676,2.65787814403438,2.);
#35=ELLIPSE('',#1677,3.87376558505156,3.);
#36=ELLIPSE('',#1678,4.27271106066509,3.5);
#37=ELLIPSE('',#1683,3.05193647190364,2.5);
#38=ELLIPSE('',#1684,2.65787814403438,2.);
#39=ELLIPSE('',#1685,2.65787814403438,2.);
#40=ELLIPSE('',#1687,3.05193647190364,2.5);
#41=ELLIPSE('',#1688,2.65787814403438,2.);
#42=ELLIPSE('',#1690,2.65787814403438,2.);
#43=ELLIPSE('',#1693,3.87376558505156,3.);
#44=ELLIPSE('',#1694,4.27271106066509,3.5);
#45=(
BOUNDED_SURFACE()
B_SPLINE_SURFACE(3,2,((#2690,#2691,#2692),(#2693,#2694,#2695),(#2696,#2697,
#2698),(#2699,#2700,#2701),(#2702,#2703,#2704),(#2705,#2706,#2707),(#2708,
#2709,#2710),(#2711,#2712,#2713),(#2714,#2715,#2716),(#2717,#2718,#2719),
(#2720,#2721,#2722),(#2723,#2724,#2725),(#2726,#2727,#2728),(#2729,#2730,
#2731),(#2732,#2733,#2734),(#2735,#2736,#2737),(#2738,#2739,#2740),(#2741,
#2742,#2743)),.UNSPECIFIED.,.F.,.F.,.F.)
B_SPLINE_SURFACE_WITH_KNOTS((4,1,1,1,1,1,1,1,1,1,1,1,1,1,1,4),(3,3),(0.00928469835964776,
0.0107009421222545,0.0114090640035579,0.0117631249442096,0.0121171858848613,
0.0122942163551871,0.012471246825513,0.0128253077661647,0.0135334296474681,
0.0149496734100748,0.0163659171726816,0.0177821609352884,0.0191984046978951,
0.0199065265791985,0.0202605875198502,0.0206146484605019),(0.,1.0036317017586),
 .UNSPECIFIED.)
GEOMETRIC_REPRESENTATION_ITEM()
RATIONAL_B_SPLINE_SURFACE(((1.,0.897203209463478,1.00074665456994),(1.,
0.891946809488296,1.00078483392401),(1.,0.883247465779315,1.0008480207677),
(1.,0.871573108223084,1.00093281633744),(1.,0.86409082401252,1.00098716318689),
(1.,0.859770192720257,1.00101854567541),(1.,0.854782435189061,1.00105477377101),
(1.,0.856896302282928,1.00103941990132),(1.,0.856544196574213,1.00104197738717),
(1.,0.856089453505571,1.00104528036957),(1.,0.848749548531469,1.00109859306117),
(1.,0.83247176015253,1.00121682520654),(1.,0.808836642876687,1.00138849660049),
(1.,0.78301693186822,1.00157603558024),(1.,0.763765075883455,1.00171586957871),
(1.,0.752037850028969,1.00180104915223),(1.,0.747297678785387,1.00183547892871),
(1.,0.744980029991863,1.00185231294711)))
REPRESENTATION_ITEM('')
SURFACE()
);
#46=(
BOUNDED_SURFACE()
B_SPLINE_SURFACE(3,2,((#2756,#2757,#2758),(#2759,#2760,#2761),(#2762,#2763,
#2764),(#2765,#2766,#2767),(#2768,#2769,#2770),(#2771,#2772,#2773),(#2774,
#2775,#2776),(#2777,#2778,#2779),(#2780,#2781,#2782),(#2783,#2784,#2785),
(#2786,#2787,#2788),(#2789,#2790,#2791),(#2792,#2793,#2794),(#2795,#2796,
#2797),(#2798,#2799,#2800),(#2801,#2802,#2803),(#2804,#2805,#2806),(#2807,
#2808,#2809)),.UNSPECIFIED.,.F.,.F.,.F.)
B_SPLINE_SURFACE_WITH_KNOTS((4,1,1,1,1,1,1,1,1,1,1,1,1,1,1,4),(3,3),(0.00928469835964637,
0.010700942122253,0.0114090640035564,0.011763124944208,0.0121171858848597,
0.0122942163551855,0.0124712468255114,0.012825307766163,0.0135334296474663,
0.014949673410073,0.0163659171726797,0.0177821609352863,0.019198404697893,
0.0199065265791963,0.020260587519848,0.0214384492993786),(-0.00372475850712712,
1.0010686298349),.UNSPECIFIED.)
GEOMETRIC_REPRESENTATION_ITEM()
RATIONAL_B_SPLINE_SURFACE(((1.00076585744384,0.897083408550033,1.00021914235656),
(1.00080501871557,0.891820882691133,1.00023034795813),(1.00086983063337,
0.883111400633216,1.00024889323247),(1.00095680702232,0.871423437607307,
1.0002737806459),(1.00101255159401,0.863932433431022,1.00028973139092),
(1.00104474119468,0.859606766810616,1.00029894211937),(1.00108190102441,
0.854613196472345,1.00030957502856),(1.00106615227544,0.856729527098487,
1.00030506868343),(1.00106877553611,0.856377011040534,1.00030581930293),
(1.00107216346644,0.855921738007516,1.0003067887249),(1.00112684728324,
0.848573278998658,1.00032243594564),(1.00124812018811,0.83227652024228,
1.00035713696001),(1.00142420672162,0.808613858248106,1.00040752233946),
(1.00161656893225,0.782764056563257,1.00046256483919),(1.0017599992586,
0.763489764178197,1.00050360597547),(1.00189819107559,0.744919427250674,
1.0005431481653),(1.00195352568102,0.737483514697708,1.00055898160262),
(1.00203556911827,0.726458446023951,1.00058245750186)))
REPRESENTATION_ITEM('')
SURFACE()
);
#47=(
BOUNDED_SURFACE()
B_SPLINE_SURFACE(3,2,((#2810,#2811,#2812),(#2813,#2814,#2815),(#2816,#2817,
#2818),(#2819,#2820,#2821),(#2822,#2823,#2824)),.UNSPECIFIED.,.F.,.F.,.F.)
B_SPLINE_SURFACE_WITH_KNOTS((4,1,4),(3,3),(0.013171310593884,0.0172228183210454,
0.0213837163893504),(-0.000157419484310606,1.),.UNSPECIFIED.)
GEOMETRIC_REPRESENTATION_ITEM()
RATIONAL_B_SPLINE_SURFACE(((1.00003373180048,0.892860148085599,1.),(1.00002745437488,
0.912798676112447,1.),(1.00000990340614,0.968544535044322,1.),(1.00000119054523,
0.996218558232638,1.),(1.00000033490196,0.998936275371419,1.)))
REPRESENTATION_ITEM('')
SURFACE()
);
#48=(
BOUNDED_SURFACE()
B_SPLINE_SURFACE(3,2,((#2876,#2877,#2878),(#2879,#2880,#2881),(#2882,#2883,
#2884),(#2885,#2886,#2887),(#2888,#2889,#2890)),.UNSPECIFIED.,.F.,.F.,.F.)
B_SPLINE_SURFACE_WITH_KNOTS((4,1,4),(3,3),(0.000861158707224236,0.00510913394995845,
0.00916236938584681),(-0.000242789466981224,1.),.UNSPECIFIED.)
GEOMETRIC_REPRESENTATION_ITEM()
RATIONAL_B_SPLINE_SURFACE(((1.00000044234696,0.999089031811497,1.),(1.0000015588292,
0.996789751186664,1.),(1.00001499446042,0.969120447009227,1.),(1.00004234676739,
0.912791176817992,1.),(1.00005202929473,0.892851005086488,1.)))
REPRESENTATION_ITEM('')
SURFACE()
);
#49=(
BOUNDED_SURFACE()
B_SPLINE_SURFACE(3,2,((#3032,#3033,#3034),(#3035,#3036,#3037),(#3038,#3039,
#3040),(#3041,#3042,#3043),(#3044,#3045,#3046),(#3047,#3048,#3049),(#3050,
#3051,#3052)),.UNSPECIFIED.,.F.,.F.,.F.)
B_SPLINE_SURFACE_WITH_KNOTS((4,1,1,1,4),(3,3),(1.4646433800612,2.30305144050309,
3.14145950094499,3.97986756138689,4.81827562182879),(-0.00230481849539911,
1.00556897111921),.UNSPECIFIED.)
GEOMETRIC_REPRESENTATION_ITEM()
RATIONAL_B_SPLINE_SURFACE(((1.00145407163382,0.682797595463063,1.00352481301333),
(1.00118540722128,0.741406123192891,1.00287354398674),(1.0007014043304,
0.846990247948844,1.00170027325607),(1.00043239875163,0.905673200312299,
1.0010481772089),(1.00070123759723,0.847026620409618,1.00169986907842),
(1.00118516532641,0.74145889200487,1.00287295760974),(1.00145381563124,
0.682853441839733,1.00352419243785)))
REPRESENTATION_ITEM('')
SURFACE()
);
#50=(
BOUNDED_SURFACE()
B_SPLINE_SURFACE(3,2,((#3067,#3068,#3069),(#3070,#3071,#3072),(#3073,#3074,
#3075),(#3076,#3077,#3078),(#3079,#3080,#3081),(#3082,#3083,#3084),(#3085,
#3086,#3087)),.UNSPECIFIED.,.F.,.F.,.F.)
B_SPLINE_SURFACE_WITH_KNOTS((4,1,1,1,4),(3,3),(1.46490968535081,2.3033177457927,
3.1417258062346,3.9801338666765,4.8185419271184),(-0.00556897112204836,
1.00230481849455),.UNSPECIFIED.)
GEOMETRIC_REPRESENTATION_ITEM()
RATIONAL_B_SPLINE_SURFACE(((1.00352419243965,0.682853441839107,1.0014538156307),
(1.00287295761114,0.741458892010545,1.00118516532594),(1.00169986907933,
0.847026620406077,1.00070123759698),(1.00104817720942,0.905673200314179,
1.00043239875146),(1.001700273257,0.846990247943518,1.00070140433016),(1.0028735439881,
0.741406123202718,1.00118540722079),(1.00352481301514,0.682797595462437,
1.00145407163328)))
REPRESENTATION_ITEM('')
SURFACE()
);
#51=(
BOUNDED_SURFACE()
B_SPLINE_SURFACE(3,2,((#3125,#3126,#3127),(#3128,#3129,#3130),(#3131,#3132,
#3133),(#3134,#3135,#3136),(#3137,#3138,#3139),(#3140,#3141,#3142),(#3143,
#3144,#3145)),.UNSPECIFIED.,.F.,.F.,.F.)
B_SPLINE_SURFACE_WITH_KNOTS((4,1,1,1,4),(3,3),(5.43127585138202,5.8572305792808,
6.28318530717958,6.70914003507836,7.13509476297715),(0.,1.00012201071204),
 .UNSPECIFIED.)
GEOMETRIC_REPRESENTATION_ITEM()
RATIONAL_B_SPLINE_SURFACE(((1.,0.557742032911588,1.00010792041894),(1.,
0.530270666254997,1.00011462402095),(1.,0.481319199038036,1.00012656922769),
(1.,0.451864811681086,1.00013375672924),(1.,0.48131919903809,1.00012656922769),
(1.,0.530270666254872,1.00011462402095),(1.,0.557742032911588,1.00010792041894)))
REPRESENTATION_ITEM('')
SURFACE()
);
#52=(
BOUNDED_SURFACE()
B_SPLINE_SURFACE(3,2,((#3207,#3208,#3209),(#3210,#3211,#3212),(#3213,#3214,
#3215),(#3216,#3217,#3218),(#3219,#3220,#3221),(#3222,#3223,#3224),(#3225,
#3226,#3227)),.UNSPECIFIED.,.F.,.F.,.F.)
B_SPLINE_SURFACE_WITH_KNOTS((4,1,1,1,4),(3,3),(-9.00516339088855E-5,0.424335520014654,
0.848671040029308,1.27300656004396,1.69734208005862),(-9.00516339088855E-5,
1.00004675647655),.UNSPECIFIED.)
GEOMETRIC_REPRESENTATION_ITEM()
RATIONAL_B_SPLINE_SURFACE(((1.00009694956311,0.461674972863241,1.00005033582998),
(1.0000969503078,0.461670837848858,1.00005033621662),(1.00009344222637,
0.481149915111427,1.00004851483461),(1.00008030226845,0.554111236249412,
1.00004169262039),(1.00006392347093,0.6450566344167,1.00003318881345),(1.00005317554609,
0.704735881498825,1.00002760853336),(1.00004822637947,0.732216771223881,
1.00002503894561)))
REPRESENTATION_ITEM('')
SURFACE()
);
#53=(
BOUNDED_SURFACE()
B_SPLINE_SURFACE(3,2,((#3269,#3270,#3271),(#3272,#3273,#3274),(#3275,#3276,
#3277),(#3278,#3279,#3280),(#3281,#3282,#3283),(#3284,#3285,#3286),(#3287,
#3288,#3289)),.UNSPECIFIED.,.F.,.F.,.F.)
B_SPLINE_SURFACE_WITH_KNOTS((4,1,1,1,4),(3,3),(4.58584322712097,5.01017874713563,
5.43451426715028,5.85884978716493,6.28327535881342),(-9.00516338280067E-5,
1.00004675647631),.UNSPECIFIED.)
GEOMETRIC_REPRESENTATION_ITEM()
RATIONAL_B_SPLINE_SURFACE(((1.00004822637943,0.732216771223967,1.00002503894548),
(1.00005317554604,0.70473588149721,1.00002760853322),(1.00006392347087,
0.64505663441761,1.00003318881328),(1.00008030226837,0.554111236249341,
1.00004169262018),(1.00009344222629,0.481149915111659,1.00004851483436),
(1.00009695030772,0.461670837849034,1.00005033621637),(1.00009694956302,
0.461674972863413,1.00005033582973)))
REPRESENTATION_ITEM('')
SURFACE()
);
#54=(
BOUNDED_SURFACE()
B_SPLINE_SURFACE(3,2,((#3329,#3330,#3331),(#3332,#3333,#3334),(#3335,#3336,
#3337),(#3338,#3339,#3340),(#3341,#3342,#3343),(#3344,#3345,#3346),(#3347,
#3348,#3349)),.UNSPECIFIED.,.F.,.F.,.F.)
B_SPLINE_SURFACE_WITH_KNOTS((4,1,1,1,4),(3,3),(-9.00516339047635E-5,0.424335520014653,
0.848671040029305,1.27300656004396,1.69734208005861),(-4.6756476315912E-5,
1.00009005163391),.UNSPECIFIED.)
GEOMETRIC_REPRESENTATION_ITEM()
RATIONAL_B_SPLINE_SURFACE(((1.00005033582973,0.46167497286337,1.0000969495631),
(1.00005033621637,0.461670837848988,1.0000969503078),(1.00004851483437,
0.481149915111607,1.00009344222637),(1.00004169262018,0.554111236249321,
1.00008030226844),(1.00003318881329,0.645056634417529,1.00006392347092),
(1.00002760853322,0.704735881497294,1.00005317554608),(1.00002503894548,
0.732216771223945,1.00004822637947)))
REPRESENTATION_ITEM('')
SURFACE()
);
#55=(
BOUNDED_SURFACE()
B_SPLINE_SURFACE(3,2,((#3355,#3356,#3357),(#3358,#3359,#3360),(#3361,#3362,
#3363),(#3364,#3365,#3366),(#3367,#3368,#3369),(#3370,#3371,#3372),(#3373,
#3374,#3375)),.UNSPECIFIED.,.F.,.F.,.F.)
B_SPLINE_SURFACE_WITH_KNOTS((4,1,1,1,4),(3,3),(4.58584322712097,5.01017874713563,
5.43451426715028,5.85884978716493,6.28327535881342),(-4.67564763028273E-5,
1.00009005163383),.UNSPECIFIED.)
GEOMETRIC_REPRESENTATION_ITEM()
RATIONAL_B_SPLINE_SURFACE(((1.00002503894548,0.732216771223968,1.00004822637943),
(1.00002760853321,0.704735881497212,1.00005317554604),(1.00003318881328,
0.645056634417613,1.00006392347087),(1.00004169262017,0.554111236249343,
1.00008030226838),(1.00004851483435,0.481149915111662,1.00009344222629),
(1.00005033621636,0.461670837849037,1.00009695030772),(1.00005033582971,
0.461674972863416,1.00009694956302)))
REPRESENTATION_ITEM('')
SURFACE()
);
#56=(
BOUNDED_SURFACE()
B_SPLINE_SURFACE(3,2,((#3429,#3430,#3431),(#3432,#3433,#3434),(#3435,#3436,
#3437),(#3438,#3439,#3440),(#3441,#3442,#3443),(#3444,#3445,#3446),(#3447,
#3448,#3449)),.UNSPECIFIED.,.F.,.F.,.F.)
B_SPLINE_SURFACE_WITH_KNOTS((4,1,1,1,4),(3,3),(5.43127585138202,5.8572305792808,
6.28318530717958,6.70914003507836,7.13509476297715),(-0.000122010712040748,
1.),.UNSPECIFIED.)
GEOMETRIC_REPRESENTATION_ITEM()
RATIONAL_B_SPLINE_SURFACE(((1.00010792041894,0.557742032911588,1.),(1.00011462402095,
0.530270666254997,1.),(1.00012656922769,0.481319199038036,1.),(1.00013375672924,
0.451864811681086,1.),(1.00012656922769,0.48131919903809,1.),(1.00011462402095,
0.530270666254872,1.),(1.00010792041894,0.557742032911588,1.)))
REPRESENTATION_ITEM('')
SURFACE()
);
#57=FACE_BOUND('',#278,.T.);
#58=FACE_BOUND('',#279,.T.);
#59=FACE_BOUND('',#280,.T.);
#60=FACE_BOUND('',#281,.T.);
#61=FACE_BOUND('',#282,.T.);
#62=FACE_BOUND('',#284,.T.);
#63=FACE_BOUND('',#285,.T.);
#64=FACE_BOUND('',#286,.T.);
#65=FACE_BOUND('',#287,.T.);
#66=FACE_BOUND('',#288,.T.);
#67=FACE_BOUND('',#321,.T.);
#68=FACE_BOUND('',#323,.T.);
#69=FACE_BOUND('',#325,.T.);
#70=FACE_BOUND('',#327,.T.);
#71=FACE_BOUND('',#337,.T.);
#72=FACE_BOUND('',#338,.T.);
#73=FACE_BOUND('',#339,.T.);
#74=FACE_BOUND('',#340,.T.);
#75=FACE_BOUND('',#341,.T.);
#76=FACE_BOUND('',#344,.T.);
#77=FACE_BOUND('',#347,.T.);
#78=FACE_BOUND('',#360,.T.);
#79=FACE_BOUND('',#363,.T.);
#80=FACE_BOUND('',#364,.T.);
#81=FACE_BOUND('',#365,.T.);
#82=FACE_BOUND('',#366,.T.);
#83=FACE_BOUND('',#367,.T.);
#84=FACE_BOUND('',#378,.T.);
#85=FACE_BOUND('',#379,.T.);
#86=FACE_BOUND('',#380,.T.);
#87=FACE_BOUND('',#381,.T.);
#88=FACE_BOUND('',#382,.T.);
#89=CIRCLE('',#1626,9.);
#90=CIRCLE('',#1627,9.);
#91=CIRCLE('',#1629,3.);
#92=CIRCLE('',#1630,3.);
#93=CIRCLE('',#1632,1.);
#94=CIRCLE('',#1633,1.);
#95=CIRCLE('',#1635,1.);
#96=CIRCLE('',#1636,1.);
#97=CIRCLE('',#1638,1.);
#98=CIRCLE('',#1639,1.);
#99=CIRCLE('',#1641,1.);
#100=CIRCLE('',#1642,1.);
#101=CIRCLE('',#1649,15.75);
#102=CIRCLE('',#1650,2.);
#103=CIRCLE('',#1651,2.);
#104=CIRCLE('',#1660,19.0429070009635);
#105=CIRCLE('',#1667,17.5);
#106=CIRCLE('',#1669,15.75);
#107=CIRCLE('',#1670,17.5);
#108=CIRCLE('',#1680,0.5);
#109=CIRCLE('',#1682,0.5);
#110=CIRCLE('',#1686,0.5);
#111=CIRCLE('',#1689,0.5);
#112=CIRCLE('',#1696,2.);
#113=CIRCLE('',#1697,1.);
#114=CIRCLE('',#1699,2.);
#115=CIRCLE('',#1700,1.);
#116=CIRCLE('',#1702,2.);
#117=CIRCLE('',#1703,3.);
#118=CIRCLE('',#1704,1.);
#119=CIRCLE('',#1706,2.);
#120=CIRCLE('',#1707,3.);
#121=CIRCLE('',#1708,3.);
#122=CIRCLE('',#1709,1.);
#123=CIRCLE('',#1711,2.);
#124=CIRCLE('',#1712,2.);
#125=CIRCLE('',#1721,9.);
#126=CIRCLE('',#1722,3.);
#127=CIRCLE('',#1723,1.);
#128=CIRCLE('',#1724,1.);
#129=CIRCLE('',#1725,1.);
#130=CIRCLE('',#1726,1.);
#131=CIRCLE('',#1728,9.);
#132=CIRCLE('',#1730,10.1);
#133=CIRCLE('',#1732,15.);
#134=CIRCLE('',#1733,15.);
#135=CIRCLE('',#1735,10.1);
#136=CIRCLE('',#1737,17.5);
#137=CIRCLE('',#1751,9.);
#138=CIRCLE('',#1752,3.);
#139=CIRCLE('',#1753,1.);
#140=CIRCLE('',#1754,1.);
#141=CIRCLE('',#1755,1.);
#142=CIRCLE('',#1756,1.);
#143=CIRCLE('',#1761,9.);
#144=CIRCLE('',#1763,1.);
#145=CIRCLE('',#1765,1.);
#146=CIRCLE('',#1767,1.);
#147=CIRCLE('',#1769,3.);
#148=CIRCLE('',#1771,1.);
#149=CYLINDRICAL_SURFACE('',#1625,9.);
#150=CYLINDRICAL_SURFACE('',#1628,3.);
#151=CYLINDRICAL_SURFACE('',#1631,1.);
#152=CYLINDRICAL_SURFACE('',#1634,1.);
#153=CYLINDRICAL_SURFACE('',#1637,1.);
#154=CYLINDRICAL_SURFACE('',#1640,1.);
#155=CYLINDRICAL_SURFACE('',#1679,0.5);
#156=CYLINDRICAL_SURFACE('',#1681,0.5);
#157=CYLINDRICAL_SURFACE('',#1691,0.5);
#158=CYLINDRICAL_SURFACE('',#1692,0.5);
#159=CYLINDRICAL_SURFACE('',#1710,2.);
#160=CYLINDRICAL_SURFACE('',#1713,2.);
#161=CYLINDRICAL_SURFACE('',#1716,2.);
#162=CYLINDRICAL_SURFACE('',#1717,2.);
#163=CYLINDRICAL_SURFACE('',#1727,9.);
#164=CYLINDRICAL_SURFACE('',#1731,15.);
#165=CYLINDRICAL_SURFACE('',#1736,17.5);
#166=CYLINDRICAL_SURFACE('',#1740,19.0429070009635);
#167=CYLINDRICAL_SURFACE('',#1741,10.1);
#168=CYLINDRICAL_SURFACE('',#1742,3.);
#169=CYLINDRICAL_SURFACE('',#1743,1.);
#170=CYLINDRICAL_SURFACE('',#1744,1.);
#171=CYLINDRICAL_SURFACE('',#1745,1.);
#172=CYLINDRICAL_SURFACE('',#1746,1.);
#173=CYLINDRICAL_SURFACE('',#1760,9.);
#174=CYLINDRICAL_SURFACE('',#1762,1.);
#175=CYLINDRICAL_SURFACE('',#1764,1.);
#176=CYLINDRICAL_SURFACE('',#1766,1.);
#177=CYLINDRICAL_SURFACE('',#1768,3.);
#178=CYLINDRICAL_SURFACE('',#1770,1.);
#179=B_SPLINE_SURFACE_WITH_KNOTS('',3,1,((#2197,#2198),(#2199,#2200),(#2201,
#2202),(#2203,#2204),(#2205,#2206),(#2207,#2208),(#2209,#2210),(#2211,#2212),
(#2213,#2214),(#2215,#2216)),.UNSPECIFIED.,.F.,.F.,.F.,(4,3,3,4),(2,2),
(0.,1.,1.14442899125445,1.17510759887253),(0.,1.),.UNSPECIFIED.);
#180=B_SPLINE_SURFACE_WITH_KNOTS('',3,3,((#2340,#2341,#2342,#2343),(#2344,
#2345,#2346,#2347),(#2348,#2349,#2350,#2351),(#2352,#2353,#2354,#2355),
(#2356,#2357,#2358,#2359),(#2360,#2361,#2362,#2363),(#2364,#2365,#2366,
#2367),(#2368,#2369,#2370,#2371),(#2372,#2373,#2374,#2375),(#2376,#2377,
#2378,#2379)),.UNSPECIFIED.,.F.,.F.,.F.,(4,2,2,2,4),(4,4),(0.,0.25,0.5,
0.75,1.),(0.,1.00600001655564),.UNSPECIFIED.);
#181=B_SPLINE_SURFACE_WITH_KNOTS('',3,1,((#2405,#2406),(#2407,#2408),(#2409,
#2410),(#2411,#2412),(#2413,#2414),(#2415,#2416),(#2417,#2418),(#2419,#2420),
(#2421,#2422),(#2423,#2424)),.UNSPECIFIED.,.F.,.F.,.F.,(4,3,3,4),(2,2),
(-0.175107598872527,-0.144428991254469,0.,1.),(0.,1.),.UNSPECIFIED.);
#182=B_SPLINE_SURFACE_WITH_KNOTS('',3,1,((#2447,#2448),(#2449,#2450),(#2451,
#2452),(#2453,#2454),(#2455,#2456),(#2457,#2458),(#2459,#2460),(#2461,#2462),
(#2463,#2464),(#2465,#2466),(#2467,#2468),(#2469,#2470),(#2471,#2472),(#2473,
#2474),(#2475,#2476),(#2477,#2478),(#2479,#2480),(#2481,#2482)),
 .UNSPECIFIED.,.F.,.F.,.F.,(4,2,2,2,2,2,2,2,4),(2,2),(0.,0.125,0.25,0.375,
0.5,0.625,0.75,0.875,1.),(0.117957276541134,0.992572089066373),
 .UNSPECIFIED.);
#183=B_SPLINE_SURFACE_WITH_KNOTS('',3,1,((#2558,#2559),(#2560,#2561),(#2562,
#2563),(#2564,#2565),(#2566,#2567),(#2568,#2569),(#2570,#2571),(#2572,#2573),
(#2574,#2575),(#2576,#2577),(#2578,#2579),(#2580,#2581),(#2582,#2583),(#2584,
#2585),(#2586,#2587),(#2588,#2589),(#2590,#2591),(#2592,#2593)),
 .UNSPECIFIED.,.F.,.F.,.F.,(4,2,2,2,2,2,2,2,4),(2,2),(0.,0.125,0.25,0.375,
0.5,0.625,0.75,0.875,1.),(0.117957323494642,0.992572088786332),
 .UNSPECIFIED.);
#184=FACE_OUTER_BOUND('',#269,.T.);
#185=FACE_OUTER_BOUND('',#270,.T.);
#186=FACE_OUTER_BOUND('',#271,.T.);
#187=FACE_OUTER_BOUND('',#272,.T.);
#188=FACE_OUTER_BOUND('',#273,.T.);
#189=FACE_OUTER_BOUND('',#274,.T.);
#190=FACE_OUTER_BOUND('',#275,.T.);
#191=FACE_OUTER_BOUND('',#276,.T.);
#192=FACE_OUTER_BOUND('',#277,.T.);
#193=FACE_OUTER_BOUND('',#283,.T.);
#194=FACE_OUTER_BOUND('',#289,.T.);
#195=FACE_OUTER_BOUND('',#290,.T.);
#196=FACE_OUTER_BOUND('',#291,.T.);
#197=FACE_OUTER_BOUND('',#292,.T.);
#198=FACE_OUTER_BOUND('',#293,.T.);
#199=FACE_OUTER_BOUND('',#294,.T.);
#200=FACE_OUTER_BOUND('',#295,.T.);
#201=FACE_OUTER_BOUND('',#296,.T.);
#202=FACE_OUTER_BOUND('',#297,.T.);
#203=FACE_OUTER_BOUND('',#298,.T.);
#204=FACE_OUTER_BOUND('',#299,.T.);
#205=FACE_OUTER_BOUND('',#300,.T.);
#206=FACE_OUTER_BOUND('',#301,.T.);
#207=FACE_OUTER_BOUND('',#302,.T.);
#208=FACE_OUTER_BOUND('',#303,.T.);
#209=FACE_OUTER_BOUND('',#304,.T.);
#210=FACE_OUTER_BOUND('',#305,.T.);
#211=FACE_OUTER_BOUND('',#306,.T.);
#212=FACE_OUTER_BOUND('',#307,.T.);
#213=FACE_OUTER_BOUND('',#308,.T.);
#214=FACE_OUTER_BOUND('',#309,.T.);
#215=FACE_OUTER_BOUND('',#310,.T.);
#216=FACE_OUTER_BOUND('',#311,.T.);
#217=FACE_OUTER_BOUND('',#312,.T.);
#218=FACE_OUTER_BOUND('',#313,.T.);
#219=FACE_OUTER_BOUND('',#314,.T.);
#220=FACE_OUTER_BOUND('',#315,.T.);
#221=FACE_OUTER_BOUND('',#316,.T.);
#222=FACE_OUTER_BOUND('',#317,.T.);
#223=FACE_OUTER_BOUND('',#318,.T.);
#224=FACE_OUTER_BOUND('',#319,.T.);
#225=FACE_OUTER_BOUND('',#320,.T.);
#226=FACE_OUTER_BOUND('',#322,.T.);
#227=FACE_OUTER_BOUND('',#324,.T.);
#228=FACE_OUTER_BOUND('',#326,.T.);
#229=FACE_OUTER_BOUND('',#328,.T.);
#230=FACE_OUTER_BOUND('',#329,.T.);
#231=FACE_OUTER_BOUND('',#330,.T.);
#232=FACE_OUTER_BOUND('',#331,.T.);
#233=FACE_OUTER_BOUND('',#332,.T.);
#234=FACE_OUTER_BOUND('',#333,.T.);
#235=FACE_OUTER_BOUND('',#334,.T.);
#236=FACE_OUTER_BOUND('',#335,.T.);
#237=FACE_OUTER_BOUND('',#336,.T.);
#238=FACE_OUTER_BOUND('',#342,.T.);
#239=FACE_OUTER_BOUND('',#343,.T.);
#240=FACE_OUTER_BOUND('',#345,.T.);
#241=FACE_OUTER_BOUND('',#346,.T.);
#242=FACE_OUTER_BOUND('',#348,.T.);
#243=FACE_OUTER_BOUND('',#349,.T.);
#244=FACE_OUTER_BOUND('',#350,.T.);
#245=FACE_OUTER_BOUND('',#351,.T.);
#246=FACE_OUTER_BOUND('',#352,.T.);
#247=FACE_OUTER_BOUND('',#353,.T.);
#248=FACE_OUTER_BOUND('',#354,.T.);
#249=FACE_OUTER_BOUND('',#355,.T.);
#250=FACE_OUTER_BOUND('',#356,.T.);
#251=FACE_OUTER_BOUND('',#357,.T.);
#252=FACE_OUTER_BOUND('',#358,.T.);
#253=FACE_OUTER_BOUND('',#359,.T.);
#254=FACE_OUTER_BOUND('',#361,.T.);
#255=FACE_OUTER_BOUND('',#362,.T.);
#256=FACE_OUTER_BOUND('',#368,.T.);
#257=FACE_OUTER_BOUND('',#369,.T.);
#258=FACE_OUTER_BOUND('',#370,.T.);
#259=FACE_OUTER_BOUND('',#371,.T.);
#260=FACE_OUTER_BOUND('',#372,.T.);
#261=FACE_OUTER_BOUND('',#373,.T.);
#262=FACE_OUTER_BOUND('',#374,.T.);
#263=FACE_OUTER_BOUND('',#375,.T.);
#264=FACE_OUTER_BOUND('',#376,.T.);
#265=FACE_OUTER_BOUND('',#377,.T.);
#266=FACE_OUTER_BOUND('',#383,.T.);
#267=FACE_OUTER_BOUND('',#384,.T.);
#268=FACE_OUTER_BOUND('',#385,.T.);
#269=EDGE_LOOP('',(#1021,#1022,#1023));
#270=EDGE_LOOP('',(#1024,#1025,#1026,#1027,#1028,#1029,#1030));
#271=EDGE_LOOP('',(#1031,#1032,#1033,#1034));
#272=EDGE_LOOP('',(#1035,#1036,#1037,#1038));
#273=EDGE_LOOP('',(#1039,#1040,#1041,#1042));
#274=EDGE_LOOP('',(#1043,#1044,#1045,#1046));
#275=EDGE_LOOP('',(#1047,#1048,#1049,#1050));
#276=EDGE_LOOP('',(#1051,#1052,#1053,#1054));
#277=EDGE_LOOP('',(#1055,#1056,#1057,#1058));
#278=EDGE_LOOP('',(#1059));
#279=EDGE_LOOP('',(#1060));
#280=EDGE_LOOP('',(#1061));
#281=EDGE_LOOP('',(#1062));
#282=EDGE_LOOP('',(#1063));
#283=EDGE_LOOP('',(#1064,#1065,#1066,#1067,#1068));
#284=EDGE_LOOP('',(#1069));
#285=EDGE_LOOP('',(#1070));
#286=EDGE_LOOP('',(#1071));
#287=EDGE_LOOP('',(#1072));
#288=EDGE_LOOP('',(#1073));
#289=EDGE_LOOP('',(#1074,#1075,#1076,#1077,#1078));
#290=EDGE_LOOP('',(#1079,#1080,#1081,#1082,#1083));
#291=EDGE_LOOP('',(#1084,#1085,#1086,#1087,#1088,#1089,#1090));
#292=EDGE_LOOP('',(#1091,#1092,#1093,#1094,#1095,#1096,#1097));
#293=EDGE_LOOP('',(#1098,#1099,#1100,#1101));
#294=EDGE_LOOP('',(#1102,#1103,#1104,#1105));
#295=EDGE_LOOP('',(#1106,#1107,#1108,#1109,#1110));
#296=EDGE_LOOP('',(#1111,#1112,#1113,#1114,#1115));
#297=EDGE_LOOP('',(#1116,#1117,#1118,#1119,#1120));
#298=EDGE_LOOP('',(#1121,#1122,#1123,#1124,#1125));
#299=EDGE_LOOP('',(#1126,#1127,#1128));
#300=EDGE_LOOP('',(#1129,#1130,#1131,#1132,#1133,#1134,#1135,#1136,#1137,
#1138,#1139,#1140,#1141));
#301=EDGE_LOOP('',(#1142,#1143,#1144,#1145,#1146));
#302=EDGE_LOOP('',(#1147,#1148,#1149,#1150,#1151));
#303=EDGE_LOOP('',(#1152,#1153,#1154,#1155,#1156,#1157,#1158,#1159));
#304=EDGE_LOOP('',(#1160,#1161,#1162,#1163,#1164));
#305=EDGE_LOOP('',(#1165,#1166,#1167,#1168,#1169,#1170,#1171,#1172));
#306=EDGE_LOOP('',(#1173,#1174,#1175,#1176));
#307=EDGE_LOOP('',(#1177,#1178,#1179,#1180));
#308=EDGE_LOOP('',(#1181,#1182,#1183,#1184,#1185,#1186,#1187,#1188));
#309=EDGE_LOOP('',(#1189,#1190,#1191,#1192,#1193,#1194,#1195,#1196));
#310=EDGE_LOOP('',(#1197,#1198,#1199,#1200,#1201));
#311=EDGE_LOOP('',(#1202,#1203,#1204,#1205,#1206));
#312=EDGE_LOOP('',(#1207,#1208,#1209,#1210,#1211));
#313=EDGE_LOOP('',(#1212,#1213,#1214,#1215));
#314=EDGE_LOOP('',(#1216,#1217,#1218,#1219,#1220));
#315=EDGE_LOOP('',(#1221,#1222,#1223,#1224));
#316=EDGE_LOOP('',(#1225,#1226,#1227,#1228,#1229));
#317=EDGE_LOOP('',(#1230,#1231,#1232,#1233,#1234));
#318=EDGE_LOOP('',(#1235,#1236,#1237,#1238,#1239));
#319=EDGE_LOOP('',(#1240,#1241,#1242,#1243,#1244));
#320=EDGE_LOOP('',(#1245));
#321=EDGE_LOOP('',(#1246));
#322=EDGE_LOOP('',(#1247));
#323=EDGE_LOOP('',(#1248));
#324=EDGE_LOOP('',(#1249,#1250,#1251,#1252));
#325=EDGE_LOOP('',(#1253));
#326=EDGE_LOOP('',(#1254,#1255,#1256,#1257,#1258));
#327=EDGE_LOOP('',(#1259));
#328=EDGE_LOOP('',(#1260,#1261,#1262,#1263,#1264,#1265,#1266,#1267,#1268));
#329=EDGE_LOOP('',(#1269,#1270,#1271,#1272,#1273,#1274,#1275,#1276,#1277));
#330=EDGE_LOOP('',(#1278,#1279,#1280,#1281));
#331=EDGE_LOOP('',(#1282,#1283,#1284,#1285));
#332=EDGE_LOOP('',(#1286,#1287,#1288,#1289,#1290));
#333=EDGE_LOOP('',(#1291,#1292,#1293,#1294,#1295));
#334=EDGE_LOOP('',(#1296,#1297,#1298,#1299));
#335=EDGE_LOOP('',(#1300,#1301,#1302,#1303));
#336=EDGE_LOOP('',(#1304));
#337=EDGE_LOOP('',(#1305));
#338=EDGE_LOOP('',(#1306));
#339=EDGE_LOOP('',(#1307));
#340=EDGE_LOOP('',(#1308));
#341=EDGE_LOOP('',(#1309));
#342=EDGE_LOOP('',(#1310,#1311,#1312,#1313));
#343=EDGE_LOOP('',(#1314));
#344=EDGE_LOOP('',(#1315));
#345=EDGE_LOOP('',(#1316,#1317,#1318,#1319));
#346=EDGE_LOOP('',(#1320));
#347=EDGE_LOOP('',(#1321));
#348=EDGE_LOOP('',(#1322,#1323,#1324,#1325,#1326,#1327,#1328,#1329));
#349=EDGE_LOOP('',(#1330,#1331,#1332,#1333,#1334));
#350=EDGE_LOOP('',(#1335,#1336,#1337,#1338,#1339));
#351=EDGE_LOOP('',(#1340,#1341,#1342,#1343));
#352=EDGE_LOOP('',(#1344,#1345,#1346,#1347));
#353=EDGE_LOOP('',(#1348,#1349,#1350,#1351,#1352,#1353,#1354,#1355,#1356,
#1357,#1358,#1359,#1360,#1361,#1362,#1363));
#354=EDGE_LOOP('',(#1364,#1365,#1366,#1367));
#355=EDGE_LOOP('',(#1368,#1369,#1370,#1371));
#356=EDGE_LOOP('',(#1372,#1373,#1374,#1375));
#357=EDGE_LOOP('',(#1376,#1377,#1378,#1379));
#358=EDGE_LOOP('',(#1380,#1381,#1382,#1383,#1384,#1385,#1386,#1387,#1388));
#359=EDGE_LOOP('',(#1389,#1390,#1391,#1392));
#360=EDGE_LOOP('',(#1393));
#361=EDGE_LOOP('',(#1394,#1395,#1396,#1397,#1398,#1399,#1400,#1401,#1402));
#362=EDGE_LOOP('',(#1403,#1404,#1405,#1406,#1407,#1408,#1409));
#363=EDGE_LOOP('',(#1410));
#364=EDGE_LOOP('',(#1411));
#365=EDGE_LOOP('',(#1412));
#366=EDGE_LOOP('',(#1413));
#367=EDGE_LOOP('',(#1414));
#368=EDGE_LOOP('',(#1415,#1416,#1417,#1418,#1419,#1420,#1421,#1422,#1423,
#1424,#1425,#1426,#1427));
#369=EDGE_LOOP('',(#1428,#1429,#1430,#1431,#1432,#1433,#1434,#1435));
#370=EDGE_LOOP('',(#1436,#1437,#1438,#1439,#1440,#1441,#1442,#1443));
#371=EDGE_LOOP('',(#1444,#1445,#1446,#1447));
#372=EDGE_LOOP('',(#1448,#1449,#1450,#1451));
#373=EDGE_LOOP('',(#1452,#1453,#1454,#1455));
#374=EDGE_LOOP('',(#1456,#1457,#1458,#1459));
#375=EDGE_LOOP('',(#1460,#1461,#1462,#1463));
#376=EDGE_LOOP('',(#1464,#1465,#1466,#1467));
#377=EDGE_LOOP('',(#1468,#1469,#1470,#1471));
#378=EDGE_LOOP('',(#1472));
#379=EDGE_LOOP('',(#1473));
#380=EDGE_LOOP('',(#1474));
#381=EDGE_LOOP('',(#1475));
#382=EDGE_LOOP('',(#1476));
#383=EDGE_LOOP('',(#1477,#1478,#1479,#1480));
#384=EDGE_LOOP('',(#1481,#1482,#1483,#1484));
#385=EDGE_LOOP('',(#1485,#1486,#1487,#1488));
#386=B_SPLINE_CURVE_WITH_KNOTS('',3,(#2191,#2192,#2193,#2194,#2195,#2196),
 .UNSPECIFIED.,.F.,.F.,(4,2,4),(-0.102879812010826,-0.051513982868608,0.),
 .UNSPECIFIED.);
#387=B_SPLINE_CURVE_WITH_KNOTS('',3,(#2218,#2219,#2220,#2221),
 .UNSPECIFIED.,.F.,.F.,(4,4),(0.,0.156898819028384),.UNSPECIFIED.);
#388=B_SPLINE_CURVE_WITH_KNOTS('',3,(#2227,#2228,#2229,#2230,#2231,#2232),
 .UNSPECIFIED.,.F.,.F.,(4,2,4),(2.20049314187441E-7,0.0764914318967189,
0.176461155848704),.UNSPECIFIED.);
#389=B_SPLINE_CURVE_WITH_KNOTS('',3,(#2235,#2236,#2237,#2238,#2239,#2240),
 .UNSPECIFIED.,.F.,.F.,(4,2,4),(0.,0.0416640184740529,0.0834571650286351),
 .UNSPECIFIED.);
#390=B_SPLINE_CURVE_WITH_KNOTS('',3,(#2283,#2284,#2285,#2286,#2287,#2288,
#2289,#2290,#2291,#2292,#2293,#2294,#2295,#2296),.UNSPECIFIED.,.F.,.F.,
(4,2,2,2,2,2,4),(0.,0.340439222580751,0.68144224278564,1.07972157169472,
1.47800098448243,1.81900534418972,2.15944582651696),.UNSPECIFIED.);
#391=B_SPLINE_CURVE_WITH_KNOTS('',3,(#2302,#2303,#2304,#2305,#2306,#2307,
#2308,#2309,#2310,#2311),.UNSPECIFIED.,.F.,.F.,(4,1,1,1,1,1,1,4),(1.68259774586868E-10,
0.00139997583501895,0.00279995167003789,0.00419992750505684,0.00559990334007578,
0.00699987917509473,0.00839985501011368,0.0111998044661846),
 .UNSPECIFIED.);
#392=B_SPLINE_CURVE_WITH_KNOTS('',3,(#2313,#2314,#2315,#2316,#2317,#2318,
#2319,#2320,#2321,#2322),.UNSPECIFIED.,.F.,.F.,(4,1,1,1,1,1,1,4),(2.21372299663393E-9,
0.00279964225061263,0.00419946337591894,0.00559928450122525,0.00699910562653157,
0.00839892675183788,0.00979874787714419,0.0111985688342133),
 .UNSPECIFIED.);
#393=B_SPLINE_CURVE_WITH_KNOTS('',3,(#2327,#2328,#2329,#2330,#2331,#2332),
 .UNSPECIFIED.,.F.,.F.,(4,2,4),(-0.213393788574474,-0.106670094925623,0.),
 .UNSPECIFIED.);
#394=B_SPLINE_CURVE_WITH_KNOTS('',3,(#2334,#2335,#2336,#2337,#2338,#2339),
 .UNSPECIFIED.,.F.,.F.,(4,2,4),(-0.212543038927147,-0.106290577564954,-1.42960255124259E-6),
 .UNSPECIFIED.);
#395=B_SPLINE_CURVE_WITH_KNOTS('',3,(#2382,#2383,#2384,#2385),
 .UNSPECIFIED.,.F.,.F.,(4,4),(0.,0.0399078772990036),.UNSPECIFIED.);
#396=B_SPLINE_CURVE_WITH_KNOTS('',3,(#2388,#2389,#2390,#2391),
 .UNSPECIFIED.,.F.,.F.,(4,4),(1.44916093069463,1.4908747985214),
 .UNSPECIFIED.);
#397=B_SPLINE_CURVE_WITH_KNOTS('',3,(#2393,#2394,#2395,#2396,#2397,#2398),
 .UNSPECIFIED.,.F.,.F.,(4,2,4),(0.270183993975087,0.633368792332438,1.82467734531129),
 .UNSPECIFIED.);
#398=B_SPLINE_CURVE_WITH_KNOTS('',3,(#2399,#2400,#2401,#2402,#2403,#2404),
 .UNSPECIFIED.,.F.,.F.,(4,2,4),(0.0539218701350143,0.419114743806602,0.983728589828979),
 .UNSPECIFIED.);
#399=B_SPLINE_CURVE_WITH_KNOTS('',3,(#2426,#2427,#2428,#2429),
 .UNSPECIFIED.,.F.,.F.,(4,4),(0.,0.158141528990391),.UNSPECIFIED.);
#400=B_SPLINE_CURVE_WITH_KNOTS('',3,(#2433,#2434,#2435,#2436,#2437,#2438),
 .UNSPECIFIED.,.F.,.F.,(4,2,4),(0.,0.041681259117931,0.0832267023049786),
 .UNSPECIFIED.);
#401=B_SPLINE_CURVE_WITH_KNOTS('',3,(#2441,#2442,#2443,#2444,#2445,#2446),
 .UNSPECIFIED.,.F.,.F.,(4,2,4),(0.,0.0548994216107115,0.0972730836920599),
 .UNSPECIFIED.);
#402=B_SPLINE_CURVE_WITH_KNOTS('',3,(#2484,#2485,#2486,#2487,#2488),
 .UNSPECIFIED.,.F.,.F.,(4,1,4),(-6.00000000204046E-8,0.00385139905680966,
0.00770285811361935),.UNSPECIFIED.);
#403=B_SPLINE_CURVE_WITH_KNOTS('',3,(#2491,#2492,#2493,#2494,#2495,#2496,
#2497,#2498,#2499,#2500,#2501,#2502,#2503,#2504,#2505,#2506,#2507,#2508,
#2509,#2510,#2511,#2512,#2513,#2514,#2515,#2516,#2517,#2518,#2519,#2520,
#2521,#2522,#2523,#2524,#2525,#2526,#2527,#2528,#2529,#2530,#2531,#2532,
#2533,#2534,#2535,#2536,#2537,#2538,#2539,#2540,#2541,#2542,#2543,#2544,
#2545,#2546,#2547,#2548,#2549,#2550,#2551,#2552,#2553,#2554,#2555,#2556,
#2557),.UNSPECIFIED.,.F.,.F.,(4,3,3,3,3,3,3,3,3,3,3,3,3,3,3,3,3,3,3,3,3,
3,4),(-3.30569448567915E-8,0.000524370152268289,0.00103846908032811,0.00125380115257789,
0.00175663663029204,0.00225242834093212,0.00250262033049331,0.00251759419497494,
0.00315826734654574,0.00379894049811655,0.00441247990881016,0.00500530066098661,
0.00508461058708083,0.00573410589377204,0.0063602202944786,0.00698703061454876,
0.00761384093461893,0.00819184945291591,0.00874966610094613,0.00883357277480924,
0.00937268554332438,0.00989486994482136,0.0100106613219732),
 .UNSPECIFIED.);
#404=B_SPLINE_CURVE_WITH_KNOTS('',3,(#2594,#2595,#2596,#2597,#2598),
 .UNSPECIFIED.,.F.,.F.,(4,1,4),(-6.00000000004889E-8,0.00385174185729518,
0.00770354371459035),.UNSPECIFIED.);
#405=B_SPLINE_CURVE_WITH_KNOTS('',3,(#2599,#2600,#2601,#2602,#2603,#2604,
#2605,#2606,#2607,#2608,#2609,#2610,#2611,#2612,#2613,#2614,#2615,#2616,
#2617,#2618,#2619,#2620,#2621,#2622,#2623,#2624,#2625,#2626,#2627,#2628,
#2629,#2630,#2631,#2632,#2633,#2634,#2635,#2636,#2637,#2638,#2639,#2640,
#2641,#2642,#2643,#2644,#2645,#2646,#2647,#2648,#2649,#2650,#2651,#2652,
#2653,#2654,#2655,#2656,#2657,#2658,#2659,#2660,#2661,#2662,#2663,#2664,
#2665,#2666,#2667,#2668,#2669,#2670,#2671,#2672,#2673,#2674,#2675,#2676,
#2677,#2678,#2679,#2680,#2681,#2682,#2683,#2684,#2685,#2686,#2687,#2688,
#2689),.UNSPECIFIED.,.F.,.F.,(4,3,3,3,3,3,3,3,3,3,3,3,3,3,3,3,3,3,3,3,3,
3,3,3,3,3,3,3,3,3,4),(1.28713845795161E-8,1.79839133729896E-5,0.000236351113486824,
0.000513695764193415,0.000671589565276038,0.000750854070747342,0.00135059854913688,
0.00153855093010827,0.00233640909229436,0.0032060021801787,0.00328231544598564,
0.00421797916030261,0.005009436998214,0.00503849477226643,0.00584365757268145,
0.00664027814524746,0.00680436726900302,0.007514185497321,0.00780936837136173,
0.00810692549405201,0.00840266096061735,0.00860339968581708,0.00887755467491707,
0.00913615551395013,0.00937515275560266,0.00948501927246333,0.00961673237356939,
0.00974376166502136,0.00986518866872612,0.00989670950223627,0.010018933996428),
 .UNSPECIFIED.);
#406=B_SPLINE_CURVE_WITH_KNOTS('',3,(#2744,#2745,#2746,#2747,#2748,#2749,
#2750,#2751,#2752,#2753,#2754,#2755),.UNSPECIFIED.,.F.,.F.,(4,2,2,2,2,4),
(-0.289266816300172,-0.221455912178392,-0.144197498150966,-0.0666259883224097,
0.,0.000848330961519144),.UNSPECIFIED.);
#407=B_SPLINE_CURVE_WITH_KNOTS('',3,(#2826,#2827,#2828,#2829,#2830,#2831),
 .UNSPECIFIED.,.F.,.F.,(4,2,4),(0.,0.0515123780813104,0.10287980780313),
 .UNSPECIFIED.);
#408=B_SPLINE_CURVE_WITH_KNOTS('',3,(#2833,#2834,#2835,#2836,#2837,#2838,
#2839,#2840,#2841,#2842,#2843,#2844,#2845,#2846,#2847,#2848,#2849,#2850,
#2851,#2852,#2853,#2854,#2855,#2856,#2857,#2858,#2859,#2860,#2861,#2862,
#2863,#2864,#2865,#2866,#2867,#2868,#2869),.UNSPECIFIED.,.F.,.F.,(4,3,3,
3,3,3,3,3,3,3,3,3,4),(0.,0.000636133498937453,0.00125447930822848,0.00186718004273206,
0.00199551010278048,0.0033464051604985,0.00349214267986585,0.00397717253563759,
0.00468513397505077,0.00542869008271891,0.00573709154549389,0.00688192764194156,
0.00798204016181668),.UNSPECIFIED.);
#409=B_SPLINE_CURVE_WITH_KNOTS('',3,(#2870,#2871,#2872,#2873,#2874,#2875),
 .UNSPECIFIED.,.F.,.F.,(4,2,4),(-0.0214947450404689,-0.0107476201251565,
-1.91222699334733E-6),.UNSPECIFIED.);
#410=B_SPLINE_CURVE_WITH_KNOTS('',3,(#2891,#2892,#2893,#2894,#2895,#2896,
#2897,#2898,#2899,#2900,#2901,#2902,#2903,#2904,#2905,#2906,#2907,#2908,
#2909,#2910,#2911,#2912,#2913,#2914,#2915,#2916,#2917,#2918,#2919,#2920,
#2921,#2922,#2923,#2924,#2925,#2926,#2927),.UNSPECIFIED.,.F.,.F.,(4,3,3,
3,3,3,3,3,3,3,3,3,4),(2.49317735410012E-10,0.00145027255475725,0.001995630468088,
0.00278978466609745,0.00353504572468505,0.00400510532877051,0.00472379513454773,
0.00498907617022001,0.00573743759575301,0.00645440259459894,0.00716887518253221,
0.00790356497770613,0.00798252187235201),.UNSPECIFIED.);
#411=B_SPLINE_CURVE_WITH_KNOTS('',3,(#2942,#2943,#2944,#2945,#2946,#2947,
#2948,#2949,#2950,#2951),.UNSPECIFIED.,.F.,.F.,(4,2,2,2,4),(0.,0.0114376552781413,
0.0244427274972002,0.0507598861015574,0.0921037151894997),.UNSPECIFIED.);
#412=B_SPLINE_CURVE_WITH_KNOTS('',3,(#2957,#2958,#2959,#2960,#2961,#2962,
#2963,#2964,#2965,#2966),.UNSPECIFIED.,.F.,.F.,(4,2,2,2,4),(0.00649155275812834,
0.051709772300218,0.0806139753758893,0.0948961798591228,0.107453937192081),
 .UNSPECIFIED.);
#413=B_SPLINE_CURVE_WITH_KNOTS('',3,(#3054,#3055,#3056,#3057),
 .UNSPECIFIED.,.F.,.F.,(4,4),(-6.48978551326966E-5,0.),.UNSPECIFIED.);
#414=B_SPLINE_CURVE_WITH_KNOTS('',3,(#3062,#3063,#3064,#3065),
 .UNSPECIFIED.,.F.,.F.,(4,4),(0.,6.49407071255348E-5),.UNSPECIFIED.);
#415=B_SPLINE_CURVE_WITH_KNOTS('',3,(#3091,#3092,#3093,#3094,#3095,#3096,
#3097,#3098,#3099,#3100),.UNSPECIFIED.,.F.,.F.,(4,2,2,2,4),(0.00649155275750909,
0.0517097722999466,0.0806139753755834,0.0948961798586536,0.107453937191475),
 .UNSPECIFIED.);
#416=B_SPLINE_CURVE_WITH_KNOTS('',3,(#3102,#3103,#3104,#3105),
 .UNSPECIFIED.,.F.,.F.,(4,4),(-6.48978551269493E-5,0.),.UNSPECIFIED.);
#417=B_SPLINE_CURVE_WITH_KNOTS('',3,(#3111,#3112,#3113,#3114),
 .UNSPECIFIED.,.F.,.F.,(4,4),(0.,6.49407071114957E-5),.UNSPECIFIED.);
#418=B_SPLINE_CURVE_WITH_KNOTS('',3,(#3115,#3116,#3117,#3118,#3119,#3120,
#3121,#3122,#3123,#3124),.UNSPECIFIED.,.F.,.F.,(4,2,2,2,4),(0.,0.0114376552779979,
0.0244427274968793,0.0507598861014278,0.0921037151907574),.UNSPECIFIED.);
#419=B_SPLINE_CURVE_WITH_KNOTS('',3,(#3147,#3148,#3149,#3150,#3151,#3152,
#3153,#3154,#3155,#3156,#3157,#3158,#3159,#3160,#3161,#3162),
 .UNSPECIFIED.,.F.,.F.,(4,2,2,2,2,2,2,4),(-0.102932902610614,-0.0874748895461775,
-0.0702566963165754,-0.0511372430179196,-0.0311703821636354,-0.014893854560114,
2.62396854244784E-10,0.000350864230550325),.UNSPECIFIED.);
#420=B_SPLINE_CURVE_WITH_KNOTS('',3,(#3166,#3167,#3168,#3169,#3170,#3171,
#3172,#3173,#3174,#3175,#3176,#3177,#3178,#3179,#3180,#3181),
 .UNSPECIFIED.,.F.,.F.,(4,2,2,2,2,2,2,4),(7.70105699885817E-8,0.0154118313767314,
0.0325784985012651,0.0516407361010139,0.0715478453567085,0.0877756648259789,
0.102624949192292,0.102974763190856),.UNSPECIFIED.);
#421=B_SPLINE_CURVE_WITH_KNOTS('',3,(#3189,#3190,#3191,#3192,#3193,#3194),
 .UNSPECIFIED.,.F.,.F.,(4,2,4),(-0.270693158194439,-0.260399514469206,-0.259963206890826),
 .UNSPECIFIED.);
#422=B_SPLINE_CURVE_WITH_KNOTS('',3,(#3200,#3201,#3202,#3203,#3204,#3205),
 .UNSPECIFIED.,.F.,.F.,(4,2,4),(-0.284643473201721,-0.284207165623353,-0.273913521898119),
 .UNSPECIFIED.);
#423=B_SPLINE_CURVE_WITH_KNOTS('',3,(#3230,#3231,#3232,#3233,#3234,#3235,
#3236,#3237,#3238,#3239,#3240,#3241,#3242,#3243,#3244,#3245,#3246,#3247,
#3248,#3249,#3250,#3251,#3252,#3253,#3254,#3255,#3256,#3257,#3258,#3259,
#3260,#3261,#3262,#3263,#3264,#3265,#3266),.UNSPECIFIED.,.F.,.F.,(4,3,3,
3,3,3,3,3,3,3,3,3,4),(0.,6.15882005554774E-5,0.000123691868967437,0.000186631629878737,
0.00025159333672072,0.000317942081389995,0.000387081213437835,0.000430556300786691,
0.000506824972783823,0.000589079043207512,0.000682931483520674,0.000786500393959759,
0.000861112601573383),.UNSPECIFIED.);
#424=B_SPLINE_CURVE_WITH_KNOTS('',3,(#3291,#3292,#3293,#3294,#3295,#3296,
#3297,#3298,#3299,#3300,#3301,#3302,#3303,#3304,#3305,#3306,#3307,#3308,
#3309,#3310,#3311,#3312,#3313,#3314,#3315,#3316,#3317,#3318,#3319,#3320,
#3321,#3322,#3323,#3324,#3325,#3326,#3327),.UNSPECIFIED.,.F.,.F.,(4,3,3,
3,3,3,3,3,3,3,3,3,4),(0.,6.15882005554963E-5,0.000123691868967418,0.000186631629879104,
0.000251593336721275,0.000317942081390663,0.000387081213438796,0.000430556300786694,
0.000506824972784387,0.000589079043208503,0.000682931483524114,0.000786500393967373,
0.000861112601573387),.UNSPECIFIED.);
#425=B_SPLINE_CURVE_WITH_KNOTS('',3,(#3382,#3383,#3384,#3385,#3386,#3387,
#3388,#3389,#3390,#3391,#3392,#3393,#3394,#3395,#3396,#3397),
 .UNSPECIFIED.,.F.,.F.,(4,2,2,2,2,2,2,4),(-0.102932903912329,-0.0874748906478784,
-0.070256697195478,-0.0511372436494169,-0.031170382536745,-0.0148938547224082,
2.62396868122572E-10,0.000350864240967062),.UNSPECIFIED.);
#426=B_SPLINE_CURVE_WITH_KNOTS('',3,(#3401,#3402,#3403,#3404),
 .UNSPECIFIED.,.F.,.F.,(4,4),(-0.281334388439101,-0.27069315819444),
 .UNSPECIFIED.);
#427=B_SPLINE_CURVE_WITH_KNOTS('',3,(#3408,#3409,#3410,#3411),
 .UNSPECIFIED.,.F.,.F.,(4,4),(-0.27391352189812,-0.263272291653468),
 .UNSPECIFIED.);
#428=B_SPLINE_CURVE_WITH_KNOTS('',3,(#3413,#3414,#3415,#3416,#3417,#3418,
#3419,#3420,#3421,#3422,#3423,#3424,#3425,#3426,#3427,#3428),
 .UNSPECIFIED.,.F.,.F.,(4,2,2,2,2,2,2,4),(7.70105727587495E-8,0.0154118313762877,
0.0325784985003081,0.0516407360994922,0.0715478453546173,0.087775664823132,
0.102624949213441,0.102970651057717),.UNSPECIFIED.);
#429=B_SPLINE_CURVE_WITH_KNOTS('',3,(#3546,#3547,#3548,#3549,#3550,#3551,
#3552,#3553,#3554,#3555),.UNSPECIFIED.,.F.,.F.,(4,2,2,2,4),(-3.63996517095211,
-3.33230800305942,-2.97694876636526,-2.6215895296711,-2.31393236177841),
 .UNSPECIFIED.);
#430=LINE('',#2188,#532);
#431=LINE('',#2190,#533);
#432=LINE('',#2223,#534);
#433=LINE('',#2225,#535);
#434=LINE('',#2234,#536);
#435=LINE('',#2246,#537);
#436=LINE('',#2249,#538);
#437=LINE('',#2254,#539);
#438=LINE('',#2260,#540);
#439=LINE('',#2266,#541);
#440=LINE('',#2272,#542);
#441=LINE('',#2278,#543);
#442=LINE('',#2281,#544);
#443=LINE('',#2297,#545);
#444=LINE('',#2300,#546);
#445=LINE('',#2323,#547);
#446=LINE('',#2326,#548);
#447=LINE('',#2386,#549);
#448=LINE('',#2431,#550);
#449=LINE('',#2440,#551);
#450=LINE('',#2490,#552);
#451=LINE('',#2929,#553);
#452=LINE('',#2932,#554);
#453=LINE('',#2936,#555);
#454=LINE('',#2938,#556);
#455=LINE('',#2940,#557);
#456=LINE('',#2967,#558);
#457=LINE('',#2970,#559);
#458=LINE('',#2972,#560);
#459=LINE('',#2973,#561);
#460=LINE('',#2976,#562);
#461=LINE('',#2978,#563);
#462=LINE('',#2979,#564);
#463=LINE('',#2982,#565);
#464=LINE('',#2988,#566);
#465=LINE('',#2993,#567);
#466=LINE('',#2996,#568);
#467=LINE('',#2998,#569);
#468=LINE('',#3008,#570);
#469=LINE('',#3187,#571);
#470=LINE('',#3195,#572);
#471=LINE('',#3199,#573);
#472=LINE('',#3398,#574);
#473=LINE('',#3400,#575);
#474=LINE('',#3412,#576);
#475=LINE('',#3465,#577);
#476=LINE('',#3469,#578);
#477=LINE('',#3476,#579);
#478=LINE('',#3480,#580);
#479=LINE('',#3489,#581);
#480=LINE('',#3492,#582);
#481=LINE('',#3494,#583);
#482=LINE('',#3495,#584);
#483=LINE('',#3497,#585);
#484=LINE('',#3498,#586);
#485=LINE('',#3501,#587);
#486=LINE('',#3502,#588);
#487=LINE('',#3504,#589);
#488=LINE('',#3506,#590);
#489=LINE('',#3523,#591);
#490=LINE('',#3531,#592);
#491=LINE('',#3538,#593);
#492=LINE('',#3540,#594);
#493=LINE('',#3543,#595);
#494=LINE('',#3545,#596);
#495=LINE('',#3557,#597);
#496=LINE('',#3559,#598);
#497=LINE('',#3562,#599);
#498=LINE('',#3564,#600);
#499=LINE('',#3566,#601);
#500=LINE('',#3568,#602);
#501=LINE('',#3570,#603);
#502=LINE('',#3572,#604);
#503=LINE('',#3575,#605);
#504=LINE('',#3577,#606);
#505=LINE('',#3579,#607);
#506=LINE('',#3581,#608);
#507=LINE('',#3583,#609);
#508=LINE('',#3584,#610);
#509=LINE('',#3587,#611);
#510=LINE('',#3588,#612);
#511=LINE('',#3591,#613);
#512=LINE('',#3593,#614);
#513=LINE('',#3595,#615);
#514=LINE('',#3597,#616);
#515=LINE('',#3599,#617);
#516=LINE('',#3600,#618);
#517=LINE('',#3603,#619);
#518=LINE('',#3606,#620);
#519=LINE('',#3608,#621);
#520=LINE('',#3609,#622);
#521=LINE('',#3622,#623);
#522=LINE('',#3623,#624);
#523=LINE('',#3625,#625);
#524=LINE('',#3626,#626);
#525=LINE('',#3628,#627);
#526=LINE('',#3634,#628);
#527=LINE('',#3638,#629);
#528=LINE('',#3642,#630);
#529=LINE('',#3646,#631);
#530=LINE('',#3650,#632);
#531=LINE('',#3652,#633);
#532=VECTOR('',#1780,1000.);
#533=VECTOR('',#1781,1000.);
#534=VECTOR('',#1782,1000.);
#535=VECTOR('',#1783,1000.);
#536=VECTOR('',#1784,1000.);
#537=VECTOR('',#1789,1000.);
#538=VECTOR('',#1792,1000.);
#539=VECTOR('',#1797,3.);
#540=VECTOR('',#1804,1.);
#541=VECTOR('',#1811,1.);
#542=VECTOR('',#1818,1.);
#543=VECTOR('',#1825,1.);
#544=VECTOR('',#1830,1000.);
#545=VECTOR('',#1831,1000.);
#546=VECTOR('',#1834,1000.);
#547=VECTOR('',#1835,1000.);
#548=VECTOR('',#1838,1000.);
#549=VECTOR('',#1841,1000.);
#550=VECTOR('',#1842,1000.);
#551=VECTOR('',#1843,1000.);
#552=VECTOR('',#1844,1000.);
#553=VECTOR('',#1847,1000.);
#554=VECTOR('',#1850,1000.);
#555=VECTOR('',#1853,1000.);
#556=VECTOR('',#1854,1000.);
#557=VECTOR('',#1855,1000.);
#558=VECTOR('',#1860,1000.);
#559=VECTOR('',#1863,1000.);
#560=VECTOR('',#1864,10.);
#561=VECTOR('',#1865,1000.);
#562=VECTOR('',#1868,1000.);
#563=VECTOR('',#1869,1000.);
#564=VECTOR('',#1870,10.);
#565=VECTOR('',#1873,1000.);
#566=VECTOR('',#1878,1000.);
#567=VECTOR('',#1883,1000.);
#568=VECTOR('',#1886,10.);
#569=VECTOR('',#1887,10.);
#570=VECTOR('',#1898,1000.);
#571=VECTOR('',#1931,1000.);
#572=VECTOR('',#1932,1000.);
#573=VECTOR('',#1935,1000.);
#574=VECTOR('',#1956,1000.);
#575=VECTOR('',#1957,1000.);
#576=VECTOR('',#1960,1000.);
#577=VECTOR('',#1979,1000.);
#578=VECTOR('',#1982,1000.);
#579=VECTOR('',#1989,1000.);
#580=VECTOR('',#1992,1000.);
#581=VECTOR('',#2003,2.);
#582=VECTOR('',#2008,2.);
#583=VECTOR('',#2011,1000.);
#584=VECTOR('',#2012,1000.);
#585=VECTOR('',#2015,1000.);
#586=VECTOR('',#2016,1000.);
#587=VECTOR('',#2021,1000.);
#588=VECTOR('',#2022,1000.);
#589=VECTOR('',#2025,1000.);
#590=VECTOR('',#2028,1000.);
#591=VECTOR('',#2047,9.);
#592=VECTOR('',#2056,15.);
#593=VECTOR('',#2065,1000.);
#594=VECTOR('',#2066,1000.);
#595=VECTOR('',#2069,1000.);
#596=VECTOR('',#2070,1000.);
#597=VECTOR('',#2073,1000.);
#598=VECTOR('',#2076,1000.);
#599=VECTOR('',#2081,10.1);
#600=VECTOR('',#2084,3.);
#601=VECTOR('',#2087,1.);
#602=VECTOR('',#2090,1.);
#603=VECTOR('',#2093,1.);
#604=VECTOR('',#2096,1.);
#605=VECTOR('',#2099,1000.);
#606=VECTOR('',#2100,1000.);
#607=VECTOR('',#2101,1000.);
#608=VECTOR('',#2102,1000.);
#609=VECTOR('',#2103,1000.);
#610=VECTOR('',#2104,1000.);
#611=VECTOR('',#2107,1000.);
#612=VECTOR('',#2108,1000.);
#613=VECTOR('',#2111,1000.);
#614=VECTOR('',#2112,1000.);
#615=VECTOR('',#2113,1000.);
#616=VECTOR('',#2114,1000.);
#617=VECTOR('',#2115,1000.);
#618=VECTOR('',#2116,1000.);
#619=VECTOR('',#2119,1000.);
#620=VECTOR('',#2122,1000.);
#621=VECTOR('',#2123,1000.);
#622=VECTOR('',#2124,1000.);
#623=VECTOR('',#2137,1000.);
#624=VECTOR('',#2138,1000.);
#625=VECTOR('',#2141,1000.);
#626=VECTOR('',#2142,1000.);
#627=VECTOR('',#2145,1000.);
#628=VECTOR('',#2154,1.);
#629=VECTOR('',#2159,1.);
#630=VECTOR('',#2164,1.);
#631=VECTOR('',#2169,3.);
#632=VECTOR('',#2174,1.);
#633=VECTOR('',#2177,1000.);
#634=VERTEX_POINT('',#2186);
#635=VERTEX_POINT('',#2187);
#636=VERTEX_POINT('',#2189);
#637=VERTEX_POINT('',#2217);
#638=VERTEX_POINT('',#2222);
#639=VERTEX_POINT('',#2224);
#640=VERTEX_POINT('',#2226);
#641=VERTEX_POINT('',#2233);
#642=VERTEX_POINT('',#2242);
#643=VERTEX_POINT('',#2243);
#644=VERTEX_POINT('',#2245);
#645=VERTEX_POINT('',#2247);
#646=VERTEX_POINT('',#2251);
#647=VERTEX_POINT('',#2253);
#648=VERTEX_POINT('',#2257);
#649=VERTEX_POINT('',#2259);
#650=VERTEX_POINT('',#2263);
#651=VERTEX_POINT('',#2265);
#652=VERTEX_POINT('',#2269);
#653=VERTEX_POINT('',#2271);
#654=VERTEX_POINT('',#2275);
#655=VERTEX_POINT('',#2277);
#656=VERTEX_POINT('',#2282);
#657=VERTEX_POINT('',#2299);
#658=VERTEX_POINT('',#2301);
#659=VERTEX_POINT('',#2312);
#660=VERTEX_POINT('',#2325);
#661=VERTEX_POINT('',#2380);
#662=VERTEX_POINT('',#2381);
#663=VERTEX_POINT('',#2387);
#664=VERTEX_POINT('',#2392);
#665=VERTEX_POINT('',#2425);
#666=VERTEX_POINT('',#2430);
#667=VERTEX_POINT('',#2432);
#668=VERTEX_POINT('',#2439);
#669=VERTEX_POINT('',#2483);
#670=VERTEX_POINT('',#2489);
#671=VERTEX_POINT('',#2825);
#672=VERTEX_POINT('',#2832);
#673=VERTEX_POINT('',#2931);
#674=VERTEX_POINT('',#2933);
#675=VERTEX_POINT('',#2935);
#676=VERTEX_POINT('',#2937);
#677=VERTEX_POINT('',#2939);
#678=VERTEX_POINT('',#2941);
#679=VERTEX_POINT('',#2952);
#680=VERTEX_POINT('',#2954);
#681=VERTEX_POINT('',#2956);
#682=VERTEX_POINT('',#2969);
#683=VERTEX_POINT('',#2971);
#684=VERTEX_POINT('',#2975);
#685=VERTEX_POINT('',#2977);
#686=VERTEX_POINT('',#2981);
#687=VERTEX_POINT('',#2983);
#688=VERTEX_POINT('',#2985);
#689=VERTEX_POINT('',#2987);
#690=VERTEX_POINT('',#2989);
#691=VERTEX_POINT('',#2991);
#692=VERTEX_POINT('',#2995);
#693=VERTEX_POINT('',#2997);
#694=VERTEX_POINT('',#3001);
#695=VERTEX_POINT('',#3003);
#696=VERTEX_POINT('',#3005);
#697=VERTEX_POINT('',#3007);
#698=VERTEX_POINT('',#3011);
#699=VERTEX_POINT('',#3015);
#700=VERTEX_POINT('',#3021);
#701=VERTEX_POINT('',#3025);
#702=VERTEX_POINT('',#3027);
#703=VERTEX_POINT('',#3053);
#704=VERTEX_POINT('',#3058);
#705=VERTEX_POINT('',#3060);
#706=VERTEX_POINT('',#3088);
#707=VERTEX_POINT('',#3090);
#708=VERTEX_POINT('',#3101);
#709=VERTEX_POINT('',#3106);
#710=VERTEX_POINT('',#3108);
#711=VERTEX_POINT('',#3110);
#712=VERTEX_POINT('',#3146);
#713=VERTEX_POINT('',#3163);
#714=VERTEX_POINT('',#3165);
#715=VERTEX_POINT('',#3184);
#716=VERTEX_POINT('',#3185);
#717=VERTEX_POINT('',#3188);
#718=VERTEX_POINT('',#3197);
#719=VERTEX_POINT('',#3198);
#720=VERTEX_POINT('',#3228);
#721=VERTEX_POINT('',#3229);
#722=VERTEX_POINT('',#3290);
#723=VERTEX_POINT('',#3350);
#724=VERTEX_POINT('',#3351);
#725=VERTEX_POINT('',#3376);
#726=VERTEX_POINT('',#3380);
#727=VERTEX_POINT('',#3381);
#728=VERTEX_POINT('',#3399);
#729=VERTEX_POINT('',#3406);
#730=VERTEX_POINT('',#3407);
#731=VERTEX_POINT('',#3453);
#732=VERTEX_POINT('',#3455);
#733=VERTEX_POINT('',#3458);
#734=VERTEX_POINT('',#3460);
#735=VERTEX_POINT('',#3463);
#736=VERTEX_POINT('',#3464);
#737=VERTEX_POINT('',#3466);
#738=VERTEX_POINT('',#3468);
#739=VERTEX_POINT('',#3471);
#740=VERTEX_POINT('',#3474);
#741=VERTEX_POINT('',#3475);
#742=VERTEX_POINT('',#3477);
#743=VERTEX_POINT('',#3479);
#744=VERTEX_POINT('',#3481);
#745=VERTEX_POINT('',#3484);
#746=VERTEX_POINT('',#3487);
#747=VERTEX_POINT('',#3508);
#748=VERTEX_POINT('',#3510);
#749=VERTEX_POINT('',#3512);
#750=VERTEX_POINT('',#3514);
#751=VERTEX_POINT('',#3516);
#752=VERTEX_POINT('',#3518);
#753=VERTEX_POINT('',#3521);
#754=VERTEX_POINT('',#3525);
#755=VERTEX_POINT('',#3528);
#756=VERTEX_POINT('',#3530);
#757=VERTEX_POINT('',#3534);
#758=VERTEX_POINT('',#3537);
#759=VERTEX_POINT('',#3539);
#760=VERTEX_POINT('',#3541);
#761=VERTEX_POINT('',#3544);
#762=VERTEX_POINT('',#3574);
#763=VERTEX_POINT('',#3576);
#764=VERTEX_POINT('',#3578);
#765=VERTEX_POINT('',#3580);
#766=VERTEX_POINT('',#3582);
#767=VERTEX_POINT('',#3586);
#768=VERTEX_POINT('',#3590);
#769=VERTEX_POINT('',#3592);
#770=VERTEX_POINT('',#3594);
#771=VERTEX_POINT('',#3596);
#772=VERTEX_POINT('',#3598);
#773=VERTEX_POINT('',#3602);
#774=VERTEX_POINT('',#3605);
#775=VERTEX_POINT('',#3607);
#776=VERTEX_POINT('',#3610);
#777=VERTEX_POINT('',#3612);
#778=VERTEX_POINT('',#3614);
#779=VERTEX_POINT('',#3616);
#780=VERTEX_POINT('',#3618);
#781=VERTEX_POINT('',#3621);
#782=VERTEX_POINT('',#3632);
#783=VERTEX_POINT('',#3636);
#784=VERTEX_POINT('',#3640);
#785=VERTEX_POINT('',#3644);
#786=VERTEX_POINT('',#3648);
#787=EDGE_CURVE('',#634,#635,#430,.T.);
#788=EDGE_CURVE('',#635,#636,#431,.T.);
#789=EDGE_CURVE('',#636,#634,#386,.T.);
#790=EDGE_CURVE('',#637,#635,#387,.T.);
#791=EDGE_CURVE('',#638,#637,#432,.T.);
#792=EDGE_CURVE('',#639,#638,#433,.T.);
#793=EDGE_CURVE('',#639,#640,#388,.T.);
#794=EDGE_CURVE('',#640,#641,#434,.T.);
#795=EDGE_CURVE('',#641,#636,#389,.T.);
#796=EDGE_CURVE('',#642,#643,#89,.T.);
#797=EDGE_CURVE('',#644,#642,#435,.T.);
#798=EDGE_CURVE('',#644,#645,#90,.T.);
#799=EDGE_CURVE('',#645,#643,#436,.T.);
#800=EDGE_CURVE('',#646,#646,#91,.T.);
#801=EDGE_CURVE('',#646,#647,#437,.T.);
#802=EDGE_CURVE('',#647,#647,#92,.T.);
#803=EDGE_CURVE('',#648,#648,#93,.T.);
#804=EDGE_CURVE('',#648,#649,#438,.T.);
#805=EDGE_CURVE('',#649,#649,#94,.T.);
#806=EDGE_CURVE('',#650,#650,#95,.T.);
#807=EDGE_CURVE('',#650,#651,#439,.T.);
#808=EDGE_CURVE('',#651,#651,#96,.T.);
#809=EDGE_CURVE('',#652,#652,#97,.T.);
#810=EDGE_CURVE('',#652,#653,#440,.T.);
#811=EDGE_CURVE('',#653,#653,#98,.T.);
#812=EDGE_CURVE('',#654,#654,#99,.T.);
#813=EDGE_CURVE('',#654,#655,#441,.T.);
#814=EDGE_CURVE('',#655,#655,#100,.T.);
#815=EDGE_CURVE('',#638,#644,#442,.T.);
#816=EDGE_CURVE('',#638,#656,#390,.T.);
#817=EDGE_CURVE('',#645,#656,#443,.T.);
#818=EDGE_CURVE('',#643,#657,#444,.T.);
#819=EDGE_CURVE('',#657,#658,#391,.T.);
#820=EDGE_CURVE('',#658,#659,#392,.T.);
#821=EDGE_CURVE('',#659,#642,#445,.T.);
#822=EDGE_CURVE('',#660,#656,#446,.T.);
#823=EDGE_CURVE('',#660,#657,#393,.T.);
#824=EDGE_CURVE('',#659,#639,#394,.T.);
#825=EDGE_CURVE('',#661,#662,#395,.T.);
#826=EDGE_CURVE('',#656,#661,#447,.T.);
#827=EDGE_CURVE('',#663,#637,#396,.T.);
#828=EDGE_CURVE('',#664,#663,#397,.T.);
#829=EDGE_CURVE('',#662,#664,#398,.T.);
#830=EDGE_CURVE('',#665,#661,#399,.T.);
#831=EDGE_CURVE('',#665,#666,#448,.T.);
#832=EDGE_CURVE('',#666,#667,#400,.T.);
#833=EDGE_CURVE('',#668,#667,#449,.T.);
#834=EDGE_CURVE('',#668,#660,#401,.T.);
#835=EDGE_CURVE('',#667,#669,#402,.T.);
#836=EDGE_CURVE('',#670,#669,#450,.T.);
#837=EDGE_CURVE('',#670,#668,#403,.T.);
#838=EDGE_CURVE('',#669,#641,#404,.T.);
#839=EDGE_CURVE('',#640,#670,#405,.T.);
#840=EDGE_CURVE('',#670,#658,#406,.T.);
#841=EDGE_CURVE('',#671,#666,#407,.T.);
#842=EDGE_CURVE('',#672,#671,#408,.T.);
#843=EDGE_CURVE('',#669,#672,#409,.F.);
#844=EDGE_CURVE('',#634,#672,#410,.T.);
#845=EDGE_CURVE('',#671,#665,#451,.T.);
#846=EDGE_CURVE('',#662,#673,#452,.T.);
#847=EDGE_CURVE('',#673,#674,#101,.T.);
#848=EDGE_CURVE('',#674,#675,#453,.T.);
#849=EDGE_CURVE('',#675,#676,#454,.T.);
#850=EDGE_CURVE('',#676,#677,#455,.T.);
#851=EDGE_CURVE('',#677,#678,#411,.T.);
#852=EDGE_CURVE('',#679,#678,#102,.T.);
#853=EDGE_CURVE('',#680,#679,#103,.T.);
#854=EDGE_CURVE('',#680,#681,#412,.T.);
#855=EDGE_CURVE('',#681,#671,#456,.T.);
#856=EDGE_CURVE('',#682,#664,#457,.T.);
#857=EDGE_CURVE('',#682,#683,#458,.T.);
#858=EDGE_CURVE('',#683,#673,#459,.T.);
#859=EDGE_CURVE('',#663,#684,#460,.T.);
#860=EDGE_CURVE('',#684,#685,#461,.T.);
#861=EDGE_CURVE('',#685,#682,#462,.T.);
#862=EDGE_CURVE('',#672,#686,#463,.T.);
#863=EDGE_CURVE('',#686,#687,#21,.T.);
#864=EDGE_CURVE('',#687,#688,#22,.T.);
#865=EDGE_CURVE('',#688,#689,#464,.F.);
#866=EDGE_CURVE('',#689,#690,#23,.T.);
#867=EDGE_CURVE('',#690,#691,#24,.T.);
#868=EDGE_CURVE('',#691,#634,#465,.T.);
#869=EDGE_CURVE('',#683,#692,#466,.T.);
#870=EDGE_CURVE('',#693,#685,#467,.T.);
#871=EDGE_CURVE('',#692,#693,#104,.T.);
#872=EDGE_CURVE('',#694,#686,#25,.F.);
#873=EDGE_CURVE('',#681,#695,#26,.F.);
#874=EDGE_CURVE('',#695,#696,#27,.F.);
#875=EDGE_CURVE('',#696,#697,#468,.T.);
#876=EDGE_CURVE('',#697,#694,#28,.F.);
#877=EDGE_CURVE('',#674,#698,#15,.T.);
#878=EDGE_CURVE('',#699,#673,#16,.T.);
#879=EDGE_CURVE('',#698,#699,#105,.F.);
#880=EDGE_CURVE('',#684,#700,#17,.T.);
#881=EDGE_CURVE('',#701,#684,#106,.T.);
#882=EDGE_CURVE('',#702,#701,#18,.T.);
#883=EDGE_CURVE('',#700,#702,#107,.F.);
#884=EDGE_CURVE('',#703,#680,#413,.T.);
#885=EDGE_CURVE('',#704,#703,#29,.F.);
#886=EDGE_CURVE('',#705,#704,#30,.F.);
#887=EDGE_CURVE('',#678,#705,#414,.T.);
#888=EDGE_CURVE('',#695,#677,#31,.F.);
#889=EDGE_CURVE('',#706,#690,#32,.T.);
#890=EDGE_CURVE('',#707,#706,#415,.T.);
#891=EDGE_CURVE('',#708,#707,#416,.T.);
#892=EDGE_CURVE('',#709,#708,#33,.T.);
#893=EDGE_CURVE('',#710,#709,#34,.T.);
#894=EDGE_CURVE('',#711,#710,#417,.T.);
#895=EDGE_CURVE('',#691,#711,#418,.T.);
#896=EDGE_CURVE('',#689,#712,#419,.F.);
#897=EDGE_CURVE('',#713,#712,#35,.T.);
#898=EDGE_CURVE('',#713,#714,#420,.T.);
#899=EDGE_CURVE('',#690,#714,#36,.T.);
#900=EDGE_CURVE('',#715,#716,#108,.T.);
#901=EDGE_CURVE('',#714,#716,#469,.F.);
#902=EDGE_CURVE('',#717,#713,#421,.T.);
#903=EDGE_CURVE('',#715,#717,#470,.T.);
#904=EDGE_CURVE('',#718,#719,#471,.T.);
#905=EDGE_CURVE('',#712,#718,#422,.T.);
#906=EDGE_CURVE('',#688,#719,#109,.T.);
#907=EDGE_CURVE('',#720,#721,#423,.F.);
#908=EDGE_CURVE('',#716,#721,#37,.T.);
#909=EDGE_CURVE('',#720,#715,#38,.T.);
#910=EDGE_CURVE('',#686,#722,#424,.T.);
#911=EDGE_CURVE('',#719,#722,#39,.T.);
#912=EDGE_CURVE('',#723,#724,#110,.T.);
#913=EDGE_CURVE('',#721,#724,#40,.F.);
#914=EDGE_CURVE('',#723,#720,#41,.F.);
#915=EDGE_CURVE('',#697,#725,#111,.T.);
#916=EDGE_CURVE('',#722,#725,#42,.F.);
#917=EDGE_CURVE('',#726,#727,#425,.T.);
#918=EDGE_CURVE('',#724,#727,#472,.T.);
#919=EDGE_CURVE('',#728,#723,#473,.F.);
#920=EDGE_CURVE('',#726,#728,#426,.T.);
#921=EDGE_CURVE('',#729,#730,#427,.T.);
#922=EDGE_CURVE('',#725,#729,#474,.F.);
#923=EDGE_CURVE('',#696,#730,#428,.F.);
#924=EDGE_CURVE('',#730,#726,#43,.F.);
#925=EDGE_CURVE('',#727,#695,#44,.F.);
#926=EDGE_CURVE('',#731,#731,#112,.F.);
#927=EDGE_CURVE('',#732,#732,#113,.F.);
#928=EDGE_CURVE('',#733,#733,#114,.F.);
#929=EDGE_CURVE('',#734,#734,#115,.F.);
#930=EDGE_CURVE('',#735,#736,#475,.T.);
#931=EDGE_CURVE('',#736,#737,#116,.F.);
#932=EDGE_CURVE('',#737,#738,#476,.T.);
#933=EDGE_CURVE('',#735,#738,#117,.F.);
#934=EDGE_CURVE('',#739,#739,#118,.F.);
#935=EDGE_CURVE('',#740,#741,#477,.T.);
#936=EDGE_CURVE('',#741,#742,#119,.F.);
#937=EDGE_CURVE('',#742,#743,#478,.T.);
#938=EDGE_CURVE('',#744,#743,#120,.F.);
#939=EDGE_CURVE('',#740,#744,#121,.F.);
#940=EDGE_CURVE('',#745,#745,#122,.F.);
#941=EDGE_CURVE('',#707,#746,#123,.T.);
#942=EDGE_CURVE('',#746,#731,#479,.T.);
#943=EDGE_CURVE('',#746,#711,#124,.T.);
#944=EDGE_CURVE('',#679,#733,#480,.T.);
#945=EDGE_CURVE('',#725,#737,#481,.T.);
#946=EDGE_CURVE('',#729,#738,#482,.T.);
#947=EDGE_CURVE('',#735,#718,#483,.F.);
#948=EDGE_CURVE('',#719,#736,#484,.T.);
#949=EDGE_CURVE('',#723,#741,#485,.T.);
#950=EDGE_CURVE('',#715,#742,#486,.T.);
#951=EDGE_CURVE('',#717,#743,#487,.T.);
#952=EDGE_CURVE('',#740,#728,#488,.F.);
#953=EDGE_CURVE('',#747,#747,#125,.T.);
#954=EDGE_CURVE('',#748,#748,#126,.T.);
#955=EDGE_CURVE('',#749,#749,#127,.T.);
#956=EDGE_CURVE('',#750,#750,#128,.T.);
#957=EDGE_CURVE('',#751,#751,#129,.T.);
#958=EDGE_CURVE('',#752,#752,#130,.T.);
#959=EDGE_CURVE('',#753,#753,#131,.T.);
#960=EDGE_CURVE('',#753,#747,#489,.T.);
#961=EDGE_CURVE('',#754,#754,#132,.F.);
#962=EDGE_CURVE('',#755,#755,#133,.F.);
#963=EDGE_CURVE('',#755,#756,#490,.T.);
#964=EDGE_CURVE('',#756,#756,#134,.T.);
#965=EDGE_CURVE('',#757,#757,#135,.F.);
#966=EDGE_CURVE('',#700,#758,#491,.T.);
#967=EDGE_CURVE('',#759,#702,#492,.F.);
#968=EDGE_CURVE('',#760,#759,#136,.T.);
#969=EDGE_CURVE('',#698,#760,#493,.T.);
#970=EDGE_CURVE('',#699,#761,#494,.T.);
#971=EDGE_CURVE('',#758,#761,#429,.T.);
#972=EDGE_CURVE('',#758,#693,#495,.T.);
#973=EDGE_CURVE('',#761,#692,#496,.T.);
#974=EDGE_CURVE('',#754,#757,#497,.T.);
#975=EDGE_CURVE('',#744,#748,#498,.T.);
#976=EDGE_CURVE('',#745,#749,#499,.T.);
#977=EDGE_CURVE('',#734,#750,#500,.T.);
#978=EDGE_CURVE('',#739,#751,#501,.T.);
#979=EDGE_CURVE('',#732,#752,#502,.T.);
#980=EDGE_CURVE('',#760,#762,#503,.T.);
#981=EDGE_CURVE('',#763,#762,#504,.T.);
#982=EDGE_CURVE('',#764,#763,#505,.T.);
#983=EDGE_CURVE('',#764,#765,#506,.T.);
#984=EDGE_CURVE('',#765,#766,#507,.T.);
#985=EDGE_CURVE('',#766,#675,#508,.T.);
#986=EDGE_CURVE('',#767,#759,#509,.T.);
#987=EDGE_CURVE('',#767,#762,#510,.T.);
#988=EDGE_CURVE('',#768,#701,#511,.T.);
#989=EDGE_CURVE('',#768,#769,#512,.T.);
#990=EDGE_CURVE('',#769,#770,#513,.T.);
#991=EDGE_CURVE('',#771,#770,#514,.T.);
#992=EDGE_CURVE('',#772,#771,#515,.T.);
#993=EDGE_CURVE('',#772,#767,#516,.T.);
#994=EDGE_CURVE('',#766,#773,#517,.T.);
#995=EDGE_CURVE('',#770,#765,#137,.T.);
#996=EDGE_CURVE('',#774,#769,#518,.T.);
#997=EDGE_CURVE('',#775,#774,#519,.T.);
#998=EDGE_CURVE('',#775,#773,#520,.T.);
#999=EDGE_CURVE('',#776,#776,#138,.T.);
#1000=EDGE_CURVE('',#777,#777,#139,.T.);
#1001=EDGE_CURVE('',#778,#778,#140,.T.);
#1002=EDGE_CURVE('',#779,#779,#141,.T.);
#1003=EDGE_CURVE('',#780,#780,#142,.T.);
#1004=EDGE_CURVE('',#781,#706,#521,.T.);
#1005=EDGE_CURVE('',#781,#768,#522,.T.);
#1006=EDGE_CURVE('',#721,#775,#523,.T.);
#1007=EDGE_CURVE('',#774,#781,#524,.T.);
#1008=EDGE_CURVE('',#773,#676,#525,.T.);
#1009=EDGE_CURVE('',#771,#764,#143,.T.);
#1010=EDGE_CURVE('',#782,#782,#144,.T.);
#1011=EDGE_CURVE('',#782,#779,#526,.T.);
#1012=EDGE_CURVE('',#783,#783,#145,.T.);
#1013=EDGE_CURVE('',#783,#778,#527,.T.);
#1014=EDGE_CURVE('',#784,#784,#146,.T.);
#1015=EDGE_CURVE('',#784,#777,#528,.T.);
#1016=EDGE_CURVE('',#785,#785,#147,.T.);
#1017=EDGE_CURVE('',#785,#776,#529,.T.);
#1018=EDGE_CURVE('',#786,#786,#148,.T.);
#1019=EDGE_CURVE('',#786,#780,#530,.T.);
#1020=EDGE_CURVE('',#772,#763,#531,.T.);
#1021=ORIENTED_EDGE('',*,*,#787,.T.);
#1022=ORIENTED_EDGE('',*,*,#788,.T.);
#1023=ORIENTED_EDGE('',*,*,#789,.T.);
#1024=ORIENTED_EDGE('',*,*,#790,.F.);
#1025=ORIENTED_EDGE('',*,*,#791,.F.);
#1026=ORIENTED_EDGE('',*,*,#792,.F.);
#1027=ORIENTED_EDGE('',*,*,#793,.T.);
#1028=ORIENTED_EDGE('',*,*,#794,.T.);
#1029=ORIENTED_EDGE('',*,*,#795,.T.);
#1030=ORIENTED_EDGE('',*,*,#788,.F.);
#1031=ORIENTED_EDGE('',*,*,#796,.F.);
#1032=ORIENTED_EDGE('',*,*,#797,.F.);
#1033=ORIENTED_EDGE('',*,*,#798,.T.);
#1034=ORIENTED_EDGE('',*,*,#799,.T.);
#1035=ORIENTED_EDGE('',*,*,#800,.F.);
#1036=ORIENTED_EDGE('',*,*,#801,.T.);
#1037=ORIENTED_EDGE('',*,*,#802,.T.);
#1038=ORIENTED_EDGE('',*,*,#801,.F.);
#1039=ORIENTED_EDGE('',*,*,#803,.F.);
#1040=ORIENTED_EDGE('',*,*,#804,.T.);
#1041=ORIENTED_EDGE('',*,*,#805,.T.);
#1042=ORIENTED_EDGE('',*,*,#804,.F.);
#1043=ORIENTED_EDGE('',*,*,#806,.F.);
#1044=ORIENTED_EDGE('',*,*,#807,.T.);
#1045=ORIENTED_EDGE('',*,*,#808,.T.);
#1046=ORIENTED_EDGE('',*,*,#807,.F.);
#1047=ORIENTED_EDGE('',*,*,#809,.F.);
#1048=ORIENTED_EDGE('',*,*,#810,.T.);
#1049=ORIENTED_EDGE('',*,*,#811,.T.);
#1050=ORIENTED_EDGE('',*,*,#810,.F.);
#1051=ORIENTED_EDGE('',*,*,#812,.F.);
#1052=ORIENTED_EDGE('',*,*,#813,.T.);
#1053=ORIENTED_EDGE('',*,*,#814,.T.);
#1054=ORIENTED_EDGE('',*,*,#813,.F.);
#1055=ORIENTED_EDGE('',*,*,#815,.F.);
#1056=ORIENTED_EDGE('',*,*,#816,.T.);
#1057=ORIENTED_EDGE('',*,*,#817,.F.);
#1058=ORIENTED_EDGE('',*,*,#798,.F.);
#1059=ORIENTED_EDGE('',*,*,#812,.T.);
#1060=ORIENTED_EDGE('',*,*,#809,.T.);
#1061=ORIENTED_EDGE('',*,*,#806,.T.);
#1062=ORIENTED_EDGE('',*,*,#803,.T.);
#1063=ORIENTED_EDGE('',*,*,#800,.T.);
#1064=ORIENTED_EDGE('',*,*,#818,.T.);
#1065=ORIENTED_EDGE('',*,*,#819,.T.);
#1066=ORIENTED_EDGE('',*,*,#820,.T.);
#1067=ORIENTED_EDGE('',*,*,#821,.T.);
#1068=ORIENTED_EDGE('',*,*,#796,.T.);
#1069=ORIENTED_EDGE('',*,*,#814,.F.);
#1070=ORIENTED_EDGE('',*,*,#811,.F.);
#1071=ORIENTED_EDGE('',*,*,#808,.F.);
#1072=ORIENTED_EDGE('',*,*,#805,.F.);
#1073=ORIENTED_EDGE('',*,*,#802,.F.);
#1074=ORIENTED_EDGE('',*,*,#822,.F.);
#1075=ORIENTED_EDGE('',*,*,#823,.T.);
#1076=ORIENTED_EDGE('',*,*,#818,.F.);
#1077=ORIENTED_EDGE('',*,*,#799,.F.);
#1078=ORIENTED_EDGE('',*,*,#817,.T.);
#1079=ORIENTED_EDGE('',*,*,#821,.F.);
#1080=ORIENTED_EDGE('',*,*,#824,.T.);
#1081=ORIENTED_EDGE('',*,*,#792,.T.);
#1082=ORIENTED_EDGE('',*,*,#815,.T.);
#1083=ORIENTED_EDGE('',*,*,#797,.T.);
#1084=ORIENTED_EDGE('',*,*,#825,.F.);
#1085=ORIENTED_EDGE('',*,*,#826,.F.);
#1086=ORIENTED_EDGE('',*,*,#816,.F.);
#1087=ORIENTED_EDGE('',*,*,#791,.T.);
#1088=ORIENTED_EDGE('',*,*,#827,.F.);
#1089=ORIENTED_EDGE('',*,*,#828,.F.);
#1090=ORIENTED_EDGE('',*,*,#829,.F.);
#1091=ORIENTED_EDGE('',*,*,#830,.F.);
#1092=ORIENTED_EDGE('',*,*,#831,.T.);
#1093=ORIENTED_EDGE('',*,*,#832,.T.);
#1094=ORIENTED_EDGE('',*,*,#833,.F.);
#1095=ORIENTED_EDGE('',*,*,#834,.T.);
#1096=ORIENTED_EDGE('',*,*,#822,.T.);
#1097=ORIENTED_EDGE('',*,*,#826,.T.);
#1098=ORIENTED_EDGE('',*,*,#833,.T.);
#1099=ORIENTED_EDGE('',*,*,#835,.T.);
#1100=ORIENTED_EDGE('',*,*,#836,.F.);
#1101=ORIENTED_EDGE('',*,*,#837,.T.);
#1102=ORIENTED_EDGE('',*,*,#836,.T.);
#1103=ORIENTED_EDGE('',*,*,#838,.T.);
#1104=ORIENTED_EDGE('',*,*,#794,.F.);
#1105=ORIENTED_EDGE('',*,*,#839,.T.);
#1106=ORIENTED_EDGE('',*,*,#824,.F.);
#1107=ORIENTED_EDGE('',*,*,#820,.F.);
#1108=ORIENTED_EDGE('',*,*,#840,.F.);
#1109=ORIENTED_EDGE('',*,*,#839,.F.);
#1110=ORIENTED_EDGE('',*,*,#793,.F.);
#1111=ORIENTED_EDGE('',*,*,#834,.F.);
#1112=ORIENTED_EDGE('',*,*,#837,.F.);
#1113=ORIENTED_EDGE('',*,*,#840,.T.);
#1114=ORIENTED_EDGE('',*,*,#819,.F.);
#1115=ORIENTED_EDGE('',*,*,#823,.F.);
#1116=ORIENTED_EDGE('',*,*,#841,.F.);
#1117=ORIENTED_EDGE('',*,*,#842,.F.);
#1118=ORIENTED_EDGE('',*,*,#843,.F.);
#1119=ORIENTED_EDGE('',*,*,#835,.F.);
#1120=ORIENTED_EDGE('',*,*,#832,.F.);
#1121=ORIENTED_EDGE('',*,*,#843,.T.);
#1122=ORIENTED_EDGE('',*,*,#844,.F.);
#1123=ORIENTED_EDGE('',*,*,#789,.F.);
#1124=ORIENTED_EDGE('',*,*,#795,.F.);
#1125=ORIENTED_EDGE('',*,*,#838,.F.);
#1126=ORIENTED_EDGE('',*,*,#845,.F.);
#1127=ORIENTED_EDGE('',*,*,#841,.T.);
#1128=ORIENTED_EDGE('',*,*,#831,.F.);
#1129=ORIENTED_EDGE('',*,*,#830,.T.);
#1130=ORIENTED_EDGE('',*,*,#825,.T.);
#1131=ORIENTED_EDGE('',*,*,#846,.T.);
#1132=ORIENTED_EDGE('',*,*,#847,.T.);
#1133=ORIENTED_EDGE('',*,*,#848,.T.);
#1134=ORIENTED_EDGE('',*,*,#849,.T.);
#1135=ORIENTED_EDGE('',*,*,#850,.T.);
#1136=ORIENTED_EDGE('',*,*,#851,.T.);
#1137=ORIENTED_EDGE('',*,*,#852,.F.);
#1138=ORIENTED_EDGE('',*,*,#853,.F.);
#1139=ORIENTED_EDGE('',*,*,#854,.T.);
#1140=ORIENTED_EDGE('',*,*,#855,.T.);
#1141=ORIENTED_EDGE('',*,*,#845,.T.);
#1142=ORIENTED_EDGE('',*,*,#829,.T.);
#1143=ORIENTED_EDGE('',*,*,#856,.F.);
#1144=ORIENTED_EDGE('',*,*,#857,.T.);
#1145=ORIENTED_EDGE('',*,*,#858,.T.);
#1146=ORIENTED_EDGE('',*,*,#846,.F.);
#1147=ORIENTED_EDGE('',*,*,#828,.T.);
#1148=ORIENTED_EDGE('',*,*,#859,.T.);
#1149=ORIENTED_EDGE('',*,*,#860,.T.);
#1150=ORIENTED_EDGE('',*,*,#861,.T.);
#1151=ORIENTED_EDGE('',*,*,#856,.T.);
#1152=ORIENTED_EDGE('',*,*,#862,.T.);
#1153=ORIENTED_EDGE('',*,*,#863,.T.);
#1154=ORIENTED_EDGE('',*,*,#864,.T.);
#1155=ORIENTED_EDGE('',*,*,#865,.T.);
#1156=ORIENTED_EDGE('',*,*,#866,.T.);
#1157=ORIENTED_EDGE('',*,*,#867,.T.);
#1158=ORIENTED_EDGE('',*,*,#868,.T.);
#1159=ORIENTED_EDGE('',*,*,#844,.T.);
#1160=ORIENTED_EDGE('',*,*,#869,.F.);
#1161=ORIENTED_EDGE('',*,*,#857,.F.);
#1162=ORIENTED_EDGE('',*,*,#861,.F.);
#1163=ORIENTED_EDGE('',*,*,#870,.F.);
#1164=ORIENTED_EDGE('',*,*,#871,.F.);
#1165=ORIENTED_EDGE('',*,*,#872,.T.);
#1166=ORIENTED_EDGE('',*,*,#862,.F.);
#1167=ORIENTED_EDGE('',*,*,#842,.T.);
#1168=ORIENTED_EDGE('',*,*,#855,.F.);
#1169=ORIENTED_EDGE('',*,*,#873,.T.);
#1170=ORIENTED_EDGE('',*,*,#874,.T.);
#1171=ORIENTED_EDGE('',*,*,#875,.T.);
#1172=ORIENTED_EDGE('',*,*,#876,.T.);
#1173=ORIENTED_EDGE('',*,*,#877,.F.);
#1174=ORIENTED_EDGE('',*,*,#847,.F.);
#1175=ORIENTED_EDGE('',*,*,#878,.F.);
#1176=ORIENTED_EDGE('',*,*,#879,.F.);
#1177=ORIENTED_EDGE('',*,*,#880,.F.);
#1178=ORIENTED_EDGE('',*,*,#881,.F.);
#1179=ORIENTED_EDGE('',*,*,#882,.F.);
#1180=ORIENTED_EDGE('',*,*,#883,.F.);
#1181=ORIENTED_EDGE('',*,*,#854,.F.);
#1182=ORIENTED_EDGE('',*,*,#884,.F.);
#1183=ORIENTED_EDGE('',*,*,#885,.F.);
#1184=ORIENTED_EDGE('',*,*,#886,.F.);
#1185=ORIENTED_EDGE('',*,*,#887,.F.);
#1186=ORIENTED_EDGE('',*,*,#851,.F.);
#1187=ORIENTED_EDGE('',*,*,#888,.F.);
#1188=ORIENTED_EDGE('',*,*,#873,.F.);
#1189=ORIENTED_EDGE('',*,*,#867,.F.);
#1190=ORIENTED_EDGE('',*,*,#889,.F.);
#1191=ORIENTED_EDGE('',*,*,#890,.F.);
#1192=ORIENTED_EDGE('',*,*,#891,.F.);
#1193=ORIENTED_EDGE('',*,*,#892,.F.);
#1194=ORIENTED_EDGE('',*,*,#893,.F.);
#1195=ORIENTED_EDGE('',*,*,#894,.F.);
#1196=ORIENTED_EDGE('',*,*,#895,.F.);
#1197=ORIENTED_EDGE('',*,*,#896,.T.);
#1198=ORIENTED_EDGE('',*,*,#897,.F.);
#1199=ORIENTED_EDGE('',*,*,#898,.T.);
#1200=ORIENTED_EDGE('',*,*,#899,.F.);
#1201=ORIENTED_EDGE('',*,*,#866,.F.);
#1202=ORIENTED_EDGE('',*,*,#900,.T.);
#1203=ORIENTED_EDGE('',*,*,#901,.F.);
#1204=ORIENTED_EDGE('',*,*,#898,.F.);
#1205=ORIENTED_EDGE('',*,*,#902,.F.);
#1206=ORIENTED_EDGE('',*,*,#903,.F.);
#1207=ORIENTED_EDGE('',*,*,#904,.F.);
#1208=ORIENTED_EDGE('',*,*,#905,.F.);
#1209=ORIENTED_EDGE('',*,*,#896,.F.);
#1210=ORIENTED_EDGE('',*,*,#865,.F.);
#1211=ORIENTED_EDGE('',*,*,#906,.T.);
#1212=ORIENTED_EDGE('',*,*,#907,.T.);
#1213=ORIENTED_EDGE('',*,*,#908,.F.);
#1214=ORIENTED_EDGE('',*,*,#900,.F.);
#1215=ORIENTED_EDGE('',*,*,#909,.F.);
#1216=ORIENTED_EDGE('',*,*,#910,.T.);
#1217=ORIENTED_EDGE('',*,*,#911,.F.);
#1218=ORIENTED_EDGE('',*,*,#906,.F.);
#1219=ORIENTED_EDGE('',*,*,#864,.F.);
#1220=ORIENTED_EDGE('',*,*,#863,.F.);
#1221=ORIENTED_EDGE('',*,*,#912,.T.);
#1222=ORIENTED_EDGE('',*,*,#913,.F.);
#1223=ORIENTED_EDGE('',*,*,#907,.F.);
#1224=ORIENTED_EDGE('',*,*,#914,.F.);
#1225=ORIENTED_EDGE('',*,*,#915,.T.);
#1226=ORIENTED_EDGE('',*,*,#916,.F.);
#1227=ORIENTED_EDGE('',*,*,#910,.F.);
#1228=ORIENTED_EDGE('',*,*,#872,.F.);
#1229=ORIENTED_EDGE('',*,*,#876,.F.);
#1230=ORIENTED_EDGE('',*,*,#917,.T.);
#1231=ORIENTED_EDGE('',*,*,#918,.F.);
#1232=ORIENTED_EDGE('',*,*,#912,.F.);
#1233=ORIENTED_EDGE('',*,*,#919,.F.);
#1234=ORIENTED_EDGE('',*,*,#920,.F.);
#1235=ORIENTED_EDGE('',*,*,#921,.F.);
#1236=ORIENTED_EDGE('',*,*,#922,.F.);
#1237=ORIENTED_EDGE('',*,*,#915,.F.);
#1238=ORIENTED_EDGE('',*,*,#875,.F.);
#1239=ORIENTED_EDGE('',*,*,#923,.T.);
#1240=ORIENTED_EDGE('',*,*,#917,.F.);
#1241=ORIENTED_EDGE('',*,*,#924,.F.);
#1242=ORIENTED_EDGE('',*,*,#923,.F.);
#1243=ORIENTED_EDGE('',*,*,#874,.F.);
#1244=ORIENTED_EDGE('',*,*,#925,.F.);
#1245=ORIENTED_EDGE('',*,*,#926,.T.);
#1246=ORIENTED_EDGE('',*,*,#927,.F.);
#1247=ORIENTED_EDGE('',*,*,#928,.T.);
#1248=ORIENTED_EDGE('',*,*,#929,.F.);
#1249=ORIENTED_EDGE('',*,*,#930,.T.);
#1250=ORIENTED_EDGE('',*,*,#931,.T.);
#1251=ORIENTED_EDGE('',*,*,#932,.T.);
#1252=ORIENTED_EDGE('',*,*,#933,.F.);
#1253=ORIENTED_EDGE('',*,*,#934,.F.);
#1254=ORIENTED_EDGE('',*,*,#935,.T.);
#1255=ORIENTED_EDGE('',*,*,#936,.T.);
#1256=ORIENTED_EDGE('',*,*,#937,.T.);
#1257=ORIENTED_EDGE('',*,*,#938,.F.);
#1258=ORIENTED_EDGE('',*,*,#939,.F.);
#1259=ORIENTED_EDGE('',*,*,#940,.F.);
#1260=ORIENTED_EDGE('',*,*,#893,.T.);
#1261=ORIENTED_EDGE('',*,*,#892,.T.);
#1262=ORIENTED_EDGE('',*,*,#891,.T.);
#1263=ORIENTED_EDGE('',*,*,#941,.T.);
#1264=ORIENTED_EDGE('',*,*,#942,.T.);
#1265=ORIENTED_EDGE('',*,*,#926,.F.);
#1266=ORIENTED_EDGE('',*,*,#942,.F.);
#1267=ORIENTED_EDGE('',*,*,#943,.T.);
#1268=ORIENTED_EDGE('',*,*,#894,.T.);
#1269=ORIENTED_EDGE('',*,*,#887,.T.);
#1270=ORIENTED_EDGE('',*,*,#886,.T.);
#1271=ORIENTED_EDGE('',*,*,#885,.T.);
#1272=ORIENTED_EDGE('',*,*,#884,.T.);
#1273=ORIENTED_EDGE('',*,*,#853,.T.);
#1274=ORIENTED_EDGE('',*,*,#944,.T.);
#1275=ORIENTED_EDGE('',*,*,#928,.F.);
#1276=ORIENTED_EDGE('',*,*,#944,.F.);
#1277=ORIENTED_EDGE('',*,*,#852,.T.);
#1278=ORIENTED_EDGE('',*,*,#945,.F.);
#1279=ORIENTED_EDGE('',*,*,#922,.T.);
#1280=ORIENTED_EDGE('',*,*,#946,.T.);
#1281=ORIENTED_EDGE('',*,*,#932,.F.);
#1282=ORIENTED_EDGE('',*,*,#947,.T.);
#1283=ORIENTED_EDGE('',*,*,#904,.T.);
#1284=ORIENTED_EDGE('',*,*,#948,.T.);
#1285=ORIENTED_EDGE('',*,*,#930,.F.);
#1286=ORIENTED_EDGE('',*,*,#948,.F.);
#1287=ORIENTED_EDGE('',*,*,#911,.T.);
#1288=ORIENTED_EDGE('',*,*,#916,.T.);
#1289=ORIENTED_EDGE('',*,*,#945,.T.);
#1290=ORIENTED_EDGE('',*,*,#931,.F.);
#1291=ORIENTED_EDGE('',*,*,#949,.F.);
#1292=ORIENTED_EDGE('',*,*,#914,.T.);
#1293=ORIENTED_EDGE('',*,*,#909,.T.);
#1294=ORIENTED_EDGE('',*,*,#950,.T.);
#1295=ORIENTED_EDGE('',*,*,#936,.F.);
#1296=ORIENTED_EDGE('',*,*,#950,.F.);
#1297=ORIENTED_EDGE('',*,*,#903,.T.);
#1298=ORIENTED_EDGE('',*,*,#951,.T.);
#1299=ORIENTED_EDGE('',*,*,#937,.F.);
#1300=ORIENTED_EDGE('',*,*,#952,.T.);
#1301=ORIENTED_EDGE('',*,*,#919,.T.);
#1302=ORIENTED_EDGE('',*,*,#949,.T.);
#1303=ORIENTED_EDGE('',*,*,#935,.F.);
#1304=ORIENTED_EDGE('',*,*,#953,.T.);
#1305=ORIENTED_EDGE('',*,*,#954,.F.);
#1306=ORIENTED_EDGE('',*,*,#955,.F.);
#1307=ORIENTED_EDGE('',*,*,#956,.F.);
#1308=ORIENTED_EDGE('',*,*,#957,.F.);
#1309=ORIENTED_EDGE('',*,*,#958,.F.);
#1310=ORIENTED_EDGE('',*,*,#959,.T.);
#1311=ORIENTED_EDGE('',*,*,#960,.T.);
#1312=ORIENTED_EDGE('',*,*,#953,.F.);
#1313=ORIENTED_EDGE('',*,*,#960,.F.);
#1314=ORIENTED_EDGE('',*,*,#961,.F.);
#1315=ORIENTED_EDGE('',*,*,#959,.F.);
#1316=ORIENTED_EDGE('',*,*,#962,.T.);
#1317=ORIENTED_EDGE('',*,*,#963,.T.);
#1318=ORIENTED_EDGE('',*,*,#964,.T.);
#1319=ORIENTED_EDGE('',*,*,#963,.F.);
#1320=ORIENTED_EDGE('',*,*,#962,.F.);
#1321=ORIENTED_EDGE('',*,*,#965,.T.);
#1322=ORIENTED_EDGE('',*,*,#966,.F.);
#1323=ORIENTED_EDGE('',*,*,#883,.T.);
#1324=ORIENTED_EDGE('',*,*,#967,.F.);
#1325=ORIENTED_EDGE('',*,*,#968,.F.);
#1326=ORIENTED_EDGE('',*,*,#969,.F.);
#1327=ORIENTED_EDGE('',*,*,#879,.T.);
#1328=ORIENTED_EDGE('',*,*,#970,.T.);
#1329=ORIENTED_EDGE('',*,*,#971,.F.);
#1330=ORIENTED_EDGE('',*,*,#870,.T.);
#1331=ORIENTED_EDGE('',*,*,#860,.F.);
#1332=ORIENTED_EDGE('',*,*,#880,.T.);
#1333=ORIENTED_EDGE('',*,*,#966,.T.);
#1334=ORIENTED_EDGE('',*,*,#972,.T.);
#1335=ORIENTED_EDGE('',*,*,#869,.T.);
#1336=ORIENTED_EDGE('',*,*,#973,.F.);
#1337=ORIENTED_EDGE('',*,*,#970,.F.);
#1338=ORIENTED_EDGE('',*,*,#878,.T.);
#1339=ORIENTED_EDGE('',*,*,#858,.F.);
#1340=ORIENTED_EDGE('',*,*,#871,.T.);
#1341=ORIENTED_EDGE('',*,*,#972,.F.);
#1342=ORIENTED_EDGE('',*,*,#971,.T.);
#1343=ORIENTED_EDGE('',*,*,#973,.T.);
#1344=ORIENTED_EDGE('',*,*,#961,.T.);
#1345=ORIENTED_EDGE('',*,*,#974,.T.);
#1346=ORIENTED_EDGE('',*,*,#965,.F.);
#1347=ORIENTED_EDGE('',*,*,#974,.F.);
#1348=ORIENTED_EDGE('',*,*,#946,.F.);
#1349=ORIENTED_EDGE('',*,*,#921,.T.);
#1350=ORIENTED_EDGE('',*,*,#924,.T.);
#1351=ORIENTED_EDGE('',*,*,#920,.T.);
#1352=ORIENTED_EDGE('',*,*,#952,.F.);
#1353=ORIENTED_EDGE('',*,*,#939,.T.);
#1354=ORIENTED_EDGE('',*,*,#975,.T.);
#1355=ORIENTED_EDGE('',*,*,#954,.T.);
#1356=ORIENTED_EDGE('',*,*,#975,.F.);
#1357=ORIENTED_EDGE('',*,*,#938,.T.);
#1358=ORIENTED_EDGE('',*,*,#951,.F.);
#1359=ORIENTED_EDGE('',*,*,#902,.T.);
#1360=ORIENTED_EDGE('',*,*,#897,.T.);
#1361=ORIENTED_EDGE('',*,*,#905,.T.);
#1362=ORIENTED_EDGE('',*,*,#947,.F.);
#1363=ORIENTED_EDGE('',*,*,#933,.T.);
#1364=ORIENTED_EDGE('',*,*,#940,.T.);
#1365=ORIENTED_EDGE('',*,*,#976,.T.);
#1366=ORIENTED_EDGE('',*,*,#955,.T.);
#1367=ORIENTED_EDGE('',*,*,#976,.F.);
#1368=ORIENTED_EDGE('',*,*,#929,.T.);
#1369=ORIENTED_EDGE('',*,*,#977,.T.);
#1370=ORIENTED_EDGE('',*,*,#956,.T.);
#1371=ORIENTED_EDGE('',*,*,#977,.F.);
#1372=ORIENTED_EDGE('',*,*,#934,.T.);
#1373=ORIENTED_EDGE('',*,*,#978,.T.);
#1374=ORIENTED_EDGE('',*,*,#957,.T.);
#1375=ORIENTED_EDGE('',*,*,#978,.F.);
#1376=ORIENTED_EDGE('',*,*,#927,.T.);
#1377=ORIENTED_EDGE('',*,*,#979,.T.);
#1378=ORIENTED_EDGE('',*,*,#958,.T.);
#1379=ORIENTED_EDGE('',*,*,#979,.F.);
#1380=ORIENTED_EDGE('',*,*,#980,.T.);
#1381=ORIENTED_EDGE('',*,*,#981,.F.);
#1382=ORIENTED_EDGE('',*,*,#982,.F.);
#1383=ORIENTED_EDGE('',*,*,#983,.T.);
#1384=ORIENTED_EDGE('',*,*,#984,.T.);
#1385=ORIENTED_EDGE('',*,*,#985,.T.);
#1386=ORIENTED_EDGE('',*,*,#848,.F.);
#1387=ORIENTED_EDGE('',*,*,#877,.T.);
#1388=ORIENTED_EDGE('',*,*,#969,.T.);
#1389=ORIENTED_EDGE('',*,*,#986,.F.);
#1390=ORIENTED_EDGE('',*,*,#987,.T.);
#1391=ORIENTED_EDGE('',*,*,#980,.F.);
#1392=ORIENTED_EDGE('',*,*,#968,.T.);
#1393=ORIENTED_EDGE('',*,*,#964,.F.);
#1394=ORIENTED_EDGE('',*,*,#988,.F.);
#1395=ORIENTED_EDGE('',*,*,#989,.T.);
#1396=ORIENTED_EDGE('',*,*,#990,.T.);
#1397=ORIENTED_EDGE('',*,*,#991,.F.);
#1398=ORIENTED_EDGE('',*,*,#992,.F.);
#1399=ORIENTED_EDGE('',*,*,#993,.T.);
#1400=ORIENTED_EDGE('',*,*,#986,.T.);
#1401=ORIENTED_EDGE('',*,*,#967,.T.);
#1402=ORIENTED_EDGE('',*,*,#882,.T.);
#1403=ORIENTED_EDGE('',*,*,#994,.F.);
#1404=ORIENTED_EDGE('',*,*,#984,.F.);
#1405=ORIENTED_EDGE('',*,*,#995,.F.);
#1406=ORIENTED_EDGE('',*,*,#990,.F.);
#1407=ORIENTED_EDGE('',*,*,#996,.F.);
#1408=ORIENTED_EDGE('',*,*,#997,.F.);
#1409=ORIENTED_EDGE('',*,*,#998,.T.);
#1410=ORIENTED_EDGE('',*,*,#999,.T.);
#1411=ORIENTED_EDGE('',*,*,#1000,.T.);
#1412=ORIENTED_EDGE('',*,*,#1001,.T.);
#1413=ORIENTED_EDGE('',*,*,#1002,.T.);
#1414=ORIENTED_EDGE('',*,*,#1003,.T.);
#1415=ORIENTED_EDGE('',*,*,#790,.T.);
#1416=ORIENTED_EDGE('',*,*,#787,.F.);
#1417=ORIENTED_EDGE('',*,*,#868,.F.);
#1418=ORIENTED_EDGE('',*,*,#895,.T.);
#1419=ORIENTED_EDGE('',*,*,#943,.F.);
#1420=ORIENTED_EDGE('',*,*,#941,.F.);
#1421=ORIENTED_EDGE('',*,*,#890,.T.);
#1422=ORIENTED_EDGE('',*,*,#1004,.F.);
#1423=ORIENTED_EDGE('',*,*,#1005,.T.);
#1424=ORIENTED_EDGE('',*,*,#988,.T.);
#1425=ORIENTED_EDGE('',*,*,#881,.T.);
#1426=ORIENTED_EDGE('',*,*,#859,.F.);
#1427=ORIENTED_EDGE('',*,*,#827,.T.);
#1428=ORIENTED_EDGE('',*,*,#1006,.T.);
#1429=ORIENTED_EDGE('',*,*,#997,.T.);
#1430=ORIENTED_EDGE('',*,*,#1007,.T.);
#1431=ORIENTED_EDGE('',*,*,#1004,.T.);
#1432=ORIENTED_EDGE('',*,*,#889,.T.);
#1433=ORIENTED_EDGE('',*,*,#899,.T.);
#1434=ORIENTED_EDGE('',*,*,#901,.T.);
#1435=ORIENTED_EDGE('',*,*,#908,.T.);
#1436=ORIENTED_EDGE('',*,*,#850,.F.);
#1437=ORIENTED_EDGE('',*,*,#1008,.F.);
#1438=ORIENTED_EDGE('',*,*,#998,.F.);
#1439=ORIENTED_EDGE('',*,*,#1006,.F.);
#1440=ORIENTED_EDGE('',*,*,#913,.T.);
#1441=ORIENTED_EDGE('',*,*,#918,.T.);
#1442=ORIENTED_EDGE('',*,*,#925,.T.);
#1443=ORIENTED_EDGE('',*,*,#888,.T.);
#1444=ORIENTED_EDGE('',*,*,#995,.T.);
#1445=ORIENTED_EDGE('',*,*,#983,.F.);
#1446=ORIENTED_EDGE('',*,*,#1009,.F.);
#1447=ORIENTED_EDGE('',*,*,#991,.T.);
#1448=ORIENTED_EDGE('',*,*,#1010,.T.);
#1449=ORIENTED_EDGE('',*,*,#1011,.T.);
#1450=ORIENTED_EDGE('',*,*,#1002,.F.);
#1451=ORIENTED_EDGE('',*,*,#1011,.F.);
#1452=ORIENTED_EDGE('',*,*,#1012,.T.);
#1453=ORIENTED_EDGE('',*,*,#1013,.T.);
#1454=ORIENTED_EDGE('',*,*,#1001,.F.);
#1455=ORIENTED_EDGE('',*,*,#1013,.F.);
#1456=ORIENTED_EDGE('',*,*,#1014,.T.);
#1457=ORIENTED_EDGE('',*,*,#1015,.T.);
#1458=ORIENTED_EDGE('',*,*,#1000,.F.);
#1459=ORIENTED_EDGE('',*,*,#1015,.F.);
#1460=ORIENTED_EDGE('',*,*,#1016,.T.);
#1461=ORIENTED_EDGE('',*,*,#1017,.T.);
#1462=ORIENTED_EDGE('',*,*,#999,.F.);
#1463=ORIENTED_EDGE('',*,*,#1017,.F.);
#1464=ORIENTED_EDGE('',*,*,#1018,.T.);
#1465=ORIENTED_EDGE('',*,*,#1019,.T.);
#1466=ORIENTED_EDGE('',*,*,#1003,.F.);
#1467=ORIENTED_EDGE('',*,*,#1019,.F.);
#1468=ORIENTED_EDGE('',*,*,#1020,.F.);
#1469=ORIENTED_EDGE('',*,*,#992,.T.);
#1470=ORIENTED_EDGE('',*,*,#1009,.T.);
#1471=ORIENTED_EDGE('',*,*,#982,.T.);
#1472=ORIENTED_EDGE('',*,*,#1016,.F.);
#1473=ORIENTED_EDGE('',*,*,#1014,.F.);
#1474=ORIENTED_EDGE('',*,*,#1012,.F.);
#1475=ORIENTED_EDGE('',*,*,#1010,.F.);
#1476=ORIENTED_EDGE('',*,*,#1018,.F.);
#1477=ORIENTED_EDGE('',*,*,#994,.T.);
#1478=ORIENTED_EDGE('',*,*,#1008,.T.);
#1479=ORIENTED_EDGE('',*,*,#849,.F.);
#1480=ORIENTED_EDGE('',*,*,#985,.F.);
#1481=ORIENTED_EDGE('',*,*,#1007,.F.);
#1482=ORIENTED_EDGE('',*,*,#996,.T.);
#1483=ORIENTED_EDGE('',*,*,#989,.F.);
#1484=ORIENTED_EDGE('',*,*,#1005,.F.);
#1485=ORIENTED_EDGE('',*,*,#1020,.T.);
#1486=ORIENTED_EDGE('',*,*,#981,.T.);
#1487=ORIENTED_EDGE('',*,*,#987,.F.);
#1488=ORIENTED_EDGE('',*,*,#993,.F.);
#1489=PLANE('',#1624);
#1490=PLANE('',#1643);
#1491=PLANE('',#1644);
#1492=PLANE('',#1645);
#1493=PLANE('',#1646);
#1494=PLANE('',#1647);
#1495=PLANE('',#1648);
#1496=PLANE('',#1652);
#1497=PLANE('',#1653);
#1498=PLANE('',#1654);
#1499=PLANE('',#1659);
#1500=PLANE('',#1661);
#1501=PLANE('',#1695);
#1502=PLANE('',#1698);
#1503=PLANE('',#1701);
#1504=PLANE('',#1705);
#1505=PLANE('',#1714);
#1506=PLANE('',#1715);
#1507=PLANE('',#1718);
#1508=PLANE('',#1719);
#1509=PLANE('',#1720);
#1510=PLANE('',#1729);
#1511=PLANE('',#1734);
#1512=PLANE('',#1738);
#1513=PLANE('',#1739);
#1514=PLANE('',#1747);
#1515=PLANE('',#1748);
#1516=PLANE('',#1749);
#1517=PLANE('',#1750);
#1518=PLANE('',#1757);
#1519=PLANE('',#1758);
#1520=PLANE('',#1759);
#1521=PLANE('',#1772);
#1522=PLANE('',#1773);
#1523=PLANE('',#1774);
#1524=PLANE('',#1775);
#1525=ADVANCED_FACE('',(#184),#1489,.F.);
#1526=ADVANCED_FACE('',(#185),#179,.T.);
#1527=ADVANCED_FACE('',(#186),#149,.T.);
#1528=ADVANCED_FACE('',(#187),#150,.F.);
#1529=ADVANCED_FACE('',(#188),#151,.F.);
#1530=ADVANCED_FACE('',(#189),#152,.F.);
#1531=ADVANCED_FACE('',(#190),#153,.F.);
#1532=ADVANCED_FACE('',(#191),#154,.F.);
#1533=ADVANCED_FACE('',(#192,#57,#58,#59,#60,#61),#1490,.F.);
#1534=ADVANCED_FACE('',(#193,#62,#63,#64,#65,#66),#1491,.T.);
#1535=ADVANCED_FACE('',(#194),#1492,.F.);
#1536=ADVANCED_FACE('',(#195),#1493,.F.);
#1537=ADVANCED_FACE('',(#196),#180,.T.);
#1538=ADVANCED_FACE('',(#197),#181,.T.);
#1539=ADVANCED_FACE('',(#198),#182,.T.);
#1540=ADVANCED_FACE('',(#199),#183,.T.);
#1541=ADVANCED_FACE('',(#200),#45,.F.);
#1542=ADVANCED_FACE('',(#201),#46,.F.);
#1543=ADVANCED_FACE('',(#202),#47,.F.);
#1544=ADVANCED_FACE('',(#203),#48,.F.);
#1545=ADVANCED_FACE('',(#204),#1494,.T.);
#1546=ADVANCED_FACE('',(#205),#1495,.T.);
#1547=ADVANCED_FACE('',(#206),#1496,.T.);
#1548=ADVANCED_FACE('',(#207),#1497,.F.);
#1549=ADVANCED_FACE('',(#208),#1498,.F.);
#1550=ADVANCED_FACE('',(#209),#1499,.F.);
#1551=ADVANCED_FACE('',(#210),#1500,.T.);
#1552=ADVANCED_FACE('',(#211),#19,.T.);
#1553=ADVANCED_FACE('',(#212),#20,.T.);
#1554=ADVANCED_FACE('',(#213),#49,.T.);
#1555=ADVANCED_FACE('',(#214),#50,.T.);
#1556=ADVANCED_FACE('',(#215),#51,.T.);
#1557=ADVANCED_FACE('',(#216),#155,.T.);
#1558=ADVANCED_FACE('',(#217),#156,.T.);
#1559=ADVANCED_FACE('',(#218),#52,.T.);
#1560=ADVANCED_FACE('',(#219),#53,.T.);
#1561=ADVANCED_FACE('',(#220),#54,.T.);
#1562=ADVANCED_FACE('',(#221),#55,.T.);
#1563=ADVANCED_FACE('',(#222),#157,.T.);
#1564=ADVANCED_FACE('',(#223),#158,.T.);
#1565=ADVANCED_FACE('',(#224),#56,.T.);
#1566=ADVANCED_FACE('',(#225,#67),#1501,.F.);
#1567=ADVANCED_FACE('',(#226,#68),#1502,.F.);
#1568=ADVANCED_FACE('',(#227,#69),#1503,.F.);
#1569=ADVANCED_FACE('',(#228,#70),#1504,.F.);
#1570=ADVANCED_FACE('',(#229),#159,.F.);
#1571=ADVANCED_FACE('',(#230),#160,.F.);
#1572=ADVANCED_FACE('',(#231),#1505,.T.);
#1573=ADVANCED_FACE('',(#232),#1506,.T.);
#1574=ADVANCED_FACE('',(#233),#161,.F.);
#1575=ADVANCED_FACE('',(#234),#162,.F.);
#1576=ADVANCED_FACE('',(#235),#1507,.T.);
#1577=ADVANCED_FACE('',(#236),#1508,.T.);
#1578=ADVANCED_FACE('',(#237,#71,#72,#73,#74,#75),#1509,.T.);
#1579=ADVANCED_FACE('',(#238),#163,.T.);
#1580=ADVANCED_FACE('',(#239,#76),#1510,.T.);
#1581=ADVANCED_FACE('',(#240),#164,.F.);
#1582=ADVANCED_FACE('',(#241,#77),#1511,.T.);
#1583=ADVANCED_FACE('',(#242),#165,.T.);
#1584=ADVANCED_FACE('',(#243),#1512,.F.);
#1585=ADVANCED_FACE('',(#244),#1513,.T.);
#1586=ADVANCED_FACE('',(#245),#166,.T.);
#1587=ADVANCED_FACE('',(#246),#167,.T.);
#1588=ADVANCED_FACE('',(#247),#168,.F.);
#1589=ADVANCED_FACE('',(#248),#169,.F.);
#1590=ADVANCED_FACE('',(#249),#170,.F.);
#1591=ADVANCED_FACE('',(#250),#171,.F.);
#1592=ADVANCED_FACE('',(#251),#172,.F.);
#1593=ADVANCED_FACE('',(#252),#1514,.F.);
#1594=ADVANCED_FACE('',(#253,#78),#1515,.T.);
#1595=ADVANCED_FACE('',(#254),#1516,.F.);
#1596=ADVANCED_FACE('',(#255,#79,#80,#81,#82,#83),#1517,.F.);
#1597=ADVANCED_FACE('',(#256),#1518,.T.);
#1598=ADVANCED_FACE('',(#257),#1519,.F.);
#1599=ADVANCED_FACE('',(#258),#1520,.T.);
#1600=ADVANCED_FACE('',(#259),#173,.T.);
#1601=ADVANCED_FACE('',(#260),#174,.F.);
#1602=ADVANCED_FACE('',(#261),#175,.F.);
#1603=ADVANCED_FACE('',(#262),#176,.F.);
#1604=ADVANCED_FACE('',(#263),#177,.F.);
#1605=ADVANCED_FACE('',(#264),#178,.F.);
#1606=ADVANCED_FACE('',(#265,#84,#85,#86,#87,#88),#1521,.T.);
#1607=ADVANCED_FACE('',(#266),#1522,.T.);
#1608=ADVANCED_FACE('',(#267),#1523,.T.);
#1609=ADVANCED_FACE('',(#268),#1524,.F.);
#1610=CLOSED_SHELL('',(#1525,#1526,#1527,#1528,#1529,#1530,#1531,#1532,
#1533,#1534,#1535,#1536,#1537,#1538,#1539,#1540,#1541,#1542,#1543,#1544,
#1545,#1546,#1547,#1548,#1549,#1550,#1551,#1552,#1553,#1554,#1555,#1556,
#1557,#1558,#1559,#1560,#1561,#1562,#1563,#1564,#1565,#1566,#1567,#1568,
#1569,#1570,#1571,#1572,#1573,#1574,#1575,#1576,#1577,#1578,#1579,#1580,
#1581,#1582,#1583,#1584,#1585,#1586,#1587,#1588,#1589,#1590,#1591,#1592,
#1593,#1594,#1595,#1596,#1597,#1598,#1599,#1600,#1601,#1602,#1603,#1604,
#1605,#1606,#1607,#1608,#1609));
#1611=DERIVED_UNIT_ELEMENT(#1613,1.);
#1612=DERIVED_UNIT_ELEMENT(#3661,-3.);
#1613=(
MASS_UNIT()
NAMED_UNIT(*)
SI_UNIT(.KILO.,.GRAM.)
);
#1614=DERIVED_UNIT((#1611,#1612));
#1615=MEASURE_REPRESENTATION_ITEM('density measure',
POSITIVE_RATIO_MEASURE(7850.),#1614);
#1616=PROPERTY_DEFINITION_REPRESENTATION(#1621,#1618);
#1617=PROPERTY_DEFINITION_REPRESENTATION(#1622,#1619);
#1618=REPRESENTATION('material name',(#1620),#3658);
#1619=REPRESENTATION('density',(#1615),#3658);
#1620=DESCRIPTIVE_REPRESENTATION_ITEM('\X2\92FC\X0\','\X2\92FC\X0\');
#1621=PROPERTY_DEFINITION('material property','material name',#3668);
#1622=PROPERTY_DEFINITION('material property','density of part',#3668);
#1623=AXIS2_PLACEMENT_3D('',#2184,#1776,#1777);
#1624=AXIS2_PLACEMENT_3D('',#2185,#1778,#1779);
#1625=AXIS2_PLACEMENT_3D('',#2241,#1785,#1786);
#1626=AXIS2_PLACEMENT_3D('',#2244,#1787,#1788);
#1627=AXIS2_PLACEMENT_3D('',#2248,#1790,#1791);
#1628=AXIS2_PLACEMENT_3D('',#2250,#1793,#1794);
#1629=AXIS2_PLACEMENT_3D('',#2252,#1795,#1796);
#1630=AXIS2_PLACEMENT_3D('',#2255,#1798,#1799);
#1631=AXIS2_PLACEMENT_3D('',#2256,#1800,#1801);
#1632=AXIS2_PLACEMENT_3D('',#2258,#1802,#1803);
#1633=AXIS2_PLACEMENT_3D('',#2261,#1805,#1806);
#1634=AXIS2_PLACEMENT_3D('',#2262,#1807,#1808);
#1635=AXIS2_PLACEMENT_3D('',#2264,#1809,#1810);
#1636=AXIS2_PLACEMENT_3D('',#2267,#1812,#1813);
#1637=AXIS2_PLACEMENT_3D('',#2268,#1814,#1815);
#1638=AXIS2_PLACEMENT_3D('',#2270,#1816,#1817);
#1639=AXIS2_PLACEMENT_3D('',#2273,#1819,#1820);
#1640=AXIS2_PLACEMENT_3D('',#2274,#1821,#1822);
#1641=AXIS2_PLACEMENT_3D('',#2276,#1823,#1824);
#1642=AXIS2_PLACEMENT_3D('',#2279,#1826,#1827);
#1643=AXIS2_PLACEMENT_3D('',#2280,#1828,#1829);
#1644=AXIS2_PLACEMENT_3D('',#2298,#1832,#1833);
#1645=AXIS2_PLACEMENT_3D('',#2324,#1836,#1837);
#1646=AXIS2_PLACEMENT_3D('',#2333,#1839,#1840);
#1647=AXIS2_PLACEMENT_3D('',#2928,#1845,#1846);
#1648=AXIS2_PLACEMENT_3D('',#2930,#1848,#1849);
#1649=AXIS2_PLACEMENT_3D('',#2934,#1851,#1852);
#1650=AXIS2_PLACEMENT_3D('',#2953,#1856,#1857);
#1651=AXIS2_PLACEMENT_3D('',#2955,#1858,#1859);
#1652=AXIS2_PLACEMENT_3D('',#2968,#1861,#1862);
#1653=AXIS2_PLACEMENT_3D('',#2974,#1866,#1867);
#1654=AXIS2_PLACEMENT_3D('',#2980,#1871,#1872);
#1655=AXIS2_PLACEMENT_3D('',#2984,#1874,#1875);
#1656=AXIS2_PLACEMENT_3D('',#2986,#1876,#1877);
#1657=AXIS2_PLACEMENT_3D('',#2990,#1879,#1880);
#1658=AXIS2_PLACEMENT_3D('',#2992,#1881,#1882);
#1659=AXIS2_PLACEMENT_3D('',#2994,#1884,#1885);
#1660=AXIS2_PLACEMENT_3D('',#2999,#1888,#1889);
#1661=AXIS2_PLACEMENT_3D('',#3000,#1890,#1891);
#1662=AXIS2_PLACEMENT_3D('',#3002,#1892,#1893);
#1663=AXIS2_PLACEMENT_3D('',#3004,#1894,#1895);
#1664=AXIS2_PLACEMENT_3D('',#3006,#1896,#1897);
#1665=AXIS2_PLACEMENT_3D('',#3009,#1899,#1900);
#1666=AXIS2_PLACEMENT_3D('',#3010,#1901,#1902);
#1667=AXIS2_PLACEMENT_3D('',#3019,#1903,#1904);
#1668=AXIS2_PLACEMENT_3D('',#3020,#1905,#1906);
#1669=AXIS2_PLACEMENT_3D('',#3026,#1907,#1908);
#1670=AXIS2_PLACEMENT_3D('',#3031,#1909,#1910);
#1671=AXIS2_PLACEMENT_3D('',#3059,#1911,#1912);
#1672=AXIS2_PLACEMENT_3D('',#3061,#1913,#1914);
#1673=AXIS2_PLACEMENT_3D('',#3066,#1915,#1916);
#1674=AXIS2_PLACEMENT_3D('',#3089,#1917,#1918);
#1675=AXIS2_PLACEMENT_3D('',#3107,#1919,#1920);
#1676=AXIS2_PLACEMENT_3D('',#3109,#1921,#1922);
#1677=AXIS2_PLACEMENT_3D('',#3164,#1923,#1924);
#1678=AXIS2_PLACEMENT_3D('',#3182,#1925,#1926);
#1679=AXIS2_PLACEMENT_3D('',#3183,#1927,#1928);
#1680=AXIS2_PLACEMENT_3D('',#3186,#1929,#1930);
#1681=AXIS2_PLACEMENT_3D('',#3196,#1933,#1934);
#1682=AXIS2_PLACEMENT_3D('',#3206,#1936,#1937);
#1683=AXIS2_PLACEMENT_3D('',#3267,#1938,#1939);
#1684=AXIS2_PLACEMENT_3D('',#3268,#1940,#1941);
#1685=AXIS2_PLACEMENT_3D('',#3328,#1942,#1943);
#1686=AXIS2_PLACEMENT_3D('',#3352,#1944,#1945);
#1687=AXIS2_PLACEMENT_3D('',#3353,#1946,#1947);
#1688=AXIS2_PLACEMENT_3D('',#3354,#1948,#1949);
#1689=AXIS2_PLACEMENT_3D('',#3377,#1950,#1951);
#1690=AXIS2_PLACEMENT_3D('',#3378,#1952,#1953);
#1691=AXIS2_PLACEMENT_3D('',#3379,#1954,#1955);
#1692=AXIS2_PLACEMENT_3D('',#3405,#1958,#1959);
#1693=AXIS2_PLACEMENT_3D('',#3450,#1961,#1962);
#1694=AXIS2_PLACEMENT_3D('',#3451,#1963,#1964);
#1695=AXIS2_PLACEMENT_3D('',#3452,#1965,#1966);
#1696=AXIS2_PLACEMENT_3D('',#3454,#1967,#1968);
#1697=AXIS2_PLACEMENT_3D('',#3456,#1969,#1970);
#1698=AXIS2_PLACEMENT_3D('',#3457,#1971,#1972);
#1699=AXIS2_PLACEMENT_3D('',#3459,#1973,#1974);
#1700=AXIS2_PLACEMENT_3D('',#3461,#1975,#1976);
#1701=AXIS2_PLACEMENT_3D('',#3462,#1977,#1978);
#1702=AXIS2_PLACEMENT_3D('',#3467,#1980,#1981);
#1703=AXIS2_PLACEMENT_3D('',#3470,#1983,#1984);
#1704=AXIS2_PLACEMENT_3D('',#3472,#1985,#1986);
#1705=AXIS2_PLACEMENT_3D('',#3473,#1987,#1988);
#1706=AXIS2_PLACEMENT_3D('',#3478,#1990,#1991);
#1707=AXIS2_PLACEMENT_3D('',#3482,#1993,#1994);
#1708=AXIS2_PLACEMENT_3D('',#3483,#1995,#1996);
#1709=AXIS2_PLACEMENT_3D('',#3485,#1997,#1998);
#1710=AXIS2_PLACEMENT_3D('',#3486,#1999,#2000);
#1711=AXIS2_PLACEMENT_3D('',#3488,#2001,#2002);
#1712=AXIS2_PLACEMENT_3D('',#3490,#2004,#2005);
#1713=AXIS2_PLACEMENT_3D('',#3491,#2006,#2007);
#1714=AXIS2_PLACEMENT_3D('',#3493,#2009,#2010);
#1715=AXIS2_PLACEMENT_3D('',#3496,#2013,#2014);
#1716=AXIS2_PLACEMENT_3D('',#3499,#2017,#2018);
#1717=AXIS2_PLACEMENT_3D('',#3500,#2019,#2020);
#1718=AXIS2_PLACEMENT_3D('',#3503,#2023,#2024);
#1719=AXIS2_PLACEMENT_3D('',#3505,#2026,#2027);
#1720=AXIS2_PLACEMENT_3D('',#3507,#2029,#2030);
#1721=AXIS2_PLACEMENT_3D('',#3509,#2031,#2032);
#1722=AXIS2_PLACEMENT_3D('',#3511,#2033,#2034);
#1723=AXIS2_PLACEMENT_3D('',#3513,#2035,#2036);
#1724=AXIS2_PLACEMENT_3D('',#3515,#2037,#2038);
#1725=AXIS2_PLACEMENT_3D('',#3517,#2039,#2040);
#1726=AXIS2_PLACEMENT_3D('',#3519,#2041,#2042);
#1727=AXIS2_PLACEMENT_3D('',#3520,#2043,#2044);
#1728=AXIS2_PLACEMENT_3D('',#3522,#2045,#2046);
#1729=AXIS2_PLACEMENT_3D('',#3524,#2048,#2049);
#1730=AXIS2_PLACEMENT_3D('',#3526,#2050,#2051);
#1731=AXIS2_PLACEMENT_3D('',#3527,#2052,#2053);
#1732=AXIS2_PLACEMENT_3D('',#3529,#2054,#2055);
#1733=AXIS2_PLACEMENT_3D('',#3532,#2057,#2058);
#1734=AXIS2_PLACEMENT_3D('',#3533,#2059,#2060);
#1735=AXIS2_PLACEMENT_3D('',#3535,#2061,#2062);
#1736=AXIS2_PLACEMENT_3D('',#3536,#2063,#2064);
#1737=AXIS2_PLACEMENT_3D('',#3542,#2067,#2068);
#1738=AXIS2_PLACEMENT_3D('',#3556,#2071,#2072);
#1739=AXIS2_PLACEMENT_3D('',#3558,#2074,#2075);
#1740=AXIS2_PLACEMENT_3D('',#3560,#2077,#2078);
#1741=AXIS2_PLACEMENT_3D('',#3561,#2079,#2080);
#1742=AXIS2_PLACEMENT_3D('',#3563,#2082,#2083);
#1743=AXIS2_PLACEMENT_3D('',#3565,#2085,#2086);
#1744=AXIS2_PLACEMENT_3D('',#3567,#2088,#2089);
#1745=AXIS2_PLACEMENT_3D('',#3569,#2091,#2092);
#1746=AXIS2_PLACEMENT_3D('',#3571,#2094,#2095);
#1747=AXIS2_PLACEMENT_3D('',#3573,#2097,#2098);
#1748=AXIS2_PLACEMENT_3D('',#3585,#2105,#2106);
#1749=AXIS2_PLACEMENT_3D('',#3589,#2109,#2110);
#1750=AXIS2_PLACEMENT_3D('',#3601,#2117,#2118);
#1751=AXIS2_PLACEMENT_3D('',#3604,#2120,#2121);
#1752=AXIS2_PLACEMENT_3D('',#3611,#2125,#2126);
#1753=AXIS2_PLACEMENT_3D('',#3613,#2127,#2128);
#1754=AXIS2_PLACEMENT_3D('',#3615,#2129,#2130);
#1755=AXIS2_PLACEMENT_3D('',#3617,#2131,#2132);
#1756=AXIS2_PLACEMENT_3D('',#3619,#2133,#2134);
#1757=AXIS2_PLACEMENT_3D('',#3620,#2135,#2136);
#1758=AXIS2_PLACEMENT_3D('',#3624,#2139,#2140);
#1759=AXIS2_PLACEMENT_3D('',#3627,#2143,#2144);
#1760=AXIS2_PLACEMENT_3D('',#3629,#2146,#2147);
#1761=AXIS2_PLACEMENT_3D('',#3630,#2148,#2149);
#1762=AXIS2_PLACEMENT_3D('',#3631,#2150,#2151);
#1763=AXIS2_PLACEMENT_3D('',#3633,#2152,#2153);
#1764=AXIS2_PLACEMENT_3D('',#3635,#2155,#2156);
#1765=AXIS2_PLACEMENT_3D('',#3637,#2157,#2158);
#1766=AXIS2_PLACEMENT_3D('',#3639,#2160,#2161);
#1767=AXIS2_PLACEMENT_3D('',#3641,#2162,#2163);
#1768=AXIS2_PLACEMENT_3D('',#3643,#2165,#2166);
#1769=AXIS2_PLACEMENT_3D('',#3645,#2167,#2168);
#1770=AXIS2_PLACEMENT_3D('',#3647,#2170,#2171);
#1771=AXIS2_PLACEMENT_3D('',#3649,#2172,#2173);
#1772=AXIS2_PLACEMENT_3D('',#3651,#2175,#2176);
#1773=AXIS2_PLACEMENT_3D('',#3653,#2178,#2179);
#1774=AXIS2_PLACEMENT_3D('',#3654,#2180,#2181);
#1775=AXIS2_PLACEMENT_3D('',#3655,#2182,#2183);
#1776=DIRECTION('axis',(0.,0.,1.));
#1777=DIRECTION('refdir',(1.,0.,0.));
#1778=DIRECTION('center_axis',(-1.,-7.07210401994021E-33,0.));
#1779=DIRECTION('ref_axis',(0.,0.,1.));
#1780=DIRECTION('',(2.85644194215473E-16,-1.,6.12323399573677E-17));
#1781=DIRECTION('',(-9.81451589435214E-49,1.38777878078144E-16,-1.));
#1782=DIRECTION('',(-0.145673554475334,0.670098350586537,0.727837492897779));
#1783=DIRECTION('',(7.07210401994021E-33,-1.,-1.38777878078144E-16));
#1784=DIRECTION('',(-0.179556294657467,0.610491401835385,0.77140118312973));
#1785=DIRECTION('center_axis',(-7.07210401994021E-33,1.,1.38777878078144E-16));
#1786=DIRECTION('ref_axis',(-9.81451589435214E-49,1.38777878078144E-16,
-1.));
#1787=DIRECTION('center_axis',(-7.07210401994021E-33,1.,1.38777878078144E-16));
#1788=DIRECTION('ref_axis',(-9.81451589435214E-49,1.38777878078144E-16,
-1.));
#1789=DIRECTION('',(-7.07210401994021E-33,1.,1.38777878078144E-16));
#1790=DIRECTION('center_axis',(-7.07210401994021E-33,1.,1.38777878078144E-16));
#1791=DIRECTION('ref_axis',(-9.81451589435214E-49,1.38777878078144E-16,
-1.));
#1792=DIRECTION('',(-7.07210401994021E-33,1.,1.38777878078144E-16));
#1793=DIRECTION('center_axis',(-7.07210401994021E-33,1.,1.38777878078144E-16));
#1794=DIRECTION('ref_axis',(-9.81451589435214E-49,1.38777878078144E-16,
-1.));
#1795=DIRECTION('center_axis',(-7.07210401994021E-33,1.,1.38777878078144E-16));
#1796=DIRECTION('ref_axis',(-9.81451589435214E-49,1.38777878078144E-16,
-1.));
#1797=DIRECTION('',(-7.07210401994021E-33,1.,1.38777878078144E-16));
#1798=DIRECTION('center_axis',(-7.07210401994021E-33,1.,1.38777878078144E-16));
#1799=DIRECTION('ref_axis',(-9.81451589435214E-49,1.38777878078144E-16,
-1.));
#1800=DIRECTION('center_axis',(-7.07210401994021E-33,1.,1.38777878078144E-16));
#1801=DIRECTION('ref_axis',(-9.81451589435214E-49,1.38777878078144E-16,
-1.));
#1802=DIRECTION('center_axis',(-7.07210401994021E-33,1.,1.38777878078144E-16));
#1803=DIRECTION('ref_axis',(-9.81451589435214E-49,1.38777878078144E-16,
-1.));
#1804=DIRECTION('',(-7.07210401994021E-33,1.,1.38777878078144E-16));
#1805=DIRECTION('center_axis',(-7.07210401994021E-33,1.,1.38777878078144E-16));
#1806=DIRECTION('ref_axis',(-9.81451589435214E-49,1.38777878078144E-16,
-1.));
#1807=DIRECTION('center_axis',(-7.07210401994021E-33,1.,1.38777878078144E-16));
#1808=DIRECTION('ref_axis',(-9.81451589435214E-49,1.38777878078144E-16,
-1.));
#1809=DIRECTION('center_axis',(-7.07210401994021E-33,1.,1.38777878078144E-16));
#1810=DIRECTION('ref_axis',(-9.81451589435214E-49,1.38777878078144E-16,
-1.));
#1811=DIRECTION('',(-7.07210401994021E-33,1.,1.38777878078144E-16));
#1812=DIRECTION('center_axis',(-7.07210401994021E-33,1.,1.38777878078144E-16));
#1813=DIRECTION('ref_axis',(-9.81451589435214E-49,1.38777878078144E-16,
-1.));
#1814=DIRECTION('center_axis',(-7.07210401994021E-33,1.,1.38777878078144E-16));
#1815=DIRECTION('ref_axis',(-9.81451589435214E-49,1.38777878078144E-16,
-1.));
#1816=DIRECTION('center_axis',(-7.07210401994021E-33,1.,1.38777878078144E-16));
#1817=DIRECTION('ref_axis',(-9.81451589435214E-49,1.38777878078144E-16,
-1.));
#1818=DIRECTION('',(-7.07210401994021E-33,1.,1.38777878078144E-16));
#1819=DIRECTION('center_axis',(-7.07210401994021E-33,1.,1.38777878078144E-16));
#1820=DIRECTION('ref_axis',(-9.81451589435214E-49,1.38777878078144E-16,
-1.));
#1821=DIRECTION('center_axis',(-7.07210401994021E-33,1.,1.38777878078144E-16));
#1822=DIRECTION('ref_axis',(-9.81451589435214E-49,1.38777878078144E-16,
-1.));
#1823=DIRECTION('center_axis',(-7.07210401994021E-33,1.,1.38777878078144E-16));
#1824=DIRECTION('ref_axis',(-9.81451589435214E-49,1.38777878078144E-16,
-1.));
#1825=DIRECTION('',(-7.07210401994021E-33,1.,1.38777878078144E-16));
#1826=DIRECTION('center_axis',(-7.07210401994021E-33,1.,1.38777878078144E-16));
#1827=DIRECTION('ref_axis',(-9.81451589435214E-49,1.38777878078144E-16,
-1.));
#1828=DIRECTION('center_axis',(-7.07210401994021E-33,1.,1.38777878078144E-16));
#1829=DIRECTION('ref_axis',(1.,7.07210401994021E-33,0.));
#1830=DIRECTION('',(-9.81451589435214E-49,1.38777878078144E-16,-1.));
#1831=DIRECTION('',(8.46206573647223E-17,-1.38777878078144E-16,1.));
#1832=DIRECTION('center_axis',(-7.07210401994021E-33,1.,1.38777878078144E-16));
#1833=DIRECTION('ref_axis',(1.,7.07210401994021E-33,0.));
#1834=DIRECTION('',(8.46206573647223E-17,-1.38777878078144E-16,1.));
#1835=DIRECTION('',(-9.81451589435214E-49,1.38777878078144E-16,-1.));
#1836=DIRECTION('center_axis',(1.,1.88155792905941E-32,-8.46206573647223E-17));
#1837=DIRECTION('ref_axis',(-8.46206573647223E-17,2.77555756156289E-16,
-1.));
#1838=DIRECTION('',(7.07210401994021E-33,-1.,-1.38777878078144E-16));
#1839=DIRECTION('center_axis',(-1.,-7.07210401994021E-33,0.));
#1840=DIRECTION('ref_axis',(1.96290317887044E-48,-2.77555756156289E-16,
1.));
#1841=DIRECTION('',(0.145673554475334,0.670098350586537,0.727837492897779));
#1842=DIRECTION('',(-9.81451589435214E-49,1.38777878078144E-16,-1.));
#1843=DIRECTION('',(0.179556294657467,0.610491401835385,0.77140118312973));
#1844=DIRECTION('',(-7.08418665937221E-16,0.99176921012904,0.128038407675275));
#1845=DIRECTION('center_axis',(-1.,-7.07210401994021E-33,0.));
#1846=DIRECTION('ref_axis',(0.,0.,1.));
#1847=DIRECTION('',(-2.85644194215473E-16,-1.,6.12323399573677E-17));
#1848=DIRECTION('center_axis',(0.,-6.12323399573677E-17,-1.));
#1849=DIRECTION('ref_axis',(1.,0.,0.));
#1850=DIRECTION('',(-2.85644194215473E-16,-1.,6.12323399573677E-17));
#1851=DIRECTION('center_axis',(0.,-6.12323399573677E-17,-1.));
#1852=DIRECTION('ref_axis',(0.,1.,-6.12323399573677E-17));
#1853=DIRECTION('',(-1.17434752706539E-32,1.,0.));
#1854=DIRECTION('',(1.,0.,0.));
#1855=DIRECTION('',(-2.85644194215473E-16,-1.,6.12323399573677E-17));
#1856=DIRECTION('center_axis',(0.,-6.12323399573677E-17,-1.));
#1857=DIRECTION('ref_axis',(0.,1.,-6.12323399573677E-17));
#1858=DIRECTION('center_axis',(0.,-6.12323399573677E-17,-1.));
#1859=DIRECTION('ref_axis',(0.,1.,-6.12323399573677E-17));
#1860=DIRECTION('',(-2.85644194215473E-16,-1.,6.12323399573677E-17));
#1861=DIRECTION('center_axis',(-0.573576436351046,1.13680182529801E-16,
-0.819152044288992));
#1862=DIRECTION('ref_axis',(-0.819152044288992,-1.59199441504844E-16,0.573576436351046));
#1863=DIRECTION('',(0.,1.,1.38777878078144E-16));
#1864=DIRECTION('',(-0.819152044288992,-2.89656423267921E-33,0.573576436351046));
#1865=DIRECTION('',(3.34115147757459E-48,1.,1.38777878078144E-16));
#1866=DIRECTION('center_axis',(-0.573576436351046,-1.13680182529801E-16,
0.819152044288992));
#1867=DIRECTION('ref_axis',(0.819152044288992,-1.59199441504844E-16,0.573576436351046));
#1868=DIRECTION('',(2.85644194215473E-16,-1.,6.12323399573677E-17));
#1869=DIRECTION('',(3.34115147757459E-48,-1.,-1.38777878078144E-16));
#1870=DIRECTION('',(-0.819152044288992,-2.89656423267921E-33,-0.573576436351046));
#1871=DIRECTION('center_axis',(-0.573576436351046,-1.13680182529801E-16,
0.819152044288992));
#1872=DIRECTION('ref_axis',(0.819152044288992,-1.59199441504844E-16,0.573576436351046));
#1873=DIRECTION('',(0.,1.,1.38777878078144E-16));
#1874=DIRECTION('center_axis',(-0.573576436351046,-1.13680182529801E-16,
0.819152044288992));
#1875=DIRECTION('ref_axis',(0.819152044288992,2.69107452973069E-16,0.573576436351046));
#1876=DIRECTION('center_axis',(-0.573576436351046,-1.13680182529801E-16,
0.819152044288992));
#1877=DIRECTION('ref_axis',(0.819152044288992,2.69107452973069E-16,0.573576436351046));
#1878=DIRECTION('',(1.0096828487054E-32,-1.,-1.38777878078145E-16));
#1879=DIRECTION('center_axis',(-0.573576436351046,-1.13680182529801E-16,
0.819152044288992));
#1880=DIRECTION('ref_axis',(0.819152044288992,-7.95997207524221E-17,0.573576436351046));
#1881=DIRECTION('center_axis',(-0.573576436351046,-1.13680182529801E-16,
0.819152044288992));
#1882=DIRECTION('ref_axis',(0.819152044288992,2.69107452973069E-16,0.573576436351046));
#1883=DIRECTION('',(2.85644194215473E-16,-1.,6.12323399573677E-17));
#1884=DIRECTION('center_axis',(-3.5360520099701E-33,1.,0.));
#1885=DIRECTION('ref_axis',(0.,0.,1.));
#1886=DIRECTION('',(0.,0.,1.));
#1887=DIRECTION('',(0.,0.,-1.));
#1888=DIRECTION('center_axis',(-3.5360520099701E-33,1.,0.));
#1889=DIRECTION('ref_axis',(0.,1.38777878078144E-16,-1.));
#1890=DIRECTION('center_axis',(-0.573576436351046,1.13680182529801E-16,
-0.819152044288992));
#1891=DIRECTION('ref_axis',(-0.819152044288992,-1.59199441504844E-16,0.573576436351046));
#1892=DIRECTION('center_axis',(-0.573576436351046,1.13680182529801E-16,
-0.819152044288992));
#1893=DIRECTION('ref_axis',(-0.819152044288992,2.69107452973069E-16,0.573576436351046));
#1894=DIRECTION('center_axis',(-0.573576436351046,1.13680182529801E-16,
-0.819152044288992));
#1895=DIRECTION('ref_axis',(-0.819152044288992,2.69107452973069E-16,0.573576436351046));
#1896=DIRECTION('center_axis',(-0.573576436351046,1.13680182529801E-16,
-0.819152044288992));
#1897=DIRECTION('ref_axis',(-0.819152044288992,-7.95997207524221E-17,0.573576436351046));
#1898=DIRECTION('',(-1.44560289664734E-16,-1.,-3.75556735291186E-17));
#1899=DIRECTION('center_axis',(-0.573576436351046,1.13680182529801E-16,
-0.819152044288992));
#1900=DIRECTION('ref_axis',(-0.819152044288992,2.69107452973069E-16,0.573576436351046));
#1901=DIRECTION('center_axis',(0.,0.,1.));
#1902=DIRECTION('ref_axis',(-0.99681657796411,-0.0797289777679485,0.));
#1903=DIRECTION('center_axis',(0.,0.,-1.));
#1904=DIRECTION('ref_axis',(-1.,0.,0.));
#1905=DIRECTION('center_axis',(0.,0.,1.));
#1906=DIRECTION('ref_axis',(1.,0.,0.));
#1907=DIRECTION('center_axis',(0.,-6.12323399573677E-17,-1.));
#1908=DIRECTION('ref_axis',(0.,1.,-6.12323399573677E-17));
#1909=DIRECTION('center_axis',(0.,0.,-1.));
#1910=DIRECTION('ref_axis',(-1.,0.,0.));
#1911=DIRECTION('center_axis',(0.658615162419437,-1.4205348955575E-16,0.752479945135562));
#1912=DIRECTION('ref_axis',(-0.752479945135562,3.263361565071E-16,0.658615162419437));
#1913=DIRECTION('center_axis',(0.658615162419437,-1.4205348955575E-16,0.752479945135562));
#1914=DIRECTION('ref_axis',(-0.752479945135562,3.263361565071E-16,0.658615162419437));
#1915=DIRECTION('center_axis',(-0.573576436351046,1.13680182529801E-16,
-0.819152044288992));
#1916=DIRECTION('ref_axis',(-0.819152044288992,2.69107452973069E-16,0.573576436351046));
#1917=DIRECTION('center_axis',(-0.573576436351046,-1.13680182529801E-16,
0.819152044288992));
#1918=DIRECTION('ref_axis',(0.819152044288992,2.69107452973069E-16,0.573576436351046));
#1919=DIRECTION('center_axis',(0.658615162419437,1.4205348955575E-16,-0.752479945135562));
#1920=DIRECTION('ref_axis',(0.752479945135562,3.263361565071E-16,0.658615162419437));
#1921=DIRECTION('center_axis',(0.658615162419437,1.4205348955575E-16,-0.752479945135562));
#1922=DIRECTION('ref_axis',(0.752479945135562,3.263361565071E-16,0.658615162419437));
#1923=DIRECTION('center_axis',(0.632647053603623,1.07475175018597E-16,-0.774440253064531));
#1924=DIRECTION('ref_axis',(0.774440253064531,-6.16297582203916E-33,0.632647053603623));
#1925=DIRECTION('center_axis',(-0.573576436351046,-1.13680182529801E-16,
0.819152044288992));
#1926=DIRECTION('ref_axis',(0.819152044288992,-7.95997207524221E-17,0.573576436351046));
#1927=DIRECTION('center_axis',(0.,1.,1.38777878078144E-16));
#1928=DIRECTION('ref_axis',(-0.461748613234986,1.23097481260804E-16,-0.887010833178247));
#1929=DIRECTION('center_axis',(0.,-1.,0.));
#1930=DIRECTION('ref_axis',(0.,0.,-1.));
#1931=DIRECTION('',(1.0096828487054E-32,-1.,-1.38777878078145E-16));
#1932=DIRECTION('',(0.,-1.,-1.38777878078144E-16));
#1933=DIRECTION('center_axis',(0.,1.,1.38777878078144E-16));
#1934=DIRECTION('ref_axis',(-0.461748613234979,1.23097481260804E-16,-0.88701083317825));
#1935=DIRECTION('',(0.,-1.,-1.38777878078144E-16));
#1936=DIRECTION('center_axis',(-1.0842021724855E-16,1.,5.64399927132574E-17));
#1937=DIRECTION('ref_axis',(-1.,-1.0842021724855E-16,0.));
#1938=DIRECTION('center_axis',(-0.573576436351046,-1.13680182529801E-16,
0.819152044288992));
#1939=DIRECTION('ref_axis',(0.819152044288992,2.69107452973069E-16,0.573576436351046));
#1940=DIRECTION('center_axis',(0.658615162419437,1.4205348955575E-16,-0.752479945135562));
#1941=DIRECTION('ref_axis',(0.752479945135562,0.,0.658615162419437));
#1942=DIRECTION('center_axis',(0.658615162419437,1.4205348955575E-16,-0.752479945135562));
#1943=DIRECTION('ref_axis',(0.752479945135562,2.44752117380325E-16,0.658615162419437));
#1944=DIRECTION('center_axis',(0.,1.,0.));
#1945=DIRECTION('ref_axis',(0.,0.,1.));
#1946=DIRECTION('center_axis',(-0.573576436351046,1.13680182529801E-16,
-0.819152044288992));
#1947=DIRECTION('ref_axis',(-0.819152044288992,2.69107452973069E-16,0.573576436351046));
#1948=DIRECTION('center_axis',(0.658615162419437,-1.4205348955575E-16,0.752479945135562));
#1949=DIRECTION('ref_axis',(-0.752479945135562,0.,0.658615162419437));
#1950=DIRECTION('center_axis',(-1.0842021724855E-16,-1.,-5.64399927132575E-17));
#1951=DIRECTION('ref_axis',(1.,-1.0842021724855E-16,0.));
#1952=DIRECTION('center_axis',(0.658615162419437,-1.4205348955575E-16,0.752479945135562));
#1953=DIRECTION('ref_axis',(-0.752479945135562,2.44752117380325E-16,0.658615162419437));
#1954=DIRECTION('center_axis',(-1.44560289664734E-16,-1.,-3.75556735291186E-17));
#1955=DIRECTION('ref_axis',(1.,-1.44560289664734E-16,0.));
#1956=DIRECTION('',(-1.44560289664734E-16,-1.,-3.75556735291186E-17));
#1957=DIRECTION('',(-1.44560289664734E-16,-1.,-3.75556735291186E-17));
#1958=DIRECTION('center_axis',(-1.44560289664734E-16,-1.,-3.75556735291186E-17));
#1959=DIRECTION('ref_axis',(1.,-1.44560289664734E-16,0.));
#1960=DIRECTION('',(-1.44560289664734E-16,-1.,-3.75556735291186E-17));
#1961=DIRECTION('center_axis',(0.632647053603623,-1.07475175018597E-16,
0.774440253064531));
#1962=DIRECTION('ref_axis',(-0.774440253064531,-6.16297582203916E-33,0.632647053603623));
#1963=DIRECTION('center_axis',(-0.573576436351046,1.13680182529801E-16,
-0.819152044288992));
#1964=DIRECTION('ref_axis',(-0.819152044288992,-7.95997207524221E-17,0.573576436351046));
#1965=DIRECTION('center_axis',(0.,-1.38777878078144E-16,1.));
#1966=DIRECTION('ref_axis',(1.,0.,0.));
#1967=DIRECTION('center_axis',(0.,-1.38777878078144E-16,1.));
#1968=DIRECTION('ref_axis',(0.,-1.,-1.38777878078144E-16));
#1969=DIRECTION('center_axis',(0.,-1.38777878078144E-16,1.));
#1970=DIRECTION('ref_axis',(0.,-1.,-1.38777878078144E-16));
#1971=DIRECTION('center_axis',(0.,-1.38777878078144E-16,1.));
#1972=DIRECTION('ref_axis',(1.,0.,0.));
#1973=DIRECTION('center_axis',(0.,-1.38777878078144E-16,1.));
#1974=DIRECTION('ref_axis',(0.,-1.,-1.38777878078144E-16));
#1975=DIRECTION('center_axis',(0.,-1.38777878078144E-16,1.));
#1976=DIRECTION('ref_axis',(0.,-1.,-1.38777878078144E-16));
#1977=DIRECTION('center_axis',(0.,-1.38777878078144E-16,1.));
#1978=DIRECTION('ref_axis',(1.,0.,0.));
#1979=DIRECTION('',(0.,-1.,-1.38777878078144E-16));
#1980=DIRECTION('center_axis',(0.,-1.38777878078144E-16,1.));
#1981=DIRECTION('ref_axis',(0.,-1.,-1.38777878078144E-16));
#1982=DIRECTION('',(1.44560289664734E-16,1.,1.38777878078144E-16));
#1983=DIRECTION('center_axis',(0.,-1.38777878078144E-16,1.));
#1984=DIRECTION('ref_axis',(0.,-1.,-1.38777878078144E-16));
#1985=DIRECTION('center_axis',(0.,-1.38777878078144E-16,1.));
#1986=DIRECTION('ref_axis',(0.,-1.,-1.38777878078144E-16));
#1987=DIRECTION('center_axis',(0.,-1.38777878078144E-16,1.));
#1988=DIRECTION('ref_axis',(1.,0.,0.));
#1989=DIRECTION('',(1.44560289664734E-16,1.,1.38777878078144E-16));
#1990=DIRECTION('center_axis',(0.,-1.38777878078144E-16,1.));
#1991=DIRECTION('ref_axis',(0.,-1.,-1.38777878078144E-16));
#1992=DIRECTION('',(0.,-1.,-1.38777878078144E-16));
#1993=DIRECTION('center_axis',(0.,-1.38777878078144E-16,1.));
#1994=DIRECTION('ref_axis',(0.,-1.,-1.38777878078144E-16));
#1995=DIRECTION('center_axis',(0.,-1.38777878078144E-16,1.));
#1996=DIRECTION('ref_axis',(0.,-1.,-1.38777878078144E-16));
#1997=DIRECTION('center_axis',(0.,-1.38777878078144E-16,1.));
#1998=DIRECTION('ref_axis',(0.,-1.,-1.38777878078144E-16));
#1999=DIRECTION('center_axis',(0.,6.12323399573677E-17,1.));
#2000=DIRECTION('ref_axis',(0.,-1.,6.12323399573677E-17));
#2001=DIRECTION('center_axis',(0.,-6.12323399573677E-17,-1.));
#2002=DIRECTION('ref_axis',(0.,1.,-6.12323399573677E-17));
#2003=DIRECTION('',(0.,6.12323399573677E-17,1.));
#2004=DIRECTION('center_axis',(0.,-6.12323399573677E-17,-1.));
#2005=DIRECTION('ref_axis',(0.,1.,-6.12323399573677E-17));
#2006=DIRECTION('center_axis',(0.,6.12323399573677E-17,1.));
#2007=DIRECTION('ref_axis',(0.,-1.,6.12323399573677E-17));
#2008=DIRECTION('',(0.,6.12323399573677E-17,1.));
#2009=DIRECTION('center_axis',(1.,-1.44560289664734E-16,8.85176480108653E-33));
#2010=DIRECTION('ref_axis',(1.44560289664734E-16,1.,0.));
#2011=DIRECTION('',(0.,6.12323399573677E-17,1.));
#2012=DIRECTION('',(0.,-1.38777878078144E-16,1.));
#2013=DIRECTION('center_axis',(-1.,0.,0.));
#2014=DIRECTION('ref_axis',(0.,0.,1.));
#2015=DIRECTION('',(0.,-1.38777878078144E-16,1.));
#2016=DIRECTION('',(0.,6.12323399573677E-17,1.));
#2017=DIRECTION('center_axis',(0.,6.12323399573677E-17,1.));
#2018=DIRECTION('ref_axis',(0.,-1.,6.12323399573677E-17));
#2019=DIRECTION('center_axis',(0.,6.12323399573677E-17,1.));
#2020=DIRECTION('ref_axis',(-1.22464679914735E-16,1.,-6.12323399573677E-17));
#2021=DIRECTION('',(0.,6.12323399573677E-17,1.));
#2022=DIRECTION('',(0.,6.12323399573677E-17,1.));
#2023=DIRECTION('center_axis',(-1.,0.,0.));
#2024=DIRECTION('ref_axis',(0.,0.,1.));
#2025=DIRECTION('',(0.,-1.38777878078144E-16,1.));
#2026=DIRECTION('center_axis',(1.,-1.44560289664734E-16,8.85176480108653E-33));
#2027=DIRECTION('ref_axis',(1.44560289664734E-16,1.,0.));
#2028=DIRECTION('',(0.,-1.38777878078144E-16,1.));
#2029=DIRECTION('center_axis',(0.,-1.38777878078144E-16,1.));
#2030=DIRECTION('ref_axis',(1.,0.,0.));
#2031=DIRECTION('center_axis',(0.,-1.38777878078144E-16,1.));
#2032=DIRECTION('ref_axis',(0.,-1.,-1.38777878078144E-16));
#2033=DIRECTION('center_axis',(0.,-1.38777878078144E-16,1.));
#2034=DIRECTION('ref_axis',(0.,-1.,-1.38777878078144E-16));
#2035=DIRECTION('center_axis',(0.,-1.38777878078144E-16,1.));
#2036=DIRECTION('ref_axis',(0.,-1.,-1.38777878078144E-16));
#2037=DIRECTION('center_axis',(0.,-1.38777878078144E-16,1.));
#2038=DIRECTION('ref_axis',(0.,-1.,-1.38777878078144E-16));
#2039=DIRECTION('center_axis',(0.,-1.38777878078144E-16,1.));
#2040=DIRECTION('ref_axis',(0.,-1.,-1.38777878078144E-16));
#2041=DIRECTION('center_axis',(0.,-1.38777878078144E-16,1.));
#2042=DIRECTION('ref_axis',(0.,-1.,-1.38777878078144E-16));
#2043=DIRECTION('center_axis',(0.,1.38777878078144E-16,-1.));
#2044=DIRECTION('ref_axis',(0.,1.,1.38777878078144E-16));
#2045=DIRECTION('center_axis',(0.,-1.38777878078144E-16,1.));
#2046=DIRECTION('ref_axis',(0.,-1.,-1.38777878078144E-16));
#2047=DIRECTION('',(0.,-1.38777878078144E-16,1.));
#2048=DIRECTION('center_axis',(0.,-1.38777878078144E-16,1.));
#2049=DIRECTION('ref_axis',(1.,0.,0.));
#2050=DIRECTION('center_axis',(0.,-1.38777878078144E-16,1.));
#2051=DIRECTION('ref_axis',(0.,-1.,-1.38777878078144E-16));
#2052=DIRECTION('center_axis',(0.,-1.38777878078144E-16,1.));
#2053=DIRECTION('ref_axis',(0.,-1.,-1.38777878078144E-16));
#2054=DIRECTION('center_axis',(0.,-1.38777878078144E-16,1.));
#2055=DIRECTION('ref_axis',(0.,-1.,-1.38777878078144E-16));
#2056=DIRECTION('',(0.,-1.38777878078144E-16,1.));
#2057=DIRECTION('center_axis',(0.,-1.38777878078144E-16,1.));
#2058=DIRECTION('ref_axis',(0.,-1.,-1.38777878078144E-16));
#2059=DIRECTION('center_axis',(0.,-1.38777878078144E-16,1.));
#2060=DIRECTION('ref_axis',(1.,0.,0.));
#2061=DIRECTION('center_axis',(0.,-1.38777878078144E-16,1.));
#2062=DIRECTION('ref_axis',(0.,-1.,-1.38777878078144E-16));
#2063=DIRECTION('center_axis',(0.,-1.38777878078144E-16,1.));
#2064=DIRECTION('ref_axis',(0.,-1.,-1.38777878078144E-16));
#2065=DIRECTION('',(0.,-1.38777878078144E-16,1.));
#2066=DIRECTION('',(0.,-1.38777878078144E-16,1.));
#2067=DIRECTION('center_axis',(0.,-1.38777878078144E-16,1.));
#2068=DIRECTION('ref_axis',(0.,-1.,-1.38777878078144E-16));
#2069=DIRECTION('',(0.,-1.38777878078144E-16,1.));
#2070=DIRECTION('',(0.,-1.38777878078144E-16,1.));
#2071=DIRECTION('center_axis',(-1.,0.,0.));
#2072=DIRECTION('ref_axis',(0.,0.,1.));
#2073=DIRECTION('',(0.,-1.,-1.38777878078144E-16));
#2074=DIRECTION('center_axis',(-1.,0.,0.));
#2075=DIRECTION('ref_axis',(0.,0.,1.));
#2076=DIRECTION('',(0.,-1.,-1.38777878078144E-16));
#2077=DIRECTION('center_axis',(0.,-1.,-1.38777878078144E-16));
#2078=DIRECTION('ref_axis',(1.22464679914735E-16,-1.38777878078144E-16,
1.));
#2079=DIRECTION('center_axis',(0.,-1.38777878078144E-16,1.));
#2080=DIRECTION('ref_axis',(0.,-1.,-1.38777878078144E-16));
#2081=DIRECTION('',(0.,1.38777878078144E-16,-1.));
#2082=DIRECTION('center_axis',(0.,-1.38777878078144E-16,1.));
#2083=DIRECTION('ref_axis',(0.,-1.,-1.38777878078144E-16));
#2084=DIRECTION('',(0.,-1.38777878078144E-16,1.));
#2085=DIRECTION('center_axis',(0.,-1.38777878078144E-16,1.));
#2086=DIRECTION('ref_axis',(0.,-1.,-1.38777878078144E-16));
#2087=DIRECTION('',(0.,-1.38777878078144E-16,1.));
#2088=DIRECTION('center_axis',(0.,-1.38777878078144E-16,1.));
#2089=DIRECTION('ref_axis',(0.,-1.,-1.38777878078144E-16));
#2090=DIRECTION('',(0.,-1.38777878078144E-16,1.));
#2091=DIRECTION('center_axis',(0.,-1.38777878078144E-16,1.));
#2092=DIRECTION('ref_axis',(0.,-1.,-1.38777878078144E-16));
#2093=DIRECTION('',(0.,-1.38777878078144E-16,1.));
#2094=DIRECTION('center_axis',(0.,-1.38777878078144E-16,1.));
#2095=DIRECTION('ref_axis',(0.,-1.,-1.38777878078144E-16));
#2096=DIRECTION('',(0.,-1.38777878078144E-16,1.));
#2097=DIRECTION('center_axis',(1.,1.17434752706539E-32,-8.46206573647223E-17));
#2098=DIRECTION('ref_axis',(-8.46206573647223E-17,2.77555756156289E-16,
-1.));
#2099=DIRECTION('',(1.3684555315672E-48,1.,1.38777878078144E-16));
#2100=DIRECTION('',(5.98358406510585E-17,-0.707106781186548,0.707106781186547));
#2101=DIRECTION('',(8.46206573647223E-17,-1.38777878078144E-16,1.));
#2102=DIRECTION('',(0.,-1.,-1.38777878078144E-16));
#2103=DIRECTION('',(8.46206573647223E-17,-1.38777878078144E-16,1.));
#2104=DIRECTION('',(5.98358406510585E-17,-0.707106781186548,0.707106781186547));
#2105=DIRECTION('center_axis',(0.,-1.38777878078144E-16,1.));
#2106=DIRECTION('ref_axis',(1.,0.,0.));
#2107=DIRECTION('',(0.,-1.,-1.38777878078144E-16));
#2108=DIRECTION('',(-1.,-1.17434752706539E-32,8.46206573647223E-17));
#2109=DIRECTION('center_axis',(-1.,0.,0.));
#2110=DIRECTION('ref_axis',(0.,-2.77555756156289E-16,1.));
#2111=DIRECTION('',(0.,-1.,0.));
#2112=DIRECTION('',(0.,0.707106781186548,-0.707106781186547));
#2113=DIRECTION('',(0.,1.38777878078144E-16,-1.));
#2114=DIRECTION('',(0.,-1.,-1.38777878078144E-16));
#2115=DIRECTION('',(0.,1.38777878078144E-16,-1.));
#2116=DIRECTION('',(0.,-0.707106781186548,0.707106781186547));
#2117=DIRECTION('center_axis',(0.,1.,1.38777878078144E-16));
#2118=DIRECTION('ref_axis',(1.,0.,0.));
#2119=DIRECTION('',(1.,0.,0.));
#2120=DIRECTION('center_axis',(0.,1.,1.38777878078144E-16));
#2121=DIRECTION('ref_axis',(0.,1.38777878078144E-16,-1.));
#2122=DIRECTION('',(1.,0.,0.));
#2123=DIRECTION('',(0.819152044288992,-7.95997207524221E-17,0.573576436351046));
#2124=DIRECTION('',(-0.819152044288992,-7.95997207524221E-17,0.573576436351046));
#2125=DIRECTION('center_axis',(0.,1.,1.38777878078144E-16));
#2126=DIRECTION('ref_axis',(0.,1.38777878078144E-16,-1.));
#2127=DIRECTION('center_axis',(0.,1.,1.38777878078144E-16));
#2128=DIRECTION('ref_axis',(0.,1.38777878078144E-16,-1.));
#2129=DIRECTION('center_axis',(0.,1.,1.38777878078144E-16));
#2130=DIRECTION('ref_axis',(0.,1.38777878078144E-16,-1.));
#2131=DIRECTION('center_axis',(0.,1.,1.38777878078144E-16));
#2132=DIRECTION('ref_axis',(0.,1.38777878078144E-16,-1.));
#2133=DIRECTION('center_axis',(0.,1.,1.38777878078144E-16));
#2134=DIRECTION('ref_axis',(0.,1.38777878078144E-16,-1.));
#2135=DIRECTION('center_axis',(0.,-6.12323399573677E-17,-1.));
#2136=DIRECTION('ref_axis',(1.,0.,0.));
#2137=DIRECTION('',(2.85644194215473E-16,-1.,6.12323399573677E-17));
#2138=DIRECTION('',(1.,0.,0.));
#2139=DIRECTION('center_axis',(-0.573576436351046,-1.13680182529801E-16,
0.819152044288992));
#2140=DIRECTION('ref_axis',(0.819152044288992,-1.59199441504844E-16,0.573576436351046));
#2141=DIRECTION('',(0.,1.,1.38777878078144E-16));
#2142=DIRECTION('',(0.71056477546163,-0.497542812164524,0.497542812164523));
#2143=DIRECTION('center_axis',(-0.573576436351046,1.13680182529801E-16,
-0.819152044288992));
#2144=DIRECTION('ref_axis',(-0.819152044288992,-1.59199441504844E-16,0.573576436351046));
#2145=DIRECTION('',(-0.71056477546163,-0.497542812164524,0.497542812164523));
#2146=DIRECTION('center_axis',(0.,-1.,-1.38777878078144E-16));
#2147=DIRECTION('ref_axis',(-1.22464679914735E-16,1.38777878078144E-16,
-1.));
#2148=DIRECTION('center_axis',(0.,1.,1.38777878078144E-16));
#2149=DIRECTION('ref_axis',(0.,1.38777878078144E-16,-1.));
#2150=DIRECTION('center_axis',(0.,-1.,-1.38777878078144E-16));
#2151=DIRECTION('ref_axis',(0.,-1.38777878078144E-16,1.));
#2152=DIRECTION('center_axis',(0.,1.,1.38777878078144E-16));
#2153=DIRECTION('ref_axis',(0.,1.38777878078144E-16,-1.));
#2154=DIRECTION('',(0.,-1.,-1.38777878078144E-16));
#2155=DIRECTION('center_axis',(0.,-1.,-1.38777878078144E-16));
#2156=DIRECTION('ref_axis',(0.,-1.38777878078144E-16,1.));
#2157=DIRECTION('center_axis',(0.,1.,1.38777878078144E-16));
#2158=DIRECTION('ref_axis',(0.,1.38777878078144E-16,-1.));
#2159=DIRECTION('',(0.,-1.,-1.38777878078144E-16));
#2160=DIRECTION('center_axis',(0.,-1.,-1.38777878078144E-16));
#2161=DIRECTION('ref_axis',(0.,-1.38777878078144E-16,1.));
#2162=DIRECTION('center_axis',(0.,1.,1.38777878078144E-16));
#2163=DIRECTION('ref_axis',(0.,1.38777878078144E-16,-1.));
#2164=DIRECTION('',(0.,-1.,-1.38777878078144E-16));
#2165=DIRECTION('center_axis',(0.,-1.,-1.38777878078144E-16));
#2166=DIRECTION('ref_axis',(0.,-1.38777878078144E-16,1.));
#2167=DIRECTION('center_axis',(0.,1.,1.38777878078144E-16));
#2168=DIRECTION('ref_axis',(0.,1.38777878078144E-16,-1.));
#2169=DIRECTION('',(0.,-1.,-1.38777878078144E-16));
#2170=DIRECTION('center_axis',(0.,-1.,-1.38777878078144E-16));
#2171=DIRECTION('ref_axis',(0.,-1.38777878078144E-16,1.));
#2172=DIRECTION('center_axis',(0.,1.,1.38777878078144E-16));
#2173=DIRECTION('ref_axis',(0.,1.38777878078144E-16,-1.));
#2174=DIRECTION('',(0.,-1.,-1.38777878078144E-16));
#2175=DIRECTION('center_axis',(0.,1.,1.38777878078144E-16));
#2176=DIRECTION('ref_axis',(1.,0.,0.));
#2177=DIRECTION('',(-1.,-1.17434752706539E-32,8.46206573647223E-17));
#2178=DIRECTION('center_axis',(0.,-0.707106781186547,-0.707106781186548));
#2179=DIRECTION('ref_axis',(0.,0.707106781186548,-0.707106781186547));
#2180=DIRECTION('center_axis',(0.,-0.707106781186547,-0.707106781186548));
#2181=DIRECTION('ref_axis',(0.,0.707106781186548,-0.707106781186547));
#2182=DIRECTION('center_axis',(-5.98358406510585E-17,-0.707106781186547,
-0.707106781186548));
#2183=DIRECTION('ref_axis',(0.,0.707106781186548,-0.707106781186547));
#2184=CARTESIAN_POINT('',(0.,0.,0.));
#2185=CARTESIAN_POINT('Origin',(6.50000000000142,-11.75,43.6492264371212));
#2186=CARTESIAN_POINT('',(6.50000000064947,-20.2807648269653,43.1487075920508));
#2187=CARTESIAN_POINT('',(6.50000000000142,-21.25,43.148707591598));
#2188=CARTESIAN_POINT('',(6.5,-47.252,43.148707591597));
#2189=CARTESIAN_POINT('',(6.50000000000142,-21.25,42.8545452683978));
#2190=CARTESIAN_POINT('',(6.50000000000142,-21.25,43.6492264371212));
#2191=CARTESIAN_POINT('Ctrl Pts',(6.50000000000142,-21.25,42.8545452683977));
#2192=CARTESIAN_POINT('Ctrl Pts',(6.50000000000142,-21.1054387662008,42.9466936047956));
#2193=CARTESIAN_POINT('Ctrl Pts',(6.50000000000332,-20.9500687323797,43.020420427249));
#2194=CARTESIAN_POINT('Ctrl Pts',(6.50000000000332,-20.6223071003701,43.1219102051883));
#2195=CARTESIAN_POINT('Ctrl Pts',(6.50000000000142,-20.452478103502,43.1487075916098));
#2196=CARTESIAN_POINT('Ctrl Pts',(6.50000000000142,-20.2807648272733,43.148707591597));
#2197=CARTESIAN_POINT('Ctrl Pts',(9.00000000000142,-32.75,32.408326913196));
#2198=CARTESIAN_POINT('Ctrl Pts',(6.50000000000142,-21.25,44.8992264371212));
#2199=CARTESIAN_POINT('Ctrl Pts',(9.00000000000142,-31.75,32.408326913196));
#2200=CARTESIAN_POINT('Ctrl Pts',(6.50000000000142,-21.25,44.3157201552798));
#2201=CARTESIAN_POINT('Ctrl Pts',(9.00000000000142,-30.75,32.408326913196));
#2202=CARTESIAN_POINT('Ctrl Pts',(6.50000000000142,-21.25,43.7322138734384));
#2203=CARTESIAN_POINT('Ctrl Pts',(9.00000000000142,-29.75,32.408326913196));
#2204=CARTESIAN_POINT('Ctrl Pts',(6.50000000000142,-21.25,43.148707591597));
#2205=CARTESIAN_POINT('Ctrl Pts',(9.00000000000142,-29.6055710087456,32.408326913196));
#2206=CARTESIAN_POINT('Ctrl Pts',(6.50000000000142,-21.25,43.06443236792));
#2207=CARTESIAN_POINT('Ctrl Pts',(9.00000000000142,-29.4611420174911,32.408326913196));
#2208=CARTESIAN_POINT('Ctrl Pts',(6.50000000000142,-21.25,42.980157144243));
#2209=CARTESIAN_POINT('Ctrl Pts',(9.00000000000142,-29.3167130262366,32.408326913196));
#2210=CARTESIAN_POINT('Ctrl Pts',(6.50000000000142,-21.25,42.895881920566));
#2211=CARTESIAN_POINT('Ctrl Pts',(9.00000000000142,-29.2860344186186,32.408326913196));
#2212=CARTESIAN_POINT('Ctrl Pts',(6.50000000000142,-21.25,42.8779807603027));
#2213=CARTESIAN_POINT('Ctrl Pts',(9.00000000000142,-29.2553558110005,32.408326913196));
#2214=CARTESIAN_POINT('Ctrl Pts',(6.50000000000142,-21.25,42.8600796000394));
#2215=CARTESIAN_POINT('Ctrl Pts',(9.00000000000142,-29.2246772033824,32.408326913196));
#2216=CARTESIAN_POINT('Ctrl Pts',(6.50000000000142,-21.25,42.8421784397761));
#2217=CARTESIAN_POINT('',(6.85035884368823,-22.8616506809593,43.148707591597));
#2218=CARTESIAN_POINT('Ctrl Pts',(6.85035884368823,-22.8616506809593,43.148707591597));
#2219=CARTESIAN_POINT('Ctrl Pts',(6.76431717479504,-22.3457808198749,43.148707591597));
#2220=CARTESIAN_POINT('Ctrl Pts',(6.64874071302019,-21.7557184242638,43.148707591597));
#2221=CARTESIAN_POINT('Ctrl Pts',(6.50000000000142,-21.25,43.148707591597));
#2222=CARTESIAN_POINT('',(9.00000000000142,-32.75,32.408326913196));
#2223=CARTESIAN_POINT('',(7.75000000000142,-27.,38.6537766751586));
#2224=CARTESIAN_POINT('',(9.00000000023083,-29.3371821550411,32.4083269112573));
#2225=CARTESIAN_POINT('',(9.00000000000142,-21.25,32.408326913196));
#2226=CARTESIAN_POINT('',(8.68553990952341,-28.6829963923922,33.7574895302466));
#2227=CARTESIAN_POINT('Ctrl Pts',(9.00000000050031,-29.3371821543188,32.4083269111008));
#2228=CARTESIAN_POINT('Ctrl Pts',(8.94338745380778,-29.2645544455726,32.6460882591266));
#2229=CARTESIAN_POINT('Ctrl Pts',(8.88767686965344,-29.1769507810956,32.8846867364626));
#2230=CARTESIAN_POINT('Ctrl Pts',(8.76720919157962,-28.9339941670978,33.4052531414958));
#2231=CARTESIAN_POINT('Ctrl Pts',(8.7189011647384,-28.7949313196532,33.6160252925366));
#2232=CARTESIAN_POINT('Ctrl Pts',(8.68616476696227,-28.6830524667726,33.7566185905652));
#2233=CARTESIAN_POINT('',(6.68510610522034,-21.8793607577444,42.3534635772181));
#2234=CARTESIAN_POINT('',(7.75000000000142,-25.5,37.7785172523965));
#2235=CARTESIAN_POINT('Ctrl Pts',(6.68503517381677,-21.8791781672208,42.3541959285273));
#2236=CARTESIAN_POINT('Ctrl Pts',(6.66008323290486,-21.7943151864811,42.4612629479553));
#2237=CARTESIAN_POINT('Ctrl Pts',(6.63281087321825,-21.6986968559368,42.5591800341852));
#2238=CARTESIAN_POINT('Ctrl Pts',(6.57180421316607,-21.4874894575003,42.7291958226973));
#2239=CARTESIAN_POINT('Ctrl Pts',(6.53823193697057,-21.3722790574523,42.8008188321916));
#2240=CARTESIAN_POINT('Ctrl Pts',(6.50000000000142,-21.25,42.8545452683977));
#2241=CARTESIAN_POINT('Origin',(1.4190131923163E-12,-32.75,27.));
#2242=CARTESIAN_POINT('',(9.00000000000142,-29.75,27.));
#2243=CARTESIAN_POINT('',(-8.99999999999858,-29.75,27.));
#2244=CARTESIAN_POINT('Origin',(1.4190131923163E-12,-29.75,27.));
#2245=CARTESIAN_POINT('',(9.00000000000142,-32.75,27.));
#2246=CARTESIAN_POINT('',(9.00000000000142,-32.75,27.));
#2247=CARTESIAN_POINT('',(-8.99999999999858,-32.75,27.));
#2248=CARTESIAN_POINT('Origin',(1.4190131923163E-12,-32.75,27.));
#2249=CARTESIAN_POINT('',(-8.99999999999858,-32.75,27.));
#2250=CARTESIAN_POINT('Origin',(1.4190131923163E-12,-32.75,27.));
#2251=CARTESIAN_POINT('',(1.41938058635604E-12,-32.75,30.));
#2252=CARTESIAN_POINT('Origin',(1.4190131923163E-12,-32.75,27.));
#2253=CARTESIAN_POINT('',(1.41938058635604E-12,-29.75,30.));
#2254=CARTESIAN_POINT('',(1.41938058635604E-12,-32.75,30.));
#2255=CARTESIAN_POINT('Origin',(1.4190131923163E-12,-29.75,27.));
#2256=CARTESIAN_POINT('Origin',(1.4190131923163E-12,-32.75,21.));
#2257=CARTESIAN_POINT('',(1.41913565699621E-12,-32.75,22.));
#2258=CARTESIAN_POINT('Origin',(1.4190131923163E-12,-32.75,21.));
#2259=CARTESIAN_POINT('',(1.41913565699621E-12,-29.75,22.));
#2260=CARTESIAN_POINT('',(1.41913565699621E-12,-32.75,22.));
#2261=CARTESIAN_POINT('Origin',(1.4190131923163E-12,-29.75,21.));
#2262=CARTESIAN_POINT('Origin',(-5.99999999999858,-32.75,27.));
#2263=CARTESIAN_POINT('',(-5.99999999999858,-32.75,28.));
#2264=CARTESIAN_POINT('Origin',(-5.99999999999858,-32.75,27.));
#2265=CARTESIAN_POINT('',(-5.99999999999858,-29.75,28.));
#2266=CARTESIAN_POINT('',(-5.99999999999858,-32.75,28.));
#2267=CARTESIAN_POINT('Origin',(-5.99999999999858,-29.75,27.));
#2268=CARTESIAN_POINT('Origin',(1.4183626710128E-12,-32.75,33.));
#2269=CARTESIAN_POINT('',(1.41848513569272E-12,-32.75,34.));
#2270=CARTESIAN_POINT('Origin',(1.4183626710128E-12,-32.75,33.));
#2271=CARTESIAN_POINT('',(1.41848513569272E-12,-29.75,34.));
#2272=CARTESIAN_POINT('',(1.41848513569272E-12,-32.75,34.));
#2273=CARTESIAN_POINT('Origin',(1.4183626710128E-12,-29.75,33.));
#2274=CARTESIAN_POINT('Origin',(6.00000000000142,-32.75,27.));
#2275=CARTESIAN_POINT('',(6.00000000000142,-32.75,28.));
#2276=CARTESIAN_POINT('Origin',(6.00000000000142,-32.75,27.));
#2277=CARTESIAN_POINT('',(6.00000000000142,-29.75,28.));
#2278=CARTESIAN_POINT('',(6.00000000000142,-32.75,28.));
#2279=CARTESIAN_POINT('Origin',(6.00000000000142,-29.75,27.));
#2280=CARTESIAN_POINT('Origin',(1.4190131923163E-12,-32.75,28.25));
#2281=CARTESIAN_POINT('',(9.00000000000142,-32.75,37.25));
#2282=CARTESIAN_POINT('',(-8.99999999999858,-32.75,32.408326913196));
#2283=CARTESIAN_POINT('Ctrl Pts',(9.00000000000142,-32.75,32.408326913196));
#2284=CARTESIAN_POINT('Ctrl Pts',(8.4154899651471,-32.75,33.3810104062838));
#2285=CARTESIAN_POINT('Ctrl Pts',(7.67030894132019,-32.75,34.2562231701574));
#2286=CARTESIAN_POINT('Ctrl Pts',(5.94201347459397,-32.75,35.7301844763976));
#2287=CARTESIAN_POINT('Ctrl Pts',(4.96699377734726,-32.75,36.3212349281846));
#2288=CARTESIAN_POINT('Ctrl Pts',(2.66733122712812,-32.75,37.2402316625516));
#2289=CARTESIAN_POINT('Ctrl Pts',(1.33419955866319,-32.75,37.4999984188729));
#2290=CARTESIAN_POINT('Ctrl Pts',(-1.33417547694046,-32.75,37.500001581113));
#2291=CARTESIAN_POINT('Ctrl Pts',(-2.66730770120955,-32.75,37.2402377412298));
#2292=CARTESIAN_POINT('Ctrl Pts',(-4.96697587569763,-32.75,36.3212449269933));
#2293=CARTESIAN_POINT('Ctrl Pts',(-5.94200006752422,-32.75,35.7301941924554));
#2294=CARTESIAN_POINT('Ctrl Pts',(-7.67030360925428,-32.75,34.2562294327394));
#2295=CARTESIAN_POINT('Ctrl Pts',(-8.41548787404253,-32.75,33.3810138860876));
#2296=CARTESIAN_POINT('Ctrl Pts',(-8.99999999999858,-32.75,32.408326913196));
#2297=CARTESIAN_POINT('',(-8.99999999999858,-32.75,37.25));
#2298=CARTESIAN_POINT('Origin',(1.4190131923163E-12,-29.75,28.25));
#2299=CARTESIAN_POINT('',(-8.99999996702848,-29.75,30.3237775979267));
#2300=CARTESIAN_POINT('',(-8.99999999999858,-29.75,37.25));
#2301=CARTESIAN_POINT('',(-2.2111975884238E-6,-29.75,35.7327176178837));
#2302=CARTESIAN_POINT('Ctrl Pts',(-8.9999999028303,-29.75,30.3237775525187));
#2303=CARTESIAN_POINT('Ctrl Pts',(-8.73050940918015,-29.75,30.7047857962399));
#2304=CARTESIAN_POINT('Ctrl Pts',(-8.18378117708233,-29.75,31.4612575952428));
#2305=CARTESIAN_POINT('Ctrl Pts',(-7.36705460037269,-29.7500000000001,32.5980785007741));
#2306=CARTESIAN_POINT('Ctrl Pts',(-6.46125746048447,-29.75,33.6702092123906));
#2307=CARTESIAN_POINT('Ctrl Pts',(-5.35393749210735,-29.75,34.532491936793));
#2308=CARTESIAN_POINT('Ctrl Pts',(-4.1099616068312,-29.75,35.1951666525604));
#2309=CARTESIAN_POINT('Ctrl Pts',(-2.35244587369009,-29.7500000000001,35.768111865922));
#2310=CARTESIAN_POINT('Ctrl Pts',(-0.932151838235124,-29.75,35.8216467054001));
#2311=CARTESIAN_POINT('Ctrl Pts',(-2.2111975884238E-6,-29.75,35.7327176178837));
#2312=CARTESIAN_POINT('',(8.9999999670321,-29.75,30.3237775979223));
#2313=CARTESIAN_POINT('Ctrl Pts',(2.21120111574118E-6,-29.75,35.7327176178838));
#2314=CARTESIAN_POINT('Ctrl Pts',(0.932151838238433,-29.75,35.8216467054002));
#2315=CARTESIAN_POINT('Ctrl Pts',(2.35244587369322,-29.75,35.7681118659219));
#2316=CARTESIAN_POINT('Ctrl Pts',(4.1099616068339,-29.75,35.1951666525604));
#2317=CARTESIAN_POINT('Ctrl Pts',(5.3539374921102,-29.75,34.532491936793));
#2318=CARTESIAN_POINT('Ctrl Pts',(6.46125746048736,-29.75,33.6702092123906));
#2319=CARTESIAN_POINT('Ctrl Pts',(7.36705460037549,-29.7500000000001,32.5980785007741));
#2320=CARTESIAN_POINT('Ctrl Pts',(8.18378117708611,-29.7500000000001,31.4612575952419));
#2321=CARTESIAN_POINT('Ctrl Pts',(8.73050940918453,-29.75,30.7047857962377));
#2322=CARTESIAN_POINT('Ctrl Pts',(8.99999990283546,-29.75,30.3237775525155));
#2323=CARTESIAN_POINT('',(9.00000000000142,-29.75,37.25));
#2324=CARTESIAN_POINT('Origin',(-8.99999999999858,28.75,37.25));
#2325=CARTESIAN_POINT('',(-9.00000000022799,-29.3371821550417,32.4083269112573));
#2326=CARTESIAN_POINT('',(-8.99999999999858,-21.25,32.408326913196));
#2327=CARTESIAN_POINT('Ctrl Pts',(-8.99999999999858,-29.3371821546396,32.4083269110752));
#2328=CARTESIAN_POINT('Ctrl Pts',(-8.99999999999858,-29.4833320533365,32.085547727012));
#2329=CARTESIAN_POINT('Ctrl Pts',(-8.99999999999858,-29.5860126581552,31.7369990743065));
#2330=CARTESIAN_POINT('Ctrl Pts',(-8.99999999999858,-29.7183815793648,31.0387765504575));
#2331=CARTESIAN_POINT('Ctrl Pts',(-8.99999999999858,-29.7500000105547,30.6793446209403));
#2332=CARTESIAN_POINT('Ctrl Pts',(-8.99999999999858,-29.75,30.3237776378549));
#2333=CARTESIAN_POINT('Origin',(9.00000000000142,28.75,37.25));
#2334=CARTESIAN_POINT('Ctrl Pts',(9.00000000000142,-29.75,30.3237776378496));
#2335=CARTESIAN_POINT('Ctrl Pts',(9.00000000000142,-29.7500000105566,30.6793726035303));
#2336=CARTESIAN_POINT('Ctrl Pts',(9.00000000000142,-29.7183766025343,31.0388334578995));
#2337=CARTESIAN_POINT('Ctrl Pts',(9.00000000000142,-29.5859964807354,31.7370537339215));
#2338=CARTESIAN_POINT('Ctrl Pts',(9.00000000000142,-29.4833206379638,32.0855729384179));
#2339=CARTESIAN_POINT('Ctrl Pts',(9.00000000000142,-29.337182154639,32.4083269110752));
#2340=CARTESIAN_POINT('Ctrl Pts',(-8.99999999999858,-32.75,32.408326913196));
#2341=CARTESIAN_POINT('Ctrl Pts',(-8.16166665286888,-28.8936666032034,36.5969419558172));
#2342=CARTESIAN_POINT('Ctrl Pts',(-7.32333330573919,-25.0373332064068,40.7855569984384));
#2343=CARTESIAN_POINT('Ctrl Pts',(-6.48499995860949,-21.1809998096102,44.9741720410596));
#2344=CARTESIAN_POINT('Ctrl Pts',(-8.07184189995554,-32.75,33.9528753538618));
#2345=CARTESIAN_POINT('Ctrl Pts',(-7.1962865099699,-28.8936666032034,37.7500946305625));
#2346=CARTESIAN_POINT('Ctrl Pts',(-6.32073111998426,-25.0373332064068,41.5473139072632));
#2347=CARTESIAN_POINT('Ctrl Pts',(-5.44517572999861,-21.1809998096102,45.3445331839639));
#2348=CARTESIAN_POINT('Ctrl Pts',(-6.73860591479509,-32.75,35.2515625216615));
#2349=CARTESIAN_POINT('Ctrl Pts',(-5.95062232274946,-28.8936666032034,38.7094073979636));
#2350=CARTESIAN_POINT('Ctrl Pts',(-5.16263873070382,-25.0373332064068,42.1672522742657));
#2351=CARTESIAN_POINT('Ctrl Pts',(-4.37465513865819,-21.1809998096102,45.6250971505677));
#2352=CARTESIAN_POINT('Ctrl Pts',(-3.60185513985937,-32.75,37.0261524661896));
#2353=CARTESIAN_POINT('Ctrl Pts',(-3.13548676185628,-28.8936666032034,40.017404858052));
#2354=CARTESIAN_POINT('Ctrl Pts',(-2.6691183838532,-25.0373332064068,43.0086572499145));
#2355=CARTESIAN_POINT('Ctrl Pts',(-2.20275000585012,-21.1809998096102,45.9999096417769));
#2356=CARTESIAN_POINT('Ctrl Pts',(-1.80196940146465,-32.75,37.5));
#2357=CARTESIAN_POINT('Ctrl Pts',(-1.56843869034114,-28.8936666032034,40.3647215281341));
#2358=CARTESIAN_POINT('Ctrl Pts',(-1.33490797921763,-25.0373332064068,43.2294430562683));
#2359=CARTESIAN_POINT('Ctrl Pts',(-1.10137726809412,-21.1809998096102,46.0941645844024));
#2360=CARTESIAN_POINT('Ctrl Pts',(1.80196940146749,-32.75,37.5));
#2361=CARTESIAN_POINT('Ctrl Pts',(1.56843869034398,-28.8936666032034,40.3647215281341));
#2362=CARTESIAN_POINT('Ctrl Pts',(1.33490797922047,-25.0373332064068,43.2294430562683));
#2363=CARTESIAN_POINT('Ctrl Pts',(1.10137726809696,-21.1809998096102,46.0941645844024));
#2364=CARTESIAN_POINT('Ctrl Pts',(3.60185513986219,-32.75,37.0261524661895));
#2365=CARTESIAN_POINT('Ctrl Pts',(3.13548676185912,-28.8936666032034,40.017404858052));
#2366=CARTESIAN_POINT('Ctrl Pts',(2.66911838385604,-25.0373332064068,43.0086572499144));
#2367=CARTESIAN_POINT('Ctrl Pts',(2.20275000585296,-21.1809998096102,45.9999096417769));
#2368=CARTESIAN_POINT('Ctrl Pts',(6.73860591479795,-32.75,35.2515625216616));
#2369=CARTESIAN_POINT('Ctrl Pts',(5.95062232275231,-28.8936666032034,38.7094073979636));
#2370=CARTESIAN_POINT('Ctrl Pts',(5.16263873070667,-25.0373332064068,42.1672522742657));
#2371=CARTESIAN_POINT('Ctrl Pts',(4.37465513866103,-21.1809998096102,45.6250971505677));
#2372=CARTESIAN_POINT('Ctrl Pts',(8.07184189995838,-32.75,33.9528753538616));
#2373=CARTESIAN_POINT('Ctrl Pts',(7.19628650997274,-28.8936666032034,37.7500946305624));
#2374=CARTESIAN_POINT('Ctrl Pts',(6.3207311199871,-25.0373332064068,41.5473139072632));
#2375=CARTESIAN_POINT('Ctrl Pts',(5.44517573000145,-21.1809998096102,45.3445331839639));
#2376=CARTESIAN_POINT('Ctrl Pts',(9.00000000000142,-32.75,32.408326913196));
#2377=CARTESIAN_POINT('Ctrl Pts',(8.16166665287172,-28.8936666032034,36.5969419558172));
#2378=CARTESIAN_POINT('Ctrl Pts',(7.32333330574203,-25.0373332064068,40.7855569984384));
#2379=CARTESIAN_POINT('Ctrl Pts',(6.48499995861233,-21.1809998096102,44.9741720410596));
#2380=CARTESIAN_POINT('',(-6.85035884368539,-22.8616506809593,43.148707591597));
#2381=CARTESIAN_POINT('',(-6.49999999999999,-23.0521301594119,43.148707591597));
#2382=CARTESIAN_POINT('Ctrl Pts',(-6.8503588436854,-22.8616506809594,43.148707591597));
#2383=CARTESIAN_POINT('Ctrl Pts',(-6.73350871850841,-22.9252276695168,43.148707591597));
#2384=CARTESIAN_POINT('Ctrl Pts',(-6.61675919490017,-22.9887815490406,43.148707591597));
#2385=CARTESIAN_POINT('Ctrl Pts',(-6.49999999999999,-23.0521301594119,43.148707591597));
#2386=CARTESIAN_POINT('',(-7.74999999999858,-27.,38.6537766751586));
#2387=CARTESIAN_POINT('',(6.49999999999999,-23.0521301594134,43.148707591597));
#2388=CARTESIAN_POINT('Ctrl Pts',(6.49999999999999,-23.0521301594134,43.148707591597));
#2389=CARTESIAN_POINT('Ctrl Pts',(6.61138126307705,-22.9916993878295,43.148707591597));
#2390=CARTESIAN_POINT('Ctrl Pts',(6.72736827201915,-22.9285686252563,43.148707591597));
#2391=CARTESIAN_POINT('Ctrl Pts',(6.85035884368824,-22.8616506809594,43.148707591597));
#2392=CARTESIAN_POINT('',(-7.27644963183571E-15,-31.2727951304204,38.5973585932338));
#2393=CARTESIAN_POINT('Ctrl Pts',(-1.12271303365219E-13,-31.2727951304203,
38.5973585932339));
#2394=CARTESIAN_POINT('Ctrl Pts',(0.741919727402496,-30.5734752692918,39.1168563791077));
#2395=CARTESIAN_POINT('Ctrl Pts',(1.39988770022593,-29.8467585962586,39.5775705135792));
#2396=CARTESIAN_POINT('Ctrl Pts',(3.78647152847419,-27.013208578428,41.248674500688));
#2397=CARTESIAN_POINT('Ctrl Pts',(5.0979797910076,-24.8607691445029,42.1670024725382));
#2398=CARTESIAN_POINT('Ctrl Pts',(6.49999999999997,-23.0521301594134,43.148707591597));
#2399=CARTESIAN_POINT('Ctrl Pts',(-6.49999999999997,-23.0521301594119,43.148707591597));
#2400=CARTESIAN_POINT('Ctrl Pts',(-5.81196376915218,-23.93971305036,42.666939436196));
#2401=CARTESIAN_POINT('Ctrl Pts',(-5.15763072052255,-24.8966851605591,42.2087705030085));
#2402=CARTESIAN_POINT('Ctrl Pts',(-3.33368482430458,-27.4822096515623,40.93162983719));
#2403=CARTESIAN_POINT('Ctrl Pts',(-1.82669367991158,-29.550987334538,39.876423277908));
#2404=CARTESIAN_POINT('Ctrl Pts',(1.00752739484733E-13,-31.2727951304203,
38.5973585932339));
#2405=CARTESIAN_POINT('Ctrl Pts',(-8.99999999999858,-29.2246772033824,32.408326913196));
#2406=CARTESIAN_POINT('Ctrl Pts',(-6.49999999999858,-21.25,42.8421784397761));
#2407=CARTESIAN_POINT('Ctrl Pts',(-8.99999999999858,-29.2553558110005,32.408326913196));
#2408=CARTESIAN_POINT('Ctrl Pts',(-6.49999999999858,-21.25,42.8600796000394));
#2409=CARTESIAN_POINT('Ctrl Pts',(-8.99999999999858,-29.2860344186186,32.408326913196));
#2410=CARTESIAN_POINT('Ctrl Pts',(-6.49999999999858,-21.25,42.8779807603027));
#2411=CARTESIAN_POINT('Ctrl Pts',(-8.99999999999858,-29.3167130262366,32.408326913196));
#2412=CARTESIAN_POINT('Ctrl Pts',(-6.49999999999858,-21.25,42.895881920566));
#2413=CARTESIAN_POINT('Ctrl Pts',(-8.99999999999858,-29.461142017491,32.408326913196));
#2414=CARTESIAN_POINT('Ctrl Pts',(-6.49999999999858,-21.25,42.9801571442429));
#2415=CARTESIAN_POINT('Ctrl Pts',(-8.99999999999858,-29.6055710087456,32.408326913196));
#2416=CARTESIAN_POINT('Ctrl Pts',(-6.49999999999858,-21.25,43.0644323679199));
#2417=CARTESIAN_POINT('Ctrl Pts',(-8.99999999999858,-29.75,32.408326913196));
#2418=CARTESIAN_POINT('Ctrl Pts',(-6.49999999999858,-21.25,43.148707591597));
#2419=CARTESIAN_POINT('Ctrl Pts',(-8.99999999999858,-30.75,32.408326913196));
#2420=CARTESIAN_POINT('Ctrl Pts',(-6.49999999999858,-21.25,43.7322138734384));
#2421=CARTESIAN_POINT('Ctrl Pts',(-8.99999999999858,-31.75,32.408326913196));
#2422=CARTESIAN_POINT('Ctrl Pts',(-6.49999999999858,-21.25,44.3157201552798));
#2423=CARTESIAN_POINT('Ctrl Pts',(-8.99999999999858,-32.75,32.408326913196));
#2424=CARTESIAN_POINT('Ctrl Pts',(-6.49999999999858,-21.25,44.8992264371212));
#2425=CARTESIAN_POINT('',(-6.49999999999858,-21.25,43.148707591596));
#2426=CARTESIAN_POINT('Ctrl Pts',(-6.49999999999858,-21.25,43.148707591597));
#2427=CARTESIAN_POINT('Ctrl Pts',(-6.64874071301732,-21.7557184242637,43.148707591597));
#2428=CARTESIAN_POINT('Ctrl Pts',(-6.76431717479217,-22.3457808198747,43.148707591597));
#2429=CARTESIAN_POINT('Ctrl Pts',(-6.85035884368538,-22.8616506809593,43.148707591597));
#2430=CARTESIAN_POINT('',(-6.49999999999858,-21.25,42.8545452813023));
#2431=CARTESIAN_POINT('',(-6.49999999999858,-21.25,43.6492264371212));
#2432=CARTESIAN_POINT('',(-6.6851061052175,-21.8793607577444,42.3534635772181));
#2433=CARTESIAN_POINT('Ctrl Pts',(-6.49999999999858,-21.25,42.8545452813023));
#2434=CARTESIAN_POINT('Ctrl Pts',(-6.53823516458799,-21.3722893808449,42.8008143137591));
#2435=CARTESIAN_POINT('Ctrl Pts',(-6.57180988994014,-21.4875088650671,42.7291837787734));
#2436=CARTESIAN_POINT('Ctrl Pts',(-6.63281548229781,-21.6987130635413,42.5591634989004));
#2437=CARTESIAN_POINT('Ctrl Pts',(-6.66008535129815,-21.7943223994512,42.4612539333244));
#2438=CARTESIAN_POINT('Ctrl Pts',(-6.68503518118487,-21.8791782068749,42.3541960033729));
#2439=CARTESIAN_POINT('',(-8.68586777825169,-28.6819504460606,33.7578867711614));
#2440=CARTESIAN_POINT('',(-7.74999999999858,-25.5,37.7785172523965));
#2441=CARTESIAN_POINT('Ctrl Pts',(-8.68616476695938,-28.6830524667725,33.7566185905654));
#2442=CARTESIAN_POINT('Ctrl Pts',(-8.71896653940014,-28.7951547419897,33.6157445273845));
#2443=CARTESIAN_POINT('Ctrl Pts',(-8.76717099186473,-28.9337292793087,33.4054325962776));
#2444=CARTESIAN_POINT('Ctrl Pts',(-8.88735480290606,-29.1764451166904,32.8860674372609));
#2445=CARTESIAN_POINT('Ctrl Pts',(-8.94322622133869,-29.2643476019441,32.6467654031655));
#2446=CARTESIAN_POINT('Ctrl Pts',(-9.00000000049747,-29.3371821543193,32.4083269111008));
#2447=CARTESIAN_POINT('Ctrl Pts',(1.4186345666455E-12,-28.7473631494004,
37.6294414310469));
#2448=CARTESIAN_POINT('Ctrl Pts',(1.41332431467846E-12,-21.3131372429358,
38.5892075113411));
#2449=CARTESIAN_POINT('Ctrl Pts',(-0.429301095388182,-28.7473631494004,
37.6518107948983));
#2450=CARTESIAN_POINT('Ctrl Pts',(-0.27216783152695,-21.3131372429358,38.777438427315));
#2451=CARTESIAN_POINT('Ctrl Pts',(-0.858598707833588,-28.7473631494004,
37.6485728114975));
#2452=CARTESIAN_POINT('Ctrl Pts',(-0.544335633724558,-21.3131372429358,
38.9654536971649));
#2453=CARTESIAN_POINT('Ctrl Pts',(-1.71062543711283,-28.7473631494004,37.5913053305142));
#2454=CARTESIAN_POINT('Ctrl Pts',(-1.08861592311168,-21.3131372429358,39.3410565083277));
#2455=CARTESIAN_POINT('Ctrl Pts',(-2.13335011824032,-28.7473631494004,37.5372762991726));
#2456=CARTESIAN_POINT('Ctrl Pts',(-1.36072837294696,-21.3131372429358,39.5286440535671));
#2457=CARTESIAN_POINT('Ctrl Pts',(-2.96576421979356,-28.7473631494004,37.3796901946864));
#2458=CARTESIAN_POINT('Ctrl Pts',(-1.90484349930054,-21.3131372429358,39.9034020555381));
#2459=CARTESIAN_POINT('Ctrl Pts',(-3.37545012753498,-28.7473631494004,37.2761340463098));
#2460=CARTESIAN_POINT('Ctrl Pts',(-2.1768461462376,-21.3131372429358,40.0905725200575));
#2461=CARTESIAN_POINT('Ctrl Pts',(-4.17553723862865,-28.7473631494004,37.0215765693692));
#2462=CARTESIAN_POINT('Ctrl Pts',(-2.72068903860578,-21.3131372429358,40.4645139009074));
#2463=CARTESIAN_POINT('Ctrl Pts',(-4.56593507705384,-28.7473631494004,36.8705766088012));
#2464=CARTESIAN_POINT('Ctrl Pts',(-2.99252925569999,-21.3131372429358,40.6512848287582));
#2465=CARTESIAN_POINT('Ctrl Pts',(-5.32151565093096,-28.7473631494004,36.5239992995806));
#2466=CARTESIAN_POINT('Ctrl Pts',(-3.53599734695524,-21.3131372429358,41.0244512866932));
#2467=CARTESIAN_POINT('Ctrl Pts',(-5.68669522488228,-28.7473631494004,36.3284237395199));
#2468=CARTESIAN_POINT('Ctrl Pts',(-3.80762519449248,-21.3131372429358,41.2108468318397));
#2469=CARTESIAN_POINT('Ctrl Pts',(-6.38632602852332,-28.7473631494004,35.8963005093072));
#2470=CARTESIAN_POINT('Ctrl Pts',(-4.35062211819652,-21.3131372429358,41.5832928853487));
#2471=CARTESIAN_POINT('Ctrl Pts',(-6.72077435244259,-28.7473631494004,35.6597550187527));
#2472=CARTESIAN_POINT('Ctrl Pts',(-4.62199116989309,-21.3131372429358,41.7693434120663));
#2473=CARTESIAN_POINT('Ctrl Pts',(-7.35393778279181,-28.7473631494004,35.1499750459123));
#2474=CARTESIAN_POINT('Ctrl Pts',(-5.16442835457807,-21.3131372429358,42.1411354979701));
#2475=CARTESIAN_POINT('Ctrl Pts',(-7.65265028725438,-28.7473631494004,34.8767430981704));
#2476=CARTESIAN_POINT('Ctrl Pts',(-5.43549646565464,-21.3131372429358,42.3268770785003));
#2477=CARTESIAN_POINT('Ctrl Pts',(-8.20992837387428,-28.7473631494004,34.2984803100043));
#2478=CARTESIAN_POINT('Ctrl Pts',(-5.97729460014467,-21.3131372429358,42.6980924528241));
#2479=CARTESIAN_POINT('Ctrl Pts',(-8.4684912716586,-28.7473631494004,33.9934530314635));
#2480=CARTESIAN_POINT('Ctrl Pts',(-6.2480246009523,-21.3131372429358,42.8835662766131));
#2481=CARTESIAN_POINT('Ctrl Pts',(-8.70510680864574,-28.7473631494004,33.6752329670352));
#2482=CARTESIAN_POINT('Ctrl Pts',(-6.51856977733265,-21.3131372429358,43.0689290005245));
#2483=CARTESIAN_POINT('',(1.41383951496697E-12,-21.3572136811165,38.5835171986121));
#2484=CARTESIAN_POINT('Ctrl Pts',(-6.6851061052175,-21.8793607577444,42.3534635772181));
#2485=CARTESIAN_POINT('Ctrl Pts',(-5.5563385650418,-21.8739808701015,41.7418690365318));
#2486=CARTESIAN_POINT('Ctrl Pts',(-3.25479787732219,-21.7841178661029,40.6014136802399));
#2487=CARTESIAN_POINT('Ctrl Pts',(-1.06141025758846,-21.4753411477657,39.2960108139161));
#2488=CARTESIAN_POINT('Ctrl Pts',(1.41383951496697E-12,-21.3572136811165,
38.5835171986121));
#2489=CARTESIAN_POINT('',(-2.66801135743838E-5,-28.0049713086724,37.7252874795519));
#2490=CARTESIAN_POINT('',(1.41631498196126E-12,-25.5,38.0486792966169));
#2491=CARTESIAN_POINT('Ctrl Pts',(-2.66801135743838E-5,-28.0049713086724,
37.7252874795519));
#2492=CARTESIAN_POINT('Ctrl Pts',(-0.173121878680095,-28.0251212774992,
37.7389788743764));
#2493=CARTESIAN_POINT('Ctrl Pts',(-0.346824814912761,-28.045460619363,37.7480435828415));
#2494=CARTESIAN_POINT('Ctrl Pts',(-0.520773927862454,-28.0658409475804,
37.7523878101602));
#2495=CARTESIAN_POINT('Ctrl Pts',(-0.691305020985582,-28.0858208117497,
37.7566466754161));
#2496=CARTESIAN_POINT('Ctrl Pts',(-0.862072387671614,-28.1058400673718,
37.7563685112677));
#2497=CARTESIAN_POINT('Ctrl Pts',(-1.03271416723569,-28.1257589042003,37.7515102948585));
#2498=CARTESIAN_POINT('Ctrl Pts',(-1.10418805290317,-28.1341019762765,37.7494754145081));
#2499=CARTESIAN_POINT('Ctrl Pts',(-1.17563967465409,-28.1424274310651,37.7466375924635));
#2500=CARTESIAN_POINT('Ctrl Pts',(-1.24704151999746,-28.1507249949092,37.7429962472256));
#2501=CARTESIAN_POINT('Ctrl Pts',(-1.41377646402039,-28.1701011585982,37.7344931127269));
#2502=CARTESIAN_POINT('Ctrl Pts',(-1.58024010066142,-28.1893252333563,37.7216049935967));
#2503=CARTESIAN_POINT('Ctrl Pts',(-1.74607587887396,-28.2082663984317,37.7043842725302));
#2504=CARTESIAN_POINT('Ctrl Pts',(-1.90958861377303,-28.2269422338698,37.687404780958));
#2505=CARTESIAN_POINT('Ctrl Pts',(-2.07249063610637,-28.2453430301619,37.6662131092414));
#2506=CARTESIAN_POINT('Ctrl Pts',(-2.23443139626813,-28.2633433875528,37.6409092868132));
#2507=CARTESIAN_POINT('Ctrl Pts',(-2.31615176412909,-28.2724269303628,37.6281401873286));
#2508=CARTESIAN_POINT('Ctrl Pts',(-2.39762723374329,-28.2814085003269,37.6143247216237));
#2509=CARTESIAN_POINT('Ctrl Pts',(-2.47881229468226,-28.2902719828607,37.5994807870208));
#2510=CARTESIAN_POINT('Ctrl Pts',(-2.4836711796632,-28.2908024578233,37.5985923850159));
#2511=CARTESIAN_POINT('Ctrl Pts',(-2.4885290375821,-28.2913325374656,37.5977002902518));
#2512=CARTESIAN_POINT('Ctrl Pts',(-2.49338586714429,-28.2918622211441,37.5968045047021));
#2513=CARTESIAN_POINT('Ctrl Pts',(-2.70119062630102,-28.3145253160367,37.5584773412684));
#2514=CARTESIAN_POINT('Ctrl Pts',(-2.90711319364204,-28.3364635399989,37.5133987044261));
#2515=CARTESIAN_POINT('Ctrl Pts',(-3.11105828672496,-28.3576264930864,37.4617422310637));
#2516=CARTESIAN_POINT('Ctrl Pts',(-3.31500337980788,-28.378789446174,37.4100857577013));
#2517=CARTESIAN_POINT('Ctrl Pts',(-3.5169717659762,-28.3991771283869,37.3518511662837));
#2518=CARTESIAN_POINT('Ctrl Pts',(-3.71684681748144,-28.4187391397811,37.2871564539642));
#2519=CARTESIAN_POINT('Ctrl Pts',(-3.9082567759169,-28.4374726623478,37.2252016872095));
#2520=CARTESIAN_POINT('Ctrl Pts',(-4.09774664847895,-28.4554489705981,37.1573220096532));
#2521=CARTESIAN_POINT('Ctrl Pts',(-4.2852025470661,-28.4726238008155,37.0836182045973));
#2522=CARTESIAN_POINT('Ctrl Pts',(-4.46632823331129,-28.4892186528993,37.012403308879));
#2523=CARTESIAN_POINT('Ctrl Pts',(-4.64555535782521,-28.5050652433284,36.9357504971386));
#2524=CARTESIAN_POINT('Ctrl Pts',(-4.82274887390917,-28.5201236428966,36.8537175921665));
#2525=CARTESIAN_POINT('Ctrl Pts',(-4.84645452964643,-28.5221382156869,36.8427429027571));
#2526=CARTESIAN_POINT('Ctrl Pts',(-4.87011999423218,-28.5241375790999,36.8316739622183));
#2527=CARTESIAN_POINT('Ctrl Pts',(-4.89374479803454,-28.5261215825179,36.8205110632858));
#2528=CARTESIAN_POINT('Ctrl Pts',(-5.08721615712905,-28.5423692449721,36.7290943791106));
#2529=CARTESIAN_POINT('Ctrl Pts',(-5.27796371152623,-28.5575867869539,36.6313774942744));
#2530=CARTESIAN_POINT('Ctrl Pts',(-5.46572966679433,-28.5716914863834,36.5275620804092));
#2531=CARTESIAN_POINT('Ctrl Pts',(-5.64673631510205,-28.5852884367223,36.4274838735821));
#2532=CARTESIAN_POINT('Ctrl Pts',(-5.82497233701089,-28.597851223873,36.3217377101405));
#2533=CARTESIAN_POINT('Ctrl Pts',(-6.00016094154435,-28.6093057416476,36.2105018715361));
#2534=CARTESIAN_POINT('Ctrl Pts',(-6.1755442663111,-28.6207729909945,36.0991423955039));
#2535=CARTESIAN_POINT('Ctrl Pts',(-6.34787293070896,-28.6311295059375,35.9822806762162));
#2536=CARTESIAN_POINT('Ctrl Pts',(-6.5168488688028,-28.6403009329095,35.8601439407022));
#2537=CARTESIAN_POINT('Ctrl Pts',(-6.68582480689664,-28.6494723598815,35.7380072051882));
#2538=CARTESIAN_POINT('Ctrl Pts',(-6.85144838174028,-28.6574586988825,35.6105947151943));
#2539=CARTESIAN_POINT('Ctrl Pts',(-7.01336636844511,-28.6641855963455,35.4781536467663));
#2540=CARTESIAN_POINT('Ctrl Pts',(-7.16267784686878,-28.670388755277,35.3560240913448));
#2541=CARTESIAN_POINT('Ctrl Pts',(-7.30883710951346,-28.6755209518325,35.2296185257144));
#2542=CARTESIAN_POINT('Ctrl Pts',(-7.45155277927894,-28.6795238823129,35.0991862569805));
#2543=CARTESIAN_POINT('Ctrl Pts',(-7.58928288880142,-28.6833869763542,34.9733104460935));
#2544=CARTESIAN_POINT('Ctrl Pts',(-7.72380570742249,-28.6861983246906,34.8436839825226));
#2545=CARTESIAN_POINT('Ctrl Pts',(-7.85482074588662,-28.6879055229153,34.7105613302231));
#2546=CARTESIAN_POINT('Ctrl Pts',(-7.8745280029977,-28.6881623193469,34.6905370462406));
#2547=CARTESIAN_POINT('Ctrl Pts',(-7.89415582063041,-28.6883941331465,34.6704337209051));
#2548=CARTESIAN_POINT('Ctrl Pts',(-7.91370309904554,-28.6886007859603,34.6502522906017));
#2549=CARTESIAN_POINT('Ctrl Pts',(-8.03929724904741,-28.6899285608012,34.5205836210843));
#2550=CARTESIAN_POINT('Ctrl Pts',(-8.16156861773576,-28.6902176266796,34.3876880532691));
#2551=CARTESIAN_POINT('Ctrl Pts',(-8.28023665641464,-28.6894206758502,34.251859581794));
#2552=CARTESIAN_POINT('Ctrl Pts',(-8.3951784689134,-28.6886487496112,34.1202961812854));
#2553=CARTESIAN_POINT('Ctrl Pts',(-8.50673955569233,-28.6868579386269,33.9859809061054));
#2554=CARTESIAN_POINT('Ctrl Pts',(-8.61463585614388,-28.6840052531319,33.8492206655668));
#2555=CARTESIAN_POINT('Ctrl Pts',(-8.63856123802633,-28.6833726865881,33.8188948715634));
#2556=CARTESIAN_POINT('Ctrl Pts',(-8.6623063083603,-28.6826879071408,33.7884490256813));
#2557=CARTESIAN_POINT('Ctrl Pts',(-8.68586777825169,-28.6819504460606,33.7578867711614));
#2558=CARTESIAN_POINT('Ctrl Pts',(8.70510669126482,-28.7473627502955,33.6752334713337));
#2559=CARTESIAN_POINT('Ctrl Pts',(6.51856977803559,-21.3131372453162,43.0689289975168));
#2560=CARTESIAN_POINT('Ctrl Pts',(8.46849115245616,-28.7473627502955,33.9934535087273));
#2561=CARTESIAN_POINT('Ctrl Pts',(6.24802460166611,-21.3131372453162,42.8835662737666));
#2562=CARTESIAN_POINT('Ctrl Pts',(8.20992825401866,-28.7473627502955,34.2984807609357));
#2563=CARTESIAN_POINT('Ctrl Pts',(5.97729460086237,-21.3131372453162,42.6980924501346));
#2564=CARTESIAN_POINT('Ctrl Pts',(7.65265016822979,-28.7473627502955,34.8767434981293));
#2565=CARTESIAN_POINT('Ctrl Pts',(5.43549646636738,-21.3131372453162,42.3268770761149));
#2566=CARTESIAN_POINT('Ctrl Pts',(7.35393766525131,-28.7473627502955,35.1499754212313));
#2567=CARTESIAN_POINT('Ctrl Pts',(5.16442835528197,-21.3131372453162,42.1411354957316));
#2568=CARTESIAN_POINT('Ctrl Pts',(6.7207742397727,-28.7473627502955,35.6597553467446));
#2569=CARTESIAN_POINT('Ctrl Pts',(4.62199117056793,-21.3131372453162,41.7693434101101));
#2570=CARTESIAN_POINT('Ctrl Pts',(6.38632591923983,-28.7473627502955,35.8963008146122));
#2571=CARTESIAN_POINT('Ctrl Pts',(4.35062211885117,-21.3131372453162,41.5832928835278));
#2572=CARTESIAN_POINT('Ctrl Pts',(5.68669512400765,-28.7473627502955,36.3284240016317));
#2573=CARTESIAN_POINT('Ctrl Pts',(3.80762519509696,-21.3131372453162,41.2108468302764));
#2574=CARTESIAN_POINT('Ctrl Pts',(5.32151555507863,-28.7473627502955,36.5239995411864));
#2575=CARTESIAN_POINT('Ctrl Pts',(3.53599734752977,-21.3131372453162,41.0244512852522));
#2576=CARTESIAN_POINT('Ctrl Pts',(4.56593499258872,-28.7473627502955,36.8705768117677));
#2577=CARTESIAN_POINT('Ctrl Pts',(2.9925292562066,-21.3131372453162,40.6512848275476));
#2578=CARTESIAN_POINT('Ctrl Pts',(4.17553716052827,-28.7473627502955,37.0215767542026));
#2579=CARTESIAN_POINT('Ctrl Pts',(2.72068903907444,-21.3131372453162,40.464513899805));
#2580=CARTESIAN_POINT('Ctrl Pts',(3.37545006319101,-28.7473627502955,37.2761341974023));
#2581=CARTESIAN_POINT('Ctrl Pts',(2.1768461466242,-21.3131372453162,40.0905725191563));
#2582=CARTESIAN_POINT('Ctrl Pts',(2.96576416284109,-28.7473627502955,37.3796903301713));
#2583=CARTESIAN_POINT('Ctrl Pts',(1.90484349964306,-21.3131372453162,39.90340205473));
#2584=CARTESIAN_POINT('Ctrl Pts',(2.13335007676512,-28.7473627502955,37.5372764060787));
#2585=CARTESIAN_POINT('Ctrl Pts',(1.36072837319717,-21.3131372453162,39.5286440529294));
#2586=CARTESIAN_POINT('Ctrl Pts',(1.71062540372322,-28.7473627502955,37.5913054244492));
#2587=CARTESIAN_POINT('Ctrl Pts',(1.08861592331366,-21.3131372453162,39.3410565077675));
#2588=CARTESIAN_POINT('Ctrl Pts',(0.858598690965283,-28.7473627502955,37.648572882194));
#2589=CARTESIAN_POINT('Ctrl Pts',(0.54433563382801,-21.3131372453162,38.9654536967432));
#2590=CARTESIAN_POINT('Ctrl Pts',(0.429301086955337,-28.7473627502955,37.6518108553274));
#2591=CARTESIAN_POINT('Ctrl Pts',(0.272167831580094,-21.3131372453162,38.7774384269546));
#2592=CARTESIAN_POINT('Ctrl Pts',(1.41863456636042E-12,-28.7473627502955,
37.6294414825717));
#2593=CARTESIAN_POINT('Ctrl Pts',(1.41332431468016E-12,-21.3131372453162,
38.5892075110338));
#2594=CARTESIAN_POINT('Ctrl Pts',(1.41456508983877E-12,-21.3572136811165,
38.583517198612));
#2595=CARTESIAN_POINT('Ctrl Pts',(1.06150475723002,-21.4753517342107,39.296074175281));
#2596=CARTESIAN_POINT('Ctrl Pts',(3.25487101187786,-21.784119080245,40.6014467284323));
#2597=CARTESIAN_POINT('Ctrl Pts',(5.55623783813158,-21.8739804490846,41.7418150817195));
#2598=CARTESIAN_POINT('Ctrl Pts',(6.68510610522034,-21.8793607577444,42.3534635772181));
#2599=CARTESIAN_POINT('Ctrl Pts',(8.68543202106413,-28.6829867105382,33.7576399074919));
#2600=CARTESIAN_POINT('Ctrl Pts',(8.68227433384531,-28.6827065859081,33.7620378884093));
#2601=CARTESIAN_POINT('Ctrl Pts',(8.67906291743484,-28.682463642922,33.7664684138394));
#2602=CARTESIAN_POINT('Ctrl Pts',(8.67579229442319,-28.68226175409,33.7709348398155));
#2603=CARTESIAN_POINT('Ctrl Pts',(8.6360507596729,-28.6798085908842,33.8252066475119));
#2604=CARTESIAN_POINT('Ctrl Pts',(8.58756619636119,-28.6834183005331,33.8847806102758));
#2605=CARTESIAN_POINT('Ctrl Pts',(8.53996424063032,-28.6857515737835,33.9427935369961));
#2606=CARTESIAN_POINT('Ctrl Pts',(8.47950576619713,-28.6887150264188,34.0164748173776));
#2607=CARTESIAN_POINT('Ctrl Pts',(8.42047936924998,-28.6896132579992,34.0876324152842));
#2608=CARTESIAN_POINT('Ctrl Pts',(8.36094569033264,-28.6898828807995,34.1576553343024));
#2609=CARTESIAN_POINT('Ctrl Pts',(8.32705284677952,-28.6900363785096,34.1975197586514));
#2610=CARTESIAN_POINT('Ctrl Pts',(8.29299521832971,-28.6899863085346,34.2370164239998));
#2611=CARTESIAN_POINT('Ctrl Pts',(8.25840806019004,-28.690001725957,34.2764041890059));
#2612=CARTESIAN_POINT('Ctrl Pts',(8.24104490871227,-28.6900094656805,34.2961773003848));
#2613=CARTESIAN_POINT('Ctrl Pts',(8.2235481540475,-28.6900338033201,34.3159230454629));
#2614=CARTESIAN_POINT('Ctrl Pts',(8.20591990563405,-28.6900738149876,34.3356387545642));
#2615=CARTESIAN_POINT('Ctrl Pts',(8.07253807745276,-28.6903765580187,34.4848150800927));
#2616=CARTESIAN_POINT('Ctrl Pts',(7.9333114515181,-28.6903688081645,34.6313514990291));
#2617=CARTESIAN_POINT('Ctrl Pts',(7.79044666000862,-28.6890080061707,34.7736400886112));
#2618=CARTESIAN_POINT('Ctrl Pts',(7.74567463010466,-28.6885815479306,34.8182315440737));
#2619=CARTESIAN_POINT('Ctrl Pts',(7.70054498070922,-28.6880223669598,34.8624060026467));
#2620=CARTESIAN_POINT('Ctrl Pts',(7.65512481124697,-28.6872987575527,34.9061144383047));
#2621=CARTESIAN_POINT('Ctrl Pts',(7.46231611818314,-28.6842270344453,35.091656818592));
#2622=CARTESIAN_POINT('Ctrl Pts',(7.26427011543279,-28.6781947182542,35.2688054107595));
#2623=CARTESIAN_POINT('Ctrl Pts',(7.06051261035859,-28.6697500563184,35.4377367391761));
#2624=CARTESIAN_POINT('Ctrl Pts',(6.83843539611839,-28.6605461401376,35.6218565771129));
#2625=CARTESIAN_POINT('Ctrl Pts',(6.60957246868178,-28.6484748754303,35.7962143050617));
#2626=CARTESIAN_POINT('Ctrl Pts',(6.37334163567888,-28.6342298179274,35.9609912864913));
#2627=CARTESIAN_POINT('Ctrl Pts',(6.35261062182663,-28.6329797081061,35.97545169304));
#2628=CARTESIAN_POINT('Ctrl Pts',(6.33182288920523,-28.6317128574428,35.9898382926082));
#2629=CARTESIAN_POINT('Ctrl Pts',(6.31097805860248,-28.6304297360727,36.0041511962055));
#2630=CARTESIAN_POINT('Ctrl Pts',(6.05540320644742,-28.6146976075318,36.179639224412));
#2631=CARTESIAN_POINT('Ctrl Pts',(5.79124538952122,-28.5965166449301,36.3440478526912));
#2632=CARTESIAN_POINT('Ctrl Pts',(5.52084006300588,-28.5762569177648,36.4959124381046));
#2633=CARTESIAN_POINT('Ctrl Pts',(5.29211000560508,-28.5591196497341,36.6243714288589));
#2634=CARTESIAN_POINT('Ctrl Pts',(5.05890961066904,-28.5404950634626,36.7438543222557));
#2635=CARTESIAN_POINT('Ctrl Pts',(4.82265191012358,-28.5206330414702,36.8534892317195));
#2636=CARTESIAN_POINT('Ctrl Pts',(4.81397788789302,-28.5199038224017,36.8575143942422));
#2637=CARTESIAN_POINT('Ctrl Pts',(4.80529952836309,-28.5191726019257,36.8615265296869));
#2638=CARTESIAN_POINT('Ctrl Pts',(4.79661690804375,-28.5184393830795,36.8655255929512));
#2639=CARTESIAN_POINT('Ctrl Pts',(4.55602990097802,-28.498122598372,36.9763357661996));
#2640=CARTESIAN_POINT('Ctrl Pts',(4.31216998397766,-28.476271016897,37.0771052360943));
#2641=CARTESIAN_POINT('Ctrl Pts',(4.0647611011805,-28.4529682567682,37.167676702375));
#2642=CARTESIAN_POINT('Ctrl Pts',(3.81997705779177,-28.429912723022,37.2572872672067));
#2643=CARTESIAN_POINT('Ctrl Pts',(3.57171868909336,-28.405436758505,37.336915118429));
#2644=CARTESIAN_POINT('Ctrl Pts',(3.31973886011424,-28.3796257340206,37.4064546960316));
#2645=CARTESIAN_POINT('Ctrl Pts',(3.26783566960527,-28.3743091397262,37.4207785645684));
#2646=CARTESIAN_POINT('Ctrl Pts',(3.21577466037486,-28.3689359126016,37.4346745621962));
#2647=CARTESIAN_POINT('Ctrl Pts',(3.16355379649178,-28.3635068153899,37.4481420128779));
#2648=CARTESIAN_POINT('Ctrl Pts',(2.93765630716189,-28.3400215771487,37.5063996338832));
#2649=CARTESIAN_POINT('Ctrl Pts',(2.70876994883644,-28.315491356012,37.5566353021707));
#2650=CARTESIAN_POINT('Ctrl Pts',(2.47868060774421,-28.2902811860871,37.5986103130678));
#2651=CARTESIAN_POINT('Ctrl Pts',(2.38299634622463,-28.2797973606279,37.6160659148827));
#2652=CARTESIAN_POINT('Ctrl Pts',(2.28807667071034,-28.2693005716675,37.631921002435));
#2653=CARTESIAN_POINT('Ctrl Pts',(2.19362280312428,-28.2587735618472,37.6462998183265));
#2654=CARTESIAN_POINT('Ctrl Pts',(2.09840921338872,-28.2481618799776,37.6607942875545));
#2655=CARTESIAN_POINT('Ctrl Pts',(2.00366824279688,-28.237519335503,37.6737887292804));
#2656=CARTESIAN_POINT('Ctrl Pts',(1.90907816948356,-28.2268224451265,37.6853597757788));
#2657=CARTESIAN_POINT('Ctrl Pts',(1.81506718022929,-28.2161910415234,37.6968599838865));
#2658=CARTESIAN_POINT('Ctrl Pts',(1.7212045580354,-28.2055058048323,37.7069542109412));
#2659=CARTESIAN_POINT('Ctrl Pts',(1.62716953201641,-28.1947402577319,37.7156671098209));
#2660=CARTESIAN_POINT('Ctrl Pts',(1.5633406261824,-28.1874328413231,37.7215812337987));
#2661=CARTESIAN_POINT('Ctrl Pts',(1.49943219103322,-28.1800883537172,37.726857890055));
#2662=CARTESIAN_POINT('Ctrl Pts',(1.43534502346909,-28.172698130301,37.731491110729));
#2663=CARTESIAN_POINT('Ctrl Pts',(1.34781922740004,-28.1626050771638,37.7378188412757));
#2664=CARTESIAN_POINT('Ctrl Pts',(1.25996216898369,-28.1524269463733,37.7429480619077));
#2665=CARTESIAN_POINT('Ctrl Pts',(1.17115542551201,-28.1421011583886,37.7468318837741));
#2666=CARTESIAN_POINT('Ctrl Pts',(1.0873871218639,-28.1323612027333,37.7504953574777));
#2667=CARTESIAN_POINT('Ctrl Pts',(1.00277481724774,-28.1224899347723,37.7530505509715));
#2668=CARTESIAN_POINT('Ctrl Pts',(0.916771010523303,-28.1124316268359,37.7544235255589));
#2669=CARTESIAN_POINT('Ctrl Pts',(0.837286842352718,-28.1031358029651,37.7556924198922));
#2670=CARTESIAN_POINT('Ctrl Pts',(0.756614656101131,-28.0936802517555,37.7559513097964));
#2671=CARTESIAN_POINT('Ctrl Pts',(0.674287390308562,-28.08401754286,37.755114443472));
#2672=CARTESIAN_POINT('Ctrl Pts',(0.636441723669267,-28.0795756164074,37.7547297378265));
#2673=CARTESIAN_POINT('Ctrl Pts',(0.598245751657576,-28.0750898604313,37.7541130969097));
#2674=CARTESIAN_POINT('Ctrl Pts',(0.5596508821275,-28.0705553672013,37.7532541987341));
#2675=CARTESIAN_POINT('Ctrl Pts',(0.513381553692916,-28.0651192053722,37.7522245115695));
#2676=CARTESIAN_POINT('Ctrl Pts',(0.466534662979313,-28.0596124566543,37.7508463317648));
#2677=CARTESIAN_POINT('Ctrl Pts',(0.419561478810999,-28.0540939110637,37.7491466991358));
#2678=CARTESIAN_POINT('Ctrl Pts',(0.374258693803007,-28.0487716087998,37.7475075066274));
#2679=CARTESIAN_POINT('Ctrl Pts',(0.32883810656282,-28.0434382908462,37.7455692788668));
#2680=CARTESIAN_POINT('Ctrl Pts',(0.283751973253905,-28.0381528376498,37.7433583724046));
#2681=CARTESIAN_POINT('Ctrl Pts',(0.240654243480259,-28.0331004852551,37.7412449720691));
#2682=CARTESIAN_POINT('Ctrl Pts',(0.197861936354955,-28.0280918453004,37.7388823878253));
#2683=CARTESIAN_POINT('Ctrl Pts',(0.15581771667728,-28.023184515575,37.7362960455222));
#2684=CARTESIAN_POINT('Ctrl Pts',(0.144903597016169,-28.0219106381133,37.7356246654942));
#2685=CARTESIAN_POINT('Ctrl Pts',(0.134040154873025,-28.0206436220989,37.7349382217153));
#2686=CARTESIAN_POINT('Ctrl Pts',(0.123235715401206,-28.0193845504027,37.7342371904818));
#2687=CARTESIAN_POINT('Ctrl Pts',(0.0813406573582987,-28.0145024015478,
37.7315188871124));
#2688=CARTESIAN_POINT('Ctrl Pts',(0.0403350217710717,-28.0097400478419,
37.7285804732555));
#2689=CARTESIAN_POINT('Ctrl Pts',(-2.00736624099557E-5,-28.0050613220569,
37.7255053989998));
#2690=CARTESIAN_POINT('Ctrl Pts',(10.3315454193206,-28.9725648569513,31.1822038051563));
#2691=CARTESIAN_POINT('Ctrl Pts',(9.83911637336803,-29.7531469042313,30.8343208136246));
#2692=CARTESIAN_POINT('Ctrl Pts',(9.03355334674614,-29.7499897538579,30.2652201931961));
#2693=CARTESIAN_POINT('Ctrl Pts',(10.0792268740179,-28.9349573225494,31.5897040901086));
#2694=CARTESIAN_POINT('Ctrl Pts',(9.58704525255331,-29.7533185745072,31.2425196974589));
#2695=CARTESIAN_POINT('Ctrl Pts',(8.76101020131288,-29.7499892586222,30.650737406376));
#2696=CARTESIAN_POINT('Ctrl Pts',(9.69747210127318,-28.873211150099,32.1998791319104));
#2697=CARTESIAN_POINT('Ctrl Pts',(9.20862133453928,-29.7536051454742,31.8543920797812));
#2698=CARTESIAN_POINT('Ctrl Pts',(8.34876190606538,-29.7499884456044,31.2266859228577));
#2699=CARTESIAN_POINT('Ctrl Pts',(9.24090132026948,-28.7917014721741,32.910575445311));
#2700=CARTESIAN_POINT('Ctrl Pts',(8.76686632187549,-29.7539930723151,32.5635988108182));
#2701=CARTESIAN_POINT('Ctrl Pts',(7.86019907757368,-29.7499873725328,31.8935101350221));
#2702=CARTESIAN_POINT('Ctrl Pts',(8.97931314560534,-28.7399802035636,33.3143568506971));
#2703=CARTESIAN_POINT('Ctrl Pts',(8.51515772289914,-29.7542450290744,32.9700549758037));
#2704=CARTESIAN_POINT('Ctrl Pts',(7.57875418020262,-29.7499866917261,32.2729997031344));
#2705=CARTESIAN_POINT('Ctrl Pts',(8.80858030760382,-28.7102676316588,33.5696785082361));
#2706=CARTESIAN_POINT('Ctrl Pts',(8.35173953810226,-29.7543918687838,33.2261218634399));
#2707=CARTESIAN_POINT('Ctrl Pts',(7.40163885949523,-29.7499863006554,32.5090831137028));
#2708=CARTESIAN_POINT('Ctrl Pts',(8.68453612483758,-28.6761987410058,33.7656333229691));
#2709=CARTESIAN_POINT('Ctrl Pts',(8.2335565813425,-29.7545622438648,33.4277583119085));
#2710=CARTESIAN_POINT('Ctrl Pts',(7.25990813973783,-29.7499858522811,32.697999820244));
#2711=CARTESIAN_POINT('Ctrl Pts',(8.49054136444575,-28.690633798589,34.0040003222554));
#2712=CARTESIAN_POINT('Ctrl Pts',(8.05088771504991,-29.7544898105949,33.6456749249553));
#2713=CARTESIAN_POINT('Ctrl Pts',(7.11565316624442,-29.7499860422543,32.8843827011854));
#2714=CARTESIAN_POINT('Ctrl Pts',(8.1708399659168,-28.68823133046,34.3875305195281));
#2715=CARTESIAN_POINT('Ctrl Pts',(7.74938038430321,-29.75450184259,34.0086296113463));
#2716=CARTESIAN_POINT('Ctrl Pts',(6.85138444291172,-29.749986010636,33.2004103582988));
#2717=CARTESIAN_POINT('Ctrl Pts',(7.46059260017687,-28.685121890056,35.1295047797274));
#2718=CARTESIAN_POINT('Ctrl Pts',(7.08310602186396,-29.7545174247723,34.7055878012081));
#2719=CARTESIAN_POINT('Ctrl Pts',(6.27695074998364,-29.7499859697138,33.7977221356948));
#2720=CARTESIAN_POINT('Ctrl Pts',(6.3436770709988,-28.6350191055553,36.0434415399402));
#2721=CARTESIAN_POINT('Ctrl Pts',(6.03378325122768,-29.7547708750858,35.5819234286092));
#2722=CARTESIAN_POINT('Ctrl Pts',(5.35074077095779,-29.7499853103676,34.5283466707157));
#2723=CARTESIAN_POINT('Ctrl Pts',(4.81300555973194,-28.5255720462461,36.9133473707367));
#2724=CARTESIAN_POINT('Ctrl Pts',(4.60175621462617,-29.755341631231,36.4366334790787));
#2725=CARTESIAN_POINT('Ctrl Pts',(4.08887075955424,-29.7499838703312,35.1967428018223));
#2726=CARTESIAN_POINT('Ctrl Pts',(3.18448686251206,-28.3703258839399,37.497473980592));
#2727=CARTESIAN_POINT('Ctrl Pts',(3.06999739983602,-29.7561947798208,37.0548651191889));
#2728=CARTESIAN_POINT('Ctrl Pts',(2.75656893869875,-29.7499818283539,35.6221169318733));
#2729=CARTESIAN_POINT('Ctrl Pts',(1.72274356187882,-28.2065628934111,37.7376793316249));
#2730=CARTESIAN_POINT('Ctrl Pts',(1.68695153895882,-29.7571585977597,37.3727100595205));
#2731=CARTESIAN_POINT('Ctrl Pts',(1.58149808416556,-29.7499796752428,35.7795235244606));
#2732=CARTESIAN_POINT('Ctrl Pts',(0.712523999361142,-28.0883350185578,37.7636168055581));
#2733=CARTESIAN_POINT('Ctrl Pts',(0.716455412623588,-29.7579012144257,37.4762338878932));
#2734=CARTESIAN_POINT('Ctrl Pts',(0.75614764768985,-29.7499781214132,35.7810573652445));
#2735=CARTESIAN_POINT('Ctrl Pts',(0.10958400758036,-28.0175571476656,37.7363234219815));
#2736=CARTESIAN_POINT('Ctrl Pts',(0.129407269647114,-29.7583662221964,37.5019335326781));
#2737=CARTESIAN_POINT('Ctrl Pts',(0.286393462591898,-29.7499771914442,35.7519665442962));
#2738=CARTESIAN_POINT('Ctrl Pts',(-0.137281537715609,-27.9892640397712,
37.7143607633466));
#2739=CARTESIAN_POINT('Ctrl Pts',(-0.117463803440303,-29.7585567880979,
37.5020442057923));
#2740=CARTESIAN_POINT('Ctrl Pts',(0.0515262960265291,-29.7499768197466,
35.727998977409));
#2741=CARTESIAN_POINT('Ctrl Pts',(-0.256502015237312,-27.9754841577151,
37.704502555932));
#2742=CARTESIAN_POINT('Ctrl Pts',(-0.237194628865249,-29.7586505839696,
37.5030980039622));
#2743=CARTESIAN_POINT('Ctrl Pts',(-0.0659439206546694,-29.7499766387257,
35.716700223496));
#2744=CARTESIAN_POINT('Ctrl Pts',(1.3528772202806E-12,-28.0050636174693,
37.7255069327255));
#2745=CARTESIAN_POINT('Ctrl Pts',(1.46623876287274E-12,-28.2292014264802,
37.6965660516999));
#2746=CARTESIAN_POINT('Ctrl Pts',(1.57179312615258E-12,-28.4467531260285,
37.6296983620181));
#2747=CARTESIAN_POINT('Ctrl Pts',(1.98528713735311E-12,-28.8783395807953,
37.4117451933832));
#2748=CARTESIAN_POINT('Ctrl Pts',(2.04727207972566E-11,-29.0835402928326,
37.2523106405866));
#2749=CARTESIAN_POINT('Ctrl Pts',(2.10962760147493E-11,-29.4231407926452,
36.8637297085852));
#2750=CARTESIAN_POINT('Ctrl Pts',(3.19445423805491E-12,-29.5540582754429,
36.6379610782516));
#2751=CARTESIAN_POINT('Ctrl Pts',(3.45142171855733E-12,-29.7114768961534,
36.1838179962517));
#2752=CARTESIAN_POINT('Ctrl Pts',(-2.22564253405855E-11,-29.7490489871993,
35.9633542783196));
#2753=CARTESIAN_POINT('Ctrl Pts',(4.21648211508636E-12,-29.7499940589467,
35.7384418662721));
#2754=CARTESIAN_POINT('Ctrl Pts',(2.92990824703502E-12,-29.75,35.7356140994144));
#2755=CARTESIAN_POINT('Ctrl Pts',(2.92616625374724E-12,-29.75,35.7327863295427));
#2756=CARTESIAN_POINT('Ctrl Pts',(-9.03341942056642,-29.7499892222544,30.2651255792828));
#2757=CARTESIAN_POINT('Ctrl Pts',(-9.84002236161357,-29.7532314193181,30.8349608609667));
#2758=CARTESIAN_POINT('Ctrl Pts',(-10.3324855859287,-28.9710730842467,31.1828679982532));
#2759=CARTESIAN_POINT('Ctrl Pts',(-8.76087368151632,-29.7499887013356,30.6506396017907));
#2760=CARTESIAN_POINT('Ctrl Pts',(-9.58798111281636,-29.7534077261105,31.2431907241931));
#2761=CARTESIAN_POINT('Ctrl Pts',(-10.0801610200651,-28.9334025354852,31.5903630254577));
#2762=CARTESIAN_POINT('Ctrl Pts',(-8.34862119109716,-29.7499878461559,31.2265831993937));
#2763=CARTESIAN_POINT('Ctrl Pts',(-9.20960765777572,-29.7537020433559,31.8551133017855));
#2764=CARTESIAN_POINT('Ctrl Pts',(-9.69839079987182,-28.8715548624404,32.2005283839711));
#2765=CARTESIAN_POINT('Ctrl Pts',(-7.86005267624925,-29.7499867174419,31.893401934473));
#2766=CARTESIAN_POINT('Ctrl Pts',(-8.76792479290355,-29.7541004692314,32.5643814514811));
#2767=CARTESIAN_POINT('Ctrl Pts',(-9.24178027636571,-28.7899150976952,32.9112188023767));
#2768=CARTESIAN_POINT('Ctrl Pts',(-7.5786042835818,-29.7499860013355,32.2728881206453));
#2769=CARTESIAN_POINT('Ctrl Pts',(-8.5162631823168,-29.7543592530553,32.9708780060293));
#2770=CARTESIAN_POINT('Ctrl Pts',(-8.980166312551,-28.7381135508434,33.3149897113209));
#2771=CARTESIAN_POINT('Ctrl Pts',(-7.40148753556222,-29.7499855899888,32.5089689098775));
#2772=CARTESIAN_POINT('Ctrl Pts',(-8.35286837156752,-29.7545100744574,33.2269739231399));
#2773=CARTESIAN_POINT('Ctrl Pts',(-8.80941578281453,-28.708355657625,33.5703068053696));
#2774=CARTESIAN_POINT('Ctrl Pts',(-7.25975397059343,-29.7499851183687,32.6978842690482));
#2775=CARTESIAN_POINT('Ctrl Pts',(-8.23472206197471,-29.7546850721901,33.4286318654215));
#2776=CARTESIAN_POINT('Ctrl Pts',(-8.68535603788421,-28.6742355524425,33.7662476035537));
#2777=CARTESIAN_POINT('Ctrl Pts',(-7.1155047110954,-29.7499853181909,32.884261856906));
#2778=CARTESIAN_POINT('Ctrl Pts',(-8.05200372942199,-29.7546106733042,33.6465833262533));
#2779=CARTESIAN_POINT('Ctrl Pts',(-8.49134268629174,-28.6886922199342,34.0046534146135));
#2780=CARTESIAN_POINT('Ctrl Pts',(-6.85124195780518,-29.7499852849334,33.2002821180668));
#2781=CARTESIAN_POINT('Ctrl Pts',(-7.75045248043262,-29.7546230317778,34.0095945711091));
#2782=CARTESIAN_POINT('Ctrl Pts',(-8.17160780837889,-28.6862861468254,34.3882208248109));
#2783=CARTESIAN_POINT('Ctrl Pts',(-6.27682290558522,-29.7499852418896,33.7975781615125));
#2784=CARTESIAN_POINT('Ctrl Pts',(-7.0840690810856,-29.7546390367843,34.7066724966682));
#2785=CARTESIAN_POINT('Ctrl Pts',(-7.46127996116112,-28.6831720437482,35.1302766823997));
#2786=CARTESIAN_POINT('Ctrl Pts',(-5.3506333850101,-29.7499845483608,34.5281810303106));
#2787=CARTESIAN_POINT('Ctrl Pts',(-6.03460743561589,-29.7548993678347,35.5831965166452));
#2788=CARTESIAN_POINT('Ctrl Pts',(-6.34423647272682,-28.6329949911489,36.0442746035165));
#2789=CARTESIAN_POINT('Ctrl Pts',(-4.08879168116577,-29.7499830336757,35.1965516310597));
#2790=CARTESIAN_POINT('Ctrl Pts',(-4.60238966842999,-29.7554856433222,36.438168630698));
#2791=CARTESIAN_POINT('Ctrl Pts',(-4.81337949949958,-28.523391794628,36.9141911248746));
#2792=CARTESIAN_POINT('Ctrl Pts',(-2.75652199352338,-29.7499808858639,35.6219023348046));
#2793=CARTESIAN_POINT('Ctrl Pts',(-3.07039758417588,-29.7563620533916,37.0567037156922));
#2794=CARTESIAN_POINT('Ctrl Pts',(-3.18468370751523,-28.3679388073588,37.498234719798));
#2795=CARTESIAN_POINT('Ctrl Pts',(-1.58148279654681,-29.7499786211826,35.7792925582537));
#2796=CARTESIAN_POINT('Ctrl Pts',(-1.68709097835476,-29.757352246086,37.3748375474066));
#2797=CARTESIAN_POINT('Ctrl Pts',(-1.72280311907059,-28.2039775406021,37.7382860452321));
#2798=CARTESIAN_POINT('Ctrl Pts',(-0.756153259671876,-29.7499769868524,
35.7808176895603));
#2799=CARTESIAN_POINT('Ctrl Pts',(-0.716400435650346,-29.7581152559451,
37.4785673197354));
#2800=CARTESIAN_POINT('Ctrl Pts',(-0.712517651012865,-28.0856199031997,
37.7640822334265));
#2801=CARTESIAN_POINT('Ctrl Pts',(-0.0132157806522711,-29.7499754398228,
35.7348014400935));
#2802=CARTESIAN_POINT('Ctrl Pts',(0.220898588479185,-29.7588779259646,37.5197816508961));
#2803=CARTESIAN_POINT('Ctrl Pts',(0.241166566511266,-27.9735592411123,37.7207677760413));
#2804=CARTESIAN_POINT('Ctrl Pts',(0.494896209713881,-29.7499748409263,35.659235957659));
#2805=CARTESIAN_POINT('Ctrl Pts',(0.629821126604321,-29.7591866175861,37.4870738585584));
#2806=CARTESIAN_POINT('Ctrl Pts',(0.637779240326197,-27.9301692855302,37.6522660236855));
#2807=CARTESIAN_POINT('Ctrl Pts',(0.886915591572227,-29.7499739359572,35.6869959695325));
#2808=CARTESIAN_POINT('Ctrl Pts',(1.12634398095484,-29.7596622857938,37.58509718857));
#2809=CARTESIAN_POINT('Ctrl Pts',(1.13918023387227,-27.8645999540201,37.694436039829));
#2810=CARTESIAN_POINT('Ctrl Pts',(-7.11134147812558,-21.8799867217865,42.5863461583668));
#2811=CARTESIAN_POINT('Ctrl Pts',(-6.60619538090616,-21.2823662470733,43.2230663978315));
#2812=CARTESIAN_POINT('Ctrl Pts',(-6.53923514201227,-20.2768546866807,43.1761803337977));
#2813=CARTESIAN_POINT('Ctrl Pts',(-5.93992438825206,-21.8825216914907,41.9399916725821));
#2814=CARTESIAN_POINT('Ctrl Pts',(-5.53252647127894,-21.2799022130068,42.4712753334793));
#2815=CARTESIAN_POINT('Ctrl Pts',(-5.43626771534728,-20.3863167352888,42.4038742272471));
#2816=CARTESIAN_POINT('Ctrl Pts',(-3.48361098705117,-21.818394691245,40.7261093762046));
#2817=CARTESIAN_POINT('Ctrl Pts',(-3.35852786008421,-21.2653118691676,40.9490251182846));
#2818=CARTESIAN_POINT('Ctrl Pts',(-3.2062575902992,-20.6862617049873,40.8424043274045));
#2819=CARTESIAN_POINT('Ctrl Pts',(-1.02958231924776,-21.4694576541474,39.2814758385155));
#2820=CARTESIAN_POINT('Ctrl Pts',(-0.99985955911647,-21.2529957602191,39.2974677936968));
#2821=CARTESIAN_POINT('Ctrl Pts',(-0.980947038370453,-21.0346945706349,
39.2842251040864));
#2822=CARTESIAN_POINT('Ctrl Pts',(0.132190573392471,-21.3426719608835,38.4944091639882));
#2823=CARTESIAN_POINT('Ctrl Pts',(0.144026670198528,-21.2514623033202,38.496510033057));
#2824=CARTESIAN_POINT('Ctrl Pts',(0.151007069931316,-21.1598592735631,38.491622304546));
#2825=CARTESIAN_POINT('',(-6.50000000064663,-20.2807648269853,43.1487075920508));
#2826=CARTESIAN_POINT('Ctrl Pts',(-6.49999999999858,-20.2807648272932,43.148707591597));
#2827=CARTESIAN_POINT('Ctrl Pts',(-6.49999999999858,-20.4524727542309,43.1487075916094));
#2828=CARTESIAN_POINT('Ctrl Pts',(-6.50000000000153,-20.6222965706299,43.1219118730388));
#2829=CARTESIAN_POINT('Ctrl Pts',(-6.50000000000153,-20.95005907161,43.0204250080185));
#2830=CARTESIAN_POINT('Ctrl Pts',(-6.49999999999858,-21.105434254909,42.9466964834701));
#2831=CARTESIAN_POINT('Ctrl Pts',(-6.49999999999858,-21.25,42.8545452813023));
#2832=CARTESIAN_POINT('',(1.41380902188836E-12,-21.142906898746,38.5973585932338));
#2833=CARTESIAN_POINT('Ctrl Pts',(-3.1606204654899E-10,-21.142906898746,
38.5973585927804));
#2834=CARTESIAN_POINT('Ctrl Pts',(-0.172963941736805,-21.1232927214268,
38.7184692427572));
#2835=CARTESIAN_POINT('Ctrl Pts',(-0.345839494525979,-21.1026668275915,
38.8395179797824));
#2836=CARTESIAN_POINT('Ctrl Pts',(-0.518648929154419,-21.0812572514073,
38.9605201564175));
#2837=CARTESIAN_POINT('Ctrl Pts',(-0.686626232482935,-21.0604463339909,
39.0781388464603));
#2838=CARTESIAN_POINT('Ctrl Pts',(-0.85454126159756,-21.0388952347894,39.1957136571137));
#2839=CARTESIAN_POINT('Ctrl Pts',(-1.02240831483771,-21.0167649379128,39.3132543839798));
#2840=CARTESIAN_POINT('Ctrl Pts',(-1.18874285656788,-20.9948366755275,39.4297220443131));
#2841=CARTESIAN_POINT('Ctrl Pts',(-1.35503036500598,-20.9723398012549,39.5461562626518));
#2842=CARTESIAN_POINT('Ctrl Pts',(-1.52127658105633,-20.9493800073737,39.6625612647553));
#2843=CARTESIAN_POINT('Ctrl Pts',(-1.5560968214888,-20.9445710826221,39.6869422717766));
#2844=CARTESIAN_POINT('Ctrl Pts',(-1.59091522055626,-20.9397416706747,39.7113219783683));
#2845=CARTESIAN_POINT('Ctrl Pts',(-1.62573178429864,-20.9348924593574,39.7357003943261));
#2846=CARTESIAN_POINT('Ctrl Pts',(-1.99223612372274,-20.88384615267,39.9923252382623));
#2847=CARTESIAN_POINT('Ctrl Pts',(-2.35857013666993,-20.8308200038164,40.2488293060092));
#2848=CARTESIAN_POINT('Ctrl Pts',(-2.72486698378033,-20.777433299583,40.5053102341787));
#2849=CARTESIAN_POINT('Ctrl Pts',(-2.76438389040083,-20.7716738249312,40.5329799587979));
#2850=CARTESIAN_POINT('Ctrl Pts',(-2.80390038209739,-20.7659102087338,40.5606494273001));
#2851=CARTESIAN_POINT('Ctrl Pts',(-2.84341665069545,-20.7601445416093,40.5883187791999));
#2852=CARTESIAN_POINT('Ctrl Pts',(-2.97493096589689,-20.7409557925076,40.6804053044787));
#2853=CARTESIAN_POINT('Ctrl Pts',(-3.10644103860543,-20.7217294686653,40.7724893839951));
#2854=CARTESIAN_POINT('Ctrl Pts',(-3.23795450766816,-20.7025672912241,40.8645763792548));
#2855=CARTESIAN_POINT('Ctrl Pts',(-3.42991478341597,-20.6745977083991,40.9989888096228));
#2856=CARTESIAN_POINT('Ctrl Pts',(-3.62188289113215,-20.6467625871308,41.1334078910851));
#2857=CARTESIAN_POINT('Ctrl Pts',(-3.81388014791549,-20.619256415966,41.2678480112215));
#2858=CARTESIAN_POINT('Ctrl Pts',(-4.01553058392668,-20.5903672979582,41.4090474705112));
#2859=CARTESIAN_POINT('Ctrl Pts',(-4.21721337443976,-20.5618412077292,41.5502702268087));
#2860=CARTESIAN_POINT('Ctrl Pts',(-4.41894873684585,-20.5339616639133,41.691529504473));
#2861=CARTESIAN_POINT('Ctrl Pts',(-4.50262161669696,-20.5223981894079,41.7501189873821));
#2862=CARTESIAN_POINT('Ctrl Pts',(-4.58630347634295,-20.5109465899634,41.8087147095143));
#2863=CARTESIAN_POINT('Ctrl Pts',(-4.66999553695892,-20.499629639903,41.8673174794489));
#2864=CARTESIAN_POINT('Ctrl Pts',(-4.98067399845884,-20.4576192913976,42.0848604371549));
#2865=CARTESIAN_POINT('Ctrl Pts',(-5.29150363788879,-20.4174474681486,42.3025077971895));
#2866=CARTESIAN_POINT('Ctrl Pts',(-5.60256369632696,-20.3800463200849,42.5203152421241));
#2867=CARTESIAN_POINT('Ctrl Pts',(-5.90147204293024,-20.3441062659844,42.7296139337342));
#2868=CARTESIAN_POINT('Ctrl Pts',(-6.20059388292315,-20.3107275793738,42.9390611714347));
#2869=CARTESIAN_POINT('Ctrl Pts',(-6.50000000067195,-20.2807648273623,43.1487075920685));
#2870=CARTESIAN_POINT('Ctrl Pts',(1.40164012240593E-12,-21.142906898746,
38.5973585925581));
#2871=CARTESIAN_POINT('Ctrl Pts',(-1.70434853931761E-11,-21.1787333717957,
38.5973575668174));
#2872=CARTESIAN_POINT('Ctrl Pts',(-4.14320563358781E-10,-21.2145308151409,
38.5961892534121));
#2873=CARTESIAN_POINT('Ctrl Pts',(-1.18550700054367E-9,-21.2860281592402,
38.5915531980694));
#2874=CARTESIAN_POINT('Ctrl Pts',(-1.53812158679192E-9,-21.3216858130757,
38.5880880391321));
#2875=CARTESIAN_POINT('Ctrl Pts',(-1.53412840063819E-9,-21.357211523777,
38.5835004923256));
#2876=CARTESIAN_POINT('Ctrl Pts',(-0.203519916536044,-21.3349544968498,
38.445944691035));
#2877=CARTESIAN_POINT('Ctrl Pts',(-0.214155414372752,-21.2513811546002,
38.447405357758));
#2878=CARTESIAN_POINT('Ctrl Pts',(-0.22061383036139,-21.167490101527,38.4428831261805));
#2879=CARTESIAN_POINT('Ctrl Pts',(0.978694036437909,-21.4622241150891,39.2514949288748));
#2880=CARTESIAN_POINT('Ctrl Pts',(0.952288953593716,-21.2527654873068,39.2641584969711));
#2881=CARTESIAN_POINT('Ctrl Pts',(0.934802516663991,-21.041927881206,39.2519143621384));
#2882=CARTESIAN_POINT('Ctrl Pts',(3.45811398683642,-21.8178184266313,40.713457621229));
#2883=CARTESIAN_POINT('Ctrl Pts',(3.33726582564416,-21.265219955431,40.9341372815313));
#2884=CARTESIAN_POINT('Ctrl Pts',(3.18308976302194,-20.6893769132382,40.826182040099));
#2885=CARTESIAN_POINT('Ctrl Pts',(5.93999118492812,-21.8826155796028,41.9399107160916));
#2886=CARTESIAN_POINT('Ctrl Pts',(5.5325384405286,-21.2799857801201,42.4712837144972));
#2887=CARTESIAN_POINT('Ctrl Pts',(5.43627083741505,-20.386316427612,42.4038764133405));
#2888=CARTESIAN_POINT('Ctrl Pts',(7.11141834967132,-21.8800778044643,42.5862490409759));
#2889=CARTESIAN_POINT('Ctrl Pts',(6.606201667338,-21.282462373702,43.2230707996365));
#2890=CARTESIAN_POINT('Ctrl Pts',(6.53923502648851,-20.2768546981459,43.1761802529051));
#2891=CARTESIAN_POINT('Ctrl Pts',(6.50000000067479,-20.2807648273423,43.1487075920685));
#2892=CARTESIAN_POINT('Ctrl Pts',(6.10531689304425,-20.3202623235529,42.8723475049015));
#2893=CARTESIAN_POINT('Ctrl Pts',(5.71112846400241,-20.3656783740964,42.5963340409056));
#2894=CARTESIAN_POINT('Ctrl Pts',(5.31727269089356,-20.4150934763092,42.3205512416815));
#2895=CARTESIAN_POINT('Ctrl Pts',(5.16916784067316,-20.4336754466942,42.2168463502944));
#2896=CARTESIAN_POINT('Ctrl Pts',(5.02110997873836,-20.4528231587108,42.1131740365677));
#2897=CARTESIAN_POINT('Ctrl Pts',(4.87309065552292,-20.4724370777074,42.009528361419));
#2898=CARTESIAN_POINT('Ctrl Pts',(4.65754383013605,-20.5009990105773,41.858598768187));
#2899=CARTESIAN_POINT('Ctrl Pts',(4.44207140069817,-20.5305383988872,41.7077205132969));
#2900=CARTESIAN_POINT('Ctrl Pts',(4.22665309271991,-20.5606998038337,41.5568801591916));
#2901=CARTESIAN_POINT('Ctrl Pts',(4.02449729395258,-20.5890042825297,41.4153264883051));
#2902=CARTESIAN_POINT('Ctrl Pts',(3.82238928400601,-20.6178562890035,41.2738063385039));
#2903=CARTESIAN_POINT('Ctrl Pts',(3.62030756742067,-20.6470076437439,41.1323054690554));
#2904=CARTESIAN_POINT('Ctrl Pts',(3.49284826896887,-20.6653943206135,41.043056417459));
#2905=CARTESIAN_POINT('Ctrl Pts',(3.36539928884505,-20.6839010194896,40.9538149364047));
#2906=CARTESIAN_POINT('Ctrl Pts',(3.23795433237642,-20.7024762026207,40.8645767265637));
#2907=CARTESIAN_POINT('Ctrl Pts',(3.04309948797869,-20.730876419616,40.7281374513289));
#2908=CARTESIAN_POINT('Ctrl Pts',(2.84825305415217,-20.7594341682214,40.5917051613666));
#2909=CARTESIAN_POINT('Ctrl Pts',(2.65339026682232,-20.7878306018583,40.4552623744906));
#2910=CARTESIAN_POINT('Ctrl Pts',(2.58146298801398,-20.7983122244777,40.4048989443688));
#2911=CARTESIAN_POINT('Ctrl Pts',(2.50953359106661,-20.8087723723434,40.3545341541915));
#2912=CARTESIAN_POINT('Ctrl Pts',(2.43760118589312,-20.8191967383378,40.304167351367));
#2913=CARTESIAN_POINT('Ctrl Pts',(2.23467888825798,-20.8486040172112,40.1620819125578));
#2914=CARTESIAN_POINT('Ctrl Pts',(2.03172185852393,-20.8776984084763,40.0199729985784));
#2915=CARTESIAN_POINT('Ctrl Pts',(1.8287218858363,-20.9062902505608,39.8778336085851));
#2916=CARTESIAN_POINT('Ctrl Pts',(1.63423848487794,-20.9336825630554,39.7416574721548));
#2917=CARTESIAN_POINT('Ctrl Pts',(1.43971593098989,-20.9606138169744,39.6054535450934));
#2918=CARTESIAN_POINT('Ctrl Pts',(1.24513916583297,-20.9868697730786,39.4692109675527));
#2919=CARTESIAN_POINT('Ctrl Pts',(1.05123881480171,-21.0130344546691,39.3334420149276));
#2920=CARTESIAN_POINT('Ctrl Pts',(0.857284621290233,-21.0385286125318,39.1976347040942));
#2921=CARTESIAN_POINT('Ctrl Pts',(0.66325195920402,-21.0630895354974,39.0617720362567));
#2922=CARTESIAN_POINT('Ctrl Pts',(0.463728815597451,-21.0883454512144,38.922064905023));
#2923=CARTESIAN_POINT('Ctrl Pts',(0.264122518515714,-21.1126144919077,38.7822991470421));
#2924=CARTESIAN_POINT('Ctrl Pts',(0.0643973873449844,-21.1355566982567,
38.6424501244915));
#2925=CARTESIAN_POINT('Ctrl Pts',(0.0429329866638103,-21.1380222903767,
38.6274205914663));
#2926=CARTESIAN_POINT('Ctrl Pts',(0.0214672071245795,-21.1404725092577,
38.6123900921096));
#2927=CARTESIAN_POINT('Ctrl Pts',(3.18883735685572E-10,-21.1429068987459,
38.5973585927804));
#2928=CARTESIAN_POINT('Origin',(-6.49999999999858,-11.75,43.6492264371212));
#2929=CARTESIAN_POINT('',(-6.5,-47.252,43.148707591597));
#2930=CARTESIAN_POINT('Origin',(6.5,-16.0153808802572,43.148707591597));
#2931=CARTESIAN_POINT('',(-6.5,-26.0961667354036,43.148707591597));
#2932=CARTESIAN_POINT('',(-6.5,-47.252,43.148707591597));
#2933=CARTESIAN_POINT('',(-9.,1.1752659547106,43.148707591597));
#2934=CARTESIAN_POINT('Origin',(0.,-11.75,43.148707591597));
#2935=CARTESIAN_POINT('',(-9.,22.75,43.148707591597));
#2936=CARTESIAN_POINT('',(-9.,7.2541655099018,43.148707591597));
#2937=CARTESIAN_POINT('',(-6.5,22.75,43.148707591597));
#2938=CARTESIAN_POINT('',(-9.002,22.75,43.148707591597));
#2939=CARTESIAN_POINT('',(-6.50000000000004,-9.25910844553778,43.148707591597));
#2940=CARTESIAN_POINT('',(-6.5,-47.252,43.148707591597));
#2941=CARTESIAN_POINT('',(-5.76698840774121,-9.76361997647152,43.148707591597));
#2942=CARTESIAN_POINT('Ctrl Pts',(-6.50000000000006,-9.25913938065331,43.148707591597));
#2943=CARTESIAN_POINT('Ctrl Pts',(-6.50000000009434,-9.29726489824711,43.148707591597));
#2944=CARTESIAN_POINT('Ctrl Pts',(-6.49244469313907,-9.33426444763761,43.148707591597));
#2945=CARTESIAN_POINT('Ctrl Pts',(-6.46173909255321,-9.40982051637138,43.148707591597));
#2946=CARTESIAN_POINT('Ctrl Pts',(-6.43736699553744,-9.44603628473002,43.148707591597));
#2947=CARTESIAN_POINT('Ctrl Pts',(-6.34941062615648,-9.54365038362279,43.148707591597));
#2948=CARTESIAN_POINT('Ctrl Pts',(-6.27003858151038,-9.59428742531561,43.148707591597));
#2949=CARTESIAN_POINT('Ctrl Pts',(-6.06632587031607,-9.69345299236601,43.148707591597));
#2950=CARTESIAN_POINT('Ctrl Pts',(-5.91682753379062,-9.73664108610935,43.148707591597));
#2951=CARTESIAN_POINT('Ctrl Pts',(-5.76698840774121,-9.76361997647152,43.148707591597));
#2952=CARTESIAN_POINT('',(-6.,-9.75,43.148707591597));
#2953=CARTESIAN_POINT('Origin',(-6.,-11.75,43.148707591597));
#2954=CARTESIAN_POINT('',(-5.76694584201701,-13.7363750299092,43.148707591597));
#2955=CARTESIAN_POINT('Origin',(-6.,-11.75,43.148707591597));
#2956=CARTESIAN_POINT('',(-6.50000000000004,-14.2408915544622,43.148707591597));
#2957=CARTESIAN_POINT('Ctrl Pts',(-5.76694584201704,-13.7363750299092,43.148707591597));
#2958=CARTESIAN_POINT('Ctrl Pts',(-5.91641827362078,-13.7632855794824,43.148707591597));
#2959=CARTESIAN_POINT('Ctrl Pts',(-6.06554262914094,-13.806324487156,43.148707591597));
#2960=CARTESIAN_POINT('Ctrl Pts',(-6.26927495169399,-13.9052465508545,43.148707591597));
#2961=CARTESIAN_POINT('Ctrl Pts',(-6.34889689046163,-13.9559180004936,43.148707591597));
#2962=CARTESIAN_POINT('Ctrl Pts',(-6.43714264755852,-14.0536498396908,43.148707591597));
#2963=CARTESIAN_POINT('Ctrl Pts',(-6.46160256128025,-14.0899195084995,43.148707591597));
#2964=CARTESIAN_POINT('Ctrl Pts',(-6.49241722168511,-14.1656035580543,43.148707591597));
#2965=CARTESIAN_POINT('Ctrl Pts',(-6.50000000009223,-14.2026665104537,43.148707591597));
#2966=CARTESIAN_POINT('Ctrl Pts',(-6.50000000000009,-14.240861390099,43.148707591597));
#2967=CARTESIAN_POINT('',(-6.5,-47.252,43.148707591597));
#2968=CARTESIAN_POINT('Origin',(-4.57195978147881,-47.252,41.798679296617));
#2969=CARTESIAN_POINT('',(-7.27644963183571E-15,-37.75,38.5973585932338));
#2970=CARTESIAN_POINT('',(-7.27644963183571E-15,-47.252,38.5973585932338));
#2971=CARTESIAN_POINT('',(-6.5,-37.75,43.148707591597));
#2972=CARTESIAN_POINT('',(-1.01801538029007,-37.75,39.3101806365265));
#2973=CARTESIAN_POINT('',(-6.5,-47.252,43.148707591597));
#2974=CARTESIAN_POINT('Origin',(4.5719597814788,-47.252,41.798679296617));
#2975=CARTESIAN_POINT('',(6.5,-26.0961667354036,43.148707591597));
#2976=CARTESIAN_POINT('',(6.5,-47.252,43.148707591597));
#2977=CARTESIAN_POINT('',(6.5,-37.75,43.148707591597));
#2978=CARTESIAN_POINT('',(6.5,-47.252,43.148707591597));
#2979=CARTESIAN_POINT('',(1.01801538029007,-37.75,39.3101806365265));
#2980=CARTESIAN_POINT('Origin',(4.5719597814788,-47.252,41.798679296617));
#2981=CARTESIAN_POINT('',(-4.63530003809219E-8,-20.2334948209828,38.5973586256905));
#2982=CARTESIAN_POINT('',(-7.27644963183571E-15,-47.252,38.5973585932338));
#2983=CARTESIAN_POINT('',(0.286788247942973,-20.25,38.7981698863135));
#2984=CARTESIAN_POINT('Origin',(0.286788218175524,-17.75,38.7981698654701));
#2985=CARTESIAN_POINT('',(2.78678821817553,-17.75,40.5486887109944));
#2986=CARTESIAN_POINT('Origin',(0.286788218175524,-17.75,38.7981698654701));
#2987=CARTESIAN_POINT('',(2.7868344651699,-14.1994425412508,40.5487210934885));
#2988=CARTESIAN_POINT('',(2.78678821817552,-13.9860679774998,40.5486887109944));
#2989=CARTESIAN_POINT('',(3.78678821855254,-11.75,41.2488962494681));
#2990=CARTESIAN_POINT('Origin',(0.286788218175523,-11.75,38.7981698654701));
#2991=CARTESIAN_POINT('',(6.50000000000004,-14.2408915544622,43.148707591597));
#2992=CARTESIAN_POINT('Origin',(6.28678821817552,-11.75,42.9994150947283));
#2993=CARTESIAN_POINT('',(6.5,-47.252,43.148707591597));
#2994=CARTESIAN_POINT('Origin',(9.54727231199E-32,-37.75,33.2));
#2995=CARTESIAN_POINT('',(-6.5,-37.75,44.8992264371212));
#2996=CARTESIAN_POINT('',(-6.5,-37.75,38.4246132185606));
#2997=CARTESIAN_POINT('',(6.5,-37.75,44.8992264371212));
#2998=CARTESIAN_POINT('',(6.5,-37.75,38.4246132185606));
#2999=CARTESIAN_POINT('Origin',(-4.33680868994202E-16,-37.75,27.));
#3000=CARTESIAN_POINT('Origin',(-4.57195978147881,-47.252,41.798679296617));
#3001=CARTESIAN_POINT('',(-0.286788101970884,-20.25,38.7981697841027));
#3002=CARTESIAN_POINT('Origin',(-0.286788218175523,-17.75,38.7981698654701));
#3003=CARTESIAN_POINT('',(-3.78678821855254,-11.75,41.2488962494681));
#3004=CARTESIAN_POINT('Origin',(-6.28678821817552,-11.75,42.9994150947283));
#3005=CARTESIAN_POINT('',(-2.78683258506007,-14.1994444602009,40.5487197770214));
#3006=CARTESIAN_POINT('Origin',(-0.286788218175523,-11.75,38.7981698654701));
#3007=CARTESIAN_POINT('',(-2.78678821817553,-17.75,40.5486887109944));
#3008=CARTESIAN_POINT('',(-2.78678821817553,-47.252,40.5486887109944));
#3009=CARTESIAN_POINT('Origin',(-0.286788218175523,-17.75,38.7981698654701));
#3010=CARTESIAN_POINT('Origin',(0.,-11.75,44.898707591597));
#3011=CARTESIAN_POINT('',(-9.,3.2583310198036,44.898707591597));
#3012=CARTESIAN_POINT('Ctrl Pts',(-9.,1.17526595471058,43.148707591597));
#3013=CARTESIAN_POINT('Ctrl Pts',(-9.,2.16198098554335,43.958457064297));
#3014=CARTESIAN_POINT('Ctrl Pts',(-9.,3.25833101980189,44.8987075915955));
#3015=CARTESIAN_POINT('',(-6.5,-27.9980768092719,44.898707591597));
#3016=CARTESIAN_POINT('Ctrl Pts',(-6.5,-27.998076809269,44.8987075915942));
#3017=CARTESIAN_POINT('Ctrl Pts',(-6.5,-26.997071507235,43.9693126753693));
#3018=CARTESIAN_POINT('Ctrl Pts',(-6.5,-26.096166735404,43.1487075915974));
#3019=CARTESIAN_POINT('Origin',(0.,-11.75,44.898707591597));
#3020=CARTESIAN_POINT('Origin',(0.,-11.75,44.898707591597));
#3021=CARTESIAN_POINT('',(6.5,-27.9980768092719,44.898707591597));
#3022=CARTESIAN_POINT('Ctrl Pts',(6.5,-26.096166735404,43.1487075915974));
#3023=CARTESIAN_POINT('Ctrl Pts',(6.5,-26.997071507235,43.9693126753693));
#3024=CARTESIAN_POINT('Ctrl Pts',(6.5,-27.998076809269,44.8987075915942));
#3025=CARTESIAN_POINT('',(9.,1.1752659547106,43.148707591597));
#3026=CARTESIAN_POINT('Origin',(0.,-11.75,43.148707591597));
#3027=CARTESIAN_POINT('',(9.,3.2583310198036,44.898707591597));
#3028=CARTESIAN_POINT('Ctrl Pts',(9.,3.2583310198019,44.8987075915955));
#3029=CARTESIAN_POINT('Ctrl Pts',(9.,2.16198098554336,43.958457064297));
#3030=CARTESIAN_POINT('Ctrl Pts',(9.,1.17526595471059,43.148707591597));
#3031=CARTESIAN_POINT('Origin',(0.,-11.75,44.898707591597));
#3032=CARTESIAN_POINT('Ctrl Pts',(-6.55179031591993,-9.26240136807642,43.184974995763));
#3033=CARTESIAN_POINT('Ctrl Pts',(-6.51453973933083,-9.79786480259479,43.156690645925));
#3034=CARTESIAN_POINT('Ctrl Pts',(-6.20960877157378,-9.76099646049243,43.5977876078978));
#3035=CARTESIAN_POINT('Ctrl Pts',(-5.85653994552295,-9.18844630348555,42.6981549301654));
#3036=CARTESIAN_POINT('Ctrl Pts',(-5.97269047046959,-9.66028616839028,42.7777615778098));
#3037=CARTESIAN_POINT('Ctrl Pts',(-5.65350800403903,-9.70239505788985,43.1107280450815));
#3038=CARTESIAN_POINT('Ctrl Pts',(-4.40794098109952,-9.65928683668557,41.6838339403914));
#3039=CARTESIAN_POINT('Ctrl Pts',(-4.66321574616165,-9.86369104435878,41.8616267817786));
#3040=CARTESIAN_POINT('Ctrl Pts',(-4.49615956526242,-10.0800904127407,42.0962962630618));
#3041=CARTESIAN_POINT('Ctrl Pts',(-3.47495912341775,-11.7496256118591,41.0305523172893));
#3042=CARTESIAN_POINT('Ctrl Pts',(-3.69197641757532,-11.7496509891188,41.1819536645797));
#3043=CARTESIAN_POINT('Ctrl Pts',(-3.75185987564749,-11.7497010745216,41.4433707558053));
#3044=CARTESIAN_POINT('Ctrl Pts',(-4.40738450130741,-13.840212692402,41.6834442886327));
#3045=CARTESIAN_POINT('Ctrl Pts',(-4.66264540555428,-13.6358980339431,41.8612276790467));
#3046=CARTESIAN_POINT('Ctrl Pts',(-4.49571548491203,-13.4195094779223,42.0959067877096));
#3047=CARTESIAN_POINT('Ctrl Pts',(-5.8558579716711,-14.3114388924176,42.6976774064276));
#3048=CARTESIAN_POINT('Ctrl Pts',(-5.97207675316979,-13.8397035950699,42.7773322691468));
#3049=CARTESIAN_POINT('Ctrl Pts',(-5.65296301175538,-13.7975125982857,43.1102505037051));
#3050=CARTESIAN_POINT('Ctrl Pts',(-6.55112798286439,-14.2376689963181,43.1845112246738));
#3051=CARTESIAN_POINT('Ctrl Pts',(-6.51397906946175,-13.7022774688074,43.1562985550671));
#3052=CARTESIAN_POINT('Ctrl Pts',(-6.20907920181938,-13.7390592738163,43.5973237853605));
#3053=CARTESIAN_POINT('',(-5.70262128175156,-13.7277679080046,43.148707591597));
#3054=CARTESIAN_POINT('Ctrl Pts',(-5.70262128175156,-13.7277679080046,43.148707591597));
#3055=CARTESIAN_POINT('Ctrl Pts',(-5.72406280184004,-13.7306369486395,43.148707591597));
#3056=CARTESIAN_POINT('Ctrl Pts',(-5.74550432192853,-13.7335059892743,43.148707591597));
#3057=CARTESIAN_POINT('Ctrl Pts',(-5.76694584201701,-13.7363750299092,43.148707591597));
#3058=CARTESIAN_POINT('',(-4.00596693220216,-11.5956234327084,41.6636948849835));
#3059=CARTESIAN_POINT('Origin',(-6.,-11.75,43.4089911168729));
#3060=CARTESIAN_POINT('',(-5.70262128175155,-9.7722320919954,43.148707591597));
#3061=CARTESIAN_POINT('Origin',(-6.,-11.75,43.4089911168729));
#3062=CARTESIAN_POINT('Ctrl Pts',(-5.76698840774121,-9.76361997647152,43.148707591597));
#3063=CARTESIAN_POINT('Ctrl Pts',(-5.74553269907799,-9.76649068164614,43.148707591597));
#3064=CARTESIAN_POINT('Ctrl Pts',(-5.72407699041477,-9.76936138682077,43.148707591597));
#3065=CARTESIAN_POINT('Ctrl Pts',(-5.70262128175155,-9.77223209199539,43.148707591597));
#3066=CARTESIAN_POINT('Origin',(-6.28678821817552,-11.75,42.9994150947283));
#3067=CARTESIAN_POINT('Ctrl Pts',(6.2090792018182,-9.76094072618359,43.5973237853622));
#3068=CARTESIAN_POINT('Ctrl Pts',(6.5139790694612,-9.79772253119472,43.1562985550675));
#3069=CARTESIAN_POINT('Ctrl Pts',(6.55112798286434,-9.26233100368253,43.1845112246738));
#3070=CARTESIAN_POINT('Ctrl Pts',(5.65296301175447,-9.70248740171463,43.1102505037061));
#3071=CARTESIAN_POINT('Ctrl Pts',(5.97207675317121,-9.66029640492353,42.7773322691582));
#3072=CARTESIAN_POINT('Ctrl Pts',(5.8558579716715,-9.18856110758052,42.6976774064279));
#3073=CARTESIAN_POINT('Ctrl Pts',(4.49571548491107,-10.0804905220787,42.0959067877106));
#3074=CARTESIAN_POINT('Ctrl Pts',(4.66264540554931,-9.86410196605979,41.8612276790391));
#3075=CARTESIAN_POINT('Ctrl Pts',(4.40738450130751,-9.65978730759937,41.6834442886327));
#3076=CARTESIAN_POINT('Ctrl Pts',(3.75185987564777,-11.7502989254785,41.4433707558077));
#3077=CARTESIAN_POINT('Ctrl Pts',(3.69197641758166,-11.750349010883,41.1819536645874));
#3078=CARTESIAN_POINT('Ctrl Pts',(3.47495912341861,-11.7503743881409,41.0305523172899));
#3079=CARTESIAN_POINT('Ctrl Pts',(4.49615956526182,-13.4199095872583,42.0962962630588));
#3080=CARTESIAN_POINT('Ctrl Pts',(4.66321574615353,-13.6363089556347,41.8616267817648));
#3081=CARTESIAN_POINT('Ctrl Pts',(4.40794098109801,-13.8407131633132,41.6838339403903));
#3082=CARTESIAN_POINT('Ctrl Pts',(5.65350800403744,-13.7976049421099,43.1107280450917));
#3083=CARTESIAN_POINT('Ctrl Pts',(5.97269047047223,-13.8397138316221,42.7777615778325));
#3084=CARTESIAN_POINT('Ctrl Pts',(5.85653994552729,-14.3115536965162,42.6981549301684));
#3085=CARTESIAN_POINT('Ctrl Pts',(6.20960877157264,-13.7390035395077,43.5977876078994));
#3086=CARTESIAN_POINT('Ctrl Pts',(6.51453973933033,-13.702135197403,43.1566906459254));
#3087=CARTESIAN_POINT('Ctrl Pts',(6.55179031591993,-14.2375986319229,43.184974995763));
#3088=CARTESIAN_POINT('',(6.50000000000004,-9.25910844553778,43.148707591597));
#3089=CARTESIAN_POINT('Origin',(6.28678821817552,-11.75,42.9994150947283));
#3090=CARTESIAN_POINT('',(5.76694584201129,-9.76362497009146,43.148707591597));
#3091=CARTESIAN_POINT('Ctrl Pts',(5.76694584201132,-9.76362497009146,43.148707591597));
#3092=CARTESIAN_POINT('Ctrl Pts',(5.91641827361632,-9.73671442051757,43.148707591597));
#3093=CARTESIAN_POINT('Ctrl Pts',(6.0655426291388,-9.69367551284302,43.148707591597));
#3094=CARTESIAN_POINT('Ctrl Pts',(6.26927495169342,-9.59475344914398,43.148707591597));
#3095=CARTESIAN_POINT('Ctrl Pts',(6.34889689046194,-9.54408199950475,43.148707591597));
#3096=CARTESIAN_POINT('Ctrl Pts',(6.43714264755898,-9.44635016030749,43.148707591597));
#3097=CARTESIAN_POINT('Ctrl Pts',(6.46160256128043,-9.41008049149916,43.148707591597));
#3098=CARTESIAN_POINT('Ctrl Pts',(6.49241722168505,-9.33439644194499,43.148707591597));
#3099=CARTESIAN_POINT('Ctrl Pts',(6.50000000009214,-9.29733348954582,43.148707591597));
#3100=CARTESIAN_POINT('Ctrl Pts',(6.50000000000007,-9.25913860990081,43.148707591597));
#3101=CARTESIAN_POINT('',(5.70262128175155,-9.7722320919954,43.148707591597));
#3102=CARTESIAN_POINT('Ctrl Pts',(5.70262128175155,-9.7722320919954,43.148707591597));
#3103=CARTESIAN_POINT('Ctrl Pts',(5.72406280183813,-9.76936305136075,43.148707591597));
#3104=CARTESIAN_POINT('Ctrl Pts',(5.74550432192471,-9.7664940107261,43.148707591597));
#3105=CARTESIAN_POINT('Ctrl Pts',(5.76694584201129,-9.76362497009146,43.148707591597));
#3106=CARTESIAN_POINT('',(4.00596693219448,-11.9043765671924,41.6636948849768));
#3107=CARTESIAN_POINT('Origin',(6.,-11.75,43.4089911168729));
#3108=CARTESIAN_POINT('',(5.70262128175021,-13.7277679080044,43.1487075915958));
#3109=CARTESIAN_POINT('Origin',(6.,-11.75,43.4089911168729));
#3110=CARTESIAN_POINT('',(5.76698840772591,-13.7363800235267,43.148707591597));
#3111=CARTESIAN_POINT('Ctrl Pts',(5.76698840772591,-13.7363800235267,43.148707591597));
#3112=CARTESIAN_POINT('Ctrl Pts',(5.74553269906734,-13.7335093183526,43.148707591597));
#3113=CARTESIAN_POINT('Ctrl Pts',(5.72407699040877,-13.7306386131785,43.148707591597));
#3114=CARTESIAN_POINT('Ctrl Pts',(5.70262128175021,-13.7277679080044,43.148707591597));
#3115=CARTESIAN_POINT('Ctrl Pts',(6.50000000000011,-14.2408606193469,43.148707591597));
#3116=CARTESIAN_POINT('Ctrl Pts',(6.50000000009423,-14.2027351017535,43.148707591597));
#3117=CARTESIAN_POINT('Ctrl Pts',(6.49244469313901,-14.1657355523635,43.148707591597));
#3118=CARTESIAN_POINT('Ctrl Pts',(6.46173909255334,-14.0901794836307,43.148707591597));
#3119=CARTESIAN_POINT('Ctrl Pts',(6.4373669955378,-14.0539637152726,43.148707591597));
#3120=CARTESIAN_POINT('Ctrl Pts',(6.34941062615625,-13.9563496163799,43.148707591597));
#3121=CARTESIAN_POINT('Ctrl Pts',(6.27003858150835,-13.905712574687,43.148707591597));
#3122=CARTESIAN_POINT('Ctrl Pts',(6.0663258703091,-13.8065470076353,43.148707591597));
#3123=CARTESIAN_POINT('Ctrl Pts',(5.91682753377753,-13.7633589138903,43.148707591597));
#3124=CARTESIAN_POINT('Ctrl Pts',(5.76698840772591,-13.7363800235267,43.148707591597));
#3125=CARTESIAN_POINT('Ctrl Pts',(1.9756422206266,-14.0076177302807,40.8216653925841));
#3126=CARTESIAN_POINT('Ctrl Pts',(2.23669831714669,-13.7791674309588,40.1633276513962));
#3127=CARTESIAN_POINT('Ctrl Pts',(2.59175246284581,-14.3839696517028,40.4121232174096));
#3128=CARTESIAN_POINT('Ctrl Pts',(2.2961898761201,-13.7271063428027,41.0835235914371));
#3129=CARTESIAN_POINT('Ctrl Pts',(2.53266427642545,-13.4513254720545,40.3705471093093));
#3130=CARTESIAN_POINT('Ctrl Pts',(2.96573244116987,-14.0567023865957,40.6739868179283));
#3131=CARTESIAN_POINT('Ctrl Pts',(2.81577304385164,-13.0276478474343,41.5079756506732));
#3132=CARTESIAN_POINT('Ctrl Pts',(2.92131275339746,-12.7107782319656,40.6426457774963));
#3133=CARTESIAN_POINT('Ctrl Pts',(3.57193317874432,-13.2406513780919,41.0984531449487));
#3134=CARTESIAN_POINT('Ctrl Pts',(3.09211347807411,-11.7499999999999,41.7337205816861));
#3135=CARTESIAN_POINT('Ctrl Pts',(3.04190820078298,-11.7499999999999,40.7270633954413));
#3136=CARTESIAN_POINT('Ctrl Pts',(3.89434792560842,-11.7499999999998,41.3242103816128));
#3137=CARTESIAN_POINT('Ctrl Pts',(2.81577304385194,-10.472352152566,41.507975650674));
#3138=CARTESIAN_POINT('Ctrl Pts',(2.92131275339687,-10.7892217680348,40.642645777497));
#3139=CARTESIAN_POINT('Ctrl Pts',(3.57193317874469,-10.2593486219087,41.0984531449489));
#3140=CARTESIAN_POINT('Ctrl Pts',(2.29618987611942,-9.77289365719669,41.0835235914352));
#3141=CARTESIAN_POINT('Ctrl Pts',(2.53266427642663,-10.0486745279446,40.3705471093078));
#3142=CARTESIAN_POINT('Ctrl Pts',(2.96573244116904,-9.44329761340314,40.6739868179278));
#3143=CARTESIAN_POINT('Ctrl Pts',(1.9756422206266,-9.49238226971934,40.8216653925841));
#3144=CARTESIAN_POINT('Ctrl Pts',(2.23669831714669,-9.72083256904126,40.1633276513962));
#3145=CARTESIAN_POINT('Ctrl Pts',(2.59175246284581,-9.11603034829725,40.4121232174096));
#3146=CARTESIAN_POINT('',(2.01162864420696,-13.9756123197462,40.8510630184923));
#3147=CARTESIAN_POINT('Ctrl Pts',(2.011627754806,-13.9756057612058,40.8510614210436));
#3148=CARTESIAN_POINT('Ctrl Pts',(2.02244132559952,-13.9658352537263,40.8017994370267));
#3149=CARTESIAN_POINT('Ctrl Pts',(2.04073518652616,-13.9595414185719,40.7540409354788));
#3150=CARTESIAN_POINT('Ctrl Pts',(2.09467769084371,-13.9545893621688,40.6599716377102));
#3151=CARTESIAN_POINT('Ctrl Pts',(2.13127400959654,-13.9569597099654,40.6158272165599));
#3152=CARTESIAN_POINT('Ctrl Pts',(2.22217955656286,-13.9719886299681,40.5378018641789));
#3153=CARTESIAN_POINT('Ctrl Pts',(2.27653180771155,-13.9854994570062,40.5068316971497));
#3154=CARTESIAN_POINT('Ctrl Pts',(2.39431432998053,-14.0217937938361,40.4654175872649));
#3155=CARTESIAN_POINT('Ctrl Pts',(2.45685595053517,-14.044578616066,40.4563411529686));
#3156=CARTESIAN_POINT('Ctrl Pts',(2.56850892441945,-14.090338834928,40.4604453248979));
#3157=CARTESIAN_POINT('Ctrl Pts',(2.61763636207988,-14.1123640498668,40.4698053165447));
#3158=CARTESIAN_POINT('Ctrl Pts',(2.70681958245791,-14.155697512749,40.5008140682252));
#3159=CARTESIAN_POINT('Ctrl Pts',(2.74716671428639,-14.1768475677566,40.5213069433328));
#3160=CARTESIAN_POINT('Ctrl Pts',(2.78505006624902,-14.1983484288543,40.5474757572713));
#3161=CARTESIAN_POINT('Ctrl Pts',(2.7859200887544,-14.1988431869361,40.5480808402296));
#3162=CARTESIAN_POINT('Ctrl Pts',(2.78678821817546,-14.1993378440342,40.5486887109943));
#3163=CARTESIAN_POINT('',(2.01162804959804,-9.52438714281428,40.8510600781065));
#3164=CARTESIAN_POINT('Origin',(0.,-11.75,39.2077458876146));
#3165=CARTESIAN_POINT('',(2.78683446517041,-9.30055745874969,40.5487210934888));
#3166=CARTESIAN_POINT('Ctrl Pts',(2.01162775480603,-9.52439423879421,40.8510614210435));
#3167=CARTESIAN_POINT('Ctrl Pts',(2.02244132559955,-9.53416474627366,40.8017994370266));
#3168=CARTESIAN_POINT('Ctrl Pts',(2.04073518652617,-9.5404585814281,40.7540409354788));
#3169=CARTESIAN_POINT('Ctrl Pts',(2.0946776908437,-9.54541063783121,40.6599716377102));
#3170=CARTESIAN_POINT('Ctrl Pts',(2.13127400959653,-9.54304029003458,40.6158272165599));
#3171=CARTESIAN_POINT('Ctrl Pts',(2.22217955656285,-9.5280113700319,40.5378018641789));
#3172=CARTESIAN_POINT('Ctrl Pts',(2.27653180771155,-9.51450054299387,40.5068316971497));
#3173=CARTESIAN_POINT('Ctrl Pts',(2.39431432998058,-9.47820620616395,40.4654175872649));
#3174=CARTESIAN_POINT('Ctrl Pts',(2.45685595053526,-9.45542138393415,40.4563411529686));
#3175=CARTESIAN_POINT('Ctrl Pts',(2.5685089244202,-9.40966116507187,40.4604453248979));
#3176=CARTESIAN_POINT('Ctrl Pts',(2.61763636208131,-9.38763595013275,40.469805316545));
#3177=CARTESIAN_POINT('Ctrl Pts',(2.70681958239327,-9.34430248728261,40.5008140682029));
#3178=CARTESIAN_POINT('Ctrl Pts',(2.74716671399907,-9.32315243247123,40.5213069431343));
#3179=CARTESIAN_POINT('Ctrl Pts',(2.78505006626797,-9.30165157112889,40.5474757572844));
#3180=CARTESIAN_POINT('Ctrl Pts',(2.78592008873508,-9.30115681307542,40.5480808402161));
#3181=CARTESIAN_POINT('Ctrl Pts',(2.78678821817547,-9.30066215596628,40.5486887109944));
#3182=CARTESIAN_POINT('Origin',(0.286788218175523,-11.75,38.7981698654701));
#3183=CARTESIAN_POINT('Origin',(2.5,-11.75,40.9582647331388));
#3184=CARTESIAN_POINT('',(2.,-5.75,40.9582647331388));
#3185=CARTESIAN_POINT('',(2.78678821817552,-5.75,40.5486887109944));
#3186=CARTESIAN_POINT('Origin',(2.5,-5.75,40.9582647331388));
#3187=CARTESIAN_POINT('',(2.78678821817552,-5.75,40.5486887109944));
#3188=CARTESIAN_POINT('',(2.,-9.51393202250022,40.9582647331388));
#3189=CARTESIAN_POINT('Ctrl Pts',(2.,-9.51393202250021,40.9582647331388));
#3190=CARTESIAN_POINT('Ctrl Pts',(2.,-9.51393202250021,40.923952587388));
#3191=CARTESIAN_POINT('Ctrl Pts',(2.00359337403726,-9.51712982800087,40.889175018472));
#3192=CARTESIAN_POINT('Ctrl Pts',(2.0110063735926,-9.52382538648416,40.8539218384736));
#3193=CARTESIAN_POINT('Ctrl Pts',(2.01131414501846,-9.52410341905022,40.8524900737697));
#3194=CARTESIAN_POINT('Ctrl Pts',(2.01162804959804,-9.52438714281428,40.8510600781065));
#3195=CARTESIAN_POINT('',(2.,-9.51393202250022,40.9582647331388));
#3196=CARTESIAN_POINT('Origin',(2.5,-11.75,40.9582647331388));
#3197=CARTESIAN_POINT('',(2.,-13.9860679774998,40.9582647331388));
#3198=CARTESIAN_POINT('',(2.,-17.75,40.9582647331388));
#3199=CARTESIAN_POINT('',(2.,-17.75,40.9582647331388));
#3200=CARTESIAN_POINT('Ctrl Pts',(2.01162804959801,-13.9756128571857,40.8510600781067));
#3201=CARTESIAN_POINT('Ctrl Pts',(2.01131414501844,-13.9758965809498,40.8524900737698));
#3202=CARTESIAN_POINT('Ctrl Pts',(2.01100637359259,-13.9761746135158,40.8539218384737));
#3203=CARTESIAN_POINT('Ctrl Pts',(2.00359337403726,-13.9828701719991,40.889175018472));
#3204=CARTESIAN_POINT('Ctrl Pts',(2.,-13.9860679774998,40.923952587388));
#3205=CARTESIAN_POINT('Ctrl Pts',(2.,-13.9860679774998,40.9582647331388));
#3206=CARTESIAN_POINT('Origin',(2.5,-17.75,40.9582647331388));
#3207=CARTESIAN_POINT('Ctrl Pts',(1.99999999814726,-5.75018010832639,40.9583445988365));
#3208=CARTESIAN_POINT('Ctrl Pts',(1.99984652484564,-5.75011951227575,39.9975689219863));
#3209=CARTESIAN_POINT('Ctrl Pts',(2.78682217914716,-5.75022513367094,40.5487124928224));
#3210=CARTESIAN_POINT('Ctrl Pts',(2.00002586522899,-5.46722176168536,40.9583672385999));
#3211=CARTESIAN_POINT('Ctrl Pts',(1.99985169778189,-5.56235962617235,39.9975725427834));
#3212=CARTESIAN_POINT('Ctrl Pts',(2.78685451171171,-5.39652992927888,40.5487351323279));
#3213=CARTESIAN_POINT('Ctrl Pts',(1.87817388496295,-4.90153300241269,40.8517181591568));
#3214=CARTESIAN_POINT('Ctrl Pts',(1.97647917455973,-5.20076667860947,39.9812129372051));
#3215=CARTESIAN_POINT('Ctrl Pts',(2.63454583324882,-4.68942565336615,40.4420874474868));
#3216=CARTESIAN_POINT('Ctrl Pts',(1.36220854405077,-4.20343947507064,40.4001218748316));
#3217=CARTESIAN_POINT('Ctrl Pts',(1.67174225130725,-4.49182063108962,39.7678534862656));
#3218=CARTESIAN_POINT('Ctrl Pts',(1.98960397795754,-3.8168003346493,39.9904942985075));
#3219=CARTESIAN_POINT('Ctrl Pts',(0.604624615705595,-3.7797724460818,39.7370401163117));
#3220=CARTESIAN_POINT('Ctrl Pts',(0.979561458483308,-3.89360623576209,39.283202990097));
#3221=CARTESIAN_POINT('Ctrl Pts',(1.04262723306288,-3.28719550616073,39.327414042933));
#3222=CARTESIAN_POINT('Ctrl Pts',(0.0281730996515287,-3.73028928866165,
39.2324895264122));
#3223=CARTESIAN_POINT('Ctrl Pts',(0.33270477648626,-3.73091873044053,38.8302801575802));
#3224=CARTESIAN_POINT('Ctrl Pts',(0.322052199448259,-3.22532839118664,38.8228619723298));
#3225=CARTESIAN_POINT('Ctrl Pts',(-0.252451259944991,-3.7659968806426,38.9868662888931));
#3226=CARTESIAN_POINT('Ctrl Pts',(0.0107743661517304,-3.73256534910092,
38.6048667269938));
#3227=CARTESIAN_POINT('Ctrl Pts',(-0.0287351776539382,-3.26995891531864,
38.5772380064666));
#3228=CARTESIAN_POINT('',(-8.23526194781217E-16,-3.75,39.2077458876146));
#3229=CARTESIAN_POINT('',(-4.63529990961444E-8,-3.26650517901723,38.5973586256906));
#3230=CARTESIAN_POINT('Ctrl Pts',(-1.85412001307839E-7,-3.26650636580141,
38.5973587230607));
#3231=CARTESIAN_POINT('Ctrl Pts',(-1.62936280237565E-7,-3.28734677269441,
38.5973587073231));
#3232=CARTESIAN_POINT('Ctrl Pts',(-0.000122526789470834,-3.30809826075779,
38.5990260720833));
#3233=CARTESIAN_POINT('Ctrl Pts',(-0.000275768053541931,-3.32854860820572,
38.602270499304));
#3234=CARTESIAN_POINT('Ctrl Pts',(-0.000430291883838425,-3.34917011663365,
38.6055420810434));
#3235=CARTESIAN_POINT('Ctrl Pts',(-0.000616236901170938,-3.36948466286489,
38.6104166890762));
#3236=CARTESIAN_POINT('Ctrl Pts',(-0.000773937813845601,-3.38929742251564,
38.6167674017158));
#3237=CARTESIAN_POINT('Ctrl Pts',(-0.00093376183057511,-3.4093769184182,
38.6232036130601));
#3238=CARTESIAN_POINT('Ctrl Pts',(-0.00106477636399227,-3.42894044866286,
38.6311552533238));
#3239=CARTESIAN_POINT('Ctrl Pts',(-0.00113812859161591,-3.44781880571132,
38.6404645375327));
#3240=CARTESIAN_POINT('Ctrl Pts',(-0.00121383726667441,-3.46730363181304,
38.6500728834007));
#3241=CARTESIAN_POINT('Ctrl Pts',(-0.00122841570501294,-3.48605809567935,
38.6611267404615));
#3242=CARTESIAN_POINT('Ctrl Pts',(-0.00118162677437997,-3.50393998388627,
38.6734366639812));
#3243=CARTESIAN_POINT('Ctrl Pts',(-0.00113383882417315,-3.52220367941587,
38.6860094243383));
#3244=CARTESIAN_POINT('Ctrl Pts',(-0.00102252983477415,-3.53955705590174,
38.6998916543467));
#3245=CARTESIAN_POINT('Ctrl Pts',(-0.000873529287578632,-3.55589775605828,
38.7148774323846));
#3246=CARTESIAN_POINT('Ctrl Pts',(-0.000718262318186791,-3.57292568675251,
38.7304934578537));
#3247=CARTESIAN_POINT('Ctrl Pts',(-0.000522602937784642,-3.58885402928695,
38.7473070267952));
#3248=CARTESIAN_POINT('Ctrl Pts',(-0.000335807277750306,-3.60362027904077,
38.7650932659018));
#3249=CARTESIAN_POINT('Ctrl Pts',(-0.000218349083008135,-3.61290538255376,
38.7762773562405));
#3250=CARTESIAN_POINT('Ctrl Pts',(-0.000104759352260694,-3.62173207430166,
38.7878462631922));
#3251=CARTESIAN_POINT('Ctrl Pts',(-9.63634209012518E-6,-3.63009440936075,
38.7997474658465));
#3252=CARTESIAN_POINT('Ctrl Pts',(0.000157238668507651,-3.6447645165105,
38.8206258349761));
#3253=CARTESIAN_POINT('Ctrl Pts',(0.000279384313287945,-3.657974989061,
38.8424677258655));
#3254=CARTESIAN_POINT('Ctrl Pts',(0.000355200199940514,-3.66979181302409,
38.865028502315));
#3255=CARTESIAN_POINT('Ctrl Pts',(0.000436965951416944,-3.68253599546484,
38.8893597991148));
#3256=CARTESIAN_POINT('Ctrl Pts',(0.000464891215102295,-3.69366093059013,
38.9145278663041));
#3257=CARTESIAN_POINT('Ctrl Pts',(0.000453781774101729,-3.70325146240278,
38.9402843241923));
#3258=CARTESIAN_POINT('Ctrl Pts',(0.000441105828181393,-3.71419432285799,
38.9696726136008));
#3259=CARTESIAN_POINT('Ctrl Pts',(0.000378284084065136,-3.72314155949932,
38.9998283414581));
#3260=CARTESIAN_POINT('Ctrl Pts',(0.000303377140648484,-3.73018871370844,
39.0304404329483));
#3261=CARTESIAN_POINT('Ctrl Pts',(0.000220715139659503,-3.73796545430996,
39.0642217704534));
#3262=CARTESIAN_POINT('Ctrl Pts',(0.00012515894190954,-3.74342876308797,
39.0985624366441));
#3263=CARTESIAN_POINT('Ctrl Pts',(6.50819505011637E-5,-3.74664808182206,
39.1330682835339));
#3264=CARTESIAN_POINT('Ctrl Pts',(2.18018103822809E-5,-3.74896731523625,
39.1579266836185));
#3265=CARTESIAN_POINT('Ctrl Pts',(-3.20434307752594E-6,-3.75012015936209,
39.182871313739));
#3266=CARTESIAN_POINT('Ctrl Pts',(4.08839928578431E-8,-3.75012039950242,
39.2077458518306));
#3267=CARTESIAN_POINT('Origin',(0.286788218175523,-5.75,38.7981698654701));
#3268=CARTESIAN_POINT('Origin',(0.,-5.75,39.2077458876146));
#3269=CARTESIAN_POINT('Ctrl Pts',(-0.252451259944953,-19.7340031193574,
38.986866288893));
#3270=CARTESIAN_POINT('Ctrl Pts',(0.0107743661516461,-19.7674346508992,
38.6048667269939));
#3271=CARTESIAN_POINT('Ctrl Pts',(-0.0287351776539167,-20.2300410846812,
38.5772380064666));
#3272=CARTESIAN_POINT('Ctrl Pts',(0.028173099651733,-19.7697107113383,39.232489526414));
#3273=CARTESIAN_POINT('Ctrl Pts',(0.332704776488613,-19.7690812695615,38.8302801575849));
#3274=CARTESIAN_POINT('Ctrl Pts',(0.322052199449165,-20.2746716088141,38.8228619723304));
#3275=CARTESIAN_POINT('Ctrl Pts',(0.604624615705553,-19.7202275539183,39.7370401163108));
#3276=CARTESIAN_POINT('Ctrl Pts',(0.979561458481132,-19.6063937642374,39.2832029900943));
#3277=CARTESIAN_POINT('Ctrl Pts',(1.04262723306244,-20.2128044938387,39.3274140429327));
#3278=CARTESIAN_POINT('Ctrl Pts',(1.36220854405083,-19.2965605249292,40.4001218748318));
#3279=CARTESIAN_POINT('Ctrl Pts',(1.67174225130808,-19.0081793689099,39.767853486267));
#3280=CARTESIAN_POINT('Ctrl Pts',(1.98960397795759,-19.6831996653505,39.9904942985074));
#3281=CARTESIAN_POINT('Ctrl Pts',(1.87817388496291,-18.5984669975878,40.8517181591567));
#3282=CARTESIAN_POINT('Ctrl Pts',(1.97647917455945,-18.2992333213941,39.9812129372052));
#3283=CARTESIAN_POINT('Ctrl Pts',(2.63454583324859,-18.8105743466341,40.4420874474866));
#3284=CARTESIAN_POINT('Ctrl Pts',(2.00002586522896,-18.0327782383137,40.9583672385998));
#3285=CARTESIAN_POINT('Ctrl Pts',(1.99985169778198,-17.9376403738207,39.997572542784));
#3286=CARTESIAN_POINT('Ctrl Pts',(2.78685451171151,-18.1034700707206,40.5487351323277));
#3287=CARTESIAN_POINT('Ctrl Pts',(1.99999999814726,-17.7498198916738,40.9583445988364));
#3288=CARTESIAN_POINT('Ctrl Pts',(1.99984652484578,-17.7498804877244,39.9975689219868));
#3289=CARTESIAN_POINT('Ctrl Pts',(2.78682217914699,-17.7497748663293,40.5487124928223));
#3290=CARTESIAN_POINT('',(-2.45151716665688E-15,-19.75,39.2077458876146));
#3291=CARTESIAN_POINT('Ctrl Pts',(-1.8541200694222E-7,-20.2334936341986,
38.5973587230607));
#3292=CARTESIAN_POINT('Ctrl Pts',(-1.62936281299202E-7,-20.2126532273056,
38.597358707323));
#3293=CARTESIAN_POINT('Ctrl Pts',(-0.000122526789470422,-20.1919017392422,
38.5990260720832));
#3294=CARTESIAN_POINT('Ctrl Pts',(-0.000275768053540707,-20.1714513917942,
38.6022704993039));
#3295=CARTESIAN_POINT('Ctrl Pts',(-0.000430291883836239,-20.1508298833663,
38.6055420810433));
#3296=CARTESIAN_POINT('Ctrl Pts',(-0.000616236901171822,-20.1305153371351,
38.6104166890761));
#3297=CARTESIAN_POINT('Ctrl Pts',(-0.000773937813848722,-20.1107025774844,
38.6167674017157));
#3298=CARTESIAN_POINT('Ctrl Pts',(-0.000933761830581579,-20.0906230815817,
38.6232036130601));
#3299=CARTESIAN_POINT('Ctrl Pts',(-0.00106477636399997,-20.0710595513369,
38.6311552533238));
#3300=CARTESIAN_POINT('Ctrl Pts',(-0.00113812859162879,-20.0521811942884,
38.6404645375328));
#3301=CARTESIAN_POINT('Ctrl Pts',(-0.00121383726669239,-20.0326963681866,
38.6500728834008));
#3302=CARTESIAN_POINT('Ctrl Pts',(-0.00122841570503465,-20.0139419043203,
38.6611267404618));
#3303=CARTESIAN_POINT('Ctrl Pts',(-0.001181626774406,-19.9960600161133,
38.6734366639815));
#3304=CARTESIAN_POINT('Ctrl Pts',(-0.00113383882420364,-19.9777963205837,
38.6860094243386));
#3305=CARTESIAN_POINT('Ctrl Pts',(-0.00102252983481151,-19.9604429440978,
38.6998916543471));
#3306=CARTESIAN_POINT('Ctrl Pts',(-0.000873529287618009,-19.9441022439412,
38.714877432385));
#3307=CARTESIAN_POINT('Ctrl Pts',(-0.000718262318227876,-19.927074313247,
38.7304934578542));
#3308=CARTESIAN_POINT('Ctrl Pts',(-0.000522602937823935,-19.9111459707125,
38.7473070267958));
#3309=CARTESIAN_POINT('Ctrl Pts',(-0.000335807277785688,-19.8963797209586,
38.7650932659025));
#3310=CARTESIAN_POINT('Ctrl Pts',(-0.000218349083044144,-19.8870946174459,
38.776277356241));
#3311=CARTESIAN_POINT('Ctrl Pts',(-0.000104759352296586,-19.8782679256982,
38.7878462631923));
#3312=CARTESIAN_POINT('Ctrl Pts',(-9.63634212193512E-6,-19.8699055906392,
38.7997474658464));
#3313=CARTESIAN_POINT('Ctrl Pts',(0.000157238668490148,-19.8552354834894,
38.8206258349762));
#3314=CARTESIAN_POINT('Ctrl Pts',(0.00027938431328916,-19.8420250109388,
38.8424677258657));
#3315=CARTESIAN_POINT('Ctrl Pts',(0.000355200199967476,-19.8302081869756,
38.8650285023154));
#3316=CARTESIAN_POINT('Ctrl Pts',(0.000436965951471497,-19.8174640045348,
38.8893597991154));
#3317=CARTESIAN_POINT('Ctrl Pts',(0.000464891215192221,-19.8063390694095,
38.9145278663048));
#3318=CARTESIAN_POINT('Ctrl Pts',(0.000453781774221551,-19.7967485375968,
38.9402843241932));
#3319=CARTESIAN_POINT('Ctrl Pts',(0.000441105828335061,-19.7858056771413,
38.9696726136025));
#3320=CARTESIAN_POINT('Ctrl Pts',(0.000378284084245258,-19.7768584404998,
38.9998283414606));
#3321=CARTESIAN_POINT('Ctrl Pts',(0.000303377140844514,-19.7698112862907,
39.0304404329516));
#3322=CARTESIAN_POINT('Ctrl Pts',(0.000220715139871914,-19.762034545689,
39.0642217704582));
#3323=CARTESIAN_POINT('Ctrl Pts',(0.000125158942122423,-19.756571236911,
39.0985624366503));
#3324=CARTESIAN_POINT('Ctrl Pts',(6.50819506841562E-5,-19.7533519181772,
39.1330682835415));
#3325=CARTESIAN_POINT('Ctrl Pts',(2.18018105498979E-5,-19.7510326847635,
39.1579266836236));
#3326=CARTESIAN_POINT('Ctrl Pts',(-3.20434294415506E-6,-19.7498798406379,
39.1828713137417));
#3327=CARTESIAN_POINT('Ctrl Pts',(4.08840629129159E-8,-19.7498796004976,
39.2077458518307));
#3328=CARTESIAN_POINT('Origin',(8.67361737988404E-16,-17.75,39.2077458876146));
#3329=CARTESIAN_POINT('Ctrl Pts',(-2.78682217914699,-5.75022513367093,40.5487124928223));
#3330=CARTESIAN_POINT('Ctrl Pts',(-1.99984652484565,-5.75011951227575,39.9975689219868));
#3331=CARTESIAN_POINT('Ctrl Pts',(-1.99999999814726,-5.75018010832638,40.9583445988364));
#3332=CARTESIAN_POINT('Ctrl Pts',(-2.78685451171154,-5.39652992927891,40.5487351323277));
#3333=CARTESIAN_POINT('Ctrl Pts',(-1.99985169778251,-5.5623596261723,39.9975725427839));
#3334=CARTESIAN_POINT('Ctrl Pts',(-2.00002586522899,-5.46722176168535,40.9583672385999));
#3335=CARTESIAN_POINT('Ctrl Pts',(-2.63454583324864,-4.68942565336635,40.4420874474866));
#3336=CARTESIAN_POINT('Ctrl Pts',(-1.9764791745591,-5.20076667860931,39.9812129372052));
#3337=CARTESIAN_POINT('Ctrl Pts',(-1.87817388496294,-4.90153300241269,40.8517181591568));
#3338=CARTESIAN_POINT('Ctrl Pts',(-1.98960397795756,-3.81680033464939,39.9904942985074));
#3339=CARTESIAN_POINT('Ctrl Pts',(-1.67174225130805,-4.4918206310893,39.7678534862668));
#3340=CARTESIAN_POINT('Ctrl Pts',(-1.36220854405081,-4.20343947507064,40.4001218748318));
#3341=CARTESIAN_POINT('Ctrl Pts',(-1.04262723306252,-3.28719550616161,39.3274140429328));
#3342=CARTESIAN_POINT('Ctrl Pts',(-0.979561458481223,-3.89360623576354,
39.2832029900949));
#3343=CARTESIAN_POINT('Ctrl Pts',(-0.604624615705438,-3.7797724460818,39.7370401163111));
#3344=CARTESIAN_POINT('Ctrl Pts',(-0.322052199449024,-3.2253283911853,38.8228619723303));
#3345=CARTESIAN_POINT('Ctrl Pts',(-0.332704776488519,-3.73091873043733,
38.8302801575838));
#3346=CARTESIAN_POINT('Ctrl Pts',(-0.0281730996519019,-3.73028928866164,
39.2324895264137));
#3347=CARTESIAN_POINT('Ctrl Pts',(0.0287351776539113,-3.2699589153188,38.5772380064666));
#3348=CARTESIAN_POINT('Ctrl Pts',(-0.0107743661516558,-3.73256534910092,
38.6048667269939));
#3349=CARTESIAN_POINT('Ctrl Pts',(0.252451259944979,-3.7659968806426,38.9868662888931));
#3350=CARTESIAN_POINT('',(-2.,-5.75,40.9582647331388));
#3351=CARTESIAN_POINT('',(-2.78678821817552,-5.75,40.5486887109944));
#3352=CARTESIAN_POINT('Origin',(-2.5,-5.75,40.9582647331388));
#3353=CARTESIAN_POINT('Origin',(-0.286788218175523,-5.75,38.7981698654701));
#3354=CARTESIAN_POINT('Origin',(0.,-5.75,39.2077458876146));
#3355=CARTESIAN_POINT('Ctrl Pts',(0.0287351776539178,-20.2300410846812,
38.5772380064665));
#3356=CARTESIAN_POINT('Ctrl Pts',(-0.0107743661516407,-19.7674346508991,
38.6048667269939));
#3357=CARTESIAN_POINT('Ctrl Pts',(0.252451259944956,-19.7340031193574,38.9868662888929));
#3358=CARTESIAN_POINT('Ctrl Pts',(-0.322052199449163,-20.2746716088141,
38.8228619723303));
#3359=CARTESIAN_POINT('Ctrl Pts',(-0.332704776488574,-19.7690812695615,
38.8302801575848));
#3360=CARTESIAN_POINT('Ctrl Pts',(-0.0281730996517294,-19.7697107113383,
39.232489526414));
#3361=CARTESIAN_POINT('Ctrl Pts',(-1.04262723306243,-20.2128044938387,39.3274140429326));
#3362=CARTESIAN_POINT('Ctrl Pts',(-0.979561458481123,-19.6063937642374,
39.2832029900943));
#3363=CARTESIAN_POINT('Ctrl Pts',(-0.604624615705549,-19.7202275539183,
39.7370401163107));
#3364=CARTESIAN_POINT('Ctrl Pts',(-1.98960397795757,-19.6831996653505,39.9904942985074));
#3365=CARTESIAN_POINT('Ctrl Pts',(-1.67174225130813,-19.0081793689099,39.7678534862672));
#3366=CARTESIAN_POINT('Ctrl Pts',(-1.36220854405083,-19.2965605249292,40.4001218748317));
#3367=CARTESIAN_POINT('Ctrl Pts',(-2.63454583324859,-18.810574346634,40.4420874474865));
#3368=CARTESIAN_POINT('Ctrl Pts',(-1.97647917455916,-18.2992333213941,39.9812129372046));
#3369=CARTESIAN_POINT('Ctrl Pts',(-1.87817388496291,-18.5984669975878,40.8517181591566));
#3370=CARTESIAN_POINT('Ctrl Pts',(-2.7868545117115,-18.1034700707206,40.5487351323276));
#3371=CARTESIAN_POINT('Ctrl Pts',(-1.99985169778263,-17.9376403738207,39.9975725427853));
#3372=CARTESIAN_POINT('Ctrl Pts',(-2.00002586522897,-18.0327782383137,40.9583672385997));
#3373=CARTESIAN_POINT('Ctrl Pts',(-2.78682217914698,-17.7497748663293,40.5487124928222));
#3374=CARTESIAN_POINT('Ctrl Pts',(-1.99984652484577,-17.7498804877244,39.9975689219868));
#3375=CARTESIAN_POINT('Ctrl Pts',(-1.99999999814726,-17.7498198916738,40.9583445988363));
#3376=CARTESIAN_POINT('',(-2.,-17.75,40.9582647331388));
#3377=CARTESIAN_POINT('Origin',(-2.5,-17.75,40.9582647331388));
#3378=CARTESIAN_POINT('Origin',(8.67361737988404E-16,-17.75,39.2077458876145));
#3379=CARTESIAN_POINT('Origin',(-2.5,-47.252,40.9582647331388));
#3380=CARTESIAN_POINT('',(-2.01162864420694,-9.52438768025378,40.8510630184923));
#3381=CARTESIAN_POINT('',(-2.78683446517041,-9.30055745874969,40.5487210934888));
#3382=CARTESIAN_POINT('Ctrl Pts',(-2.01162775480603,-9.52439423879422,40.8510614210435));
#3383=CARTESIAN_POINT('Ctrl Pts',(-2.02244132559955,-9.53416474627367,40.8017994370266));
#3384=CARTESIAN_POINT('Ctrl Pts',(-2.04073518652617,-9.54045858142809,40.7540409354788));
#3385=CARTESIAN_POINT('Ctrl Pts',(-2.09467769084371,-9.5454106378312,40.6599716377102));
#3386=CARTESIAN_POINT('Ctrl Pts',(-2.13127400959654,-9.54304029003458,40.6158272165599));
#3387=CARTESIAN_POINT('Ctrl Pts',(-2.2221795565629,-9.52801137003189,40.5378018641789));
#3388=CARTESIAN_POINT('Ctrl Pts',(-2.27653180771164,-9.51450054299384,40.5068316971497));
#3389=CARTESIAN_POINT('Ctrl Pts',(-2.39431432998059,-9.47820620616395,40.4654175872649));
#3390=CARTESIAN_POINT('Ctrl Pts',(-2.45685595053524,-9.45542138393416,40.4563411529686));
#3391=CARTESIAN_POINT('Ctrl Pts',(-2.5685089244201,-9.40966116507192,40.4604453248979));
#3392=CARTESIAN_POINT('Ctrl Pts',(-2.61763636208109,-9.38763595013287,40.4698053165449));
#3393=CARTESIAN_POINT('Ctrl Pts',(-2.70681958237252,-9.34430248729272,40.5008140681957));
#3394=CARTESIAN_POINT('Ctrl Pts',(-2.74716671391019,-9.32315243254122,40.5213069430731));
#3395=CARTESIAN_POINT('Ctrl Pts',(-2.78505006627298,-9.30165157112406,40.5474757572878));
#3396=CARTESIAN_POINT('Ctrl Pts',(-2.78592008872864,-9.3011568130791,40.5480808402115));
#3397=CARTESIAN_POINT('Ctrl Pts',(-2.78678821817547,-9.30066215596628,40.5486887109944));
#3398=CARTESIAN_POINT('',(-2.78678821817553,-47.252,40.5486887109944));
#3399=CARTESIAN_POINT('',(-2.,-9.51393202250022,40.9582647331388));
#3400=CARTESIAN_POINT('',(-2.,-11.75,40.9582647331388));
#3401=CARTESIAN_POINT('Ctrl Pts',(-2.01162804959803,-9.52438714281428,40.8510600781065));
#3402=CARTESIAN_POINT('Ctrl Pts',(-2.0038708352519,-9.51737575720198,40.8863981508681));
#3403=CARTESIAN_POINT('Ctrl Pts',(-1.99999999999999,-9.51393202250021,40.9227939656566));
#3404=CARTESIAN_POINT('Ctrl Pts',(-1.99999999999999,-9.51393202250021,40.9582647331388));
#3405=CARTESIAN_POINT('Origin',(-2.5,-47.252,40.9582647331388));
#3406=CARTESIAN_POINT('',(-2.,-13.9860679774998,40.9582647331388));
#3407=CARTESIAN_POINT('',(-2.01162804959801,-13.9756128571857,40.8510600781066));
#3408=CARTESIAN_POINT('Ctrl Pts',(-2.,-13.9860679774998,40.9582647331388));
#3409=CARTESIAN_POINT('Ctrl Pts',(-2.,-13.9860679774998,40.9227939656566));
#3410=CARTESIAN_POINT('Ctrl Pts',(-2.00387083525189,-13.982624242798,40.8863981508682));
#3411=CARTESIAN_POINT('Ctrl Pts',(-2.01162804959801,-13.9756128571857,40.8510600781066));
#3412=CARTESIAN_POINT('',(-2.,-11.75,40.9582647331388));
#3413=CARTESIAN_POINT('Ctrl Pts',(-2.011627754806,-13.9756057612058,40.8510614210436));
#3414=CARTESIAN_POINT('Ctrl Pts',(-2.02244132559952,-13.9658352537264,40.8017994370267));
#3415=CARTESIAN_POINT('Ctrl Pts',(-2.04073518652615,-13.9595414185719,40.7540409354788));
#3416=CARTESIAN_POINT('Ctrl Pts',(-2.09467769084371,-13.9545893621688,40.6599716377102));
#3417=CARTESIAN_POINT('Ctrl Pts',(-2.13127400959653,-13.9569597099655,40.6158272165599));
#3418=CARTESIAN_POINT('Ctrl Pts',(-2.22217955656289,-13.9719886299682,40.5378018641789));
#3419=CARTESIAN_POINT('Ctrl Pts',(-2.27653180771163,-13.9854994570062,40.5068316971497));
#3420=CARTESIAN_POINT('Ctrl Pts',(-2.39431432998056,-14.0217937938361,40.4654175872649));
#3421=CARTESIAN_POINT('Ctrl Pts',(-2.4568559505352,-14.044578616066,40.4563411529686));
#3422=CARTESIAN_POINT('Ctrl Pts',(-2.56850892441935,-14.0903388349279,40.4604453248979));
#3423=CARTESIAN_POINT('Ctrl Pts',(-2.61763636207962,-14.1123640498667,40.4698053165446));
#3424=CARTESIAN_POINT('Ctrl Pts',(-2.70681958246125,-14.1556975127506,40.5008140682263));
#3425=CARTESIAN_POINT('Ctrl Pts',(-2.74716671430222,-14.1768475677691,40.5213069433438));
#3426=CARTESIAN_POINT('Ctrl Pts',(-2.78503981682285,-14.1983426117475,40.5474686772398));
#3427=CARTESIAN_POINT('Ctrl Pts',(-2.78589963383773,-14.1988315549172,40.548066614818));
#3428=CARTESIAN_POINT('Ctrl Pts',(-2.78675760216482,-14.1993203995439,40.5486672751381));
#3429=CARTESIAN_POINT('Ctrl Pts',(-2.59175246284581,-14.3839696517028,40.4121232174096));
#3430=CARTESIAN_POINT('Ctrl Pts',(-2.23669831714669,-13.7791674309588,40.1633276513962));
#3431=CARTESIAN_POINT('Ctrl Pts',(-1.9756422206266,-14.0076177302807,40.8216653925841));
#3432=CARTESIAN_POINT('Ctrl Pts',(-2.96573244116987,-14.0567023865957,40.6739868179283));
#3433=CARTESIAN_POINT('Ctrl Pts',(-2.53266427642614,-13.4513254720545,40.3705471093093));
#3434=CARTESIAN_POINT('Ctrl Pts',(-2.2961898761201,-13.7271063428027,41.0835235914371));
#3435=CARTESIAN_POINT('Ctrl Pts',(-3.57193317874433,-13.2406513780919,41.0984531449487));
#3436=CARTESIAN_POINT('Ctrl Pts',(-2.92131275339711,-12.7107782319656,40.6426457774963));
#3437=CARTESIAN_POINT('Ctrl Pts',(-2.81577304385164,-13.0276478474343,41.5079756506732));
#3438=CARTESIAN_POINT('Ctrl Pts',(-3.89434792560842,-11.7499999999999,41.3242103816128));
#3439=CARTESIAN_POINT('Ctrl Pts',(-3.04190820078308,-11.7499999999999,40.7270633954413));
#3440=CARTESIAN_POINT('Ctrl Pts',(-3.09211347807411,-11.7499999999999,41.7337205816861));
#3441=CARTESIAN_POINT('Ctrl Pts',(-3.57193317874469,-10.2593486219087,41.0984531449489));
#3442=CARTESIAN_POINT('Ctrl Pts',(-2.92131275339684,-10.7892217680348,40.642645777497));
#3443=CARTESIAN_POINT('Ctrl Pts',(-2.81577304385194,-10.472352152566,41.507975650674));
#3444=CARTESIAN_POINT('Ctrl Pts',(-2.96573244116904,-9.44329761340314,40.6739868179278));
#3445=CARTESIAN_POINT('Ctrl Pts',(-2.53266427642663,-10.0486745279446,40.3705471093078));
#3446=CARTESIAN_POINT('Ctrl Pts',(-2.29618987611942,-9.77289365719669,41.0835235914352));
#3447=CARTESIAN_POINT('Ctrl Pts',(-2.59175246284581,-9.11603034829726,40.4121232174096));
#3448=CARTESIAN_POINT('Ctrl Pts',(-2.23669831714669,-9.72083256904126,40.1633276513962));
#3449=CARTESIAN_POINT('Ctrl Pts',(-1.9756422206266,-9.49238226971934,40.8216653925841));
#3450=CARTESIAN_POINT('Origin',(0.,-11.75,39.2077458876146));
#3451=CARTESIAN_POINT('Origin',(-0.286788218175523,-11.75,38.7981698654701));
#3452=CARTESIAN_POINT('Origin',(0.,-11.75,45.4));
#3453=CARTESIAN_POINT('',(6.,-9.75,45.4));
#3454=CARTESIAN_POINT('Origin',(6.,-11.75,45.4));
#3455=CARTESIAN_POINT('',(6.,-10.75,45.4));
#3456=CARTESIAN_POINT('Origin',(6.,-11.75,45.4));
#3457=CARTESIAN_POINT('Origin',(0.,-11.75,45.4));
#3458=CARTESIAN_POINT('',(-6.,-9.75,45.4));
#3459=CARTESIAN_POINT('Origin',(-6.,-11.75,45.4));
#3460=CARTESIAN_POINT('',(-6.,-10.75,45.4));
#3461=CARTESIAN_POINT('Origin',(-6.,-11.75,45.4));
#3462=CARTESIAN_POINT('Origin',(0.,-11.75,45.4));
#3463=CARTESIAN_POINT('',(2.,-13.9860679774998,45.4));
#3464=CARTESIAN_POINT('',(2.,-17.75,45.4));
#3465=CARTESIAN_POINT('',(2.,-11.75,45.4));
#3466=CARTESIAN_POINT('',(-2.,-17.75,45.4));
#3467=CARTESIAN_POINT('Origin',(8.67361737988404E-16,-17.75,45.4));
#3468=CARTESIAN_POINT('',(-2.,-13.9860679774998,45.4));
#3469=CARTESIAN_POINT('',(-2.,-11.75,45.4));
#3470=CARTESIAN_POINT('Origin',(0.,-11.75,45.4));
#3471=CARTESIAN_POINT('',(5.28056623576568E-16,-16.75,45.4));
#3472=CARTESIAN_POINT('Origin',(6.50521303491303E-16,-17.75,45.4));
#3473=CARTESIAN_POINT('Origin',(0.,-11.75,45.4));
#3474=CARTESIAN_POINT('',(-2.,-9.51393202250022,45.4));
#3475=CARTESIAN_POINT('',(-2.,-5.75,45.4));
#3476=CARTESIAN_POINT('',(-2.,-11.75,45.4));
#3477=CARTESIAN_POINT('',(2.,-5.75,45.4));
#3478=CARTESIAN_POINT('Origin',(0.,-5.75,45.4));
#3479=CARTESIAN_POINT('',(2.,-9.51393202250022,45.4));
#3480=CARTESIAN_POINT('',(2.,-11.75,45.4));
#3481=CARTESIAN_POINT('',(-3.67394039744206E-16,-8.75,45.4));
#3482=CARTESIAN_POINT('Origin',(0.,-11.75,45.4));
#3483=CARTESIAN_POINT('Origin',(0.,-11.75,45.4));
#3484=CARTESIAN_POINT('',(9.43757545823657E-17,-4.75,45.4));
#3485=CARTESIAN_POINT('Origin',(2.16840434497101E-16,-5.75,45.4));
#3486=CARTESIAN_POINT('Origin',(6.,-11.75,18.1487075915969));
#3487=CARTESIAN_POINT('',(6.,-9.75,43.148707591597));
#3488=CARTESIAN_POINT('Origin',(6.,-11.75,43.148707591597));
#3489=CARTESIAN_POINT('',(6.,-9.75,18.1487075915969));
#3490=CARTESIAN_POINT('Origin',(6.,-11.75,43.148707591597));
#3491=CARTESIAN_POINT('Origin',(-6.,-11.75,18.1487075915969));
#3492=CARTESIAN_POINT('',(-6.,-9.75,18.1487075915969));
#3493=CARTESIAN_POINT('Origin',(-2.,-11.75,18.1487075915969));
#3494=CARTESIAN_POINT('',(-2.,-17.75,18.1487075915969));
#3495=CARTESIAN_POINT('',(-2.,-13.9860679774998,23.4));
#3496=CARTESIAN_POINT('Origin',(2.,-11.75,18.1487075915969));
#3497=CARTESIAN_POINT('',(2.,-13.9860679774998,23.4));
#3498=CARTESIAN_POINT('',(2.,-17.75,18.1487075915969));
#3499=CARTESIAN_POINT('Origin',(8.67361737988404E-16,-17.75,18.1487075915969));
#3500=CARTESIAN_POINT('Origin',(0.,-5.75,18.1487075915969));
#3501=CARTESIAN_POINT('',(-2.,-5.75,18.1487075915969));
#3502=CARTESIAN_POINT('',(2.,-5.75,18.1487075915969));
#3503=CARTESIAN_POINT('Origin',(2.,-11.75,18.1487075915969));
#3504=CARTESIAN_POINT('',(2.,-9.51393202250022,23.4));
#3505=CARTESIAN_POINT('Origin',(-2.,-11.75,18.1487075915969));
#3506=CARTESIAN_POINT('',(-2.,-9.51393202250022,23.4));
#3507=CARTESIAN_POINT('Origin',(0.,-11.75,48.4));
#3508=CARTESIAN_POINT('',(0.,-20.75,48.4));
#3509=CARTESIAN_POINT('Origin',(0.,-11.75,48.4));
#3510=CARTESIAN_POINT('',(-3.67394039744206E-16,-8.75,48.4));
#3511=CARTESIAN_POINT('Origin',(0.,-11.75,48.4));
#3512=CARTESIAN_POINT('',(9.43757545823657E-17,-4.75,48.4));
#3513=CARTESIAN_POINT('Origin',(2.16840434497101E-16,-5.75,48.4));
#3514=CARTESIAN_POINT('',(-6.,-10.75,48.4));
#3515=CARTESIAN_POINT('Origin',(-6.,-11.75,48.4));
#3516=CARTESIAN_POINT('',(5.28056623576568E-16,-16.75,48.4));
#3517=CARTESIAN_POINT('Origin',(6.50521303491303E-16,-17.75,48.4));
#3518=CARTESIAN_POINT('',(6.,-10.75,48.4));
#3519=CARTESIAN_POINT('Origin',(6.,-11.75,48.4));
#3520=CARTESIAN_POINT('Origin',(0.,-11.75,48.4));
#3521=CARTESIAN_POINT('',(0.,-20.75,47.4));
#3522=CARTESIAN_POINT('Origin',(0.,-11.75,47.4));
#3523=CARTESIAN_POINT('',(-1.10218211923262E-15,-20.75,48.4));
#3524=CARTESIAN_POINT('Origin',(0.,-9.,47.4));
#3525=CARTESIAN_POINT('',(-1.23689326713883E-15,-1.65000000000004,47.4));
#3526=CARTESIAN_POINT('Origin',(0.,-11.75,47.4));
#3527=CARTESIAN_POINT('Origin',(0.,-11.75,-215.265774611538));
#3528=CARTESIAN_POINT('',(-1.83697019872103E-15,3.24999999999996,46.2));
#3529=CARTESIAN_POINT('Origin',(0.,-11.75,46.2));
#3530=CARTESIAN_POINT('',(-1.83697019872103E-15,3.24999999999996,46.5));
#3531=CARTESIAN_POINT('',(-1.83697019872103E-15,3.25,-215.265774611538));
#3532=CARTESIAN_POINT('Origin',(0.,-11.75,46.5));
#3533=CARTESIAN_POINT('Origin',(0.,-9.,46.2));
#3534=CARTESIAN_POINT('',(-1.23689326713883E-15,-1.65000000000004,46.2));
#3535=CARTESIAN_POINT('Origin',(0.,-11.75,46.2));
#3536=CARTESIAN_POINT('Origin',(0.,-11.75,43.146707591597));
#3537=CARTESIAN_POINT('',(6.5,-27.9980768092719,44.8992264371212));
#3538=CARTESIAN_POINT('',(6.5,-27.9980768092719,43.146707591597));
#3539=CARTESIAN_POINT('',(9.,3.2583310198036,46.5));
#3540=CARTESIAN_POINT('',(9.,3.2583310198036,43.146707591597));
#3541=CARTESIAN_POINT('',(-9.,3.2583310198036,46.5));
#3542=CARTESIAN_POINT('Origin',(0.,-11.75,46.5));
#3543=CARTESIAN_POINT('',(-9.,3.2583310198036,43.146707591597));
#3544=CARTESIAN_POINT('',(-6.5,-27.9980768092719,44.8992264371212));
#3545=CARTESIAN_POINT('',(-6.5,-27.9980768092719,43.146707591597));
#3546=CARTESIAN_POINT('Ctrl Pts',(6.50000000000006,-27.9980768092719,44.8992264371213));
#3547=CARTESIAN_POINT('Ctrl Pts',(5.55770519303531,-28.3750393456489,45.2414153170032));
#3548=CARTESIAN_POINT('Ctrl Pts',(4.56745406806948,-28.6750784339407,45.5157629004937));
#3549=CARTESIAN_POINT('Ctrl Pts',(2.38481015129863,-29.1278623054854,45.9304759040276));
#3550=CARTESIAN_POINT('Ctrl Pts',(1.18453078898053,-29.25,46.0429070009635));
#3551=CARTESIAN_POINT('Ctrl Pts',(-1.18453078898053,-29.25,46.0429070009635));
#3552=CARTESIAN_POINT('Ctrl Pts',(-2.38481015129864,-29.1278623054854,45.9304759040276));
#3553=CARTESIAN_POINT('Ctrl Pts',(-4.56745406806948,-28.6750784339407,45.5157629004937));
#3554=CARTESIAN_POINT('Ctrl Pts',(-5.55770519303531,-28.3750393456489,45.2414153170032));
#3555=CARTESIAN_POINT('Ctrl Pts',(-6.50000000000005,-27.9980768092719,44.8992264371214));
#3556=CARTESIAN_POINT('Origin',(6.5,-29.25,43.6492264371212));
#3557=CARTESIAN_POINT('',(6.5,-29.25,44.8992264371212));
#3558=CARTESIAN_POINT('Origin',(-6.5,-29.25,43.6492264371212));
#3559=CARTESIAN_POINT('',(-6.5,-29.25,44.8992264371212));
#3560=CARTESIAN_POINT('Origin',(-4.33680868994202E-16,-29.248,27.));
#3561=CARTESIAN_POINT('Origin',(0.,-11.75,-215.265774611538));
#3562=CARTESIAN_POINT('',(-1.23689326713883E-15,-1.65,-215.265774611538));
#3563=CARTESIAN_POINT('Origin',(0.,-11.75,23.4));
#3564=CARTESIAN_POINT('',(-3.67394039744206E-16,-8.75,23.4));
#3565=CARTESIAN_POINT('Origin',(2.16840434497101E-16,-5.75,23.4));
#3566=CARTESIAN_POINT('',(9.43757545823657E-17,-4.75,23.4));
#3567=CARTESIAN_POINT('Origin',(-6.,-11.75,23.4));
#3568=CARTESIAN_POINT('',(-6.,-10.75,23.4));
#3569=CARTESIAN_POINT('Origin',(6.50521303491303E-16,-17.75,23.4));
#3570=CARTESIAN_POINT('',(5.28056623576568E-16,-16.75,23.4));
#3571=CARTESIAN_POINT('Origin',(6.,-11.75,23.4));
#3572=CARTESIAN_POINT('',(6.,-10.75,23.4));
#3573=CARTESIAN_POINT('Origin',(-9.,28.75,37.25));
#3574=CARTESIAN_POINT('',(-9.,23.6413482787162,46.5));
#3575=CARTESIAN_POINT('',(-9.,12.25,46.5));
#3576=CARTESIAN_POINT('',(-9.,28.75,41.3913482787162));
#3577=CARTESIAN_POINT('',(-9.,26.1956741393581,43.9456741393581));
#3578=CARTESIAN_POINT('',(-9.,28.75,27.));
#3579=CARTESIAN_POINT('',(-9.,28.75,37.25));
#3580=CARTESIAN_POINT('',(-9.,25.75,27.));
#3581=CARTESIAN_POINT('',(-9.,28.75,27.));
#3582=CARTESIAN_POINT('',(-9.,25.75,40.148707591597));
#3583=CARTESIAN_POINT('',(-9.,25.75,37.25));
#3584=CARTESIAN_POINT('',(-9.,24.25,41.648707591597));
#3585=CARTESIAN_POINT('Origin',(0.,8.5,46.5));
#3586=CARTESIAN_POINT('',(9.,23.6413482787162,46.5));
#3587=CARTESIAN_POINT('',(9.,12.25,46.5));
#3588=CARTESIAN_POINT('',(16.,23.6413482787162,46.5));
#3589=CARTESIAN_POINT('Origin',(9.,28.75,37.25));
#3590=CARTESIAN_POINT('',(9.,22.75,43.148707591597));
#3591=CARTESIAN_POINT('',(9.,24.7541655099018,43.148707591597));
#3592=CARTESIAN_POINT('',(9.,25.75,40.148707591597));
#3593=CARTESIAN_POINT('',(9.,24.25,41.648707591597));
#3594=CARTESIAN_POINT('',(9.,25.75,27.));
#3595=CARTESIAN_POINT('',(9.,25.75,37.25));
#3596=CARTESIAN_POINT('',(9.,28.75,27.));
#3597=CARTESIAN_POINT('',(9.,28.75,27.));
#3598=CARTESIAN_POINT('',(9.,28.75,41.3913482787162));
#3599=CARTESIAN_POINT('',(9.,28.75,37.25));
#3600=CARTESIAN_POINT('',(9.,30.8206741393581,39.3206741393581));
#3601=CARTESIAN_POINT('Origin',(-2.07227920390528E-15,25.75,28.25));
#3602=CARTESIAN_POINT('',(-2.21555597977368,25.75,40.148707591597));
#3603=CARTESIAN_POINT('',(-9.002,25.75,40.148707591597));
#3604=CARTESIAN_POINT('Origin',(-2.07227920390528E-15,25.75,27.));
#3605=CARTESIAN_POINT('',(2.21555597977366,25.75,40.148707591597));
#3606=CARTESIAN_POINT('',(-9.002,25.75,40.148707591597));
#3607=CARTESIAN_POINT('',(-7.27644963183571E-15,25.75,38.5973585932338));
#3608=CARTESIAN_POINT('',(4.5719597814788,25.75,41.798679296617));
#3609=CARTESIAN_POINT('',(-4.57195978147881,25.75,41.798679296617));
#3610=CARTESIAN_POINT('',(-2.07227920390528E-15,25.75,24.));
#3611=CARTESIAN_POINT('Origin',(-2.07227920390528E-15,25.75,27.));
#3612=CARTESIAN_POINT('',(-2.07227920390528E-15,25.75,20.));
#3613=CARTESIAN_POINT('Origin',(-2.07227920390528E-15,25.75,21.));
#3614=CARTESIAN_POINT('',(-6.,25.75,26.));
#3615=CARTESIAN_POINT('Origin',(-6.,25.75,27.));
#3616=CARTESIAN_POINT('',(-2.72280050739659E-15,25.75,32.));
#3617=CARTESIAN_POINT('Origin',(-2.72280050739659E-15,25.75,33.));
#3618=CARTESIAN_POINT('',(6.,25.75,26.));
#3619=CARTESIAN_POINT('Origin',(6.,25.75,27.));
#3620=CARTESIAN_POINT('Origin',(6.5,-16.0153808802572,43.148707591597));
#3621=CARTESIAN_POINT('',(6.5,22.75,43.148707591597));
#3622=CARTESIAN_POINT('',(6.5,-29.752,43.148707591597));
#3623=CARTESIAN_POINT('',(-9.002,22.75,43.148707591597));
#3624=CARTESIAN_POINT('Origin',(4.5719597814788,-29.752,41.798679296617));
#3625=CARTESIAN_POINT('',(-7.27644963183571E-15,-29.752,38.5973585932338));
#3626=CARTESIAN_POINT('',(23.6106118149306,10.7690206238054,55.1296869677915));
#3627=CARTESIAN_POINT('Origin',(-4.57195978147881,-29.752,41.798679296617));
#3628=CARTESIAN_POINT('',(-23.6106118149306,10.7690206238054,55.1296869677915));
#3629=CARTESIAN_POINT('Origin',(-2.07227920390528E-15,28.75,27.));
#3630=CARTESIAN_POINT('Origin',(-2.07227920390528E-15,28.75,27.));
#3631=CARTESIAN_POINT('Origin',(-2.72280050739659E-15,28.75,33.));
#3632=CARTESIAN_POINT('',(-2.72280050739659E-15,28.75,32.));
#3633=CARTESIAN_POINT('Origin',(-2.72280050739659E-15,28.75,33.));
#3634=CARTESIAN_POINT('',(-2.60033582748185E-15,28.75,32.));
#3635=CARTESIAN_POINT('Origin',(-6.,28.75,27.));
#3636=CARTESIAN_POINT('',(-6.,28.75,26.));
#3637=CARTESIAN_POINT('Origin',(-6.,28.75,27.));
#3638=CARTESIAN_POINT('',(-6.,28.75,26.));
#3639=CARTESIAN_POINT('Origin',(-2.07227920390528E-15,28.75,21.));
#3640=CARTESIAN_POINT('',(-2.07227920390528E-15,28.75,20.));
#3641=CARTESIAN_POINT('Origin',(-2.07227920390528E-15,28.75,21.));
#3642=CARTESIAN_POINT('',(-1.94981452399054E-15,28.75,20.));
#3643=CARTESIAN_POINT('Origin',(-2.07227920390528E-15,28.75,27.));
#3644=CARTESIAN_POINT('',(-2.07227920390528E-15,28.75,24.));
#3645=CARTESIAN_POINT('Origin',(-2.07227920390528E-15,28.75,27.));
#3646=CARTESIAN_POINT('',(-1.70488516416107E-15,28.75,24.));
#3647=CARTESIAN_POINT('Origin',(6.,28.75,27.));
#3648=CARTESIAN_POINT('',(6.,28.75,26.));
#3649=CARTESIAN_POINT('Origin',(6.,28.75,27.));
#3650=CARTESIAN_POINT('',(6.,28.75,26.));
#3651=CARTESIAN_POINT('Origin',(-2.07227920390528E-15,28.75,28.25));
#3652=CARTESIAN_POINT('',(16.,28.75,41.3913482787162));
#3653=CARTESIAN_POINT('Origin',(-9.002,24.25,41.648707591597));
#3654=CARTESIAN_POINT('Origin',(-9.002,24.25,41.648707591597));
#3655=CARTESIAN_POINT('Origin',(16.,26.1956741393581,43.9456741393581));
#3656=UNCERTAINTY_MEASURE_WITH_UNIT(LENGTH_MEASURE(0.01),#3660,
'DISTANCE_ACCURACY_VALUE',
'Maximum model space distance between geometric entities at asserted c
onnectivities');
#3657=UNCERTAINTY_MEASURE_WITH_UNIT(LENGTH_MEASURE(0.01),#3660,
'DISTANCE_ACCURACY_VALUE',
'Maximum model space distance between geometric entities at asserted c
onnectivities');
#3658=(
GEOMETRIC_REPRESENTATION_CONTEXT(3)
GLOBAL_UNCERTAINTY_ASSIGNED_CONTEXT((#3656))
GLOBAL_UNIT_ASSIGNED_CONTEXT((#3660,#3662,#3663))
REPRESENTATION_CONTEXT('','3D')
);
#3659=(
GEOMETRIC_REPRESENTATION_CONTEXT(3)
GLOBAL_UNCERTAINTY_ASSIGNED_CONTEXT((#3657))
GLOBAL_UNIT_ASSIGNED_CONTEXT((#3660,#3662,#3663))
REPRESENTATION_CONTEXT('','3D')
);
#3660=(
LENGTH_UNIT()
NAMED_UNIT(*)
SI_UNIT(.MILLI.,.METRE.)
);
#3661=(
LENGTH_UNIT()
NAMED_UNIT(*)
SI_UNIT($,.METRE.)
);
#3662=(
NAMED_UNIT(*)
PLANE_ANGLE_UNIT()
SI_UNIT($,.RADIAN.)
);
#3663=(
NAMED_UNIT(*)
SI_UNIT($,.STERADIAN.)
SOLID_ANGLE_UNIT()
);
#3664=SHAPE_DEFINITION_REPRESENTATION(#3665,#3666);
#3665=PRODUCT_DEFINITION_SHAPE('',$,#3668);
#3666=SHAPE_REPRESENTATION('',(#1623),#3658);
#3667=PRODUCT_DEFINITION_CONTEXT('part definition',#3672,'design');
#3668=PRODUCT_DEFINITION('2026-09-20-22-15-19-718','hip',#3669,#3667);
#3669=PRODUCT_DEFINITION_FORMATION('',$,#3674);
#3670=PRODUCT_RELATED_PRODUCT_CATEGORY('hip','hip',(#3674));
#3671=APPLICATION_PROTOCOL_DEFINITION('international standard',
'automotive_design',2009,#3672);
#3672=APPLICATION_CONTEXT(
'Core Data for Automotive Mechanical Design Process');
#3673=PRODUCT_CONTEXT('part definition',#3672,'mechanical');
#3674=PRODUCT('2026-09-20-22-15-19-718','hip','hip',(#3673));
#3675=PRESENTATION_STYLE_ASSIGNMENT((#3677));
#3676=PRESENTATION_STYLE_ASSIGNMENT((#3678));
#3677=SURFACE_STYLE_USAGE(.BOTH.,#3679);
#3678=SURFACE_STYLE_USAGE(.BOTH.,#3680);
#3679=SURFACE_SIDE_STYLE('',(#3681));
#3680=SURFACE_SIDE_STYLE('',(#3682));
#3681=SURFACE_STYLE_FILL_AREA(#3683);
#3682=SURFACE_STYLE_FILL_AREA(#3684);
#3683=FILL_AREA_STYLE('\X2\92FC\X0\ - \X2\30B530C630F3\X0\',(#3685));
#3684=FILL_AREA_STYLE('Opaque(128,128,128)',(#3686));
#3685=FILL_AREA_STYLE_COLOUR('\X2\92FC\X0\ - \X2\30B530C630F3\X0\',#3687);
#3686=FILL_AREA_STYLE_COLOUR('Opaque(128,128,128)',#3688);
#3687=COLOUR_RGB('\X2\92FC\X0\ - \X2\30B530C630F3\X0\',0.627450980392157,
0.627450980392157,0.627450980392157);
#3688=COLOUR_RGB('Opaque(128,128,128)',0.501960784313725,0.501960784313725,
0.501960784313725);
ENDSEC;
END-ISO-10303-21;
