ISO-10303-21;
HEADER;
/* Generated by software containing ST-Developer
 * from STEP Tools, Inc. (www.steptools.com) 
 */

FILE_DESCRIPTION(
/* description */ ('pelvis'),
/* implementation_level */ '2;1');

FILE_NAME(
/* name */ 'pelvis.step',
/* time_stamp */ '2026-09-12T17:58:54+09:00',
/* author */ (''),
/* organization */ (''),
/* preprocessor_version */ 'ST-DEVELOPER v20.2',
/* originating_system */ 'Autodesk Translation Framework v15.15.0.0',
/* authorisation */ '');

FILE_SCHEMA (('AUTOMOTIVE_DESIGN { 1 0 10303 214 3 1 1 }'));
ENDSEC;

DATA;
#10=MECHANICAL_DESIGN_GEOMETRIC_PRESENTATION_REPRESENTATION('',(#13),#4023);
#11=SHAPE_REPRESENTATION_RELATIONSHIP('SRR','None',#4030,#12);
#12=ADVANCED_BREP_SHAPE_REPRESENTATION('',(#14),#4022);
#13=STYLED_ITEM('',(#4040),#14);
#14=MANIFOLD_SOLID_BREP('\X2\30DC30C730A3\X0\1',#2479);
#15=CYLINDRICAL_SURFACE('',#2509,0.800000000000001);
#16=CYLINDRICAL_SURFACE('',#2511,0.799999999999996);
#17=CYLINDRICAL_SURFACE('',#2531,5.);
#18=CYLINDRICAL_SURFACE('',#2535,5.);
#19=CYLINDRICAL_SURFACE('',#2564,17.5);
#20=CYLINDRICAL_SURFACE('',#2577,9.5);
#21=CYLINDRICAL_SURFACE('',#2581,10.);
#22=CYLINDRICAL_SURFACE('',#2582,15.);
#23=CYLINDRICAL_SURFACE('',#2583,15.05);
#24=CYLINDRICAL_SURFACE('',#2592,1.1);
#25=CYLINDRICAL_SURFACE('',#2603,0.8);
#26=CYLINDRICAL_SURFACE('',#2609,1.1);
#27=CYLINDRICAL_SURFACE('',#2618,17.5);
#28=CYLINDRICAL_SURFACE('',#2631,9.5);
#29=CYLINDRICAL_SURFACE('',#2635,10.);
#30=CYLINDRICAL_SURFACE('',#2636,15.);
#31=CYLINDRICAL_SURFACE('',#2637,15.05);
#32=CYLINDRICAL_SURFACE('',#2644,1.1);
#33=CYLINDRICAL_SURFACE('',#2655,0.8);
#34=CYLINDRICAL_SURFACE('',#2658,1.1);
#35=CYLINDRICAL_SURFACE('',#2662,1.5);
#36=CYLINDRICAL_SURFACE('',#2664,1.5);
#37=CYLINDRICAL_SURFACE('',#2666,1.5);
#38=CYLINDRICAL_SURFACE('',#2668,1.5);
#39=FACE_BOUND('',#252,.T.);
#40=FACE_BOUND('',#261,.T.);
#41=FACE_BOUND('',#267,.T.);
#42=FACE_BOUND('',#270,.T.);
#43=FACE_BOUND('',#274,.T.);
#44=FACE_BOUND('',#280,.T.);
#45=FACE_BOUND('',#294,.T.);
#46=FACE_BOUND('',#295,.T.);
#47=FACE_BOUND('',#296,.T.);
#48=FACE_BOUND('',#297,.T.);
#49=FACE_BOUND('',#298,.T.);
#50=FACE_BOUND('',#299,.T.);
#51=FACE_BOUND('',#300,.T.);
#52=FACE_BOUND('',#307,.T.);
#53=FACE_BOUND('',#310,.T.);
#54=FACE_BOUND('',#311,.T.);
#55=FACE_BOUND('',#313,.T.);
#56=FACE_BOUND('',#315,.T.);
#57=FACE_BOUND('',#319,.T.);
#58=FACE_BOUND('',#333,.T.);
#59=FACE_BOUND('',#335,.T.);
#60=FACE_BOUND('',#355,.T.);
#61=FACE_BOUND('',#358,.T.);
#62=FACE_BOUND('',#359,.T.);
#63=FACE_BOUND('',#361,.T.);
#64=FACE_BOUND('',#363,.T.);
#65=FACE_BOUND('',#367,.T.);
#66=FACE_BOUND('',#379,.T.);
#67=FACE_BOUND('',#383,.T.);
#68=CIRCLE('',#2498,0.799999999999996);
#69=CIRCLE('',#2507,0.800000000000001);
#70=CIRCLE('',#2510,0.800000000000001);
#71=CIRCLE('',#2512,0.799999999999996);
#72=CIRCLE('',#2517,1.5);
#73=CIRCLE('',#2518,1.5);
#74=CIRCLE('',#2519,1.5);
#75=CIRCLE('',#2520,1.5);
#76=CIRCLE('',#2529,5.);
#77=CIRCLE('',#2530,5.);
#78=CIRCLE('',#2532,5.);
#79=CIRCLE('',#2536,5.);
#80=CIRCLE('',#2546,1.1);
#81=CIRCLE('',#2547,17.5);
#82=CIRCLE('',#2548,1.5);
#83=CIRCLE('',#2549,1.5);
#84=CIRCLE('',#2550,1.5);
#85=CIRCLE('',#2551,1.5);
#86=CIRCLE('',#2552,1.1);
#87=CIRCLE('',#2553,1.1);
#88=CIRCLE('',#2554,17.5);
#89=CIRCLE('',#2555,1.1);
#90=CIRCLE('',#2562,17.5);
#91=CIRCLE('',#2563,15.05);
#92=CIRCLE('',#2566,9.5);
#93=CIRCLE('',#2567,9.5);
#94=CIRCLE('',#2568,1.1);
#95=CIRCLE('',#2569,1.1);
#96=CIRCLE('',#2571,15.05);
#97=CIRCLE('',#2572,15.);
#98=CIRCLE('',#2574,10.);
#99=CIRCLE('',#2575,9.5);
#100=CIRCLE('',#2579,15.);
#101=CIRCLE('',#2580,10.);
#102=CIRCLE('',#2594,0.8);
#103=CIRCLE('',#2596,0.8);
#104=CIRCLE('',#2616,17.5);
#105=CIRCLE('',#2617,15.05);
#106=CIRCLE('',#2620,9.5);
#107=CIRCLE('',#2621,9.5);
#108=CIRCLE('',#2622,1.1);
#109=CIRCLE('',#2623,1.1);
#110=CIRCLE('',#2625,15.05);
#111=CIRCLE('',#2626,15.);
#112=CIRCLE('',#2628,10.);
#113=CIRCLE('',#2629,9.5);
#114=CIRCLE('',#2633,15.);
#115=CIRCLE('',#2634,10.);
#116=CIRCLE('',#2646,0.8);
#117=CIRCLE('',#2650,0.8);
#118=FACE_OUTER_BOUND('',#247,.T.);
#119=FACE_OUTER_BOUND('',#248,.T.);
#120=FACE_OUTER_BOUND('',#249,.T.);
#121=FACE_OUTER_BOUND('',#250,.T.);
#122=FACE_OUTER_BOUND('',#251,.T.);
#123=FACE_OUTER_BOUND('',#253,.T.);
#124=FACE_OUTER_BOUND('',#254,.T.);
#125=FACE_OUTER_BOUND('',#255,.T.);
#126=FACE_OUTER_BOUND('',#256,.T.);
#127=FACE_OUTER_BOUND('',#257,.T.);
#128=FACE_OUTER_BOUND('',#258,.T.);
#129=FACE_OUTER_BOUND('',#259,.T.);
#130=FACE_OUTER_BOUND('',#260,.T.);
#131=FACE_OUTER_BOUND('',#262,.T.);
#132=FACE_OUTER_BOUND('',#263,.T.);
#133=FACE_OUTER_BOUND('',#264,.T.);
#134=FACE_OUTER_BOUND('',#265,.T.);
#135=FACE_OUTER_BOUND('',#266,.T.);
#136=FACE_OUTER_BOUND('',#268,.T.);
#137=FACE_OUTER_BOUND('',#269,.T.);
#138=FACE_OUTER_BOUND('',#271,.T.);
#139=FACE_OUTER_BOUND('',#272,.T.);
#140=FACE_OUTER_BOUND('',#273,.T.);
#141=FACE_OUTER_BOUND('',#275,.T.);
#142=FACE_OUTER_BOUND('',#276,.T.);
#143=FACE_OUTER_BOUND('',#277,.T.);
#144=FACE_OUTER_BOUND('',#278,.T.);
#145=FACE_OUTER_BOUND('',#279,.T.);
#146=FACE_OUTER_BOUND('',#281,.T.);
#147=FACE_OUTER_BOUND('',#282,.T.);
#148=FACE_OUTER_BOUND('',#283,.T.);
#149=FACE_OUTER_BOUND('',#284,.T.);
#150=FACE_OUTER_BOUND('',#285,.T.);
#151=FACE_OUTER_BOUND('',#286,.T.);
#152=FACE_OUTER_BOUND('',#287,.T.);
#153=FACE_OUTER_BOUND('',#288,.T.);
#154=FACE_OUTER_BOUND('',#289,.T.);
#155=FACE_OUTER_BOUND('',#290,.T.);
#156=FACE_OUTER_BOUND('',#291,.T.);
#157=FACE_OUTER_BOUND('',#292,.T.);
#158=FACE_OUTER_BOUND('',#293,.T.);
#159=FACE_OUTER_BOUND('',#301,.T.);
#160=FACE_OUTER_BOUND('',#302,.T.);
#161=FACE_OUTER_BOUND('',#303,.T.);
#162=FACE_OUTER_BOUND('',#304,.T.);
#163=FACE_OUTER_BOUND('',#305,.T.);
#164=FACE_OUTER_BOUND('',#306,.T.);
#165=FACE_OUTER_BOUND('',#308,.T.);
#166=FACE_OUTER_BOUND('',#309,.T.);
#167=FACE_OUTER_BOUND('',#312,.T.);
#168=FACE_OUTER_BOUND('',#314,.T.);
#169=FACE_OUTER_BOUND('',#316,.T.);
#170=FACE_OUTER_BOUND('',#317,.T.);
#171=FACE_OUTER_BOUND('',#318,.T.);
#172=FACE_OUTER_BOUND('',#320,.T.);
#173=FACE_OUTER_BOUND('',#321,.T.);
#174=FACE_OUTER_BOUND('',#322,.T.);
#175=FACE_OUTER_BOUND('',#323,.T.);
#176=FACE_OUTER_BOUND('',#324,.T.);
#177=FACE_OUTER_BOUND('',#325,.T.);
#178=FACE_OUTER_BOUND('',#326,.T.);
#179=FACE_OUTER_BOUND('',#327,.T.);
#180=FACE_OUTER_BOUND('',#328,.T.);
#181=FACE_OUTER_BOUND('',#329,.T.);
#182=FACE_OUTER_BOUND('',#330,.T.);
#183=FACE_OUTER_BOUND('',#331,.T.);
#184=FACE_OUTER_BOUND('',#332,.T.);
#185=FACE_OUTER_BOUND('',#334,.T.);
#186=FACE_OUTER_BOUND('',#336,.T.);
#187=FACE_OUTER_BOUND('',#337,.T.);
#188=FACE_OUTER_BOUND('',#338,.T.);
#189=FACE_OUTER_BOUND('',#339,.T.);
#190=FACE_OUTER_BOUND('',#340,.T.);
#191=FACE_OUTER_BOUND('',#341,.T.);
#192=FACE_OUTER_BOUND('',#342,.T.);
#193=FACE_OUTER_BOUND('',#343,.T.);
#194=FACE_OUTER_BOUND('',#344,.T.);
#195=FACE_OUTER_BOUND('',#345,.T.);
#196=FACE_OUTER_BOUND('',#346,.T.);
#197=FACE_OUTER_BOUND('',#347,.T.);
#198=FACE_OUTER_BOUND('',#348,.T.);
#199=FACE_OUTER_BOUND('',#349,.T.);
#200=FACE_OUTER_BOUND('',#350,.T.);
#201=FACE_OUTER_BOUND('',#351,.T.);
#202=FACE_OUTER_BOUND('',#352,.T.);
#203=FACE_OUTER_BOUND('',#353,.T.);
#204=FACE_OUTER_BOUND('',#354,.T.);
#205=FACE_OUTER_BOUND('',#356,.T.);
#206=FACE_OUTER_BOUND('',#357,.T.);
#207=FACE_OUTER_BOUND('',#360,.T.);
#208=FACE_OUTER_BOUND('',#362,.T.);
#209=FACE_OUTER_BOUND('',#364,.T.);
#210=FACE_OUTER_BOUND('',#365,.T.);
#211=FACE_OUTER_BOUND('',#366,.T.);
#212=FACE_OUTER_BOUND('',#368,.T.);
#213=FACE_OUTER_BOUND('',#369,.T.);
#214=FACE_OUTER_BOUND('',#370,.T.);
#215=FACE_OUTER_BOUND('',#371,.T.);
#216=FACE_OUTER_BOUND('',#372,.T.);
#217=FACE_OUTER_BOUND('',#373,.T.);
#218=FACE_OUTER_BOUND('',#374,.T.);
#219=FACE_OUTER_BOUND('',#375,.T.);
#220=FACE_OUTER_BOUND('',#376,.T.);
#221=FACE_OUTER_BOUND('',#377,.T.);
#222=FACE_OUTER_BOUND('',#378,.T.);
#223=FACE_OUTER_BOUND('',#380,.T.);
#224=FACE_OUTER_BOUND('',#381,.T.);
#225=FACE_OUTER_BOUND('',#382,.T.);
#226=FACE_OUTER_BOUND('',#384,.T.);
#227=FACE_OUTER_BOUND('',#385,.T.);
#228=FACE_OUTER_BOUND('',#386,.T.);
#229=FACE_OUTER_BOUND('',#387,.T.);
#230=FACE_OUTER_BOUND('',#388,.T.);
#231=FACE_OUTER_BOUND('',#389,.T.);
#232=FACE_OUTER_BOUND('',#390,.T.);
#233=FACE_OUTER_BOUND('',#391,.T.);
#234=FACE_OUTER_BOUND('',#392,.T.);
#235=FACE_OUTER_BOUND('',#393,.T.);
#236=FACE_OUTER_BOUND('',#394,.T.);
#237=FACE_OUTER_BOUND('',#395,.T.);
#238=FACE_OUTER_BOUND('',#396,.T.);
#239=FACE_OUTER_BOUND('',#397,.T.);
#240=FACE_OUTER_BOUND('',#398,.T.);
#241=FACE_OUTER_BOUND('',#399,.T.);
#242=FACE_OUTER_BOUND('',#400,.T.);
#243=FACE_OUTER_BOUND('',#401,.T.);
#244=FACE_OUTER_BOUND('',#402,.T.);
#245=FACE_OUTER_BOUND('',#403,.T.);
#246=FACE_OUTER_BOUND('',#404,.T.);
#247=EDGE_LOOP('',(#1557,#1558,#1559,#1560));
#248=EDGE_LOOP('',(#1561,#1562,#1563,#1564));
#249=EDGE_LOOP('',(#1565,#1566,#1567,#1568));
#250=EDGE_LOOP('',(#1569,#1570,#1571,#1572));
#251=EDGE_LOOP('',(#1573,#1574,#1575,#1576));
#252=EDGE_LOOP('',(#1577));
#253=EDGE_LOOP('',(#1578,#1579,#1580,#1581,#1582,#1583));
#254=EDGE_LOOP('',(#1584,#1585,#1586,#1587));
#255=EDGE_LOOP('',(#1588,#1589,#1590,#1591));
#256=EDGE_LOOP('',(#1592,#1593,#1594,#1595));
#257=EDGE_LOOP('',(#1596,#1597,#1598,#1599));
#258=EDGE_LOOP('',(#1600,#1601,#1602,#1603));
#259=EDGE_LOOP('',(#1604,#1605,#1606,#1607));
#260=EDGE_LOOP('',(#1608,#1609,#1610,#1611,#1612,#1613));
#261=EDGE_LOOP('',(#1614));
#262=EDGE_LOOP('',(#1615,#1616,#1617,#1618));
#263=EDGE_LOOP('',(#1619,#1620,#1621,#1622));
#264=EDGE_LOOP('',(#1623,#1624,#1625,#1626));
#265=EDGE_LOOP('',(#1627,#1628,#1629,#1630));
#266=EDGE_LOOP('',(#1631,#1632,#1633,#1634));
#267=EDGE_LOOP('',(#1635));
#268=EDGE_LOOP('',(#1636,#1637,#1638,#1639,#1640,#1641));
#269=EDGE_LOOP('',(#1642,#1643,#1644,#1645,#1646,#1647,#1648,#1649,#1650,
#1651,#1652,#1653,#1654,#1655,#1656,#1657,#1658,#1659));
#270=EDGE_LOOP('',(#1660,#1661,#1662,#1663,#1664,#1665,#1666,#1667));
#271=EDGE_LOOP('',(#1668,#1669,#1670));
#272=EDGE_LOOP('',(#1671,#1672,#1673,#1674,#1675,#1676,#1677));
#273=EDGE_LOOP('',(#1678,#1679,#1680,#1681,#1682,#1683));
#274=EDGE_LOOP('',(#1684));
#275=EDGE_LOOP('',(#1685,#1686,#1687,#1688));
#276=EDGE_LOOP('',(#1689,#1690,#1691,#1692,#1693,#1694,#1695));
#277=EDGE_LOOP('',(#1696,#1697,#1698));
#278=EDGE_LOOP('',(#1699,#1700,#1701,#1702,#1703,#1704,#1705,#1706,#1707,
#1708));
#279=EDGE_LOOP('',(#1709,#1710,#1711,#1712,#1713,#1714,#1715,#1716));
#280=EDGE_LOOP('',(#1717,#1718,#1719,#1720,#1721,#1722,#1723,#1724,#1725,
#1726,#1727,#1728,#1729,#1730,#1731,#1732,#1733,#1734,#1735,#1736,#1737,
#1738,#1739,#1740,#1741,#1742));
#281=EDGE_LOOP('',(#1743,#1744,#1745,#1746));
#282=EDGE_LOOP('',(#1747,#1748,#1749,#1750));
#283=EDGE_LOOP('',(#1751,#1752,#1753,#1754,#1755,#1756));
#284=EDGE_LOOP('',(#1757,#1758,#1759,#1760));
#285=EDGE_LOOP('',(#1761,#1762,#1763,#1764,#1765,#1766));
#286=EDGE_LOOP('',(#1767,#1768,#1769,#1770));
#287=EDGE_LOOP('',(#1771,#1772,#1773,#1774,#1775,#1776,#1777,#1778));
#288=EDGE_LOOP('',(#1779,#1780,#1781,#1782,#1783,#1784));
#289=EDGE_LOOP('',(#1785,#1786,#1787,#1788,#1789));
#290=EDGE_LOOP('',(#1790,#1791,#1792,#1793,#1794));
#291=EDGE_LOOP('',(#1795,#1796,#1797,#1798,#1799,#1800,#1801,#1802));
#292=EDGE_LOOP('',(#1803,#1804,#1805,#1806,#1807,#1808,#1809,#1810));
#293=EDGE_LOOP('',(#1811,#1812,#1813,#1814,#1815,#1816,#1817,#1818));
#294=EDGE_LOOP('',(#1819));
#295=EDGE_LOOP('',(#1820));
#296=EDGE_LOOP('',(#1821,#1822,#1823,#1824,#1825,#1826,#1827,#1828));
#297=EDGE_LOOP('',(#1829));
#298=EDGE_LOOP('',(#1830));
#299=EDGE_LOOP('',(#1831));
#300=EDGE_LOOP('',(#1832));
#301=EDGE_LOOP('',(#1833,#1834,#1835,#1836,#1837,#1838,#1839));
#302=EDGE_LOOP('',(#1840,#1841,#1842,#1843,#1844,#1845,#1846));
#303=EDGE_LOOP('',(#1847,#1848,#1849,#1850,#1851,#1852,#1853,#1854));
#304=EDGE_LOOP('',(#1855,#1856,#1857,#1858));
#305=EDGE_LOOP('',(#1859,#1860,#1861,#1862));
#306=EDGE_LOOP('',(#1863));
#307=EDGE_LOOP('',(#1864));
#308=EDGE_LOOP('',(#1865,#1866,#1867,#1868));
#309=EDGE_LOOP('',(#1869,#1870,#1871,#1872,#1873,#1874,#1875));
#310=EDGE_LOOP('',(#1876));
#311=EDGE_LOOP('',(#1877));
#312=EDGE_LOOP('',(#1878));
#313=EDGE_LOOP('',(#1879));
#314=EDGE_LOOP('',(#1880));
#315=EDGE_LOOP('',(#1881));
#316=EDGE_LOOP('',(#1882,#1883,#1884,#1885));
#317=EDGE_LOOP('',(#1886,#1887,#1888,#1889,#1890));
#318=EDGE_LOOP('',(#1891));
#319=EDGE_LOOP('',(#1892));
#320=EDGE_LOOP('',(#1893,#1894,#1895,#1896));
#321=EDGE_LOOP('',(#1897,#1898,#1899,#1900));
#322=EDGE_LOOP('',(#1901,#1902,#1903,#1904));
#323=EDGE_LOOP('',(#1905,#1906,#1907,#1908,#1909,#1910,#1911,#1912));
#324=EDGE_LOOP('',(#1913,#1914,#1915,#1916,#1917,#1918,#1919));
#325=EDGE_LOOP('',(#1920,#1921,#1922,#1923));
#326=EDGE_LOOP('',(#1924,#1925,#1926,#1927,#1928));
#327=EDGE_LOOP('',(#1929,#1930,#1931,#1932));
#328=EDGE_LOOP('',(#1933,#1934,#1935,#1936));
#329=EDGE_LOOP('',(#1937,#1938,#1939,#1940));
#330=EDGE_LOOP('',(#1941,#1942,#1943,#1944));
#331=EDGE_LOOP('',(#1945,#1946,#1947,#1948));
#332=EDGE_LOOP('',(#1949,#1950,#1951,#1952));
#333=EDGE_LOOP('',(#1953));
#334=EDGE_LOOP('',(#1954,#1955,#1956,#1957,#1958,#1959));
#335=EDGE_LOOP('',(#1960));
#336=EDGE_LOOP('',(#1961,#1962,#1963,#1964,#1965));
#337=EDGE_LOOP('',(#1966,#1967,#1968,#1969));
#338=EDGE_LOOP('',(#1970,#1971,#1972,#1973));
#339=EDGE_LOOP('',(#1974,#1975,#1976,#1977));
#340=EDGE_LOOP('',(#1978,#1979,#1980,#1981));
#341=EDGE_LOOP('',(#1982,#1983,#1984,#1985));
#342=EDGE_LOOP('',(#1986,#1987,#1988,#1989));
#343=EDGE_LOOP('',(#1990,#1991,#1992,#1993,#1994));
#344=EDGE_LOOP('',(#1995,#1996,#1997,#1998));
#345=EDGE_LOOP('',(#1999,#2000,#2001,#2002));
#346=EDGE_LOOP('',(#2003,#2004,#2005,#2006,#2007,#2008));
#347=EDGE_LOOP('',(#2009,#2010,#2011,#2012,#2013,#2014,#2015,#2016));
#348=EDGE_LOOP('',(#2017,#2018,#2019,#2020));
#349=EDGE_LOOP('',(#2021,#2022,#2023,#2024));
#350=EDGE_LOOP('',(#2025,#2026,#2027,#2028));
#351=EDGE_LOOP('',(#2029,#2030,#2031,#2032,#2033,#2034,#2035));
#352=EDGE_LOOP('',(#2036,#2037,#2038,#2039,#2040,#2041,#2042));
#353=EDGE_LOOP('',(#2043,#2044,#2045,#2046));
#354=EDGE_LOOP('',(#2047));
#355=EDGE_LOOP('',(#2048));
#356=EDGE_LOOP('',(#2049,#2050,#2051,#2052));
#357=EDGE_LOOP('',(#2053,#2054,#2055,#2056,#2057,#2058,#2059));
#358=EDGE_LOOP('',(#2060));
#359=EDGE_LOOP('',(#2061));
#360=EDGE_LOOP('',(#2062));
#361=EDGE_LOOP('',(#2063));
#362=EDGE_LOOP('',(#2064));
#363=EDGE_LOOP('',(#2065));
#364=EDGE_LOOP('',(#2066,#2067,#2068,#2069));
#365=EDGE_LOOP('',(#2070,#2071,#2072,#2073,#2074));
#366=EDGE_LOOP('',(#2075));
#367=EDGE_LOOP('',(#2076));
#368=EDGE_LOOP('',(#2077,#2078,#2079,#2080));
#369=EDGE_LOOP('',(#2081,#2082,#2083,#2084));
#370=EDGE_LOOP('',(#2085,#2086,#2087,#2088));
#371=EDGE_LOOP('',(#2089,#2090,#2091,#2092,#2093,#2094,#2095,#2096));
#372=EDGE_LOOP('',(#2097,#2098,#2099,#2100,#2101,#2102,#2103));
#373=EDGE_LOOP('',(#2104,#2105,#2106,#2107));
#374=EDGE_LOOP('',(#2108,#2109,#2110,#2111,#2112));
#375=EDGE_LOOP('',(#2113,#2114,#2115,#2116));
#376=EDGE_LOOP('',(#2117,#2118,#2119,#2120));
#377=EDGE_LOOP('',(#2121,#2122,#2123,#2124));
#378=EDGE_LOOP('',(#2125,#2126,#2127,#2128));
#379=EDGE_LOOP('',(#2129));
#380=EDGE_LOOP('',(#2130,#2131,#2132,#2133));
#381=EDGE_LOOP('',(#2134,#2135,#2136,#2137,#2138));
#382=EDGE_LOOP('',(#2139,#2140,#2141,#2142,#2143,#2144));
#383=EDGE_LOOP('',(#2145));
#384=EDGE_LOOP('',(#2146,#2147,#2148,#2149));
#385=EDGE_LOOP('',(#2150,#2151,#2152,#2153));
#386=EDGE_LOOP('',(#2154,#2155,#2156,#2157));
#387=EDGE_LOOP('',(#2158,#2159,#2160,#2161));
#388=EDGE_LOOP('',(#2162,#2163,#2164,#2165));
#389=EDGE_LOOP('',(#2166,#2167,#2168,#2169,#2170));
#390=EDGE_LOOP('',(#2171,#2172,#2173,#2174,#2175,#2176,#2177,#2178));
#391=EDGE_LOOP('',(#2179,#2180,#2181,#2182));
#392=EDGE_LOOP('',(#2183,#2184,#2185,#2186));
#393=EDGE_LOOP('',(#2187,#2188,#2189,#2190));
#394=EDGE_LOOP('',(#2191,#2192,#2193,#2194));
#395=EDGE_LOOP('',(#2195,#2196,#2197,#2198));
#396=EDGE_LOOP('',(#2199,#2200,#2201,#2202));
#397=EDGE_LOOP('',(#2203,#2204,#2205,#2206));
#398=EDGE_LOOP('',(#2207,#2208,#2209,#2210));
#399=EDGE_LOOP('',(#2211,#2212,#2213,#2214));
#400=EDGE_LOOP('',(#2215,#2216,#2217,#2218));
#401=EDGE_LOOP('',(#2219,#2220,#2221,#2222));
#402=EDGE_LOOP('',(#2223,#2224,#2225,#2226,#2227,#2228,#2229,#2230,#2231,
#2232,#2233,#2234,#2235,#2236));
#403=EDGE_LOOP('',(#2237,#2238,#2239,#2240));
#404=EDGE_LOOP('',(#2241,#2242,#2243,#2244));
#405=LINE('',#3330,#699);
#406=LINE('',#3332,#700);
#407=LINE('',#3334,#701);
#408=LINE('',#3335,#702);
#409=LINE('',#3338,#703);
#410=LINE('',#3340,#704);
#411=LINE('',#3341,#705);
#412=LINE('',#3344,#706);
#413=LINE('',#3346,#707);
#414=LINE('',#3347,#708);
#415=LINE('',#3349,#709);
#416=LINE('',#3350,#710);
#417=LINE('',#3353,#711);
#418=LINE('',#3355,#712);
#419=LINE('',#3356,#713);
#420=LINE('',#3361,#714);
#421=LINE('',#3363,#715);
#422=LINE('',#3365,#716);
#423=LINE('',#3366,#717);
#424=LINE('',#3371,#718);
#425=LINE('',#3373,#719);
#426=LINE('',#3375,#720);
#427=LINE('',#3376,#721);
#428=LINE('',#3379,#722);
#429=LINE('',#3381,#723);
#430=LINE('',#3382,#724);
#431=LINE('',#3385,#725);
#432=LINE('',#3387,#726);
#433=LINE('',#3388,#727);
#434=LINE('',#3390,#728);
#435=LINE('',#3391,#729);
#436=LINE('',#3394,#730);
#437=LINE('',#3396,#731);
#438=LINE('',#3397,#732);
#439=LINE('',#3400,#733);
#440=LINE('',#3402,#734);
#441=LINE('',#3404,#735);
#442=LINE('',#3405,#736);
#443=LINE('',#3412,#737);
#444=LINE('',#3415,#738);
#445=LINE('',#3420,#739);
#446=LINE('',#3422,#740);
#447=LINE('',#3424,#741);
#448=LINE('',#3425,#742);
#449=LINE('',#3428,#743);
#450=LINE('',#3429,#744);
#451=LINE('',#3432,#745);
#452=LINE('',#3434,#746);
#453=LINE('',#3435,#747);
#454=LINE('',#3438,#748);
#455=LINE('',#3440,#749);
#456=LINE('',#3442,#750);
#457=LINE('',#3444,#751);
#458=LINE('',#3446,#752);
#459=LINE('',#3448,#753);
#460=LINE('',#3450,#754);
#461=LINE('',#3452,#755);
#462=LINE('',#3454,#756);
#463=LINE('',#3456,#757);
#464=LINE('',#3458,#758);
#465=LINE('',#3460,#759);
#466=LINE('',#3461,#760);
#467=LINE('',#3463,#761);
#468=LINE('',#3464,#762);
#469=LINE('',#3469,#763);
#470=LINE('',#3473,#764);
#471=LINE('',#3477,#765);
#472=LINE('',#3480,#766);
#473=LINE('',#3482,#767);
#474=LINE('',#3485,#768);
#475=LINE('',#3487,#769);
#476=LINE('',#3489,#770);
#477=LINE('',#3490,#771);
#478=LINE('',#3493,#772);
#479=LINE('',#3495,#773);
#480=LINE('',#3496,#774);
#481=LINE('',#3498,#775);
#482=LINE('',#3500,#776);
#483=LINE('',#3502,#777);
#484=LINE('',#3504,#778);
#485=LINE('',#3506,#779);
#486=LINE('',#3507,#780);
#487=LINE('',#3510,#781);
#488=LINE('',#3512,#782);
#489=LINE('',#3514,#783);
#490=LINE('',#3516,#784);
#491=LINE('',#3518,#785);
#492=LINE('',#3519,#786);
#493=LINE('',#3523,#787);
#494=LINE('',#3525,#788);
#495=LINE('',#3527,#789);
#496=LINE('',#3529,#790);
#497=LINE('',#3531,#791);
#498=LINE('',#3533,#792);
#499=LINE('',#3535,#793);
#500=LINE('',#3536,#794);
#501=LINE('',#3540,#795);
#502=LINE('',#3542,#796);
#503=LINE('',#3544,#797);
#504=LINE('',#3546,#798);
#505=LINE('',#3548,#799);
#506=LINE('',#3550,#800);
#507=LINE('',#3552,#801);
#508=LINE('',#3554,#802);
#509=LINE('',#3556,#803);
#510=LINE('',#3558,#804);
#511=LINE('',#3560,#805);
#512=LINE('',#3562,#806);
#513=LINE('',#3564,#807);
#514=LINE('',#3566,#808);
#515=LINE('',#3568,#809);
#516=LINE('',#3569,#810);
#517=LINE('',#3571,#811);
#518=LINE('',#3574,#812);
#519=LINE('',#3577,#813);
#520=LINE('',#3580,#814);
#521=LINE('',#3583,#815);
#522=LINE('',#3584,#816);
#523=LINE('',#3587,#817);
#524=LINE('',#3588,#818);
#525=LINE('',#3591,#819);
#526=LINE('',#3594,#820);
#527=LINE('',#3597,#821);
#528=LINE('',#3598,#822);
#529=LINE('',#3602,#823);
#530=LINE('',#3604,#824);
#531=LINE('',#3606,#825);
#532=LINE('',#3608,#826);
#533=LINE('',#3610,#827);
#534=LINE('',#3611,#828);
#535=LINE('',#3612,#829);
#536=LINE('',#3616,#830);
#537=LINE('',#3618,#831);
#538=LINE('',#3619,#832);
#539=LINE('',#3620,#833);
#540=LINE('',#3624,#834);
#541=LINE('',#3626,#835);
#542=LINE('',#3627,#836);
#543=LINE('',#3628,#837);
#544=LINE('',#3631,#838);
#545=LINE('',#3633,#839);
#546=LINE('',#3634,#840);
#547=LINE('',#3637,#841);
#548=LINE('',#3639,#842);
#549=LINE('',#3640,#843);
#550=LINE('',#3641,#844);
#551=LINE('',#3644,#845);
#552=LINE('',#3645,#846);
#553=LINE('',#3646,#847);
#554=LINE('',#3650,#848);
#555=LINE('',#3652,#849);
#556=LINE('',#3654,#850);
#557=LINE('',#3656,#851);
#558=LINE('',#3658,#852);
#559=LINE('',#3660,#853);
#560=LINE('',#3662,#854);
#561=LINE('',#3663,#855);
#562=LINE('',#3670,#856);
#563=LINE('',#3674,#857);
#564=LINE('',#3678,#858);
#565=LINE('',#3682,#859);
#566=LINE('',#3694,#860);
#567=LINE('',#3696,#861);
#568=LINE('',#3697,#862);
#569=LINE('',#3699,#863);
#570=LINE('',#3700,#864);
#571=LINE('',#3704,#865);
#572=LINE('',#3706,#866);
#573=LINE('',#3708,#867);
#574=LINE('',#3709,#868);
#575=LINE('',#3711,#869);
#576=LINE('',#3712,#870);
#577=LINE('',#3715,#871);
#578=LINE('',#3717,#872);
#579=LINE('',#3719,#873);
#580=LINE('',#3721,#874);
#581=LINE('',#3723,#875);
#582=LINE('',#3724,#876);
#583=LINE('',#3727,#877);
#584=LINE('',#3729,#878);
#585=LINE('',#3730,#879);
#586=LINE('',#3732,#880);
#587=LINE('',#3733,#881);
#588=LINE('',#3740,#882);
#589=LINE('',#3744,#883);
#590=LINE('',#3746,#884);
#591=LINE('',#3748,#885);
#592=LINE('',#3753,#886);
#593=LINE('',#3754,#887);
#594=LINE('',#3770,#888);
#595=LINE('',#3771,#889);
#596=LINE('',#3773,#890);
#597=LINE('',#3780,#891);
#598=LINE('',#3782,#892);
#599=LINE('',#3784,#893);
#600=LINE('',#3787,#894);
#601=LINE('',#3788,#895);
#602=LINE('',#3790,#896);
#603=LINE('',#3791,#897);
#604=LINE('',#3792,#898);
#605=LINE('',#3794,#899);
#606=LINE('',#3795,#900);
#607=LINE('',#3796,#901);
#608=LINE('',#3797,#902);
#609=LINE('',#3799,#903);
#610=LINE('',#3800,#904);
#611=LINE('',#3803,#905);
#612=LINE('',#3804,#906);
#613=LINE('',#3807,#907);
#614=LINE('',#3808,#908);
#615=LINE('',#3810,#909);
#616=LINE('',#3814,#910);
#617=LINE('',#3817,#911);
#618=LINE('',#3818,#912);
#619=LINE('',#3823,#913);
#620=LINE('',#3824,#914);
#621=LINE('',#3828,#915);
#622=LINE('',#3832,#916);
#623=LINE('',#3834,#917);
#624=LINE('',#3836,#918);
#625=LINE('',#3837,#919);
#626=LINE('',#3839,#920);
#627=LINE('',#3840,#921);
#628=LINE('',#3842,#922);
#629=LINE('',#3844,#923);
#630=LINE('',#3847,#924);
#631=LINE('',#3850,#925);
#632=LINE('',#3851,#926);
#633=LINE('',#3854,#927);
#634=LINE('',#3855,#928);
#635=LINE('',#3857,#929);
#636=LINE('',#3859,#930);
#637=LINE('',#3861,#931);
#638=LINE('',#3863,#932);
#639=LINE('',#3868,#933);
#640=LINE('',#3870,#934);
#641=LINE('',#3871,#935);
#642=LINE('',#3872,#936);
#643=LINE('',#3876,#937);
#644=LINE('',#3878,#938);
#645=LINE('',#3879,#939);
#646=LINE('',#3881,#940);
#647=LINE('',#3883,#941);
#648=LINE('',#3884,#942);
#649=LINE('',#3887,#943);
#650=LINE('',#3889,#944);
#651=LINE('',#3890,#945);
#652=LINE('',#3897,#946);
#653=LINE('',#3901,#947);
#654=LINE('',#3903,#948);
#655=LINE('',#3905,#949);
#656=LINE('',#3910,#950);
#657=LINE('',#3911,#951);
#658=LINE('',#3927,#952);
#659=LINE('',#3928,#953);
#660=LINE('',#3930,#954);
#661=LINE('',#3937,#955);
#662=LINE('',#3939,#956);
#663=LINE('',#3941,#957);
#664=LINE('',#3943,#958);
#665=LINE('',#3945,#959);
#666=LINE('',#3946,#960);
#667=LINE('',#3947,#961);
#668=LINE('',#3949,#962);
#669=LINE('',#3950,#963);
#670=LINE('',#3951,#964);
#671=LINE('',#3952,#965);
#672=LINE('',#3954,#966);
#673=LINE('',#3955,#967);
#674=LINE('',#3960,#968);
#675=LINE('',#3963,#969);
#676=LINE('',#3964,#970);
#677=LINE('',#3970,#971);
#678=LINE('',#3972,#972);
#679=LINE('',#3974,#973);
#680=LINE('',#3975,#974);
#681=LINE('',#3978,#975);
#682=LINE('',#3979,#976);
#683=LINE('',#3981,#977);
#684=LINE('',#3985,#978);
#685=LINE('',#3986,#979);
#686=LINE('',#3988,#980);
#687=LINE('',#3990,#981);
#688=LINE('',#3993,#982);
#689=LINE('',#3996,#983);
#690=LINE('',#3998,#984);
#691=LINE('',#4002,#985);
#692=LINE('',#4003,#986);
#693=LINE('',#4005,#987);
#694=LINE('',#4007,#988);
#695=LINE('',#4009,#989);
#696=LINE('',#4011,#990);
#697=LINE('',#4013,#991);
#698=LINE('',#4015,#992);
#699=VECTOR('',#2676,10.);
#700=VECTOR('',#2677,10.);
#701=VECTOR('',#2678,10.);
#702=VECTOR('',#2679,10.);
#703=VECTOR('',#2682,10.);
#704=VECTOR('',#2683,10.);
#705=VECTOR('',#2684,10.);
#706=VECTOR('',#2687,10.);
#707=VECTOR('',#2688,10.);
#708=VECTOR('',#2689,10.);
#709=VECTOR('',#2692,10.);
#710=VECTOR('',#2693,10.);
#711=VECTOR('',#2696,10.);
#712=VECTOR('',#2697,1000.);
#713=VECTOR('',#2698,10.);
#714=VECTOR('',#2703,10.);
#715=VECTOR('',#2704,10.);
#716=VECTOR('',#2705,10.);
#717=VECTOR('',#2706,10.);
#718=VECTOR('',#2711,10.);
#719=VECTOR('',#2712,10.);
#720=VECTOR('',#2713,10.);
#721=VECTOR('',#2714,10.);
#722=VECTOR('',#2717,10.);
#723=VECTOR('',#2718,10.);
#724=VECTOR('',#2719,10.);
#725=VECTOR('',#2722,10.);
#726=VECTOR('',#2723,10.);
#727=VECTOR('',#2724,10.);
#728=VECTOR('',#2727,10.);
#729=VECTOR('',#2728,10.);
#730=VECTOR('',#2731,10.);
#731=VECTOR('',#2732,10.);
#732=VECTOR('',#2733,10.);
#733=VECTOR('',#2736,10.);
#734=VECTOR('',#2737,10.);
#735=VECTOR('',#2738,10.);
#736=VECTOR('',#2739,10.);
#737=VECTOR('',#2748,0.800000000000001);
#738=VECTOR('',#2751,0.799999999999996);
#739=VECTOR('',#2756,10.);
#740=VECTOR('',#2757,1000.);
#741=VECTOR('',#2758,1000.);
#742=VECTOR('',#2759,10.);
#743=VECTOR('',#2762,1000.);
#744=VECTOR('',#2763,10.);
#745=VECTOR('',#2766,10.);
#746=VECTOR('',#2767,10.);
#747=VECTOR('',#2768,10.);
#748=VECTOR('',#2771,1000.);
#749=VECTOR('',#2772,1000.);
#750=VECTOR('',#2773,1000.);
#751=VECTOR('',#2774,1000.);
#752=VECTOR('',#2775,1000.);
#753=VECTOR('',#2776,1000.);
#754=VECTOR('',#2777,1000.);
#755=VECTOR('',#2778,1000.);
#756=VECTOR('',#2779,1000.);
#757=VECTOR('',#2780,1000.);
#758=VECTOR('',#2781,1000.);
#759=VECTOR('',#2782,1000.);
#760=VECTOR('',#2783,1000.);
#761=VECTOR('',#2784,10.);
#762=VECTOR('',#2785,1000.);
#763=VECTOR('',#2788,1000.);
#764=VECTOR('',#2791,1000.);
#765=VECTOR('',#2794,1000.);
#766=VECTOR('',#2797,1000.);
#767=VECTOR('',#2800,1000.);
#768=VECTOR('',#2803,1000.);
#769=VECTOR('',#2804,1000.);
#770=VECTOR('',#2805,1000.);
#771=VECTOR('',#2806,1000.);
#772=VECTOR('',#2809,10.);
#773=VECTOR('',#2810,10.);
#774=VECTOR('',#2811,10.);
#775=VECTOR('',#2814,10.);
#776=VECTOR('',#2817,1000.);
#777=VECTOR('',#2818,1000.);
#778=VECTOR('',#2819,1000.);
#779=VECTOR('',#2820,1000.);
#780=VECTOR('',#2821,1000.);
#781=VECTOR('',#2826,10.);
#782=VECTOR('',#2827,10.);
#783=VECTOR('',#2828,1000.);
#784=VECTOR('',#2829,1000.);
#785=VECTOR('',#2830,1000.);
#786=VECTOR('',#2831,1000.);
#787=VECTOR('',#2834,1000.);
#788=VECTOR('',#2835,1000.);
#789=VECTOR('',#2836,1000.);
#790=VECTOR('',#2837,1000.);
#791=VECTOR('',#2838,1000.);
#792=VECTOR('',#2839,1000.);
#793=VECTOR('',#2840,1000.);
#794=VECTOR('',#2841,1000.);
#795=VECTOR('',#2844,10.);
#796=VECTOR('',#2845,1000.);
#797=VECTOR('',#2846,1000.);
#798=VECTOR('',#2847,1000.);
#799=VECTOR('',#2848,1000.);
#800=VECTOR('',#2849,1000.);
#801=VECTOR('',#2850,1000.);
#802=VECTOR('',#2851,1000.);
#803=VECTOR('',#2852,1000.);
#804=VECTOR('',#2853,1000.);
#805=VECTOR('',#2854,1000.);
#806=VECTOR('',#2855,1000.);
#807=VECTOR('',#2856,1000.);
#808=VECTOR('',#2857,1000.);
#809=VECTOR('',#2858,1000.);
#810=VECTOR('',#2859,1000.);
#811=VECTOR('',#2860,10.);
#812=VECTOR('',#2863,10.);
#813=VECTOR('',#2866,10.);
#814=VECTOR('',#2869,10.);
#815=VECTOR('',#2872,10.);
#816=VECTOR('',#2873,10.);
#817=VECTOR('',#2876,10.);
#818=VECTOR('',#2877,10.);
#819=VECTOR('',#2880,10.);
#820=VECTOR('',#2885,10.);
#821=VECTOR('',#2888,10.);
#822=VECTOR('',#2889,1000.);
#823=VECTOR('',#2892,1000.);
#824=VECTOR('',#2893,1000.);
#825=VECTOR('',#2894,1000.);
#826=VECTOR('',#2895,1000.);
#827=VECTOR('',#2896,1000.);
#828=VECTOR('',#2897,1000.);
#829=VECTOR('',#2898,1000.);
#830=VECTOR('',#2901,1000.);
#831=VECTOR('',#2902,1000.);
#832=VECTOR('',#2903,1000.);
#833=VECTOR('',#2904,1000.);
#834=VECTOR('',#2907,1000.);
#835=VECTOR('',#2908,1000.);
#836=VECTOR('',#2909,1000.);
#837=VECTOR('',#2910,1000.);
#838=VECTOR('',#2913,1000.);
#839=VECTOR('',#2914,1000.);
#840=VECTOR('',#2915,1000.);
#841=VECTOR('',#2918,1000.);
#842=VECTOR('',#2919,1000.);
#843=VECTOR('',#2920,1000.);
#844=VECTOR('',#2921,1000.);
#845=VECTOR('',#2924,1000.);
#846=VECTOR('',#2925,1000.);
#847=VECTOR('',#2926,1000.);
#848=VECTOR('',#2929,10.);
#849=VECTOR('',#2930,1000.);
#850=VECTOR('',#2931,1000.);
#851=VECTOR('',#2932,1000.);
#852=VECTOR('',#2933,10.);
#853=VECTOR('',#2934,1000.);
#854=VECTOR('',#2935,1000.);
#855=VECTOR('',#2936,1000.);
#856=VECTOR('',#2941,1000.);
#857=VECTOR('',#2944,1000.);
#858=VECTOR('',#2947,1000.);
#859=VECTOR('',#2950,1000.);
#860=VECTOR('',#2963,1000.);
#861=VECTOR('',#2964,1000.);
#862=VECTOR('',#2965,1000.);
#863=VECTOR('',#2966,1000.);
#864=VECTOR('',#2967,1000.);
#865=VECTOR('',#2970,1000.);
#866=VECTOR('',#2971,1000.);
#867=VECTOR('',#2972,1000.);
#868=VECTOR('',#2973,1000.);
#869=VECTOR('',#2974,1000.);
#870=VECTOR('',#2975,1000.);
#871=VECTOR('',#2978,1000.);
#872=VECTOR('',#2979,1000.);
#873=VECTOR('',#2980,1000.);
#874=VECTOR('',#2981,1000.);
#875=VECTOR('',#2982,1000.);
#876=VECTOR('',#2983,1000.);
#877=VECTOR('',#2986,1000.);
#878=VECTOR('',#2987,1000.);
#879=VECTOR('',#2988,1000.);
#880=VECTOR('',#2991,1000.);
#881=VECTOR('',#2992,1000.);
#882=VECTOR('',#3001,17.5);
#883=VECTOR('',#3004,1000.);
#884=VECTOR('',#3005,1000.);
#885=VECTOR('',#3006,1000.);
#886=VECTOR('',#3011,1000.);
#887=VECTOR('',#3012,1000.);
#888=VECTOR('',#3031,1000.);
#889=VECTOR('',#3032,1000.);
#890=VECTOR('',#3035,9.5);
#891=VECTOR('',#3044,10.);
#892=VECTOR('',#3047,15.);
#893=VECTOR('',#3050,15.05);
#894=VECTOR('',#3053,1000.);
#895=VECTOR('',#3054,1000.);
#896=VECTOR('',#3055,1000.);
#897=VECTOR('',#3056,1000.);
#898=VECTOR('',#3057,1000.);
#899=VECTOR('',#3060,1000.);
#900=VECTOR('',#3061,1000.);
#901=VECTOR('',#3062,1000.);
#902=VECTOR('',#3063,1000.);
#903=VECTOR('',#3066,1000.);
#904=VECTOR('',#3067,1000.);
#905=VECTOR('',#3070,10.);
#906=VECTOR('',#3071,1000.);
#907=VECTOR('',#3074,10.);
#908=VECTOR('',#3075,10.);
#909=VECTOR('',#3078,1000.);
#910=VECTOR('',#3085,1.1);
#911=VECTOR('',#3088,1000.);
#912=VECTOR('',#3089,1000.);
#913=VECTOR('',#3094,1000.);
#914=VECTOR('',#3095,1000.);
#915=VECTOR('',#3100,1000.);
#916=VECTOR('',#3103,1000.);
#917=VECTOR('',#3104,1000.);
#918=VECTOR('',#3105,1000.);
#919=VECTOR('',#3106,1000.);
#920=VECTOR('',#3109,1000.);
#921=VECTOR('',#3110,1000.);
#922=VECTOR('',#3113,1000.);
#923=VECTOR('',#3116,1000.);
#924=VECTOR('',#3121,0.8);
#925=VECTOR('',#3124,1000.);
#926=VECTOR('',#3125,10.);
#927=VECTOR('',#3128,10.);
#928=VECTOR('',#3129,10.);
#929=VECTOR('',#3132,1000.);
#930=VECTOR('',#3135,1000.);
#931=VECTOR('',#3138,1000.);
#932=VECTOR('',#3141,1.1);
#933=VECTOR('',#3148,1000.);
#934=VECTOR('',#3149,1000.);
#935=VECTOR('',#3150,1000.);
#936=VECTOR('',#3151,1000.);
#937=VECTOR('',#3154,1000.);
#938=VECTOR('',#3155,1000.);
#939=VECTOR('',#3156,1000.);
#940=VECTOR('',#3157,1000.);
#941=VECTOR('',#3158,1000.);
#942=VECTOR('',#3159,1000.);
#943=VECTOR('',#3162,1000.);
#944=VECTOR('',#3163,1000.);
#945=VECTOR('',#3164,1000.);
#946=VECTOR('',#3173,17.5);
#947=VECTOR('',#3176,1000.);
#948=VECTOR('',#3177,1000.);
#949=VECTOR('',#3178,1000.);
#950=VECTOR('',#3183,1000.);
#951=VECTOR('',#3184,1000.);
#952=VECTOR('',#3203,1000.);
#953=VECTOR('',#3204,1000.);
#954=VECTOR('',#3207,9.5);
#955=VECTOR('',#3216,10.);
#956=VECTOR('',#3219,15.);
#957=VECTOR('',#3222,15.05);
#958=VECTOR('',#3225,1000.);
#959=VECTOR('',#3226,1000.);
#960=VECTOR('',#3227,1000.);
#961=VECTOR('',#3228,1000.);
#962=VECTOR('',#3231,1000.);
#963=VECTOR('',#3232,1000.);
#964=VECTOR('',#3233,1000.);
#965=VECTOR('',#3234,1000.);
#966=VECTOR('',#3237,1000.);
#967=VECTOR('',#3238,1000.);
#968=VECTOR('',#3247,1.1);
#969=VECTOR('',#3250,1000.);
#970=VECTOR('',#3251,1000.);
#971=VECTOR('',#3256,1000.);
#972=VECTOR('',#3257,1000.);
#973=VECTOR('',#3258,1000.);
#974=VECTOR('',#3259,1000.);
#975=VECTOR('',#3262,1000.);
#976=VECTOR('',#3263,1000.);
#977=VECTOR('',#3266,1000.);
#978=VECTOR('',#3271,1000.);
#979=VECTOR('',#3272,1000.);
#980=VECTOR('',#3275,1000.);
#981=VECTOR('',#3278,1000.);
#982=VECTOR('',#3283,0.8);
#983=VECTOR('',#3288,1000.);
#984=VECTOR('',#3291,1.1);
#985=VECTOR('',#3298,1000.);
#986=VECTOR('',#3299,1000.);
#987=VECTOR('',#3302,1000.);
#988=VECTOR('',#3305,1000.);
#989=VECTOR('',#3308,1000.);
#990=VECTOR('',#3311,1000.);
#991=VECTOR('',#3314,1000.);
#992=VECTOR('',#3317,1000.);
#993=VERTEX_POINT('',#3328);
#994=VERTEX_POINT('',#3329);
#995=VERTEX_POINT('',#3331);
#996=VERTEX_POINT('',#3333);
#997=VERTEX_POINT('',#3337);
#998=VERTEX_POINT('',#3339);
#999=VERTEX_POINT('',#3343);
#1000=VERTEX_POINT('',#3345);
#1001=VERTEX_POINT('',#3352);
#1002=VERTEX_POINT('',#3354);
#1003=VERTEX_POINT('',#3357);
#1004=VERTEX_POINT('',#3360);
#1005=VERTEX_POINT('',#3362);
#1006=VERTEX_POINT('',#3364);
#1007=VERTEX_POINT('',#3369);
#1008=VERTEX_POINT('',#3370);
#1009=VERTEX_POINT('',#3372);
#1010=VERTEX_POINT('',#3374);
#1011=VERTEX_POINT('',#3378);
#1012=VERTEX_POINT('',#3380);
#1013=VERTEX_POINT('',#3384);
#1014=VERTEX_POINT('',#3386);
#1015=VERTEX_POINT('',#3393);
#1016=VERTEX_POINT('',#3395);
#1017=VERTEX_POINT('',#3399);
#1018=VERTEX_POINT('',#3401);
#1019=VERTEX_POINT('',#3403);
#1020=VERTEX_POINT('',#3406);
#1021=VERTEX_POINT('',#3410);
#1022=VERTEX_POINT('',#3414);
#1023=VERTEX_POINT('',#3418);
#1024=VERTEX_POINT('',#3419);
#1025=VERTEX_POINT('',#3421);
#1026=VERTEX_POINT('',#3423);
#1027=VERTEX_POINT('',#3427);
#1028=VERTEX_POINT('',#3431);
#1029=VERTEX_POINT('',#3433);
#1030=VERTEX_POINT('',#3437);
#1031=VERTEX_POINT('',#3439);
#1032=VERTEX_POINT('',#3441);
#1033=VERTEX_POINT('',#3443);
#1034=VERTEX_POINT('',#3445);
#1035=VERTEX_POINT('',#3447);
#1036=VERTEX_POINT('',#3449);
#1037=VERTEX_POINT('',#3451);
#1038=VERTEX_POINT('',#3453);
#1039=VERTEX_POINT('',#3455);
#1040=VERTEX_POINT('',#3457);
#1041=VERTEX_POINT('',#3459);
#1042=VERTEX_POINT('',#3462);
#1043=VERTEX_POINT('',#3465);
#1044=VERTEX_POINT('',#3466);
#1045=VERTEX_POINT('',#3468);
#1046=VERTEX_POINT('',#3470);
#1047=VERTEX_POINT('',#3472);
#1048=VERTEX_POINT('',#3474);
#1049=VERTEX_POINT('',#3476);
#1050=VERTEX_POINT('',#3478);
#1051=VERTEX_POINT('',#3484);
#1052=VERTEX_POINT('',#3486);
#1053=VERTEX_POINT('',#3488);
#1054=VERTEX_POINT('',#3492);
#1055=VERTEX_POINT('',#3494);
#1056=VERTEX_POINT('',#3501);
#1057=VERTEX_POINT('',#3503);
#1058=VERTEX_POINT('',#3505);
#1059=VERTEX_POINT('',#3511);
#1060=VERTEX_POINT('',#3513);
#1061=VERTEX_POINT('',#3515);
#1062=VERTEX_POINT('',#3517);
#1063=VERTEX_POINT('',#3521);
#1064=VERTEX_POINT('',#3522);
#1065=VERTEX_POINT('',#3524);
#1066=VERTEX_POINT('',#3526);
#1067=VERTEX_POINT('',#3528);
#1068=VERTEX_POINT('',#3530);
#1069=VERTEX_POINT('',#3532);
#1070=VERTEX_POINT('',#3534);
#1071=VERTEX_POINT('',#3537);
#1072=VERTEX_POINT('',#3538);
#1073=VERTEX_POINT('',#3541);
#1074=VERTEX_POINT('',#3543);
#1075=VERTEX_POINT('',#3545);
#1076=VERTEX_POINT('',#3547);
#1077=VERTEX_POINT('',#3549);
#1078=VERTEX_POINT('',#3551);
#1079=VERTEX_POINT('',#3553);
#1080=VERTEX_POINT('',#3555);
#1081=VERTEX_POINT('',#3557);
#1082=VERTEX_POINT('',#3559);
#1083=VERTEX_POINT('',#3561);
#1084=VERTEX_POINT('',#3563);
#1085=VERTEX_POINT('',#3565);
#1086=VERTEX_POINT('',#3567);
#1087=VERTEX_POINT('',#3570);
#1088=VERTEX_POINT('',#3572);
#1089=VERTEX_POINT('',#3576);
#1090=VERTEX_POINT('',#3578);
#1091=VERTEX_POINT('',#3582);
#1092=VERTEX_POINT('',#3586);
#1093=VERTEX_POINT('',#3590);
#1094=VERTEX_POINT('',#3596);
#1095=VERTEX_POINT('',#3600);
#1096=VERTEX_POINT('',#3601);
#1097=VERTEX_POINT('',#3603);
#1098=VERTEX_POINT('',#3605);
#1099=VERTEX_POINT('',#3607);
#1100=VERTEX_POINT('',#3609);
#1101=VERTEX_POINT('',#3614);
#1102=VERTEX_POINT('',#3615);
#1103=VERTEX_POINT('',#3617);
#1104=VERTEX_POINT('',#3622);
#1105=VERTEX_POINT('',#3623);
#1106=VERTEX_POINT('',#3625);
#1107=VERTEX_POINT('',#3630);
#1108=VERTEX_POINT('',#3632);
#1109=VERTEX_POINT('',#3636);
#1110=VERTEX_POINT('',#3638);
#1111=VERTEX_POINT('',#3643);
#1112=VERTEX_POINT('',#3648);
#1113=VERTEX_POINT('',#3649);
#1114=VERTEX_POINT('',#3651);
#1115=VERTEX_POINT('',#3653);
#1116=VERTEX_POINT('',#3655);
#1117=VERTEX_POINT('',#3657);
#1118=VERTEX_POINT('',#3659);
#1119=VERTEX_POINT('',#3661);
#1120=VERTEX_POINT('',#3664);
#1121=VERTEX_POINT('',#3666);
#1122=VERTEX_POINT('',#3668);
#1123=VERTEX_POINT('',#3669);
#1124=VERTEX_POINT('',#3671);
#1125=VERTEX_POINT('',#3673);
#1126=VERTEX_POINT('',#3675);
#1127=VERTEX_POINT('',#3677);
#1128=VERTEX_POINT('',#3679);
#1129=VERTEX_POINT('',#3681);
#1130=VERTEX_POINT('',#3684);
#1131=VERTEX_POINT('',#3686);
#1132=VERTEX_POINT('',#3688);
#1133=VERTEX_POINT('',#3690);
#1134=VERTEX_POINT('',#3693);
#1135=VERTEX_POINT('',#3695);
#1136=VERTEX_POINT('',#3698);
#1137=VERTEX_POINT('',#3702);
#1138=VERTEX_POINT('',#3703);
#1139=VERTEX_POINT('',#3705);
#1140=VERTEX_POINT('',#3707);
#1141=VERTEX_POINT('',#3710);
#1142=VERTEX_POINT('',#3714);
#1143=VERTEX_POINT('',#3716);
#1144=VERTEX_POINT('',#3718);
#1145=VERTEX_POINT('',#3720);
#1146=VERTEX_POINT('',#3722);
#1147=VERTEX_POINT('',#3726);
#1148=VERTEX_POINT('',#3728);
#1149=VERTEX_POINT('',#3735);
#1150=VERTEX_POINT('',#3737);
#1151=VERTEX_POINT('',#3742);
#1152=VERTEX_POINT('',#3743);
#1153=VERTEX_POINT('',#3745);
#1154=VERTEX_POINT('',#3747);
#1155=VERTEX_POINT('',#3749);
#1156=VERTEX_POINT('',#3752);
#1157=VERTEX_POINT('',#3755);
#1158=VERTEX_POINT('',#3757);
#1159=VERTEX_POINT('',#3760);
#1160=VERTEX_POINT('',#3762);
#1161=VERTEX_POINT('',#3765);
#1162=VERTEX_POINT('',#3767);
#1163=VERTEX_POINT('',#3775);
#1164=VERTEX_POINT('',#3777);
#1165=VERTEX_POINT('',#3786);
#1166=VERTEX_POINT('',#3789);
#1167=VERTEX_POINT('',#3802);
#1168=VERTEX_POINT('',#3806);
#1169=VERTEX_POINT('',#3816);
#1170=VERTEX_POINT('',#3819);
#1171=VERTEX_POINT('',#3822);
#1172=VERTEX_POINT('',#3825);
#1173=VERTEX_POINT('',#3830);
#1174=VERTEX_POINT('',#3831);
#1175=VERTEX_POINT('',#3833);
#1176=VERTEX_POINT('',#3835);
#1177=VERTEX_POINT('',#3849);
#1178=VERTEX_POINT('',#3853);
#1179=VERTEX_POINT('',#3867);
#1180=VERTEX_POINT('',#3869);
#1181=VERTEX_POINT('',#3874);
#1182=VERTEX_POINT('',#3875);
#1183=VERTEX_POINT('',#3877);
#1184=VERTEX_POINT('',#3880);
#1185=VERTEX_POINT('',#3882);
#1186=VERTEX_POINT('',#3886);
#1187=VERTEX_POINT('',#3888);
#1188=VERTEX_POINT('',#3892);
#1189=VERTEX_POINT('',#3894);
#1190=VERTEX_POINT('',#3899);
#1191=VERTEX_POINT('',#3900);
#1192=VERTEX_POINT('',#3902);
#1193=VERTEX_POINT('',#3904);
#1194=VERTEX_POINT('',#3906);
#1195=VERTEX_POINT('',#3909);
#1196=VERTEX_POINT('',#3912);
#1197=VERTEX_POINT('',#3914);
#1198=VERTEX_POINT('',#3917);
#1199=VERTEX_POINT('',#3919);
#1200=VERTEX_POINT('',#3922);
#1201=VERTEX_POINT('',#3924);
#1202=VERTEX_POINT('',#3932);
#1203=VERTEX_POINT('',#3934);
#1204=VERTEX_POINT('',#3944);
#1205=VERTEX_POINT('',#3962);
#1206=VERTEX_POINT('',#3965);
#1207=VERTEX_POINT('',#3968);
#1208=VERTEX_POINT('',#3969);
#1209=VERTEX_POINT('',#3971);
#1210=VERTEX_POINT('',#3973);
#1211=VERTEX_POINT('',#3977);
#1212=VERTEX_POINT('',#3982);
#1213=EDGE_CURVE('',#993,#994,#405,.T.);
#1214=EDGE_CURVE('',#994,#995,#406,.T.);
#1215=EDGE_CURVE('',#995,#996,#407,.T.);
#1216=EDGE_CURVE('',#993,#996,#408,.T.);
#1217=EDGE_CURVE('',#994,#997,#409,.T.);
#1218=EDGE_CURVE('',#997,#998,#410,.T.);
#1219=EDGE_CURVE('',#998,#995,#411,.T.);
#1220=EDGE_CURVE('',#997,#999,#412,.T.);
#1221=EDGE_CURVE('',#999,#1000,#413,.T.);
#1222=EDGE_CURVE('',#1000,#998,#414,.T.);
#1223=EDGE_CURVE('',#996,#1000,#415,.T.);
#1224=EDGE_CURVE('',#999,#993,#416,.T.);
#1225=EDGE_CURVE('',#1001,#996,#417,.T.);
#1226=EDGE_CURVE('',#1001,#1002,#418,.T.);
#1227=EDGE_CURVE('',#1002,#1000,#419,.T.);
#1228=EDGE_CURVE('',#1003,#1003,#68,.T.);
#1229=EDGE_CURVE('',#995,#1004,#420,.T.);
#1230=EDGE_CURVE('',#1005,#1004,#421,.T.);
#1231=EDGE_CURVE('',#1006,#1005,#422,.T.);
#1232=EDGE_CURVE('',#1001,#1006,#423,.T.);
#1233=EDGE_CURVE('',#1007,#1008,#424,.T.);
#1234=EDGE_CURVE('',#1008,#1009,#425,.T.);
#1235=EDGE_CURVE('',#1009,#1010,#426,.T.);
#1236=EDGE_CURVE('',#1007,#1010,#427,.T.);
#1237=EDGE_CURVE('',#1008,#1011,#428,.T.);
#1238=EDGE_CURVE('',#1011,#1012,#429,.T.);
#1239=EDGE_CURVE('',#1012,#1009,#430,.T.);
#1240=EDGE_CURVE('',#1011,#1013,#431,.T.);
#1241=EDGE_CURVE('',#1013,#1014,#432,.T.);
#1242=EDGE_CURVE('',#1014,#1012,#433,.T.);
#1243=EDGE_CURVE('',#1010,#1014,#434,.T.);
#1244=EDGE_CURVE('',#1013,#1007,#435,.T.);
#1245=EDGE_CURVE('',#1015,#1010,#436,.T.);
#1246=EDGE_CURVE('',#1015,#1016,#437,.T.);
#1247=EDGE_CURVE('',#1014,#1016,#438,.T.);
#1248=EDGE_CURVE('',#1017,#1009,#439,.T.);
#1249=EDGE_CURVE('',#1018,#1017,#440,.T.);
#1250=EDGE_CURVE('',#1019,#1018,#441,.T.);
#1251=EDGE_CURVE('',#1019,#1015,#442,.T.);
#1252=EDGE_CURVE('',#1020,#1020,#69,.T.);
#1253=EDGE_CURVE('',#1021,#1021,#70,.T.);
#1254=EDGE_CURVE('',#1021,#1020,#443,.T.);
#1255=EDGE_CURVE('',#1003,#1022,#444,.T.);
#1256=EDGE_CURVE('',#1022,#1022,#71,.T.);
#1257=EDGE_CURVE('',#1023,#1024,#445,.T.);
#1258=EDGE_CURVE('',#1025,#1024,#446,.T.);
#1259=EDGE_CURVE('',#1025,#1026,#447,.T.);
#1260=EDGE_CURVE('',#1026,#1023,#448,.T.);
#1261=EDGE_CURVE('',#1027,#1016,#449,.T.);
#1262=EDGE_CURVE('',#1027,#1012,#450,.T.);
#1263=EDGE_CURVE('',#1028,#1027,#451,.T.);
#1264=EDGE_CURVE('',#1029,#1028,#452,.T.);
#1265=EDGE_CURVE('',#1017,#1029,#453,.T.);
#1266=EDGE_CURVE('',#1029,#1030,#454,.T.);
#1267=EDGE_CURVE('',#1030,#1031,#455,.T.);
#1268=EDGE_CURVE('',#1031,#1032,#456,.T.);
#1269=EDGE_CURVE('',#1033,#1032,#457,.T.);
#1270=EDGE_CURVE('',#1034,#1033,#458,.T.);
#1271=EDGE_CURVE('',#1035,#1034,#459,.T.);
#1272=EDGE_CURVE('',#1036,#1035,#460,.T.);
#1273=EDGE_CURVE('',#1036,#1037,#461,.T.);
#1274=EDGE_CURVE('',#1037,#1038,#462,.T.);
#1275=EDGE_CURVE('',#1038,#1039,#463,.T.);
#1276=EDGE_CURVE('',#1040,#1039,#464,.T.);
#1277=EDGE_CURVE('',#1041,#1040,#465,.T.);
#1278=EDGE_CURVE('',#1041,#1005,#466,.T.);
#1279=EDGE_CURVE('',#1004,#1042,#467,.T.);
#1280=EDGE_CURVE('',#1042,#1018,#468,.T.);
#1281=EDGE_CURVE('',#1043,#1044,#72,.T.);
#1282=EDGE_CURVE('',#1043,#1045,#469,.T.);
#1283=EDGE_CURVE('',#1046,#1045,#73,.T.);
#1284=EDGE_CURVE('',#1047,#1046,#470,.T.);
#1285=EDGE_CURVE('',#1048,#1047,#74,.T.);
#1286=EDGE_CURVE('',#1049,#1048,#471,.T.);
#1287=EDGE_CURVE('',#1050,#1049,#75,.T.);
#1288=EDGE_CURVE('',#1050,#1044,#472,.T.);
#1289=EDGE_CURVE('',#1028,#1030,#473,.T.);
#1290=EDGE_CURVE('',#1051,#1027,#474,.T.);
#1291=EDGE_CURVE('',#1051,#1052,#475,.T.);
#1292=EDGE_CURVE('',#1052,#1053,#476,.T.);
#1293=EDGE_CURVE('',#1031,#1053,#477,.T.);
#1294=EDGE_CURVE('',#1054,#998,#478,.T.);
#1295=EDGE_CURVE('',#1055,#1054,#479,.T.);
#1296=EDGE_CURVE('',#1042,#1055,#480,.T.);
#1297=EDGE_CURVE('',#1002,#1054,#481,.T.);
#1298=EDGE_CURVE('',#1006,#1041,#482,.T.);
#1299=EDGE_CURVE('',#1040,#1056,#483,.T.);
#1300=EDGE_CURVE('',#1057,#1056,#484,.T.);
#1301=EDGE_CURVE('',#1058,#1057,#485,.T.);
#1302=EDGE_CURVE('',#1058,#1001,#486,.T.);
#1303=EDGE_CURVE('',#1024,#1019,#487,.T.);
#1304=EDGE_CURVE('',#1055,#1059,#488,.T.);
#1305=EDGE_CURVE('',#1060,#1059,#489,.T.);
#1306=EDGE_CURVE('',#1060,#1061,#490,.T.);
#1307=EDGE_CURVE('',#1061,#1062,#491,.T.);
#1308=EDGE_CURVE('',#1025,#1062,#492,.T.);
#1309=EDGE_CURVE('',#1063,#1064,#493,.T.);
#1310=EDGE_CURVE('',#1063,#1065,#494,.T.);
#1311=EDGE_CURVE('',#1065,#1066,#495,.T.);
#1312=EDGE_CURVE('',#1067,#1066,#496,.T.);
#1313=EDGE_CURVE('',#1068,#1067,#497,.T.);
#1314=EDGE_CURVE('',#1069,#1068,#498,.T.);
#1315=EDGE_CURVE('',#1069,#1070,#499,.T.);
#1316=EDGE_CURVE('',#1070,#1064,#500,.T.);
#1317=EDGE_CURVE('',#1071,#1072,#76,.T.);
#1318=EDGE_CURVE('',#1054,#1072,#501,.T.);
#1319=EDGE_CURVE('',#1058,#1073,#502,.T.);
#1320=EDGE_CURVE('',#1074,#1073,#503,.T.);
#1321=EDGE_CURVE('',#1075,#1074,#504,.T.);
#1322=EDGE_CURVE('',#1075,#1076,#505,.T.);
#1323=EDGE_CURVE('',#1077,#1076,#506,.T.);
#1324=EDGE_CURVE('',#1078,#1077,#507,.T.);
#1325=EDGE_CURVE('',#1079,#1078,#508,.T.);
#1326=EDGE_CURVE('',#1079,#1080,#509,.T.);
#1327=EDGE_CURVE('',#1080,#1081,#510,.T.);
#1328=EDGE_CURVE('',#1081,#1082,#511,.T.);
#1329=EDGE_CURVE('',#1082,#1083,#512,.T.);
#1330=EDGE_CURVE('',#1084,#1083,#513,.T.);
#1331=EDGE_CURVE('',#1084,#1085,#514,.T.);
#1332=EDGE_CURVE('',#1085,#1086,#515,.T.);
#1333=EDGE_CURVE('',#1051,#1086,#516,.T.);
#1334=EDGE_CURVE('',#1015,#1087,#517,.T.);
#1335=EDGE_CURVE('',#1087,#1088,#77,.T.);
#1336=EDGE_CURVE('',#1088,#1071,#518,.T.);
#1337=EDGE_CURVE('',#1071,#1089,#519,.T.);
#1338=EDGE_CURVE('',#1089,#1090,#78,.T.);
#1339=EDGE_CURVE('',#1072,#1090,#520,.T.);
#1340=EDGE_CURVE('',#1088,#1091,#521,.T.);
#1341=EDGE_CURVE('',#1091,#1089,#522,.T.);
#1342=EDGE_CURVE('',#1090,#1092,#523,.T.);
#1343=EDGE_CURVE('',#1059,#1092,#524,.T.);
#1344=EDGE_CURVE('',#1087,#1093,#525,.T.);
#1345=EDGE_CURVE('',#1093,#1091,#79,.T.);
#1346=EDGE_CURVE('',#1023,#1093,#526,.T.);
#1347=EDGE_CURVE('',#1092,#1094,#527,.T.);
#1348=EDGE_CURVE('',#1060,#1094,#528,.T.);
#1349=EDGE_CURVE('',#1095,#1096,#529,.T.);
#1350=EDGE_CURVE('',#1095,#1097,#530,.T.);
#1351=EDGE_CURVE('',#1097,#1098,#531,.T.);
#1352=EDGE_CURVE('',#1099,#1098,#532,.T.);
#1353=EDGE_CURVE('',#1099,#1100,#533,.T.);
#1354=EDGE_CURVE('',#1062,#1100,#534,.T.);
#1355=EDGE_CURVE('',#1061,#1096,#535,.T.);
#1356=EDGE_CURVE('',#1101,#1102,#536,.T.);
#1357=EDGE_CURVE('',#1101,#1103,#537,.T.);
#1358=EDGE_CURVE('',#1056,#1103,#538,.T.);
#1359=EDGE_CURVE('',#1102,#1039,#539,.T.);
#1360=EDGE_CURVE('',#1104,#1105,#540,.T.);
#1361=EDGE_CURVE('',#1105,#1106,#541,.T.);
#1362=EDGE_CURVE('',#1053,#1106,#542,.T.);
#1363=EDGE_CURVE('',#1104,#1052,#543,.T.);
#1364=EDGE_CURVE('',#1107,#1103,#544,.T.);
#1365=EDGE_CURVE('',#1108,#1107,#545,.T.);
#1366=EDGE_CURVE('',#1108,#1057,#546,.T.);
#1367=EDGE_CURVE('',#1026,#1109,#547,.T.);
#1368=EDGE_CURVE('',#1100,#1110,#548,.T.);
#1369=EDGE_CURVE('',#1110,#1106,#549,.T.);
#1370=EDGE_CURVE('',#1109,#1105,#550,.T.);
#1371=EDGE_CURVE('',#1094,#1111,#551,.T.);
#1372=EDGE_CURVE('',#1111,#1107,#552,.T.);
#1373=EDGE_CURVE('',#1096,#1101,#553,.T.);
#1374=EDGE_CURVE('',#1112,#1113,#554,.T.);
#1375=EDGE_CURVE('',#1113,#1114,#555,.F.);
#1376=EDGE_CURVE('',#1114,#1115,#556,.T.);
#1377=EDGE_CURVE('',#1116,#1115,#557,.F.);
#1378=EDGE_CURVE('',#1117,#1116,#558,.F.);
#1379=EDGE_CURVE('',#1117,#1118,#559,.F.);
#1380=EDGE_CURVE('',#1119,#1118,#560,.T.);
#1381=EDGE_CURVE('',#1112,#1119,#561,.F.);
#1382=EDGE_CURVE('',#1120,#1120,#80,.T.);
#1383=EDGE_CURVE('',#1121,#1121,#81,.F.);
#1384=EDGE_CURVE('',#1122,#1123,#562,.T.);
#1385=EDGE_CURVE('',#1124,#1123,#82,.T.);
#1386=EDGE_CURVE('',#1124,#1125,#563,.T.);
#1387=EDGE_CURVE('',#1126,#1125,#83,.T.);
#1388=EDGE_CURVE('',#1127,#1126,#564,.T.);
#1389=EDGE_CURVE('',#1128,#1127,#84,.T.);
#1390=EDGE_CURVE('',#1129,#1128,#565,.T.);
#1391=EDGE_CURVE('',#1122,#1129,#85,.T.);
#1392=EDGE_CURVE('',#1130,#1130,#86,.T.);
#1393=EDGE_CURVE('',#1131,#1131,#87,.T.);
#1394=EDGE_CURVE('',#1132,#1132,#88,.F.);
#1395=EDGE_CURVE('',#1133,#1133,#89,.T.);
#1396=EDGE_CURVE('',#1084,#1134,#566,.T.);
#1397=EDGE_CURVE('',#1135,#1083,#567,.T.);
#1398=EDGE_CURVE('',#1135,#1035,#568,.T.);
#1399=EDGE_CURVE('',#1034,#1136,#569,.T.);
#1400=EDGE_CURVE('',#1134,#1136,#570,.T.);
#1401=EDGE_CURVE('',#1137,#1138,#571,.T.);
#1402=EDGE_CURVE('',#1137,#1139,#572,.T.);
#1403=EDGE_CURVE('',#1140,#1139,#573,.T.);
#1404=EDGE_CURVE('',#1140,#1134,#574,.T.);
#1405=EDGE_CURVE('',#1136,#1141,#575,.T.);
#1406=EDGE_CURVE('',#1141,#1138,#576,.T.);
#1407=EDGE_CURVE('',#1142,#1135,#577,.T.);
#1408=EDGE_CURVE('',#1142,#1143,#578,.T.);
#1409=EDGE_CURVE('',#1144,#1143,#579,.T.);
#1410=EDGE_CURVE('',#1145,#1144,#580,.T.);
#1411=EDGE_CURVE('',#1145,#1146,#581,.T.);
#1412=EDGE_CURVE('',#1146,#1036,#582,.T.);
#1413=EDGE_CURVE('',#1081,#1147,#583,.T.);
#1414=EDGE_CURVE('',#1147,#1148,#584,.T.);
#1415=EDGE_CURVE('',#1082,#1148,#585,.T.);
#1416=EDGE_CURVE('',#1143,#1080,#586,.T.);
#1417=EDGE_CURVE('',#1144,#1079,#587,.T.);
#1418=EDGE_CURVE('',#1149,#1149,#90,.T.);
#1419=EDGE_CURVE('',#1150,#1150,#91,.T.);
#1420=EDGE_CURVE('',#1121,#1149,#588,.T.);
#1421=EDGE_CURVE('',#1151,#1152,#589,.T.);
#1422=EDGE_CURVE('',#1153,#1151,#590,.T.);
#1423=EDGE_CURVE('',#1154,#1153,#591,.T.);
#1424=EDGE_CURVE('',#1155,#1154,#92,.T.);
#1425=EDGE_CURVE('',#1154,#1155,#93,.T.);
#1426=EDGE_CURVE('',#1154,#1156,#592,.T.);
#1427=EDGE_CURVE('',#1156,#1152,#593,.T.);
#1428=EDGE_CURVE('',#1157,#1157,#94,.T.);
#1429=EDGE_CURVE('',#1158,#1158,#95,.T.);
#1430=EDGE_CURVE('',#1159,#1159,#96,.T.);
#1431=EDGE_CURVE('',#1160,#1160,#97,.F.);
#1432=EDGE_CURVE('',#1161,#1161,#98,.T.);
#1433=EDGE_CURVE('',#1162,#1162,#99,.T.);
#1434=EDGE_CURVE('',#1119,#1066,#594,.T.);
#1435=EDGE_CURVE('',#1118,#1067,#595,.T.);
#1436=EDGE_CURVE('',#1155,#1162,#596,.T.);
#1437=EDGE_CURVE('',#1163,#1163,#100,.T.);
#1438=EDGE_CURVE('',#1164,#1164,#101,.T.);
#1439=EDGE_CURVE('',#1161,#1164,#597,.T.);
#1440=EDGE_CURVE('',#1160,#1163,#598,.T.);
#1441=EDGE_CURVE('',#1150,#1159,#599,.T.);
#1442=EDGE_CURVE('',#1165,#1032,#600,.T.);
#1443=EDGE_CURVE('',#1099,#1165,#601,.T.);
#1444=EDGE_CURVE('',#1166,#1098,#602,.T.);
#1445=EDGE_CURVE('',#1166,#1138,#603,.T.);
#1446=EDGE_CURVE('',#1141,#1033,#604,.T.);
#1447=EDGE_CURVE('',#1104,#1153,#605,.T.);
#1448=EDGE_CURVE('',#1086,#1104,#606,.T.);
#1449=EDGE_CURVE('',#1085,#1140,#607,.T.);
#1450=EDGE_CURVE('',#1140,#1156,#608,.T.);
#1451=EDGE_CURVE('',#1137,#1151,#609,.T.);
#1452=EDGE_CURVE('',#1139,#1152,#610,.T.);
#1453=EDGE_CURVE('',#1117,#1167,#611,.T.);
#1454=EDGE_CURVE('',#1068,#1167,#612,.F.);
#1455=EDGE_CURVE('',#1168,#1167,#613,.T.);
#1456=EDGE_CURVE('',#1116,#1168,#614,.F.);
#1457=EDGE_CURVE('',#1069,#1168,#615,.F.);
#1458=EDGE_CURVE('',#1158,#1120,#616,.T.);
#1459=EDGE_CURVE('',#1080,#1169,#617,.T.);
#1460=EDGE_CURVE('',#1169,#1147,#618,.T.);
#1461=EDGE_CURVE('',#1170,#1170,#102,.T.);
#1462=EDGE_CURVE('',#1148,#1171,#619,.T.);
#1463=EDGE_CURVE('',#1142,#1171,#620,.T.);
#1464=EDGE_CURVE('',#1172,#1172,#103,.T.);
#1465=EDGE_CURVE('',#1171,#1169,#621,.T.);
#1466=EDGE_CURVE('',#1173,#1174,#622,.T.);
#1467=EDGE_CURVE('',#1174,#1175,#623,.T.);
#1468=EDGE_CURVE('',#1175,#1176,#624,.T.);
#1469=EDGE_CURVE('',#1176,#1173,#625,.T.);
#1470=EDGE_CURVE('',#1148,#1176,#626,.F.);
#1471=EDGE_CURVE('',#1173,#1147,#627,.T.);
#1472=EDGE_CURVE('',#1174,#1169,#628,.T.);
#1473=EDGE_CURVE('',#1171,#1175,#629,.T.);
#1474=EDGE_CURVE('',#1172,#1170,#630,.T.);
#1475=EDGE_CURVE('',#1065,#1177,#631,.F.);
#1476=EDGE_CURVE('',#1112,#1177,#632,.F.);
#1477=EDGE_CURVE('',#1178,#1177,#633,.F.);
#1478=EDGE_CURVE('',#1113,#1178,#634,.T.);
#1479=EDGE_CURVE('',#1063,#1178,#635,.F.);
#1480=EDGE_CURVE('',#1110,#1165,#636,.T.);
#1481=EDGE_CURVE('',#1109,#1166,#637,.T.);
#1482=EDGE_CURVE('',#1157,#1133,#638,.T.);
#1483=EDGE_CURVE('',#1075,#1179,#639,.T.);
#1484=EDGE_CURVE('',#1179,#1180,#640,.T.);
#1485=EDGE_CURVE('',#1037,#1180,#641,.T.);
#1486=EDGE_CURVE('',#1146,#1076,#642,.T.);
#1487=EDGE_CURVE('',#1181,#1182,#643,.T.);
#1488=EDGE_CURVE('',#1183,#1181,#644,.T.);
#1489=EDGE_CURVE('',#1180,#1183,#645,.T.);
#1490=EDGE_CURVE('',#1184,#1179,#646,.T.);
#1491=EDGE_CURVE('',#1184,#1185,#647,.T.);
#1492=EDGE_CURVE('',#1182,#1185,#648,.T.);
#1493=EDGE_CURVE('',#1077,#1186,#649,.T.);
#1494=EDGE_CURVE('',#1187,#1186,#650,.T.);
#1495=EDGE_CURVE('',#1078,#1187,#651,.T.);
#1496=EDGE_CURVE('',#1188,#1188,#104,.T.);
#1497=EDGE_CURVE('',#1189,#1189,#105,.T.);
#1498=EDGE_CURVE('',#1132,#1188,#652,.T.);
#1499=EDGE_CURVE('',#1190,#1191,#653,.T.);
#1500=EDGE_CURVE('',#1192,#1191,#654,.T.);
#1501=EDGE_CURVE('',#1193,#1192,#655,.T.);
#1502=EDGE_CURVE('',#1193,#1194,#106,.T.);
#1503=EDGE_CURVE('',#1194,#1193,#107,.T.);
#1504=EDGE_CURVE('',#1193,#1195,#656,.T.);
#1505=EDGE_CURVE('',#1195,#1190,#657,.T.);
#1506=EDGE_CURVE('',#1196,#1196,#108,.T.);
#1507=EDGE_CURVE('',#1197,#1197,#109,.T.);
#1508=EDGE_CURVE('',#1198,#1198,#110,.T.);
#1509=EDGE_CURVE('',#1199,#1199,#111,.F.);
#1510=EDGE_CURVE('',#1200,#1200,#112,.T.);
#1511=EDGE_CURVE('',#1201,#1201,#113,.T.);
#1512=EDGE_CURVE('',#1115,#1070,#658,.T.);
#1513=EDGE_CURVE('',#1114,#1064,#659,.T.);
#1514=EDGE_CURVE('',#1194,#1201,#660,.T.);
#1515=EDGE_CURVE('',#1202,#1202,#114,.T.);
#1516=EDGE_CURVE('',#1203,#1203,#115,.T.);
#1517=EDGE_CURVE('',#1200,#1203,#661,.T.);
#1518=EDGE_CURVE('',#1199,#1202,#662,.T.);
#1519=EDGE_CURVE('',#1189,#1198,#663,.T.);
#1520=EDGE_CURVE('',#1183,#1038,#664,.T.);
#1521=EDGE_CURVE('',#1204,#1181,#665,.T.);
#1522=EDGE_CURVE('',#1204,#1097,#666,.T.);
#1523=EDGE_CURVE('',#1095,#1102,#667,.T.);
#1524=EDGE_CURVE('',#1184,#1192,#668,.T.);
#1525=EDGE_CURVE('',#1074,#1184,#669,.T.);
#1526=EDGE_CURVE('',#1073,#1108,#670,.T.);
#1527=EDGE_CURVE('',#1108,#1195,#671,.T.);
#1528=EDGE_CURVE('',#1185,#1191,#672,.T.);
#1529=EDGE_CURVE('',#1182,#1190,#673,.T.);
#1530=EDGE_CURVE('',#1197,#1131,#674,.T.);
#1531=EDGE_CURVE('',#1079,#1205,#675,.T.);
#1532=EDGE_CURVE('',#1205,#1187,#676,.T.);
#1533=EDGE_CURVE('',#1206,#1206,#116,.T.);
#1534=EDGE_CURVE('',#1207,#1208,#677,.T.);
#1535=EDGE_CURVE('',#1209,#1207,#678,.T.);
#1536=EDGE_CURVE('',#1210,#1209,#679,.T.);
#1537=EDGE_CURVE('',#1208,#1210,#680,.T.);
#1538=EDGE_CURVE('',#1145,#1211,#681,.T.);
#1539=EDGE_CURVE('',#1211,#1205,#682,.T.);
#1540=EDGE_CURVE('',#1186,#1211,#683,.T.);
#1541=EDGE_CURVE('',#1212,#1212,#117,.T.);
#1542=EDGE_CURVE('',#1186,#1209,#684,.F.);
#1543=EDGE_CURVE('',#1207,#1187,#685,.T.);
#1544=EDGE_CURVE('',#1208,#1205,#686,.T.);
#1545=EDGE_CURVE('',#1211,#1210,#687,.T.);
#1546=EDGE_CURVE('',#1212,#1206,#688,.T.);
#1547=EDGE_CURVE('',#1204,#1111,#689,.T.);
#1548=EDGE_CURVE('',#1196,#1130,#690,.T.);
#1549=EDGE_CURVE('',#1043,#1123,#691,.T.);
#1550=EDGE_CURVE('',#1045,#1122,#692,.T.);
#1551=EDGE_CURVE('',#1046,#1129,#693,.T.);
#1552=EDGE_CURVE('',#1047,#1128,#694,.T.);
#1553=EDGE_CURVE('',#1048,#1127,#695,.T.);
#1554=EDGE_CURVE('',#1049,#1126,#696,.T.);
#1555=EDGE_CURVE('',#1050,#1125,#697,.T.);
#1556=EDGE_CURVE('',#1044,#1124,#698,.T.);
#1557=ORIENTED_EDGE('',*,*,#1213,.T.);
#1558=ORIENTED_EDGE('',*,*,#1214,.T.);
#1559=ORIENTED_EDGE('',*,*,#1215,.T.);
#1560=ORIENTED_EDGE('',*,*,#1216,.F.);
#1561=ORIENTED_EDGE('',*,*,#1217,.T.);
#1562=ORIENTED_EDGE('',*,*,#1218,.T.);
#1563=ORIENTED_EDGE('',*,*,#1219,.T.);
#1564=ORIENTED_EDGE('',*,*,#1214,.F.);
#1565=ORIENTED_EDGE('',*,*,#1220,.T.);
#1566=ORIENTED_EDGE('',*,*,#1221,.T.);
#1567=ORIENTED_EDGE('',*,*,#1222,.T.);
#1568=ORIENTED_EDGE('',*,*,#1218,.F.);
#1569=ORIENTED_EDGE('',*,*,#1223,.T.);
#1570=ORIENTED_EDGE('',*,*,#1221,.F.);
#1571=ORIENTED_EDGE('',*,*,#1224,.T.);
#1572=ORIENTED_EDGE('',*,*,#1216,.T.);
#1573=ORIENTED_EDGE('',*,*,#1223,.F.);
#1574=ORIENTED_EDGE('',*,*,#1225,.F.);
#1575=ORIENTED_EDGE('',*,*,#1226,.T.);
#1576=ORIENTED_EDGE('',*,*,#1227,.T.);
#1577=ORIENTED_EDGE('',*,*,#1228,.T.);
#1578=ORIENTED_EDGE('',*,*,#1215,.F.);
#1579=ORIENTED_EDGE('',*,*,#1229,.T.);
#1580=ORIENTED_EDGE('',*,*,#1230,.F.);
#1581=ORIENTED_EDGE('',*,*,#1231,.F.);
#1582=ORIENTED_EDGE('',*,*,#1232,.F.);
#1583=ORIENTED_EDGE('',*,*,#1225,.T.);
#1584=ORIENTED_EDGE('',*,*,#1213,.F.);
#1585=ORIENTED_EDGE('',*,*,#1224,.F.);
#1586=ORIENTED_EDGE('',*,*,#1220,.F.);
#1587=ORIENTED_EDGE('',*,*,#1217,.F.);
#1588=ORIENTED_EDGE('',*,*,#1233,.T.);
#1589=ORIENTED_EDGE('',*,*,#1234,.T.);
#1590=ORIENTED_EDGE('',*,*,#1235,.T.);
#1591=ORIENTED_EDGE('',*,*,#1236,.F.);
#1592=ORIENTED_EDGE('',*,*,#1237,.T.);
#1593=ORIENTED_EDGE('',*,*,#1238,.T.);
#1594=ORIENTED_EDGE('',*,*,#1239,.T.);
#1595=ORIENTED_EDGE('',*,*,#1234,.F.);
#1596=ORIENTED_EDGE('',*,*,#1240,.T.);
#1597=ORIENTED_EDGE('',*,*,#1241,.T.);
#1598=ORIENTED_EDGE('',*,*,#1242,.T.);
#1599=ORIENTED_EDGE('',*,*,#1238,.F.);
#1600=ORIENTED_EDGE('',*,*,#1243,.T.);
#1601=ORIENTED_EDGE('',*,*,#1241,.F.);
#1602=ORIENTED_EDGE('',*,*,#1244,.T.);
#1603=ORIENTED_EDGE('',*,*,#1236,.T.);
#1604=ORIENTED_EDGE('',*,*,#1243,.F.);
#1605=ORIENTED_EDGE('',*,*,#1245,.F.);
#1606=ORIENTED_EDGE('',*,*,#1246,.T.);
#1607=ORIENTED_EDGE('',*,*,#1247,.F.);
#1608=ORIENTED_EDGE('',*,*,#1235,.F.);
#1609=ORIENTED_EDGE('',*,*,#1248,.F.);
#1610=ORIENTED_EDGE('',*,*,#1249,.F.);
#1611=ORIENTED_EDGE('',*,*,#1250,.F.);
#1612=ORIENTED_EDGE('',*,*,#1251,.T.);
#1613=ORIENTED_EDGE('',*,*,#1245,.T.);
#1614=ORIENTED_EDGE('',*,*,#1252,.T.);
#1615=ORIENTED_EDGE('',*,*,#1233,.F.);
#1616=ORIENTED_EDGE('',*,*,#1244,.F.);
#1617=ORIENTED_EDGE('',*,*,#1240,.F.);
#1618=ORIENTED_EDGE('',*,*,#1237,.F.);
#1619=ORIENTED_EDGE('',*,*,#1253,.F.);
#1620=ORIENTED_EDGE('',*,*,#1254,.T.);
#1621=ORIENTED_EDGE('',*,*,#1252,.F.);
#1622=ORIENTED_EDGE('',*,*,#1254,.F.);
#1623=ORIENTED_EDGE('',*,*,#1228,.F.);
#1624=ORIENTED_EDGE('',*,*,#1255,.T.);
#1625=ORIENTED_EDGE('',*,*,#1256,.F.);
#1626=ORIENTED_EDGE('',*,*,#1255,.F.);
#1627=ORIENTED_EDGE('',*,*,#1257,.T.);
#1628=ORIENTED_EDGE('',*,*,#1258,.F.);
#1629=ORIENTED_EDGE('',*,*,#1259,.T.);
#1630=ORIENTED_EDGE('',*,*,#1260,.T.);
#1631=ORIENTED_EDGE('',*,*,#1242,.F.);
#1632=ORIENTED_EDGE('',*,*,#1247,.T.);
#1633=ORIENTED_EDGE('',*,*,#1261,.F.);
#1634=ORIENTED_EDGE('',*,*,#1262,.T.);
#1635=ORIENTED_EDGE('',*,*,#1253,.T.);
#1636=ORIENTED_EDGE('',*,*,#1239,.F.);
#1637=ORIENTED_EDGE('',*,*,#1262,.F.);
#1638=ORIENTED_EDGE('',*,*,#1263,.F.);
#1639=ORIENTED_EDGE('',*,*,#1264,.F.);
#1640=ORIENTED_EDGE('',*,*,#1265,.F.);
#1641=ORIENTED_EDGE('',*,*,#1248,.T.);
#1642=ORIENTED_EDGE('',*,*,#1249,.T.);
#1643=ORIENTED_EDGE('',*,*,#1265,.T.);
#1644=ORIENTED_EDGE('',*,*,#1266,.T.);
#1645=ORIENTED_EDGE('',*,*,#1267,.T.);
#1646=ORIENTED_EDGE('',*,*,#1268,.T.);
#1647=ORIENTED_EDGE('',*,*,#1269,.F.);
#1648=ORIENTED_EDGE('',*,*,#1270,.F.);
#1649=ORIENTED_EDGE('',*,*,#1271,.F.);
#1650=ORIENTED_EDGE('',*,*,#1272,.F.);
#1651=ORIENTED_EDGE('',*,*,#1273,.T.);
#1652=ORIENTED_EDGE('',*,*,#1274,.T.);
#1653=ORIENTED_EDGE('',*,*,#1275,.T.);
#1654=ORIENTED_EDGE('',*,*,#1276,.F.);
#1655=ORIENTED_EDGE('',*,*,#1277,.F.);
#1656=ORIENTED_EDGE('',*,*,#1278,.T.);
#1657=ORIENTED_EDGE('',*,*,#1230,.T.);
#1658=ORIENTED_EDGE('',*,*,#1279,.T.);
#1659=ORIENTED_EDGE('',*,*,#1280,.T.);
#1660=ORIENTED_EDGE('',*,*,#1281,.F.);
#1661=ORIENTED_EDGE('',*,*,#1282,.T.);
#1662=ORIENTED_EDGE('',*,*,#1283,.F.);
#1663=ORIENTED_EDGE('',*,*,#1284,.F.);
#1664=ORIENTED_EDGE('',*,*,#1285,.F.);
#1665=ORIENTED_EDGE('',*,*,#1286,.F.);
#1666=ORIENTED_EDGE('',*,*,#1287,.F.);
#1667=ORIENTED_EDGE('',*,*,#1288,.T.);
#1668=ORIENTED_EDGE('',*,*,#1264,.T.);
#1669=ORIENTED_EDGE('',*,*,#1289,.T.);
#1670=ORIENTED_EDGE('',*,*,#1266,.F.);
#1671=ORIENTED_EDGE('',*,*,#1263,.T.);
#1672=ORIENTED_EDGE('',*,*,#1290,.F.);
#1673=ORIENTED_EDGE('',*,*,#1291,.T.);
#1674=ORIENTED_EDGE('',*,*,#1292,.T.);
#1675=ORIENTED_EDGE('',*,*,#1293,.F.);
#1676=ORIENTED_EDGE('',*,*,#1267,.F.);
#1677=ORIENTED_EDGE('',*,*,#1289,.F.);
#1678=ORIENTED_EDGE('',*,*,#1219,.F.);
#1679=ORIENTED_EDGE('',*,*,#1294,.F.);
#1680=ORIENTED_EDGE('',*,*,#1295,.F.);
#1681=ORIENTED_EDGE('',*,*,#1296,.F.);
#1682=ORIENTED_EDGE('',*,*,#1279,.F.);
#1683=ORIENTED_EDGE('',*,*,#1229,.F.);
#1684=ORIENTED_EDGE('',*,*,#1256,.T.);
#1685=ORIENTED_EDGE('',*,*,#1222,.F.);
#1686=ORIENTED_EDGE('',*,*,#1227,.F.);
#1687=ORIENTED_EDGE('',*,*,#1297,.T.);
#1688=ORIENTED_EDGE('',*,*,#1294,.T.);
#1689=ORIENTED_EDGE('',*,*,#1232,.T.);
#1690=ORIENTED_EDGE('',*,*,#1298,.T.);
#1691=ORIENTED_EDGE('',*,*,#1277,.T.);
#1692=ORIENTED_EDGE('',*,*,#1299,.T.);
#1693=ORIENTED_EDGE('',*,*,#1300,.F.);
#1694=ORIENTED_EDGE('',*,*,#1301,.F.);
#1695=ORIENTED_EDGE('',*,*,#1302,.T.);
#1696=ORIENTED_EDGE('',*,*,#1231,.T.);
#1697=ORIENTED_EDGE('',*,*,#1278,.F.);
#1698=ORIENTED_EDGE('',*,*,#1298,.F.);
#1699=ORIENTED_EDGE('',*,*,#1303,.T.);
#1700=ORIENTED_EDGE('',*,*,#1250,.T.);
#1701=ORIENTED_EDGE('',*,*,#1280,.F.);
#1702=ORIENTED_EDGE('',*,*,#1296,.T.);
#1703=ORIENTED_EDGE('',*,*,#1304,.T.);
#1704=ORIENTED_EDGE('',*,*,#1305,.F.);
#1705=ORIENTED_EDGE('',*,*,#1306,.T.);
#1706=ORIENTED_EDGE('',*,*,#1307,.T.);
#1707=ORIENTED_EDGE('',*,*,#1308,.F.);
#1708=ORIENTED_EDGE('',*,*,#1258,.T.);
#1709=ORIENTED_EDGE('',*,*,#1309,.F.);
#1710=ORIENTED_EDGE('',*,*,#1310,.T.);
#1711=ORIENTED_EDGE('',*,*,#1311,.T.);
#1712=ORIENTED_EDGE('',*,*,#1312,.F.);
#1713=ORIENTED_EDGE('',*,*,#1313,.F.);
#1714=ORIENTED_EDGE('',*,*,#1314,.F.);
#1715=ORIENTED_EDGE('',*,*,#1315,.T.);
#1716=ORIENTED_EDGE('',*,*,#1316,.T.);
#1717=ORIENTED_EDGE('',*,*,#1317,.T.);
#1718=ORIENTED_EDGE('',*,*,#1318,.F.);
#1719=ORIENTED_EDGE('',*,*,#1297,.F.);
#1720=ORIENTED_EDGE('',*,*,#1226,.F.);
#1721=ORIENTED_EDGE('',*,*,#1302,.F.);
#1722=ORIENTED_EDGE('',*,*,#1319,.T.);
#1723=ORIENTED_EDGE('',*,*,#1320,.F.);
#1724=ORIENTED_EDGE('',*,*,#1321,.F.);
#1725=ORIENTED_EDGE('',*,*,#1322,.T.);
#1726=ORIENTED_EDGE('',*,*,#1323,.F.);
#1727=ORIENTED_EDGE('',*,*,#1324,.F.);
#1728=ORIENTED_EDGE('',*,*,#1325,.F.);
#1729=ORIENTED_EDGE('',*,*,#1326,.T.);
#1730=ORIENTED_EDGE('',*,*,#1327,.T.);
#1731=ORIENTED_EDGE('',*,*,#1328,.T.);
#1732=ORIENTED_EDGE('',*,*,#1329,.T.);
#1733=ORIENTED_EDGE('',*,*,#1330,.F.);
#1734=ORIENTED_EDGE('',*,*,#1331,.T.);
#1735=ORIENTED_EDGE('',*,*,#1332,.T.);
#1736=ORIENTED_EDGE('',*,*,#1333,.F.);
#1737=ORIENTED_EDGE('',*,*,#1290,.T.);
#1738=ORIENTED_EDGE('',*,*,#1261,.T.);
#1739=ORIENTED_EDGE('',*,*,#1246,.F.);
#1740=ORIENTED_EDGE('',*,*,#1334,.T.);
#1741=ORIENTED_EDGE('',*,*,#1335,.T.);
#1742=ORIENTED_EDGE('',*,*,#1336,.T.);
#1743=ORIENTED_EDGE('',*,*,#1317,.F.);
#1744=ORIENTED_EDGE('',*,*,#1337,.T.);
#1745=ORIENTED_EDGE('',*,*,#1338,.T.);
#1746=ORIENTED_EDGE('',*,*,#1339,.F.);
#1747=ORIENTED_EDGE('',*,*,#1336,.F.);
#1748=ORIENTED_EDGE('',*,*,#1340,.T.);
#1749=ORIENTED_EDGE('',*,*,#1341,.T.);
#1750=ORIENTED_EDGE('',*,*,#1337,.F.);
#1751=ORIENTED_EDGE('',*,*,#1318,.T.);
#1752=ORIENTED_EDGE('',*,*,#1339,.T.);
#1753=ORIENTED_EDGE('',*,*,#1342,.T.);
#1754=ORIENTED_EDGE('',*,*,#1343,.F.);
#1755=ORIENTED_EDGE('',*,*,#1304,.F.);
#1756=ORIENTED_EDGE('',*,*,#1295,.T.);
#1757=ORIENTED_EDGE('',*,*,#1335,.F.);
#1758=ORIENTED_EDGE('',*,*,#1344,.T.);
#1759=ORIENTED_EDGE('',*,*,#1345,.T.);
#1760=ORIENTED_EDGE('',*,*,#1340,.F.);
#1761=ORIENTED_EDGE('',*,*,#1334,.F.);
#1762=ORIENTED_EDGE('',*,*,#1251,.F.);
#1763=ORIENTED_EDGE('',*,*,#1303,.F.);
#1764=ORIENTED_EDGE('',*,*,#1257,.F.);
#1765=ORIENTED_EDGE('',*,*,#1346,.T.);
#1766=ORIENTED_EDGE('',*,*,#1344,.F.);
#1767=ORIENTED_EDGE('',*,*,#1343,.T.);
#1768=ORIENTED_EDGE('',*,*,#1347,.T.);
#1769=ORIENTED_EDGE('',*,*,#1348,.F.);
#1770=ORIENTED_EDGE('',*,*,#1305,.T.);
#1771=ORIENTED_EDGE('',*,*,#1349,.F.);
#1772=ORIENTED_EDGE('',*,*,#1350,.T.);
#1773=ORIENTED_EDGE('',*,*,#1351,.T.);
#1774=ORIENTED_EDGE('',*,*,#1352,.F.);
#1775=ORIENTED_EDGE('',*,*,#1353,.T.);
#1776=ORIENTED_EDGE('',*,*,#1354,.F.);
#1777=ORIENTED_EDGE('',*,*,#1307,.F.);
#1778=ORIENTED_EDGE('',*,*,#1355,.T.);
#1779=ORIENTED_EDGE('',*,*,#1356,.F.);
#1780=ORIENTED_EDGE('',*,*,#1357,.T.);
#1781=ORIENTED_EDGE('',*,*,#1358,.F.);
#1782=ORIENTED_EDGE('',*,*,#1299,.F.);
#1783=ORIENTED_EDGE('',*,*,#1276,.T.);
#1784=ORIENTED_EDGE('',*,*,#1359,.F.);
#1785=ORIENTED_EDGE('',*,*,#1360,.T.);
#1786=ORIENTED_EDGE('',*,*,#1361,.T.);
#1787=ORIENTED_EDGE('',*,*,#1362,.F.);
#1788=ORIENTED_EDGE('',*,*,#1292,.F.);
#1789=ORIENTED_EDGE('',*,*,#1363,.F.);
#1790=ORIENTED_EDGE('',*,*,#1364,.F.);
#1791=ORIENTED_EDGE('',*,*,#1365,.F.);
#1792=ORIENTED_EDGE('',*,*,#1366,.T.);
#1793=ORIENTED_EDGE('',*,*,#1300,.T.);
#1794=ORIENTED_EDGE('',*,*,#1358,.T.);
#1795=ORIENTED_EDGE('',*,*,#1367,.F.);
#1796=ORIENTED_EDGE('',*,*,#1259,.F.);
#1797=ORIENTED_EDGE('',*,*,#1308,.T.);
#1798=ORIENTED_EDGE('',*,*,#1354,.T.);
#1799=ORIENTED_EDGE('',*,*,#1368,.T.);
#1800=ORIENTED_EDGE('',*,*,#1369,.T.);
#1801=ORIENTED_EDGE('',*,*,#1361,.F.);
#1802=ORIENTED_EDGE('',*,*,#1370,.F.);
#1803=ORIENTED_EDGE('',*,*,#1348,.T.);
#1804=ORIENTED_EDGE('',*,*,#1371,.T.);
#1805=ORIENTED_EDGE('',*,*,#1372,.T.);
#1806=ORIENTED_EDGE('',*,*,#1364,.T.);
#1807=ORIENTED_EDGE('',*,*,#1357,.F.);
#1808=ORIENTED_EDGE('',*,*,#1373,.F.);
#1809=ORIENTED_EDGE('',*,*,#1355,.F.);
#1810=ORIENTED_EDGE('',*,*,#1306,.F.);
#1811=ORIENTED_EDGE('',*,*,#1374,.T.);
#1812=ORIENTED_EDGE('',*,*,#1375,.T.);
#1813=ORIENTED_EDGE('',*,*,#1376,.T.);
#1814=ORIENTED_EDGE('',*,*,#1377,.F.);
#1815=ORIENTED_EDGE('',*,*,#1378,.F.);
#1816=ORIENTED_EDGE('',*,*,#1379,.T.);
#1817=ORIENTED_EDGE('',*,*,#1380,.F.);
#1818=ORIENTED_EDGE('',*,*,#1381,.F.);
#1819=ORIENTED_EDGE('',*,*,#1382,.F.);
#1820=ORIENTED_EDGE('',*,*,#1383,.F.);
#1821=ORIENTED_EDGE('',*,*,#1384,.T.);
#1822=ORIENTED_EDGE('',*,*,#1385,.F.);
#1823=ORIENTED_EDGE('',*,*,#1386,.T.);
#1824=ORIENTED_EDGE('',*,*,#1387,.F.);
#1825=ORIENTED_EDGE('',*,*,#1388,.F.);
#1826=ORIENTED_EDGE('',*,*,#1389,.F.);
#1827=ORIENTED_EDGE('',*,*,#1390,.F.);
#1828=ORIENTED_EDGE('',*,*,#1391,.F.);
#1829=ORIENTED_EDGE('',*,*,#1392,.F.);
#1830=ORIENTED_EDGE('',*,*,#1393,.T.);
#1831=ORIENTED_EDGE('',*,*,#1394,.T.);
#1832=ORIENTED_EDGE('',*,*,#1395,.T.);
#1833=ORIENTED_EDGE('',*,*,#1396,.F.);
#1834=ORIENTED_EDGE('',*,*,#1330,.T.);
#1835=ORIENTED_EDGE('',*,*,#1397,.F.);
#1836=ORIENTED_EDGE('',*,*,#1398,.T.);
#1837=ORIENTED_EDGE('',*,*,#1271,.T.);
#1838=ORIENTED_EDGE('',*,*,#1399,.T.);
#1839=ORIENTED_EDGE('',*,*,#1400,.F.);
#1840=ORIENTED_EDGE('',*,*,#1401,.F.);
#1841=ORIENTED_EDGE('',*,*,#1402,.T.);
#1842=ORIENTED_EDGE('',*,*,#1403,.F.);
#1843=ORIENTED_EDGE('',*,*,#1404,.T.);
#1844=ORIENTED_EDGE('',*,*,#1400,.T.);
#1845=ORIENTED_EDGE('',*,*,#1405,.T.);
#1846=ORIENTED_EDGE('',*,*,#1406,.T.);
#1847=ORIENTED_EDGE('',*,*,#1398,.F.);
#1848=ORIENTED_EDGE('',*,*,#1407,.F.);
#1849=ORIENTED_EDGE('',*,*,#1408,.T.);
#1850=ORIENTED_EDGE('',*,*,#1409,.F.);
#1851=ORIENTED_EDGE('',*,*,#1410,.F.);
#1852=ORIENTED_EDGE('',*,*,#1411,.T.);
#1853=ORIENTED_EDGE('',*,*,#1412,.T.);
#1854=ORIENTED_EDGE('',*,*,#1272,.T.);
#1855=ORIENTED_EDGE('',*,*,#1328,.F.);
#1856=ORIENTED_EDGE('',*,*,#1413,.T.);
#1857=ORIENTED_EDGE('',*,*,#1414,.T.);
#1858=ORIENTED_EDGE('',*,*,#1415,.F.);
#1859=ORIENTED_EDGE('',*,*,#1409,.T.);
#1860=ORIENTED_EDGE('',*,*,#1416,.T.);
#1861=ORIENTED_EDGE('',*,*,#1326,.F.);
#1862=ORIENTED_EDGE('',*,*,#1417,.F.);
#1863=ORIENTED_EDGE('',*,*,#1418,.F.);
#1864=ORIENTED_EDGE('',*,*,#1419,.F.);
#1865=ORIENTED_EDGE('',*,*,#1383,.T.);
#1866=ORIENTED_EDGE('',*,*,#1420,.T.);
#1867=ORIENTED_EDGE('',*,*,#1418,.T.);
#1868=ORIENTED_EDGE('',*,*,#1420,.F.);
#1869=ORIENTED_EDGE('',*,*,#1421,.F.);
#1870=ORIENTED_EDGE('',*,*,#1422,.F.);
#1871=ORIENTED_EDGE('',*,*,#1423,.F.);
#1872=ORIENTED_EDGE('',*,*,#1424,.F.);
#1873=ORIENTED_EDGE('',*,*,#1425,.F.);
#1874=ORIENTED_EDGE('',*,*,#1426,.T.);
#1875=ORIENTED_EDGE('',*,*,#1427,.T.);
#1876=ORIENTED_EDGE('',*,*,#1428,.F.);
#1877=ORIENTED_EDGE('',*,*,#1429,.T.);
#1878=ORIENTED_EDGE('',*,*,#1430,.T.);
#1879=ORIENTED_EDGE('',*,*,#1431,.F.);
#1880=ORIENTED_EDGE('',*,*,#1432,.F.);
#1881=ORIENTED_EDGE('',*,*,#1433,.T.);
#1882=ORIENTED_EDGE('',*,*,#1312,.T.);
#1883=ORIENTED_EDGE('',*,*,#1434,.F.);
#1884=ORIENTED_EDGE('',*,*,#1380,.T.);
#1885=ORIENTED_EDGE('',*,*,#1435,.T.);
#1886=ORIENTED_EDGE('',*,*,#1425,.T.);
#1887=ORIENTED_EDGE('',*,*,#1436,.T.);
#1888=ORIENTED_EDGE('',*,*,#1433,.F.);
#1889=ORIENTED_EDGE('',*,*,#1436,.F.);
#1890=ORIENTED_EDGE('',*,*,#1424,.T.);
#1891=ORIENTED_EDGE('',*,*,#1437,.F.);
#1892=ORIENTED_EDGE('',*,*,#1438,.T.);
#1893=ORIENTED_EDGE('',*,*,#1432,.T.);
#1894=ORIENTED_EDGE('',*,*,#1439,.T.);
#1895=ORIENTED_EDGE('',*,*,#1438,.F.);
#1896=ORIENTED_EDGE('',*,*,#1439,.F.);
#1897=ORIENTED_EDGE('',*,*,#1431,.T.);
#1898=ORIENTED_EDGE('',*,*,#1440,.T.);
#1899=ORIENTED_EDGE('',*,*,#1437,.T.);
#1900=ORIENTED_EDGE('',*,*,#1440,.F.);
#1901=ORIENTED_EDGE('',*,*,#1419,.T.);
#1902=ORIENTED_EDGE('',*,*,#1441,.T.);
#1903=ORIENTED_EDGE('',*,*,#1430,.F.);
#1904=ORIENTED_EDGE('',*,*,#1441,.F.);
#1905=ORIENTED_EDGE('',*,*,#1269,.T.);
#1906=ORIENTED_EDGE('',*,*,#1442,.F.);
#1907=ORIENTED_EDGE('',*,*,#1443,.F.);
#1908=ORIENTED_EDGE('',*,*,#1352,.T.);
#1909=ORIENTED_EDGE('',*,*,#1444,.F.);
#1910=ORIENTED_EDGE('',*,*,#1445,.T.);
#1911=ORIENTED_EDGE('',*,*,#1406,.F.);
#1912=ORIENTED_EDGE('',*,*,#1446,.T.);
#1913=ORIENTED_EDGE('',*,*,#1426,.F.);
#1914=ORIENTED_EDGE('',*,*,#1423,.T.);
#1915=ORIENTED_EDGE('',*,*,#1447,.F.);
#1916=ORIENTED_EDGE('',*,*,#1448,.F.);
#1917=ORIENTED_EDGE('',*,*,#1332,.F.);
#1918=ORIENTED_EDGE('',*,*,#1449,.T.);
#1919=ORIENTED_EDGE('',*,*,#1450,.T.);
#1920=ORIENTED_EDGE('',*,*,#1402,.F.);
#1921=ORIENTED_EDGE('',*,*,#1451,.T.);
#1922=ORIENTED_EDGE('',*,*,#1421,.T.);
#1923=ORIENTED_EDGE('',*,*,#1452,.F.);
#1924=ORIENTED_EDGE('',*,*,#1379,.F.);
#1925=ORIENTED_EDGE('',*,*,#1453,.T.);
#1926=ORIENTED_EDGE('',*,*,#1454,.F.);
#1927=ORIENTED_EDGE('',*,*,#1313,.T.);
#1928=ORIENTED_EDGE('',*,*,#1435,.F.);
#1929=ORIENTED_EDGE('',*,*,#1455,.T.);
#1930=ORIENTED_EDGE('',*,*,#1453,.F.);
#1931=ORIENTED_EDGE('',*,*,#1378,.T.);
#1932=ORIENTED_EDGE('',*,*,#1456,.T.);
#1933=ORIENTED_EDGE('',*,*,#1314,.T.);
#1934=ORIENTED_EDGE('',*,*,#1454,.T.);
#1935=ORIENTED_EDGE('',*,*,#1455,.F.);
#1936=ORIENTED_EDGE('',*,*,#1457,.F.);
#1937=ORIENTED_EDGE('',*,*,#1399,.F.);
#1938=ORIENTED_EDGE('',*,*,#1270,.T.);
#1939=ORIENTED_EDGE('',*,*,#1446,.F.);
#1940=ORIENTED_EDGE('',*,*,#1405,.F.);
#1941=ORIENTED_EDGE('',*,*,#1427,.F.);
#1942=ORIENTED_EDGE('',*,*,#1450,.F.);
#1943=ORIENTED_EDGE('',*,*,#1403,.T.);
#1944=ORIENTED_EDGE('',*,*,#1452,.T.);
#1945=ORIENTED_EDGE('',*,*,#1429,.F.);
#1946=ORIENTED_EDGE('',*,*,#1458,.T.);
#1947=ORIENTED_EDGE('',*,*,#1382,.T.);
#1948=ORIENTED_EDGE('',*,*,#1458,.F.);
#1949=ORIENTED_EDGE('',*,*,#1459,.T.);
#1950=ORIENTED_EDGE('',*,*,#1460,.T.);
#1951=ORIENTED_EDGE('',*,*,#1413,.F.);
#1952=ORIENTED_EDGE('',*,*,#1327,.F.);
#1953=ORIENTED_EDGE('',*,*,#1461,.F.);
#1954=ORIENTED_EDGE('',*,*,#1407,.T.);
#1955=ORIENTED_EDGE('',*,*,#1397,.T.);
#1956=ORIENTED_EDGE('',*,*,#1329,.F.);
#1957=ORIENTED_EDGE('',*,*,#1415,.T.);
#1958=ORIENTED_EDGE('',*,*,#1462,.T.);
#1959=ORIENTED_EDGE('',*,*,#1463,.F.);
#1960=ORIENTED_EDGE('',*,*,#1464,.T.);
#1961=ORIENTED_EDGE('',*,*,#1463,.T.);
#1962=ORIENTED_EDGE('',*,*,#1465,.T.);
#1963=ORIENTED_EDGE('',*,*,#1459,.F.);
#1964=ORIENTED_EDGE('',*,*,#1416,.F.);
#1965=ORIENTED_EDGE('',*,*,#1408,.F.);
#1966=ORIENTED_EDGE('',*,*,#1466,.T.);
#1967=ORIENTED_EDGE('',*,*,#1467,.T.);
#1968=ORIENTED_EDGE('',*,*,#1468,.T.);
#1969=ORIENTED_EDGE('',*,*,#1469,.T.);
#1970=ORIENTED_EDGE('',*,*,#1470,.F.);
#1971=ORIENTED_EDGE('',*,*,#1414,.F.);
#1972=ORIENTED_EDGE('',*,*,#1471,.F.);
#1973=ORIENTED_EDGE('',*,*,#1469,.F.);
#1974=ORIENTED_EDGE('',*,*,#1471,.T.);
#1975=ORIENTED_EDGE('',*,*,#1460,.F.);
#1976=ORIENTED_EDGE('',*,*,#1472,.F.);
#1977=ORIENTED_EDGE('',*,*,#1466,.F.);
#1978=ORIENTED_EDGE('',*,*,#1470,.T.);
#1979=ORIENTED_EDGE('',*,*,#1468,.F.);
#1980=ORIENTED_EDGE('',*,*,#1473,.F.);
#1981=ORIENTED_EDGE('',*,*,#1462,.F.);
#1982=ORIENTED_EDGE('',*,*,#1472,.T.);
#1983=ORIENTED_EDGE('',*,*,#1465,.F.);
#1984=ORIENTED_EDGE('',*,*,#1473,.T.);
#1985=ORIENTED_EDGE('',*,*,#1467,.F.);
#1986=ORIENTED_EDGE('',*,*,#1464,.F.);
#1987=ORIENTED_EDGE('',*,*,#1474,.T.);
#1988=ORIENTED_EDGE('',*,*,#1461,.T.);
#1989=ORIENTED_EDGE('',*,*,#1474,.F.);
#1990=ORIENTED_EDGE('',*,*,#1381,.T.);
#1991=ORIENTED_EDGE('',*,*,#1434,.T.);
#1992=ORIENTED_EDGE('',*,*,#1311,.F.);
#1993=ORIENTED_EDGE('',*,*,#1475,.T.);
#1994=ORIENTED_EDGE('',*,*,#1476,.F.);
#1995=ORIENTED_EDGE('',*,*,#1477,.F.);
#1996=ORIENTED_EDGE('',*,*,#1478,.F.);
#1997=ORIENTED_EDGE('',*,*,#1374,.F.);
#1998=ORIENTED_EDGE('',*,*,#1476,.T.);
#1999=ORIENTED_EDGE('',*,*,#1475,.F.);
#2000=ORIENTED_EDGE('',*,*,#1310,.F.);
#2001=ORIENTED_EDGE('',*,*,#1479,.T.);
#2002=ORIENTED_EDGE('',*,*,#1477,.T.);
#2003=ORIENTED_EDGE('',*,*,#1369,.F.);
#2004=ORIENTED_EDGE('',*,*,#1480,.T.);
#2005=ORIENTED_EDGE('',*,*,#1442,.T.);
#2006=ORIENTED_EDGE('',*,*,#1268,.F.);
#2007=ORIENTED_EDGE('',*,*,#1293,.T.);
#2008=ORIENTED_EDGE('',*,*,#1362,.T.);
#2009=ORIENTED_EDGE('',*,*,#1422,.T.);
#2010=ORIENTED_EDGE('',*,*,#1451,.F.);
#2011=ORIENTED_EDGE('',*,*,#1401,.T.);
#2012=ORIENTED_EDGE('',*,*,#1445,.F.);
#2013=ORIENTED_EDGE('',*,*,#1481,.F.);
#2014=ORIENTED_EDGE('',*,*,#1370,.T.);
#2015=ORIENTED_EDGE('',*,*,#1360,.F.);
#2016=ORIENTED_EDGE('',*,*,#1447,.T.);
#2017=ORIENTED_EDGE('',*,*,#1428,.T.);
#2018=ORIENTED_EDGE('',*,*,#1482,.T.);
#2019=ORIENTED_EDGE('',*,*,#1395,.F.);
#2020=ORIENTED_EDGE('',*,*,#1482,.F.);
#2021=ORIENTED_EDGE('',*,*,#1331,.F.);
#2022=ORIENTED_EDGE('',*,*,#1396,.T.);
#2023=ORIENTED_EDGE('',*,*,#1404,.F.);
#2024=ORIENTED_EDGE('',*,*,#1449,.F.);
#2025=ORIENTED_EDGE('',*,*,#1291,.F.);
#2026=ORIENTED_EDGE('',*,*,#1333,.T.);
#2027=ORIENTED_EDGE('',*,*,#1448,.T.);
#2028=ORIENTED_EDGE('',*,*,#1363,.T.);
#2029=ORIENTED_EDGE('',*,*,#1483,.T.);
#2030=ORIENTED_EDGE('',*,*,#1484,.T.);
#2031=ORIENTED_EDGE('',*,*,#1485,.F.);
#2032=ORIENTED_EDGE('',*,*,#1273,.F.);
#2033=ORIENTED_EDGE('',*,*,#1412,.F.);
#2034=ORIENTED_EDGE('',*,*,#1486,.T.);
#2035=ORIENTED_EDGE('',*,*,#1322,.F.);
#2036=ORIENTED_EDGE('',*,*,#1487,.F.);
#2037=ORIENTED_EDGE('',*,*,#1488,.F.);
#2038=ORIENTED_EDGE('',*,*,#1489,.F.);
#2039=ORIENTED_EDGE('',*,*,#1484,.F.);
#2040=ORIENTED_EDGE('',*,*,#1490,.F.);
#2041=ORIENTED_EDGE('',*,*,#1491,.T.);
#2042=ORIENTED_EDGE('',*,*,#1492,.F.);
#2043=ORIENTED_EDGE('',*,*,#1324,.T.);
#2044=ORIENTED_EDGE('',*,*,#1493,.T.);
#2045=ORIENTED_EDGE('',*,*,#1494,.F.);
#2046=ORIENTED_EDGE('',*,*,#1495,.F.);
#2047=ORIENTED_EDGE('',*,*,#1496,.T.);
#2048=ORIENTED_EDGE('',*,*,#1497,.T.);
#2049=ORIENTED_EDGE('',*,*,#1394,.F.);
#2050=ORIENTED_EDGE('',*,*,#1498,.T.);
#2051=ORIENTED_EDGE('',*,*,#1496,.F.);
#2052=ORIENTED_EDGE('',*,*,#1498,.F.);
#2053=ORIENTED_EDGE('',*,*,#1499,.T.);
#2054=ORIENTED_EDGE('',*,*,#1500,.F.);
#2055=ORIENTED_EDGE('',*,*,#1501,.F.);
#2056=ORIENTED_EDGE('',*,*,#1502,.T.);
#2057=ORIENTED_EDGE('',*,*,#1503,.T.);
#2058=ORIENTED_EDGE('',*,*,#1504,.T.);
#2059=ORIENTED_EDGE('',*,*,#1505,.T.);
#2060=ORIENTED_EDGE('',*,*,#1506,.T.);
#2061=ORIENTED_EDGE('',*,*,#1507,.F.);
#2062=ORIENTED_EDGE('',*,*,#1508,.F.);
#2063=ORIENTED_EDGE('',*,*,#1509,.T.);
#2064=ORIENTED_EDGE('',*,*,#1510,.T.);
#2065=ORIENTED_EDGE('',*,*,#1511,.F.);
#2066=ORIENTED_EDGE('',*,*,#1316,.F.);
#2067=ORIENTED_EDGE('',*,*,#1512,.F.);
#2068=ORIENTED_EDGE('',*,*,#1376,.F.);
#2069=ORIENTED_EDGE('',*,*,#1513,.T.);
#2070=ORIENTED_EDGE('',*,*,#1502,.F.);
#2071=ORIENTED_EDGE('',*,*,#1503,.F.);
#2072=ORIENTED_EDGE('',*,*,#1514,.T.);
#2073=ORIENTED_EDGE('',*,*,#1511,.T.);
#2074=ORIENTED_EDGE('',*,*,#1514,.F.);
#2075=ORIENTED_EDGE('',*,*,#1515,.T.);
#2076=ORIENTED_EDGE('',*,*,#1516,.F.);
#2077=ORIENTED_EDGE('',*,*,#1510,.F.);
#2078=ORIENTED_EDGE('',*,*,#1517,.T.);
#2079=ORIENTED_EDGE('',*,*,#1516,.T.);
#2080=ORIENTED_EDGE('',*,*,#1517,.F.);
#2081=ORIENTED_EDGE('',*,*,#1509,.F.);
#2082=ORIENTED_EDGE('',*,*,#1518,.T.);
#2083=ORIENTED_EDGE('',*,*,#1515,.F.);
#2084=ORIENTED_EDGE('',*,*,#1518,.F.);
#2085=ORIENTED_EDGE('',*,*,#1497,.F.);
#2086=ORIENTED_EDGE('',*,*,#1519,.T.);
#2087=ORIENTED_EDGE('',*,*,#1508,.T.);
#2088=ORIENTED_EDGE('',*,*,#1519,.F.);
#2089=ORIENTED_EDGE('',*,*,#1275,.F.);
#2090=ORIENTED_EDGE('',*,*,#1520,.F.);
#2091=ORIENTED_EDGE('',*,*,#1488,.T.);
#2092=ORIENTED_EDGE('',*,*,#1521,.F.);
#2093=ORIENTED_EDGE('',*,*,#1522,.T.);
#2094=ORIENTED_EDGE('',*,*,#1350,.F.);
#2095=ORIENTED_EDGE('',*,*,#1523,.T.);
#2096=ORIENTED_EDGE('',*,*,#1359,.T.);
#2097=ORIENTED_EDGE('',*,*,#1501,.T.);
#2098=ORIENTED_EDGE('',*,*,#1524,.F.);
#2099=ORIENTED_EDGE('',*,*,#1525,.F.);
#2100=ORIENTED_EDGE('',*,*,#1320,.T.);
#2101=ORIENTED_EDGE('',*,*,#1526,.T.);
#2102=ORIENTED_EDGE('',*,*,#1527,.T.);
#2103=ORIENTED_EDGE('',*,*,#1504,.F.);
#2104=ORIENTED_EDGE('',*,*,#1492,.T.);
#2105=ORIENTED_EDGE('',*,*,#1528,.T.);
#2106=ORIENTED_EDGE('',*,*,#1499,.F.);
#2107=ORIENTED_EDGE('',*,*,#1529,.F.);
#2108=ORIENTED_EDGE('',*,*,#1377,.T.);
#2109=ORIENTED_EDGE('',*,*,#1512,.T.);
#2110=ORIENTED_EDGE('',*,*,#1315,.F.);
#2111=ORIENTED_EDGE('',*,*,#1457,.T.);
#2112=ORIENTED_EDGE('',*,*,#1456,.F.);
#2113=ORIENTED_EDGE('',*,*,#1485,.T.);
#2114=ORIENTED_EDGE('',*,*,#1489,.T.);
#2115=ORIENTED_EDGE('',*,*,#1520,.T.);
#2116=ORIENTED_EDGE('',*,*,#1274,.F.);
#2117=ORIENTED_EDGE('',*,*,#1500,.T.);
#2118=ORIENTED_EDGE('',*,*,#1528,.F.);
#2119=ORIENTED_EDGE('',*,*,#1491,.F.);
#2120=ORIENTED_EDGE('',*,*,#1524,.T.);
#2121=ORIENTED_EDGE('',*,*,#1507,.T.);
#2122=ORIENTED_EDGE('',*,*,#1530,.T.);
#2123=ORIENTED_EDGE('',*,*,#1393,.F.);
#2124=ORIENTED_EDGE('',*,*,#1530,.F.);
#2125=ORIENTED_EDGE('',*,*,#1531,.F.);
#2126=ORIENTED_EDGE('',*,*,#1325,.T.);
#2127=ORIENTED_EDGE('',*,*,#1495,.T.);
#2128=ORIENTED_EDGE('',*,*,#1532,.F.);
#2129=ORIENTED_EDGE('',*,*,#1533,.T.);
#2130=ORIENTED_EDGE('',*,*,#1534,.F.);
#2131=ORIENTED_EDGE('',*,*,#1535,.F.);
#2132=ORIENTED_EDGE('',*,*,#1536,.F.);
#2133=ORIENTED_EDGE('',*,*,#1537,.F.);
#2134=ORIENTED_EDGE('',*,*,#1538,.F.);
#2135=ORIENTED_EDGE('',*,*,#1410,.T.);
#2136=ORIENTED_EDGE('',*,*,#1417,.T.);
#2137=ORIENTED_EDGE('',*,*,#1531,.T.);
#2138=ORIENTED_EDGE('',*,*,#1539,.F.);
#2139=ORIENTED_EDGE('',*,*,#1411,.F.);
#2140=ORIENTED_EDGE('',*,*,#1538,.T.);
#2141=ORIENTED_EDGE('',*,*,#1540,.F.);
#2142=ORIENTED_EDGE('',*,*,#1493,.F.);
#2143=ORIENTED_EDGE('',*,*,#1323,.T.);
#2144=ORIENTED_EDGE('',*,*,#1486,.F.);
#2145=ORIENTED_EDGE('',*,*,#1541,.F.);
#2146=ORIENTED_EDGE('',*,*,#1542,.T.);
#2147=ORIENTED_EDGE('',*,*,#1535,.T.);
#2148=ORIENTED_EDGE('',*,*,#1543,.T.);
#2149=ORIENTED_EDGE('',*,*,#1494,.T.);
#2150=ORIENTED_EDGE('',*,*,#1543,.F.);
#2151=ORIENTED_EDGE('',*,*,#1534,.T.);
#2152=ORIENTED_EDGE('',*,*,#1544,.T.);
#2153=ORIENTED_EDGE('',*,*,#1532,.T.);
#2154=ORIENTED_EDGE('',*,*,#1542,.F.);
#2155=ORIENTED_EDGE('',*,*,#1540,.T.);
#2156=ORIENTED_EDGE('',*,*,#1545,.T.);
#2157=ORIENTED_EDGE('',*,*,#1536,.T.);
#2158=ORIENTED_EDGE('',*,*,#1544,.F.);
#2159=ORIENTED_EDGE('',*,*,#1537,.T.);
#2160=ORIENTED_EDGE('',*,*,#1545,.F.);
#2161=ORIENTED_EDGE('',*,*,#1539,.T.);
#2162=ORIENTED_EDGE('',*,*,#1541,.T.);
#2163=ORIENTED_EDGE('',*,*,#1546,.T.);
#2164=ORIENTED_EDGE('',*,*,#1533,.F.);
#2165=ORIENTED_EDGE('',*,*,#1546,.F.);
#2166=ORIENTED_EDGE('',*,*,#1375,.F.);
#2167=ORIENTED_EDGE('',*,*,#1478,.T.);
#2168=ORIENTED_EDGE('',*,*,#1479,.F.);
#2169=ORIENTED_EDGE('',*,*,#1309,.T.);
#2170=ORIENTED_EDGE('',*,*,#1513,.F.);
#2171=ORIENTED_EDGE('',*,*,#1505,.F.);
#2172=ORIENTED_EDGE('',*,*,#1527,.F.);
#2173=ORIENTED_EDGE('',*,*,#1365,.T.);
#2174=ORIENTED_EDGE('',*,*,#1372,.F.);
#2175=ORIENTED_EDGE('',*,*,#1547,.F.);
#2176=ORIENTED_EDGE('',*,*,#1521,.T.);
#2177=ORIENTED_EDGE('',*,*,#1487,.T.);
#2178=ORIENTED_EDGE('',*,*,#1529,.T.);
#2179=ORIENTED_EDGE('',*,*,#1506,.F.);
#2180=ORIENTED_EDGE('',*,*,#1548,.T.);
#2181=ORIENTED_EDGE('',*,*,#1392,.T.);
#2182=ORIENTED_EDGE('',*,*,#1548,.F.);
#2183=ORIENTED_EDGE('',*,*,#1301,.T.);
#2184=ORIENTED_EDGE('',*,*,#1366,.F.);
#2185=ORIENTED_EDGE('',*,*,#1526,.F.);
#2186=ORIENTED_EDGE('',*,*,#1319,.F.);
#2187=ORIENTED_EDGE('',*,*,#1321,.T.);
#2188=ORIENTED_EDGE('',*,*,#1525,.T.);
#2189=ORIENTED_EDGE('',*,*,#1490,.T.);
#2190=ORIENTED_EDGE('',*,*,#1483,.F.);
#2191=ORIENTED_EDGE('',*,*,#1549,.T.);
#2192=ORIENTED_EDGE('',*,*,#1384,.F.);
#2193=ORIENTED_EDGE('',*,*,#1550,.F.);
#2194=ORIENTED_EDGE('',*,*,#1282,.F.);
#2195=ORIENTED_EDGE('',*,*,#1283,.T.);
#2196=ORIENTED_EDGE('',*,*,#1550,.T.);
#2197=ORIENTED_EDGE('',*,*,#1391,.T.);
#2198=ORIENTED_EDGE('',*,*,#1551,.F.);
#2199=ORIENTED_EDGE('',*,*,#1284,.T.);
#2200=ORIENTED_EDGE('',*,*,#1551,.T.);
#2201=ORIENTED_EDGE('',*,*,#1390,.T.);
#2202=ORIENTED_EDGE('',*,*,#1552,.F.);
#2203=ORIENTED_EDGE('',*,*,#1285,.T.);
#2204=ORIENTED_EDGE('',*,*,#1552,.T.);
#2205=ORIENTED_EDGE('',*,*,#1389,.T.);
#2206=ORIENTED_EDGE('',*,*,#1553,.F.);
#2207=ORIENTED_EDGE('',*,*,#1286,.T.);
#2208=ORIENTED_EDGE('',*,*,#1553,.T.);
#2209=ORIENTED_EDGE('',*,*,#1388,.T.);
#2210=ORIENTED_EDGE('',*,*,#1554,.F.);
#2211=ORIENTED_EDGE('',*,*,#1287,.T.);
#2212=ORIENTED_EDGE('',*,*,#1554,.T.);
#2213=ORIENTED_EDGE('',*,*,#1387,.T.);
#2214=ORIENTED_EDGE('',*,*,#1555,.F.);
#2215=ORIENTED_EDGE('',*,*,#1555,.T.);
#2216=ORIENTED_EDGE('',*,*,#1386,.F.);
#2217=ORIENTED_EDGE('',*,*,#1556,.F.);
#2218=ORIENTED_EDGE('',*,*,#1288,.F.);
#2219=ORIENTED_EDGE('',*,*,#1281,.T.);
#2220=ORIENTED_EDGE('',*,*,#1556,.T.);
#2221=ORIENTED_EDGE('',*,*,#1385,.T.);
#2222=ORIENTED_EDGE('',*,*,#1549,.F.);
#2223=ORIENTED_EDGE('',*,*,#1371,.F.);
#2224=ORIENTED_EDGE('',*,*,#1347,.F.);
#2225=ORIENTED_EDGE('',*,*,#1342,.F.);
#2226=ORIENTED_EDGE('',*,*,#1338,.F.);
#2227=ORIENTED_EDGE('',*,*,#1341,.F.);
#2228=ORIENTED_EDGE('',*,*,#1345,.F.);
#2229=ORIENTED_EDGE('',*,*,#1346,.F.);
#2230=ORIENTED_EDGE('',*,*,#1260,.F.);
#2231=ORIENTED_EDGE('',*,*,#1367,.T.);
#2232=ORIENTED_EDGE('',*,*,#1481,.T.);
#2233=ORIENTED_EDGE('',*,*,#1444,.T.);
#2234=ORIENTED_EDGE('',*,*,#1351,.F.);
#2235=ORIENTED_EDGE('',*,*,#1522,.F.);
#2236=ORIENTED_EDGE('',*,*,#1547,.T.);
#2237=ORIENTED_EDGE('',*,*,#1523,.F.);
#2238=ORIENTED_EDGE('',*,*,#1349,.T.);
#2239=ORIENTED_EDGE('',*,*,#1373,.T.);
#2240=ORIENTED_EDGE('',*,*,#1356,.T.);
#2241=ORIENTED_EDGE('',*,*,#1353,.F.);
#2242=ORIENTED_EDGE('',*,*,#1443,.T.);
#2243=ORIENTED_EDGE('',*,*,#1480,.F.);
#2244=ORIENTED_EDGE('',*,*,#1368,.F.);
#2245=PLANE('',#2493);
#2246=PLANE('',#2494);
#2247=PLANE('',#2495);
#2248=PLANE('',#2496);
#2249=PLANE('',#2497);
#2250=PLANE('',#2499);
#2251=PLANE('',#2500);
#2252=PLANE('',#2501);
#2253=PLANE('',#2502);
#2254=PLANE('',#2503);
#2255=PLANE('',#2504);
#2256=PLANE('',#2505);
#2257=PLANE('',#2506);
#2258=PLANE('',#2508);
#2259=PLANE('',#2513);
#2260=PLANE('',#2514);
#2261=PLANE('',#2515);
#2262=PLANE('',#2516);
#2263=PLANE('',#2521);
#2264=PLANE('',#2522);
#2265=PLANE('',#2523);
#2266=PLANE('',#2524);
#2267=PLANE('',#2525);
#2268=PLANE('',#2526);
#2269=PLANE('',#2527);
#2270=PLANE('',#2528);
#2271=PLANE('',#2533);
#2272=PLANE('',#2534);
#2273=PLANE('',#2537);
#2274=PLANE('',#2538);
#2275=PLANE('',#2539);
#2276=PLANE('',#2540);
#2277=PLANE('',#2541);
#2278=PLANE('',#2542);
#2279=PLANE('',#2543);
#2280=PLANE('',#2544);
#2281=PLANE('',#2545);
#2282=PLANE('',#2556);
#2283=PLANE('',#2557);
#2284=PLANE('',#2558);
#2285=PLANE('',#2559);
#2286=PLANE('',#2560);
#2287=PLANE('',#2561);
#2288=PLANE('',#2565);
#2289=PLANE('',#2570);
#2290=PLANE('',#2573);
#2291=PLANE('',#2576);
#2292=PLANE('',#2578);
#2293=PLANE('',#2584);
#2294=PLANE('',#2585);
#2295=PLANE('',#2586);
#2296=PLANE('',#2587);
#2297=PLANE('',#2588);
#2298=PLANE('',#2589);
#2299=PLANE('',#2590);
#2300=PLANE('',#2591);
#2301=PLANE('',#2593);
#2302=PLANE('',#2595);
#2303=PLANE('',#2597);
#2304=PLANE('',#2598);
#2305=PLANE('',#2599);
#2306=PLANE('',#2600);
#2307=PLANE('',#2601);
#2308=PLANE('',#2602);
#2309=PLANE('',#2604);
#2310=PLANE('',#2605);
#2311=PLANE('',#2606);
#2312=PLANE('',#2607);
#2313=PLANE('',#2608);
#2314=PLANE('',#2610);
#2315=PLANE('',#2611);
#2316=PLANE('',#2612);
#2317=PLANE('',#2613);
#2318=PLANE('',#2614);
#2319=PLANE('',#2615);
#2320=PLANE('',#2619);
#2321=PLANE('',#2624);
#2322=PLANE('',#2627);
#2323=PLANE('',#2630);
#2324=PLANE('',#2632);
#2325=PLANE('',#2638);
#2326=PLANE('',#2639);
#2327=PLANE('',#2640);
#2328=PLANE('',#2641);
#2329=PLANE('',#2642);
#2330=PLANE('',#2643);
#2331=PLANE('',#2645);
#2332=PLANE('',#2647);
#2333=PLANE('',#2648);
#2334=PLANE('',#2649);
#2335=PLANE('',#2651);
#2336=PLANE('',#2652);
#2337=PLANE('',#2653);
#2338=PLANE('',#2654);
#2339=PLANE('',#2656);
#2340=PLANE('',#2657);
#2341=PLANE('',#2659);
#2342=PLANE('',#2660);
#2343=PLANE('',#2661);
#2344=PLANE('',#2663);
#2345=PLANE('',#2665);
#2346=PLANE('',#2667);
#2347=PLANE('',#2669);
#2348=PLANE('',#2670);
#2349=PLANE('',#2671);
#2350=ADVANCED_FACE('',(#118),#2245,.T.);
#2351=ADVANCED_FACE('',(#119),#2246,.T.);
#2352=ADVANCED_FACE('',(#120),#2247,.T.);
#2353=ADVANCED_FACE('',(#121),#2248,.T.);
#2354=ADVANCED_FACE('',(#122,#39),#2249,.T.);
#2355=ADVANCED_FACE('',(#123),#2250,.T.);
#2356=ADVANCED_FACE('',(#124),#2251,.T.);
#2357=ADVANCED_FACE('',(#125),#2252,.T.);
#2358=ADVANCED_FACE('',(#126),#2253,.T.);
#2359=ADVANCED_FACE('',(#127),#2254,.T.);
#2360=ADVANCED_FACE('',(#128),#2255,.T.);
#2361=ADVANCED_FACE('',(#129),#2256,.T.);
#2362=ADVANCED_FACE('',(#130,#40),#2257,.T.);
#2363=ADVANCED_FACE('',(#131),#2258,.T.);
#2364=ADVANCED_FACE('',(#132),#15,.F.);
#2365=ADVANCED_FACE('',(#133),#16,.F.);
#2366=ADVANCED_FACE('',(#134),#2259,.F.);
#2367=ADVANCED_FACE('',(#135,#41),#2260,.T.);
#2368=ADVANCED_FACE('',(#136),#2261,.T.);
#2369=ADVANCED_FACE('',(#137,#42),#2262,.T.);
#2370=ADVANCED_FACE('',(#138),#2263,.T.);
#2371=ADVANCED_FACE('',(#139),#2264,.F.);
#2372=ADVANCED_FACE('',(#140,#43),#2265,.T.);
#2373=ADVANCED_FACE('',(#141),#2266,.T.);
#2374=ADVANCED_FACE('',(#142),#2267,.F.);
#2375=ADVANCED_FACE('',(#143),#2268,.T.);
#2376=ADVANCED_FACE('',(#144),#2269,.T.);
#2377=ADVANCED_FACE('',(#145,#44),#2270,.F.);
#2378=ADVANCED_FACE('',(#146),#17,.F.);
#2379=ADVANCED_FACE('',(#147),#2271,.F.);
#2380=ADVANCED_FACE('',(#148),#2272,.F.);
#2381=ADVANCED_FACE('',(#149),#18,.F.);
#2382=ADVANCED_FACE('',(#150),#2273,.F.);
#2383=ADVANCED_FACE('',(#151),#2274,.F.);
#2384=ADVANCED_FACE('',(#152),#2275,.T.);
#2385=ADVANCED_FACE('',(#153),#2276,.F.);
#2386=ADVANCED_FACE('',(#154),#2277,.T.);
#2387=ADVANCED_FACE('',(#155),#2278,.T.);
#2388=ADVANCED_FACE('',(#156),#2279,.F.);
#2389=ADVANCED_FACE('',(#157),#2280,.T.);
#2390=ADVANCED_FACE('',(#158,#45,#46,#47,#48,#49,#50,#51),#2281,.F.);
#2391=ADVANCED_FACE('',(#159),#2282,.F.);
#2392=ADVANCED_FACE('',(#160),#2283,.T.);
#2393=ADVANCED_FACE('',(#161),#2284,.T.);
#2394=ADVANCED_FACE('',(#162),#2285,.F.);
#2395=ADVANCED_FACE('',(#163),#2286,.T.);
#2396=ADVANCED_FACE('',(#164,#52),#2287,.T.);
#2397=ADVANCED_FACE('',(#165),#19,.T.);
#2398=ADVANCED_FACE('',(#166,#53,#54),#2288,.T.);
#2399=ADVANCED_FACE('',(#167,#55),#2289,.F.);
#2400=ADVANCED_FACE('',(#168,#56),#2290,.F.);
#2401=ADVANCED_FACE('',(#169),#2291,.F.);
#2402=ADVANCED_FACE('',(#170),#20,.F.);
#2403=ADVANCED_FACE('',(#171,#57),#2292,.F.);
#2404=ADVANCED_FACE('',(#172),#21,.F.);
#2405=ADVANCED_FACE('',(#173),#22,.F.);
#2406=ADVANCED_FACE('',(#174),#23,.F.);
#2407=ADVANCED_FACE('',(#175),#2293,.F.);
#2408=ADVANCED_FACE('',(#176),#2294,.T.);
#2409=ADVANCED_FACE('',(#177),#2295,.F.);
#2410=ADVANCED_FACE('',(#178),#2296,.F.);
#2411=ADVANCED_FACE('',(#179),#2297,.T.);
#2412=ADVANCED_FACE('',(#180),#2298,.T.);
#2413=ADVANCED_FACE('',(#181),#2299,.F.);
#2414=ADVANCED_FACE('',(#182),#2300,.T.);
#2415=ADVANCED_FACE('',(#183),#24,.F.);
#2416=ADVANCED_FACE('',(#184,#58),#2301,.F.);
#2417=ADVANCED_FACE('',(#185,#59),#2302,.F.);
#2418=ADVANCED_FACE('',(#186),#2303,.T.);
#2419=ADVANCED_FACE('',(#187),#2304,.T.);
#2420=ADVANCED_FACE('',(#188),#2305,.T.);
#2421=ADVANCED_FACE('',(#189),#2306,.T.);
#2422=ADVANCED_FACE('',(#190),#2307,.T.);
#2423=ADVANCED_FACE('',(#191),#2308,.F.);
#2424=ADVANCED_FACE('',(#192),#25,.F.);
#2425=ADVANCED_FACE('',(#193),#2309,.F.);
#2426=ADVANCED_FACE('',(#194),#2310,.T.);
#2427=ADVANCED_FACE('',(#195),#2311,.T.);
#2428=ADVANCED_FACE('',(#196),#2312,.F.);
#2429=ADVANCED_FACE('',(#197),#2313,.T.);
#2430=ADVANCED_FACE('',(#198),#26,.F.);
#2431=ADVANCED_FACE('',(#199),#2314,.T.);
#2432=ADVANCED_FACE('',(#200),#2315,.F.);
#2433=ADVANCED_FACE('',(#201),#2316,.F.);
#2434=ADVANCED_FACE('',(#202),#2317,.T.);
#2435=ADVANCED_FACE('',(#203),#2318,.F.);
#2436=ADVANCED_FACE('',(#204,#60),#2319,.T.);
#2437=ADVANCED_FACE('',(#205),#27,.T.);
#2438=ADVANCED_FACE('',(#206,#61,#62),#2320,.T.);
#2439=ADVANCED_FACE('',(#207,#63),#2321,.F.);
#2440=ADVANCED_FACE('',(#208,#64),#2322,.F.);
#2441=ADVANCED_FACE('',(#209),#2323,.F.);
#2442=ADVANCED_FACE('',(#210),#28,.F.);
#2443=ADVANCED_FACE('',(#211,#65),#2324,.F.);
#2444=ADVANCED_FACE('',(#212),#29,.F.);
#2445=ADVANCED_FACE('',(#213),#30,.F.);
#2446=ADVANCED_FACE('',(#214),#31,.F.);
#2447=ADVANCED_FACE('',(#215),#2325,.F.);
#2448=ADVANCED_FACE('',(#216),#2326,.T.);
#2449=ADVANCED_FACE('',(#217),#2327,.F.);
#2450=ADVANCED_FACE('',(#218),#2328,.F.);
#2451=ADVANCED_FACE('',(#219),#2329,.F.);
#2452=ADVANCED_FACE('',(#220),#2330,.T.);
#2453=ADVANCED_FACE('',(#221),#32,.F.);
#2454=ADVANCED_FACE('',(#222,#66),#2331,.F.);
#2455=ADVANCED_FACE('',(#223),#2332,.T.);
#2456=ADVANCED_FACE('',(#224),#2333,.T.);
#2457=ADVANCED_FACE('',(#225,#67),#2334,.F.);
#2458=ADVANCED_FACE('',(#226),#2335,.T.);
#2459=ADVANCED_FACE('',(#227),#2336,.T.);
#2460=ADVANCED_FACE('',(#228),#2337,.T.);
#2461=ADVANCED_FACE('',(#229),#2338,.F.);
#2462=ADVANCED_FACE('',(#230),#33,.F.);
#2463=ADVANCED_FACE('',(#231),#2339,.F.);
#2464=ADVANCED_FACE('',(#232),#2340,.T.);
#2465=ADVANCED_FACE('',(#233),#34,.F.);
#2466=ADVANCED_FACE('',(#234),#2341,.F.);
#2467=ADVANCED_FACE('',(#235),#2342,.T.);
#2468=ADVANCED_FACE('',(#236),#2343,.T.);
#2469=ADVANCED_FACE('',(#237),#35,.F.);
#2470=ADVANCED_FACE('',(#238),#2344,.F.);
#2471=ADVANCED_FACE('',(#239),#36,.F.);
#2472=ADVANCED_FACE('',(#240),#2345,.F.);
#2473=ADVANCED_FACE('',(#241),#37,.F.);
#2474=ADVANCED_FACE('',(#242),#2346,.T.);
#2475=ADVANCED_FACE('',(#243),#38,.F.);
#2476=ADVANCED_FACE('',(#244),#2347,.T.);
#2477=ADVANCED_FACE('',(#245),#2348,.F.);
#2478=ADVANCED_FACE('',(#246),#2349,.T.);
#2479=CLOSED_SHELL('',(#2350,#2351,#2352,#2353,#2354,#2355,#2356,#2357,
#2358,#2359,#2360,#2361,#2362,#2363,#2364,#2365,#2366,#2367,#2368,#2369,
#2370,#2371,#2372,#2373,#2374,#2375,#2376,#2377,#2378,#2379,#2380,#2381,
#2382,#2383,#2384,#2385,#2386,#2387,#2388,#2389,#2390,#2391,#2392,#2393,
#2394,#2395,#2396,#2397,#2398,#2399,#2400,#2401,#2402,#2403,#2404,#2405,
#2406,#2407,#2408,#2409,#2410,#2411,#2412,#2413,#2414,#2415,#2416,#2417,
#2418,#2419,#2420,#2421,#2422,#2423,#2424,#2425,#2426,#2427,#2428,#2429,
#2430,#2431,#2432,#2433,#2434,#2435,#2436,#2437,#2438,#2439,#2440,#2441,
#2442,#2443,#2444,#2445,#2446,#2447,#2448,#2449,#2450,#2451,#2452,#2453,
#2454,#2455,#2456,#2457,#2458,#2459,#2460,#2461,#2462,#2463,#2464,#2465,
#2466,#2467,#2468,#2469,#2470,#2471,#2472,#2473,#2474,#2475,#2476,#2477,
#2478));
#2480=DERIVED_UNIT_ELEMENT(#2482,1.);
#2481=DERIVED_UNIT_ELEMENT(#4025,-3.);
#2482=(
MASS_UNIT()
NAMED_UNIT(*)
SI_UNIT(.KILO.,.GRAM.)
);
#2483=DERIVED_UNIT((#2480,#2481));
#2484=MEASURE_REPRESENTATION_ITEM('density measure',
POSITIVE_RATIO_MEASURE(7850.),#2483);
#2485=PROPERTY_DEFINITION_REPRESENTATION(#2490,#2487);
#2486=PROPERTY_DEFINITION_REPRESENTATION(#2491,#2488);
#2487=REPRESENTATION('material name',(#2489),#4022);
#2488=REPRESENTATION('density',(#2484),#4022);
#2489=DESCRIPTIVE_REPRESENTATION_ITEM('\X2\92FC\X0\','\X2\92FC\X0\');
#2490=PROPERTY_DEFINITION('material property','material name',#4032);
#2491=PROPERTY_DEFINITION('material property','density of part',#4032);
#2492=AXIS2_PLACEMENT_3D('',#3326,#2672,#2673);
#2493=AXIS2_PLACEMENT_3D('',#3327,#2674,#2675);
#2494=AXIS2_PLACEMENT_3D('',#3336,#2680,#2681);
#2495=AXIS2_PLACEMENT_3D('',#3342,#2685,#2686);
#2496=AXIS2_PLACEMENT_3D('',#3348,#2690,#2691);
#2497=AXIS2_PLACEMENT_3D('',#3351,#2694,#2695);
#2498=AXIS2_PLACEMENT_3D('',#3358,#2699,#2700);
#2499=AXIS2_PLACEMENT_3D('',#3359,#2701,#2702);
#2500=AXIS2_PLACEMENT_3D('',#3367,#2707,#2708);
#2501=AXIS2_PLACEMENT_3D('',#3368,#2709,#2710);
#2502=AXIS2_PLACEMENT_3D('',#3377,#2715,#2716);
#2503=AXIS2_PLACEMENT_3D('',#3383,#2720,#2721);
#2504=AXIS2_PLACEMENT_3D('',#3389,#2725,#2726);
#2505=AXIS2_PLACEMENT_3D('',#3392,#2729,#2730);
#2506=AXIS2_PLACEMENT_3D('',#3398,#2734,#2735);
#2507=AXIS2_PLACEMENT_3D('',#3407,#2740,#2741);
#2508=AXIS2_PLACEMENT_3D('',#3408,#2742,#2743);
#2509=AXIS2_PLACEMENT_3D('',#3409,#2744,#2745);
#2510=AXIS2_PLACEMENT_3D('',#3411,#2746,#2747);
#2511=AXIS2_PLACEMENT_3D('',#3413,#2749,#2750);
#2512=AXIS2_PLACEMENT_3D('',#3416,#2752,#2753);
#2513=AXIS2_PLACEMENT_3D('',#3417,#2754,#2755);
#2514=AXIS2_PLACEMENT_3D('',#3426,#2760,#2761);
#2515=AXIS2_PLACEMENT_3D('',#3430,#2764,#2765);
#2516=AXIS2_PLACEMENT_3D('',#3436,#2769,#2770);
#2517=AXIS2_PLACEMENT_3D('',#3467,#2786,#2787);
#2518=AXIS2_PLACEMENT_3D('',#3471,#2789,#2790);
#2519=AXIS2_PLACEMENT_3D('',#3475,#2792,#2793);
#2520=AXIS2_PLACEMENT_3D('',#3479,#2795,#2796);
#2521=AXIS2_PLACEMENT_3D('',#3481,#2798,#2799);
#2522=AXIS2_PLACEMENT_3D('',#3483,#2801,#2802);
#2523=AXIS2_PLACEMENT_3D('',#3491,#2807,#2808);
#2524=AXIS2_PLACEMENT_3D('',#3497,#2812,#2813);
#2525=AXIS2_PLACEMENT_3D('',#3499,#2815,#2816);
#2526=AXIS2_PLACEMENT_3D('',#3508,#2822,#2823);
#2527=AXIS2_PLACEMENT_3D('',#3509,#2824,#2825);
#2528=AXIS2_PLACEMENT_3D('',#3520,#2832,#2833);
#2529=AXIS2_PLACEMENT_3D('',#3539,#2842,#2843);
#2530=AXIS2_PLACEMENT_3D('',#3573,#2861,#2862);
#2531=AXIS2_PLACEMENT_3D('',#3575,#2864,#2865);
#2532=AXIS2_PLACEMENT_3D('',#3579,#2867,#2868);
#2533=AXIS2_PLACEMENT_3D('',#3581,#2870,#2871);
#2534=AXIS2_PLACEMENT_3D('',#3585,#2874,#2875);
#2535=AXIS2_PLACEMENT_3D('',#3589,#2878,#2879);
#2536=AXIS2_PLACEMENT_3D('',#3592,#2881,#2882);
#2537=AXIS2_PLACEMENT_3D('',#3593,#2883,#2884);
#2538=AXIS2_PLACEMENT_3D('',#3595,#2886,#2887);
#2539=AXIS2_PLACEMENT_3D('',#3599,#2890,#2891);
#2540=AXIS2_PLACEMENT_3D('',#3613,#2899,#2900);
#2541=AXIS2_PLACEMENT_3D('',#3621,#2905,#2906);
#2542=AXIS2_PLACEMENT_3D('',#3629,#2911,#2912);
#2543=AXIS2_PLACEMENT_3D('',#3635,#2916,#2917);
#2544=AXIS2_PLACEMENT_3D('',#3642,#2922,#2923);
#2545=AXIS2_PLACEMENT_3D('',#3647,#2927,#2928);
#2546=AXIS2_PLACEMENT_3D('',#3665,#2937,#2938);
#2547=AXIS2_PLACEMENT_3D('',#3667,#2939,#2940);
#2548=AXIS2_PLACEMENT_3D('',#3672,#2942,#2943);
#2549=AXIS2_PLACEMENT_3D('',#3676,#2945,#2946);
#2550=AXIS2_PLACEMENT_3D('',#3680,#2948,#2949);
#2551=AXIS2_PLACEMENT_3D('',#3683,#2951,#2952);
#2552=AXIS2_PLACEMENT_3D('',#3685,#2953,#2954);
#2553=AXIS2_PLACEMENT_3D('',#3687,#2955,#2956);
#2554=AXIS2_PLACEMENT_3D('',#3689,#2957,#2958);
#2555=AXIS2_PLACEMENT_3D('',#3691,#2959,#2960);
#2556=AXIS2_PLACEMENT_3D('',#3692,#2961,#2962);
#2557=AXIS2_PLACEMENT_3D('',#3701,#2968,#2969);
#2558=AXIS2_PLACEMENT_3D('',#3713,#2976,#2977);
#2559=AXIS2_PLACEMENT_3D('',#3725,#2984,#2985);
#2560=AXIS2_PLACEMENT_3D('',#3731,#2989,#2990);
#2561=AXIS2_PLACEMENT_3D('',#3734,#2993,#2994);
#2562=AXIS2_PLACEMENT_3D('',#3736,#2995,#2996);
#2563=AXIS2_PLACEMENT_3D('',#3738,#2997,#2998);
#2564=AXIS2_PLACEMENT_3D('',#3739,#2999,#3000);
#2565=AXIS2_PLACEMENT_3D('',#3741,#3002,#3003);
#2566=AXIS2_PLACEMENT_3D('',#3750,#3007,#3008);
#2567=AXIS2_PLACEMENT_3D('',#3751,#3009,#3010);
#2568=AXIS2_PLACEMENT_3D('',#3756,#3013,#3014);
#2569=AXIS2_PLACEMENT_3D('',#3758,#3015,#3016);
#2570=AXIS2_PLACEMENT_3D('',#3759,#3017,#3018);
#2571=AXIS2_PLACEMENT_3D('',#3761,#3019,#3020);
#2572=AXIS2_PLACEMENT_3D('',#3763,#3021,#3022);
#2573=AXIS2_PLACEMENT_3D('',#3764,#3023,#3024);
#2574=AXIS2_PLACEMENT_3D('',#3766,#3025,#3026);
#2575=AXIS2_PLACEMENT_3D('',#3768,#3027,#3028);
#2576=AXIS2_PLACEMENT_3D('',#3769,#3029,#3030);
#2577=AXIS2_PLACEMENT_3D('',#3772,#3033,#3034);
#2578=AXIS2_PLACEMENT_3D('',#3774,#3036,#3037);
#2579=AXIS2_PLACEMENT_3D('',#3776,#3038,#3039);
#2580=AXIS2_PLACEMENT_3D('',#3778,#3040,#3041);
#2581=AXIS2_PLACEMENT_3D('',#3779,#3042,#3043);
#2582=AXIS2_PLACEMENT_3D('',#3781,#3045,#3046);
#2583=AXIS2_PLACEMENT_3D('',#3783,#3048,#3049);
#2584=AXIS2_PLACEMENT_3D('',#3785,#3051,#3052);
#2585=AXIS2_PLACEMENT_3D('',#3793,#3058,#3059);
#2586=AXIS2_PLACEMENT_3D('',#3798,#3064,#3065);
#2587=AXIS2_PLACEMENT_3D('',#3801,#3068,#3069);
#2588=AXIS2_PLACEMENT_3D('',#3805,#3072,#3073);
#2589=AXIS2_PLACEMENT_3D('',#3809,#3076,#3077);
#2590=AXIS2_PLACEMENT_3D('',#3811,#3079,#3080);
#2591=AXIS2_PLACEMENT_3D('',#3812,#3081,#3082);
#2592=AXIS2_PLACEMENT_3D('',#3813,#3083,#3084);
#2593=AXIS2_PLACEMENT_3D('',#3815,#3086,#3087);
#2594=AXIS2_PLACEMENT_3D('',#3820,#3090,#3091);
#2595=AXIS2_PLACEMENT_3D('',#3821,#3092,#3093);
#2596=AXIS2_PLACEMENT_3D('',#3826,#3096,#3097);
#2597=AXIS2_PLACEMENT_3D('',#3827,#3098,#3099);
#2598=AXIS2_PLACEMENT_3D('',#3829,#3101,#3102);
#2599=AXIS2_PLACEMENT_3D('',#3838,#3107,#3108);
#2600=AXIS2_PLACEMENT_3D('',#3841,#3111,#3112);
#2601=AXIS2_PLACEMENT_3D('',#3843,#3114,#3115);
#2602=AXIS2_PLACEMENT_3D('',#3845,#3117,#3118);
#2603=AXIS2_PLACEMENT_3D('',#3846,#3119,#3120);
#2604=AXIS2_PLACEMENT_3D('',#3848,#3122,#3123);
#2605=AXIS2_PLACEMENT_3D('',#3852,#3126,#3127);
#2606=AXIS2_PLACEMENT_3D('',#3856,#3130,#3131);
#2607=AXIS2_PLACEMENT_3D('',#3858,#3133,#3134);
#2608=AXIS2_PLACEMENT_3D('',#3860,#3136,#3137);
#2609=AXIS2_PLACEMENT_3D('',#3862,#3139,#3140);
#2610=AXIS2_PLACEMENT_3D('',#3864,#3142,#3143);
#2611=AXIS2_PLACEMENT_3D('',#3865,#3144,#3145);
#2612=AXIS2_PLACEMENT_3D('',#3866,#3146,#3147);
#2613=AXIS2_PLACEMENT_3D('',#3873,#3152,#3153);
#2614=AXIS2_PLACEMENT_3D('',#3885,#3160,#3161);
#2615=AXIS2_PLACEMENT_3D('',#3891,#3165,#3166);
#2616=AXIS2_PLACEMENT_3D('',#3893,#3167,#3168);
#2617=AXIS2_PLACEMENT_3D('',#3895,#3169,#3170);
#2618=AXIS2_PLACEMENT_3D('',#3896,#3171,#3172);
#2619=AXIS2_PLACEMENT_3D('',#3898,#3174,#3175);
#2620=AXIS2_PLACEMENT_3D('',#3907,#3179,#3180);
#2621=AXIS2_PLACEMENT_3D('',#3908,#3181,#3182);
#2622=AXIS2_PLACEMENT_3D('',#3913,#3185,#3186);
#2623=AXIS2_PLACEMENT_3D('',#3915,#3187,#3188);
#2624=AXIS2_PLACEMENT_3D('',#3916,#3189,#3190);
#2625=AXIS2_PLACEMENT_3D('',#3918,#3191,#3192);
#2626=AXIS2_PLACEMENT_3D('',#3920,#3193,#3194);
#2627=AXIS2_PLACEMENT_3D('',#3921,#3195,#3196);
#2628=AXIS2_PLACEMENT_3D('',#3923,#3197,#3198);
#2629=AXIS2_PLACEMENT_3D('',#3925,#3199,#3200);
#2630=AXIS2_PLACEMENT_3D('',#3926,#3201,#3202);
#2631=AXIS2_PLACEMENT_3D('',#3929,#3205,#3206);
#2632=AXIS2_PLACEMENT_3D('',#3931,#3208,#3209);
#2633=AXIS2_PLACEMENT_3D('',#3933,#3210,#3211);
#2634=AXIS2_PLACEMENT_3D('',#3935,#3212,#3213);
#2635=AXIS2_PLACEMENT_3D('',#3936,#3214,#3215);
#2636=AXIS2_PLACEMENT_3D('',#3938,#3217,#3218);
#2637=AXIS2_PLACEMENT_3D('',#3940,#3220,#3221);
#2638=AXIS2_PLACEMENT_3D('',#3942,#3223,#3224);
#2639=AXIS2_PLACEMENT_3D('',#3948,#3229,#3230);
#2640=AXIS2_PLACEMENT_3D('',#3953,#3235,#3236);
#2641=AXIS2_PLACEMENT_3D('',#3956,#3239,#3240);
#2642=AXIS2_PLACEMENT_3D('',#3957,#3241,#3242);
#2643=AXIS2_PLACEMENT_3D('',#3958,#3243,#3244);
#2644=AXIS2_PLACEMENT_3D('',#3959,#3245,#3246);
#2645=AXIS2_PLACEMENT_3D('',#3961,#3248,#3249);
#2646=AXIS2_PLACEMENT_3D('',#3966,#3252,#3253);
#2647=AXIS2_PLACEMENT_3D('',#3967,#3254,#3255);
#2648=AXIS2_PLACEMENT_3D('',#3976,#3260,#3261);
#2649=AXIS2_PLACEMENT_3D('',#3980,#3264,#3265);
#2650=AXIS2_PLACEMENT_3D('',#3983,#3267,#3268);
#2651=AXIS2_PLACEMENT_3D('',#3984,#3269,#3270);
#2652=AXIS2_PLACEMENT_3D('',#3987,#3273,#3274);
#2653=AXIS2_PLACEMENT_3D('',#3989,#3276,#3277);
#2654=AXIS2_PLACEMENT_3D('',#3991,#3279,#3280);
#2655=AXIS2_PLACEMENT_3D('',#3992,#3281,#3282);
#2656=AXIS2_PLACEMENT_3D('',#3994,#3284,#3285);
#2657=AXIS2_PLACEMENT_3D('',#3995,#3286,#3287);
#2658=AXIS2_PLACEMENT_3D('',#3997,#3289,#3290);
#2659=AXIS2_PLACEMENT_3D('',#3999,#3292,#3293);
#2660=AXIS2_PLACEMENT_3D('',#4000,#3294,#3295);
#2661=AXIS2_PLACEMENT_3D('',#4001,#3296,#3297);
#2662=AXIS2_PLACEMENT_3D('',#4004,#3300,#3301);
#2663=AXIS2_PLACEMENT_3D('',#4006,#3303,#3304);
#2664=AXIS2_PLACEMENT_3D('',#4008,#3306,#3307);
#2665=AXIS2_PLACEMENT_3D('',#4010,#3309,#3310);
#2666=AXIS2_PLACEMENT_3D('',#4012,#3312,#3313);
#2667=AXIS2_PLACEMENT_3D('',#4014,#3315,#3316);
#2668=AXIS2_PLACEMENT_3D('',#4016,#3318,#3319);
#2669=AXIS2_PLACEMENT_3D('',#4017,#3320,#3321);
#2670=AXIS2_PLACEMENT_3D('',#4018,#3322,#3323);
#2671=AXIS2_PLACEMENT_3D('',#4019,#3324,#3325);
#2672=DIRECTION('axis',(0.,0.,1.));
#2673=DIRECTION('refdir',(1.,0.,0.));
#2674=DIRECTION('center_axis',(0.499999999999996,-0.500000000000006,0.707106781186546));
#2675=DIRECTION('ref_axis',(0.816496580927728,0.,-0.577350269189623));
#2676=DIRECTION('',(-0.707106781186555,-0.70710678118654,0.));
#2677=DIRECTION('',(0.,-0.816496580927722,-0.577350269189632));
#2678=DIRECTION('',(0.707106781186555,0.70710678118654,0.));
#2679=DIRECTION('',(0.816496580927722,-1.53837014910685E-14,-0.577350269189632));
#2680=DIRECTION('center_axis',(-0.50000000000001,-0.500000000000001,0.70710678118654));
#2681=DIRECTION('ref_axis',(0.816496580927718,0.,0.577350269189638));
#2682=DIRECTION('',(-0.707106781186542,0.707106781186553,0.));
#2683=DIRECTION('',(-0.816496580927722,1.53837014910685E-14,-0.577350269189632));
#2684=DIRECTION('',(0.707106781186542,-0.707106781186553,0.));
#2685=DIRECTION('center_axis',(-0.499999999999995,0.500000000000007,0.707106781186546));
#2686=DIRECTION('ref_axis',(0.816496580927728,0.,0.577350269189623));
#2687=DIRECTION('',(0.707106781186556,0.707106781186539,0.));
#2688=DIRECTION('',(0.,0.816496580927722,-0.577350269189632));
#2689=DIRECTION('',(-0.707106781186556,-0.707106781186539,0.));
#2690=DIRECTION('center_axis',(0.500000000000009,0.500000000000002,0.70710678118654));
#2691=DIRECTION('ref_axis',(0.816496580927718,0.,-0.577350269189637));
#2692=DIRECTION('',(-0.707106781186542,0.707106781186553,0.));
#2693=DIRECTION('',(0.707106781186542,-0.707106781186553,0.));
#2694=DIRECTION('center_axis',(0.707106781186553,0.707106781186542,0.));
#2695=DIRECTION('ref_axis',(-0.707106781186542,0.707106781186553,-3.96308102588875E-31));
#2696=DIRECTION('',(0.,0.,1.));
#2697=DIRECTION('',(-0.707106781186548,0.707106781186548,8.94080427861593E-16));
#2698=DIRECTION('',(0.,0.,1.));
#2699=DIRECTION('center_axis',(-0.707106781186553,-0.707106781186542,0.));
#2700=DIRECTION('ref_axis',(-0.707106781186542,0.707106781186553,-3.45126646034193E-31));
#2701=DIRECTION('center_axis',(0.70710678118654,-0.707106781186555,0.));
#2702=DIRECTION('ref_axis',(0.707106781186555,0.70710678118654,-2.93866338289496E-31));
#2703=DIRECTION('',(0.,0.,-1.));
#2704=DIRECTION('',(-0.707106781186555,-0.70710678118654,0.));
#2705=DIRECTION('',(-0.577350269189633,-0.577350269189621,-0.577350269189623));
#2706=DIRECTION('',(7.70988211545258E-16,7.70988211545241E-16,-1.));
#2707=DIRECTION('center_axis',(0.,0.,1.));
#2708=DIRECTION('ref_axis',(1.,0.,0.));
#2709=DIRECTION('center_axis',(0.500000000000009,-0.5,0.707106781186541));
#2710=DIRECTION('ref_axis',(0.816496580927719,0.,-0.577350269189636));
#2711=DIRECTION('',(-0.707106781186542,-0.707106781186553,0.));
#2712=DIRECTION('',(6.0893818402146E-15,-0.816496580927722,-0.577350269189632));
#2713=DIRECTION('',(0.707106781186542,0.707106781186553,0.));
#2714=DIRECTION('',(0.816496580927723,1.02558009940456E-14,-0.57735026918963));
#2715=DIRECTION('center_axis',(-0.499999999999998,-0.500000000000009,0.707106781186543));
#2716=DIRECTION('ref_axis',(0.816496580927725,0.,0.577350269189627));
#2717=DIRECTION('',(-0.707106781186555,0.70710678118654,0.));
#2718=DIRECTION('',(-0.816496580927723,-5.12790049702281E-15,-0.57735026918963));
#2719=DIRECTION('',(0.707106781186555,-0.70710678118654,0.));
#2720=DIRECTION('center_axis',(-0.500000000000006,0.499999999999999,0.707106781186544));
#2721=DIRECTION('ref_axis',(0.816496580927721,0.,0.577350269189633));
#2722=DIRECTION('',(0.707106781186542,0.707106781186553,0.));
#2723=DIRECTION('',(-8.33283830766208E-15,0.816496580927722,-0.577350269189632));
#2724=DIRECTION('',(-0.707106781186542,-0.707106781186553,0.));
#2725=DIRECTION('center_axis',(0.499999999999998,0.50000000000001,0.707106781186542));
#2726=DIRECTION('ref_axis',(0.816496580927725,0.,-0.577350269189627));
#2727=DIRECTION('',(-0.707106781186556,0.707106781186539,0.));
#2728=DIRECTION('',(0.707106781186556,-0.707106781186539,0.));
#2729=DIRECTION('center_axis',(0.707106781186539,0.707106781186556,0.));
#2730=DIRECTION('ref_axis',(-0.707106781186556,0.707106781186539,-4.13337360131531E-31));
#2731=DIRECTION('',(0.,0.,1.));
#2732=DIRECTION('',(-0.707106781186556,0.707106781186539,-3.48630559684206E-31));
#2733=DIRECTION('',(0.,0.,-1.));
#2734=DIRECTION('center_axis',(0.707106781186553,-0.707106781186542,0.));
#2735=DIRECTION('ref_axis',(0.707106781186542,0.707106781186553,-3.96308102588874E-31));
#2736=DIRECTION('',(0.,0.,1.));
#2737=DIRECTION('',(-0.707106781186542,-0.707106781186553,0.));
#2738=DIRECTION('',(-0.577350269189619,-0.577350269189628,-0.577350269189631));
#2739=DIRECTION('',(0.,0.,1.));
#2740=DIRECTION('center_axis',(-0.707106781186553,0.707106781186542,0.));
#2741=DIRECTION('ref_axis',(-0.707106781186542,-0.707106781186553,3.45126646034193E-31));
#2742=DIRECTION('center_axis',(0.,0.,1.));
#2743=DIRECTION('ref_axis',(1.,0.,0.));
#2744=DIRECTION('center_axis',(0.707106781186553,-0.707106781186542,0.));
#2745=DIRECTION('ref_axis',(-0.707106781186542,-0.707106781186553,3.45126646034193E-31));
#2746=DIRECTION('center_axis',(0.707106781186553,-0.707106781186542,0.));
#2747=DIRECTION('ref_axis',(-0.707106781186542,-0.707106781186553,3.45126646034193E-31));
#2748=DIRECTION('',(0.707106781186553,-0.707106781186542,0.));
#2749=DIRECTION('center_axis',(-0.707106781186553,-0.707106781186542,0.));
#2750=DIRECTION('ref_axis',(-0.707106781186542,0.707106781186553,-3.45126646034193E-31));
#2751=DIRECTION('',(-0.707106781186553,-0.707106781186542,0.));
#2752=DIRECTION('center_axis',(0.707106781186554,0.707106781186542,0.));
#2753=DIRECTION('ref_axis',(-0.707106781186542,0.707106781186553,-3.45126646034193E-31));
#2754=DIRECTION('center_axis',(0.,1.,1.40319854501235E-15));
#2755=DIRECTION('ref_axis',(0.,1.40319854501235E-15,-1.));
#2756=DIRECTION('',(-3.55799473199535E-27,1.40319854501235E-15,-1.));
#2757=DIRECTION('',(-1.,0.,0.));
#2758=DIRECTION('',(1.38777878078144E-16,-1.40319854501235E-15,1.));
#2759=DIRECTION('',(-1.,0.,0.));
#2760=DIRECTION('center_axis',(-0.707106781186553,0.707106781186542,0.));
#2761=DIRECTION('ref_axis',(-0.707106781186542,-0.707106781186553,3.88982168744411E-31));
#2762=DIRECTION('',(0.707106781186548,0.707106781186548,8.94080427861593E-16));
#2763=DIRECTION('',(0.,0.,1.));
#2764=DIRECTION('center_axis',(-0.70710678118654,-0.707106781186555,0.));
#2765=DIRECTION('ref_axis',(0.707106781186555,-0.70710678118654,4.23279939184145E-31));
#2766=DIRECTION('',(7.70988211545258E-16,-7.70988211545242E-16,1.));
#2767=DIRECTION('',(-0.577350269189633,0.577350269189621,0.577350269189623));
#2768=DIRECTION('',(-0.707106781186555,0.70710678118654,0.));
#2769=DIRECTION('center_axis',(0.,0.,1.));
#2770=DIRECTION('ref_axis',(1.,0.,0.));
#2771=DIRECTION('',(-1.,0.,0.));
#2772=DIRECTION('',(-0.707106781186548,-0.707106781186548,-1.09034198519707E-15));
#2773=DIRECTION('',(1.,0.,0.));
#2774=DIRECTION('',(-2.77555756156289E-16,1.,0.));
#2775=DIRECTION('',(1.,0.,0.));
#2776=DIRECTION('',(-0.707106781186548,0.707106781186548,0.));
#2777=DIRECTION('',(-1.,0.,0.));
#2778=DIRECTION('',(0.707106781186548,0.707106781186548,0.));
#2779=DIRECTION('',(-1.,0.,0.));
#2780=DIRECTION('',(2.77555756156289E-16,1.,0.));
#2781=DIRECTION('',(-1.,0.,0.));
#2782=DIRECTION('',(0.707106781186548,-0.707106781186548,-1.09034198519707E-15));
#2783=DIRECTION('',(-1.,0.,0.));
#2784=DIRECTION('',(-0.707106781186542,0.707106781186553,0.));
#2785=DIRECTION('',(-1.,0.,0.));
#2786=DIRECTION('center_axis',(0.,0.,1.));
#2787=DIRECTION('ref_axis',(1.,0.,0.));
#2788=DIRECTION('',(0.,-1.,0.));
#2789=DIRECTION('center_axis',(0.,0.,1.));
#2790=DIRECTION('ref_axis',(1.,0.,0.));
#2791=DIRECTION('',(1.,1.20466908053945E-16,0.));
#2792=DIRECTION('center_axis',(0.,0.,1.));
#2793=DIRECTION('ref_axis',(1.,0.,0.));
#2794=DIRECTION('',(0.,-1.,0.));
#2795=DIRECTION('center_axis',(0.,0.,1.));
#2796=DIRECTION('ref_axis',(1.,0.,0.));
#2797=DIRECTION('',(1.,0.,0.));
#2798=DIRECTION('center_axis',(0.,-0.707106781186549,0.707106781186546));
#2799=DIRECTION('ref_axis',(0.,0.707106781186546,0.707106781186549));
#2800=DIRECTION('',(-0.577350269189626,-0.577350269189625,-0.577350269189627));
#2801=DIRECTION('center_axis',(-0.707106781186548,0.707106781186548,1.09034198519707E-15));
#2802=DIRECTION('ref_axis',(0.707106781186547,0.707106781186547,1.09034198519707E-15));
#2803=DIRECTION('',(0.707106781186548,0.707106781186548,8.94080427861593E-16));
#2804=DIRECTION('',(0.,0.,-1.));
#2805=DIRECTION('',(0.707106781186548,0.707106781186548,1.09034198519707E-15));
#2806=DIRECTION('',(0.,-1.5419764230905E-15,1.));
#2807=DIRECTION('center_axis',(-0.707106781186554,-0.707106781186542,0.));
#2808=DIRECTION('ref_axis',(0.707106781186542,-0.707106781186553,3.55956493528677E-31));
#2809=DIRECTION('',(0.,0.,1.));
#2810=DIRECTION('',(0.,0.,1.));
#2811=DIRECTION('',(-0.577350269189618,0.577350269189628,0.577350269189631));
#2812=DIRECTION('center_axis',(-0.707106781186539,0.707106781186556,0.));
#2813=DIRECTION('ref_axis',(-0.707106781186556,-0.707106781186539,3.48630559684206E-31));
#2814=DIRECTION('',(-0.707106781186556,-0.707106781186539,2.35206306036334E-31));
#2815=DIRECTION('center_axis',(0.707106781186548,0.707106781186548,1.09034198519707E-15));
#2816=DIRECTION('ref_axis',(-0.707106781186547,0.707106781186547,1.09034198519707E-15));
#2817=DIRECTION('',(0.577350269189626,-0.577350269189625,-0.577350269189627));
#2818=DIRECTION('',(0.,-1.5419764230905E-15,1.));
#2819=DIRECTION('',(-0.707106781186548,0.707106781186548,1.09034198519707E-15));
#2820=DIRECTION('',(0.,0.,-1.));
#2821=DIRECTION('',(-0.707106781186548,0.707106781186548,8.94080427861593E-16));
#2822=DIRECTION('center_axis',(0.,-0.707106781186549,0.707106781186546));
#2823=DIRECTION('ref_axis',(0.,0.707106781186546,0.707106781186549));
#2824=DIRECTION('center_axis',(0.,-0.707106781186549,0.707106781186546));
#2825=DIRECTION('ref_axis',(0.,0.707106781186546,0.707106781186549));
#2826=DIRECTION('',(1.79296237967363E-12,-0.707106781186546,-0.707106781186549));
#2827=DIRECTION('',(-1.14812217144827E-13,0.707106781186546,0.707106781186549));
#2828=DIRECTION('',(1.,0.,0.));
#2829=DIRECTION('',(0.,-0.707106781186546,-0.707106781186549));
#2830=DIRECTION('',(-1.,0.,0.));
#2831=DIRECTION('',(0.,-0.707106781186546,-0.707106781186549));
#2832=DIRECTION('center_axis',(-1.38777878078144E-16,1.38777878078144E-16,
-1.));
#2833=DIRECTION('ref_axis',(0.,-1.,-1.38777878078144E-16));
#2834=DIRECTION('',(0.707106781186548,-0.707106781186548,-8.94080427861593E-16));
#2835=DIRECTION('',(-1.,0.,0.));
#2836=DIRECTION('',(-0.707106781186548,-0.707106781186548,-8.94080427861593E-16));
#2837=DIRECTION('',(0.,1.,1.38777878078144E-16));
#2838=DIRECTION('',(-0.707106781186548,0.707106781186548,1.96261557335472E-16));
#2839=DIRECTION('',(-1.,0.,0.));
#2840=DIRECTION('',(0.707106781186548,0.707106781186548,1.96261557335472E-16));
#2841=DIRECTION('',(0.,1.,1.38777878078144E-16));
#2842=DIRECTION('center_axis',(-1.38777878078144E-16,1.38777878078144E-16,
-1.));
#2843=DIRECTION('ref_axis',(1.,1.59872115546023E-13,0.));
#2844=DIRECTION('',(-1.6236899461234E-13,1.,-3.90614317864885E-31));
#2845=DIRECTION('',(-0.707106781186548,-0.707106781186548,-1.96261557335472E-16));
#2846=DIRECTION('',(8.67361737988404E-17,1.,1.38777878078144E-16));
#2847=DIRECTION('',(-0.707106781186547,0.707106781186548,1.10933564796705E-31));
#2848=DIRECTION('',(-0.707106781186548,-0.707106781186548,-1.96261557335472E-16));
#2849=DIRECTION('',(1.,-1.92592994438723E-32,1.38777878078144E-16));
#2850=DIRECTION('',(-1.92592994438723E-32,1.,1.38777878078144E-16));
#2851=DIRECTION('',(1.,0.,0.));
#2852=DIRECTION('',(-1.,0.,0.));
#2853=DIRECTION('',(-1.,0.,0.));
#2854=DIRECTION('',(1.92592994438723E-32,1.,1.38777878078144E-16));
#2855=DIRECTION('',(-1.,-1.92592994438723E-32,1.38777878078144E-16));
#2856=DIRECTION('',(0.707106781186548,-0.707106781186548,-1.96261557335472E-16));
#2857=DIRECTION('',(0.707106781186547,0.707106781186548,1.10933564796705E-31));
#2858=DIRECTION('',(-8.67361737988404E-17,1.,1.38777878078144E-16));
#2859=DIRECTION('',(0.707106781186548,-0.707106781186548,-1.96261557335472E-16));
#2860=DIRECTION('',(-1.60982338570648E-13,1.,1.38777878078166E-16));
#2861=DIRECTION('center_axis',(-1.38777878078144E-16,1.38777878078144E-16,
-1.));
#2862=DIRECTION('ref_axis',(-1.58095758706622E-13,1.,0.));
#2863=DIRECTION('',(1.,1.60829955018248E-13,-1.38777878078122E-16));
#2864=DIRECTION('center_axis',(0.,0.,-1.));
#2865=DIRECTION('ref_axis',(1.,1.59872115546023E-13,0.));
#2866=DIRECTION('',(0.,0.,-1.));
#2867=DIRECTION('center_axis',(0.,1.85738069144991E-15,-1.));
#2868=DIRECTION('ref_axis',(1.,1.59872115546023E-13,0.));
#2869=DIRECTION('',(0.,0.,-1.));
#2870=DIRECTION('center_axis',(-1.60829955018248E-13,1.,0.));
#2871=DIRECTION('ref_axis',(1.,1.60829955018248E-13,4.83370652708953E-32));
#2872=DIRECTION('',(0.,0.,-1.));
#2873=DIRECTION('',(1.,1.60829955018248E-13,2.98722453057652E-28));
#2874=DIRECTION('center_axis',(1.,1.59872115546023E-13,0.));
#2875=DIRECTION('ref_axis',(1.59872115546023E-13,-1.,3.02154981370039E-43));
#2876=DIRECTION('',(1.59872115546023E-13,-1.,-1.85738069144991E-15));
#2877=DIRECTION('',(2.27835936995154E-28,-1.40319854501235E-15,1.));
#2878=DIRECTION('center_axis',(0.,0.,-1.));
#2879=DIRECTION('ref_axis',(-1.58095758706622E-13,1.,0.));
#2880=DIRECTION('',(0.,0.,-1.));
#2881=DIRECTION('center_axis',(0.,1.85738069144991E-15,-1.));
#2882=DIRECTION('ref_axis',(-1.58095758706622E-13,1.,0.));
#2883=DIRECTION('center_axis',(-1.,-1.60982338570648E-13,0.));
#2884=DIRECTION('ref_axis',(-1.60982338570648E-13,1.,-4.93038065763157E-31));
#2885=DIRECTION('',(-1.60982338570648E-13,1.,1.85738069144991E-15));
#2886=DIRECTION('center_axis',(0.,1.,1.40319854501235E-15));
#2887=DIRECTION('ref_axis',(0.,1.40319854501235E-15,-1.));
#2888=DIRECTION('',(-1.,0.,0.));
#2889=DIRECTION('',(-1.38777878078144E-16,-1.40319854501235E-15,1.));
#2890=DIRECTION('center_axis',(0.,-1.,-1.85738069144991E-15));
#2891=DIRECTION('ref_axis',(0.,1.85738069144991E-15,-1.));
#2892=DIRECTION('',(1.,0.,0.));
#2893=DIRECTION('',(0.,-1.85738069144991E-15,1.));
#2894=DIRECTION('',(-1.,0.,0.));
#2895=DIRECTION('',(0.,-1.85738069144991E-15,1.));
#2896=DIRECTION('',(-1.,0.,0.));
#2897=DIRECTION('',(0.,-1.85738069144991E-15,1.));
#2898=DIRECTION('',(0.,-1.85738069144991E-15,1.));
#2899=DIRECTION('center_axis',(0.,-1.,-1.5419764230905E-15));
#2900=DIRECTION('ref_axis',(0.,-1.5419764230905E-15,1.));
#2901=DIRECTION('',(-1.,0.,0.));
#2902=DIRECTION('',(0.,0.,-1.));
#2903=DIRECTION('',(-1.,0.,0.));
#2904=DIRECTION('',(0.,1.5419764230905E-15,-1.));
#2905=DIRECTION('center_axis',(0.,0.,1.));
#2906=DIRECTION('ref_axis',(1.,0.,0.));
#2907=DIRECTION('',(1.,0.,0.));
#2908=DIRECTION('',(0.,1.,0.));
#2909=DIRECTION('',(1.,0.,0.));
#2910=DIRECTION('',(-0.707106781186548,0.707106781186548,0.));
#2911=DIRECTION('center_axis',(0.,0.,1.));
#2912=DIRECTION('ref_axis',(-1.,0.,0.));
#2913=DIRECTION('',(0.,1.,0.));
#2914=DIRECTION('',(-1.,0.,0.));
#2915=DIRECTION('',(0.707106781186548,0.707106781186548,0.));
#2916=DIRECTION('center_axis',(1.,0.,0.));
#2917=DIRECTION('ref_axis',(0.,0.,-1.));
#2918=DIRECTION('',(2.71050543121376E-16,-1.,-1.85738069144991E-15));
#2919=DIRECTION('',(0.,-1.,-1.5419764230905E-15));
#2920=DIRECTION('',(0.,0.,-1.));
#2921=DIRECTION('',(0.,0.,-1.));
#2922=DIRECTION('center_axis',(1.,0.,0.));
#2923=DIRECTION('ref_axis',(0.,0.,-1.));
#2924=DIRECTION('',(0.,-1.,-1.85738069144991E-15));
#2925=DIRECTION('',(0.,0.,-1.));
#2926=DIRECTION('',(0.,-1.,-1.5419764230905E-15));
#2927=DIRECTION('center_axis',(0.,0.,1.));
#2928=DIRECTION('ref_axis',(1.,0.,0.));
#2929=DIRECTION('',(1.,0.,0.));
#2930=DIRECTION('',(-0.707106781186548,0.707106781186548,1.09034198519707E-15));
#2931=DIRECTION('',(0.,-1.,0.));
#2932=DIRECTION('',(-0.707106781186548,-0.707106781186548,0.));
#2933=DIRECTION('',(-1.,0.,0.));
#2934=DIRECTION('',(0.707106781186548,-0.707106781186548,0.));
#2935=DIRECTION('',(0.,-1.,0.));
#2936=DIRECTION('',(0.707106781186548,0.707106781186548,1.09034198519707E-15));
#2937=DIRECTION('center_axis',(-1.38777878078144E-16,1.38777878078144E-16,
-1.));
#2938=DIRECTION('ref_axis',(-1.,0.,1.38777878078144E-16));
#2939=DIRECTION('center_axis',(0.,0.,1.));
#2940=DIRECTION('ref_axis',(1.,0.,0.));
#2941=DIRECTION('',(0.,1.,0.));
#2942=DIRECTION('center_axis',(0.,0.,-1.));
#2943=DIRECTION('ref_axis',(-1.,0.,0.));
#2944=DIRECTION('',(-1.,0.,0.));
#2945=DIRECTION('center_axis',(0.,0.,-1.));
#2946=DIRECTION('ref_axis',(-1.,0.,0.));
#2947=DIRECTION('',(0.,1.,0.));
#2948=DIRECTION('center_axis',(0.,0.,-1.));
#2949=DIRECTION('ref_axis',(-1.,0.,0.));
#2950=DIRECTION('',(-1.,-1.20466908053945E-16,0.));
#2951=DIRECTION('center_axis',(0.,0.,-1.));
#2952=DIRECTION('ref_axis',(-1.,0.,0.));
#2953=DIRECTION('center_axis',(1.38777878078144E-16,1.40319854501235E-15,
-1.));
#2954=DIRECTION('ref_axis',(1.,-2.13992216043026E-31,1.38777878078144E-16));
#2955=DIRECTION('center_axis',(-1.38777878078144E-16,-1.38777878078144E-16,
1.));
#2956=DIRECTION('ref_axis',(1.,0.,1.38777878078144E-16));
#2957=DIRECTION('center_axis',(0.,0.,-1.));
#2958=DIRECTION('ref_axis',(-1.,0.,0.));
#2959=DIRECTION('center_axis',(1.38777878078144E-16,-1.40319854501235E-15,
1.));
#2960=DIRECTION('ref_axis',(-1.,-2.13992216043026E-31,1.38777878078144E-16));
#2961=DIRECTION('center_axis',(-0.707106781186548,-0.707106781186548,0.));
#2962=DIRECTION('ref_axis',(0.707106781186547,-0.707106781186547,0.));
#2963=DIRECTION('',(0.,0.,-1.));
#2964=DIRECTION('',(1.38777878078144E-16,-1.38777878078144E-16,1.));
#2965=DIRECTION('',(-0.577350269189626,0.577350269189626,-0.577350269189626));
#2966=DIRECTION('',(0.,0.,1.));
#2967=DIRECTION('',(0.707106781186548,-0.707106781186548,0.));
#2968=DIRECTION('center_axis',(0.,0.,1.));
#2969=DIRECTION('ref_axis',(1.,0.,0.));
#2970=DIRECTION('',(1.,0.,0.));
#2971=DIRECTION('',(0.,-1.,0.));
#2972=DIRECTION('',(1.,0.,0.));
#2973=DIRECTION('',(-0.707106781186547,-0.707106781186548,0.));
#2974=DIRECTION('',(1.,0.,0.));
#2975=DIRECTION('',(-2.77555756156289E-16,1.,0.));
#2976=DIRECTION('center_axis',(0.,0.707106781186548,0.707106781186548));
#2977=DIRECTION('ref_axis',(0.,-0.707106781186547,0.707106781186547));
#2978=DIRECTION('',(-1.,0.,0.));
#2979=DIRECTION('',(9.81307786677358E-17,-0.707106781186548,0.707106781186548));
#2980=DIRECTION('',(-1.,0.,0.));
#2981=DIRECTION('',(-9.81307786677358E-17,-0.707106781186548,0.707106781186548));
#2982=DIRECTION('',(1.,0.,0.));
#2983=DIRECTION('',(0.577350269189626,0.577350269189626,-0.577350269189626));
#2984=DIRECTION('center_axis',(1.,0.,-1.38777878078144E-16));
#2985=DIRECTION('ref_axis',(-1.38777878078144E-16,0.,-1.));
#2986=DIRECTION('',(1.38777878078144E-16,-1.38777878078144E-16,1.));
#2987=DIRECTION('',(1.92592994438723E-32,1.,1.38777878078144E-16));
#2988=DIRECTION('',(1.38777878078144E-16,-1.38777878078144E-16,1.));
#2989=DIRECTION('center_axis',(0.,1.,0.));
#2990=DIRECTION('ref_axis',(0.,0.,1.));
#2991=DIRECTION('',(1.38777878078144E-16,-1.38777878078144E-16,1.));
#2992=DIRECTION('',(-1.38777878078144E-16,-1.38777878078144E-16,1.));
#2993=DIRECTION('center_axis',(0.,0.,-1.));
#2994=DIRECTION('ref_axis',(1.,0.,0.));
#2995=DIRECTION('center_axis',(0.,0.,1.));
#2996=DIRECTION('ref_axis',(1.,0.,0.));
#2997=DIRECTION('center_axis',(0.,0.,-1.));
#2998=DIRECTION('ref_axis',(-1.,0.,0.));
#2999=DIRECTION('center_axis',(0.,0.,1.));
#3000=DIRECTION('ref_axis',(1.,0.,0.));
#3001=DIRECTION('',(0.,0.,-1.));
#3002=DIRECTION('center_axis',(0.,0.,1.));
#3003=DIRECTION('ref_axis',(1.,0.,0.));
#3004=DIRECTION('',(0.,-1.,0.));
#3005=DIRECTION('',(1.,0.,0.));
#3006=DIRECTION('',(8.67361737988404E-17,1.,1.5419764230905E-15));
#3007=DIRECTION('center_axis',(0.,0.,1.));
#3008=DIRECTION('ref_axis',(1.,0.,0.));
#3009=DIRECTION('center_axis',(0.,0.,1.));
#3010=DIRECTION('ref_axis',(1.,0.,0.));
#3011=DIRECTION('',(8.67361737988404E-17,-1.,0.));
#3012=DIRECTION('',(1.,0.,0.));
#3013=DIRECTION('center_axis',(1.38777878078144E-16,-1.40319854501235E-15,
1.));
#3014=DIRECTION('ref_axis',(-1.,-2.13992216043026E-31,1.38777878078144E-16));
#3015=DIRECTION('center_axis',(-1.38777878078144E-16,1.38777878078144E-16,
-1.));
#3016=DIRECTION('ref_axis',(-1.,0.,1.38777878078144E-16));
#3017=DIRECTION('center_axis',(0.,0.,1.));
#3018=DIRECTION('ref_axis',(1.,0.,0.));
#3019=DIRECTION('center_axis',(0.,0.,-1.));
#3020=DIRECTION('ref_axis',(-1.,0.,0.));
#3021=DIRECTION('center_axis',(0.,0.,1.));
#3022=DIRECTION('ref_axis',(1.,0.,0.));
#3023=DIRECTION('center_axis',(0.,0.,1.));
#3024=DIRECTION('ref_axis',(1.,0.,0.));
#3025=DIRECTION('center_axis',(0.,0.,1.));
#3026=DIRECTION('ref_axis',(1.,0.,0.));
#3027=DIRECTION('center_axis',(0.,0.,1.));
#3028=DIRECTION('ref_axis',(1.,0.,0.));
#3029=DIRECTION('center_axis',(1.,0.,0.));
#3030=DIRECTION('ref_axis',(0.,0.,-1.));
#3031=DIRECTION('',(0.,-1.5419764230905E-15,1.));
#3032=DIRECTION('',(0.,0.,1.));
#3033=DIRECTION('center_axis',(0.,0.,-1.));
#3034=DIRECTION('ref_axis',(-1.,0.,0.));
#3035=DIRECTION('',(0.,0.,-1.));
#3036=DIRECTION('center_axis',(0.,0.,1.));
#3037=DIRECTION('ref_axis',(1.,0.,0.));
#3038=DIRECTION('center_axis',(0.,0.,1.));
#3039=DIRECTION('ref_axis',(1.,0.,0.));
#3040=DIRECTION('center_axis',(0.,0.,1.));
#3041=DIRECTION('ref_axis',(1.,0.,0.));
#3042=DIRECTION('center_axis',(0.,0.,-1.));
#3043=DIRECTION('ref_axis',(-1.,0.,0.));
#3044=DIRECTION('',(0.,0.,-1.));
#3045=DIRECTION('center_axis',(0.,0.,1.));
#3046=DIRECTION('ref_axis',(1.,0.,0.));
#3047=DIRECTION('',(0.,0.,1.));
#3048=DIRECTION('center_axis',(0.,0.,1.));
#3049=DIRECTION('ref_axis',(1.,0.,0.));
#3050=DIRECTION('',(0.,0.,1.));
#3051=DIRECTION('center_axis',(-1.,-2.77555756156289E-16,0.));
#3052=DIRECTION('ref_axis',(2.77555756156289E-16,-1.,0.));
#3053=DIRECTION('',(0.,1.5419764230905E-15,-1.));
#3054=DIRECTION('',(0.,-1.,-1.5419764230905E-15));
#3055=DIRECTION('',(-2.77555756156289E-16,1.,1.85738069144991E-15));
#3056=DIRECTION('',(0.,0.,-1.));
#3057=DIRECTION('',(0.,0.,-1.));
#3058=DIRECTION('center_axis',(1.,8.67361737988404E-17,0.));
#3059=DIRECTION('ref_axis',(-8.67361737988404E-17,1.,0.));
#3060=DIRECTION('',(0.,1.5419764230905E-15,-1.));
#3061=DIRECTION('',(0.,0.,-1.));
#3062=DIRECTION('',(0.,0.,-1.));
#3063=DIRECTION('',(0.,0.,-1.));
#3064=DIRECTION('center_axis',(1.,0.,0.));
#3065=DIRECTION('ref_axis',(0.,0.,-1.));
#3066=DIRECTION('',(0.,1.5419764230905E-15,-1.));
#3067=DIRECTION('',(0.,0.,-1.));
#3068=DIRECTION('center_axis',(0.707106781186548,0.707106781186548,0.));
#3069=DIRECTION('ref_axis',(0.,0.,-1.));
#3070=DIRECTION('',(0.577350269189626,-0.577350269189626,0.577350269189626));
#3071=DIRECTION('',(-3.15404268359421E-16,3.15404268359421E-16,1.));
#3072=DIRECTION('center_axis',(0.,-0.707106781186548,-0.707106781186548));
#3073=DIRECTION('ref_axis',(0.,0.707106781186547,-0.707106781186547));
#3074=DIRECTION('',(-1.,0.,0.));
#3075=DIRECTION('',(0.577350269189626,0.577350269189626,-0.577350269189626));
#3076=DIRECTION('center_axis',(0.,-1.,3.15404268359421E-16));
#3077=DIRECTION('ref_axis',(0.,-3.15404268359421E-16,-1.));
#3078=DIRECTION('',(3.15404268359421E-16,3.15404268359421E-16,1.));
#3079=DIRECTION('center_axis',(0.,1.,0.));
#3080=DIRECTION('ref_axis',(0.,0.,1.));
#3081=DIRECTION('center_axis',(0.,1.,0.));
#3082=DIRECTION('ref_axis',(0.,0.,1.));
#3083=DIRECTION('center_axis',(-1.38777878078144E-16,1.38777878078144E-16,
-1.));
#3084=DIRECTION('ref_axis',(-1.,0.,1.38777878078144E-16));
#3085=DIRECTION('',(-1.38777878078144E-16,1.38777878078144E-16,-1.));
#3086=DIRECTION('center_axis',(0.,1.,1.38777878078144E-16));
#3087=DIRECTION('ref_axis',(0.,-1.38777878078144E-16,1.));
#3088=DIRECTION('',(1.38777878078144E-16,-1.38777878078144E-16,1.));
#3089=DIRECTION('',(-1.,-1.92592994438723E-32,1.38777878078144E-16));
#3090=DIRECTION('center_axis',(0.,-1.,-1.38777878078144E-16));
#3091=DIRECTION('ref_axis',(0.,1.38777878078144E-16,-1.));
#3092=DIRECTION('center_axis',(0.,-1.,-1.38777878078144E-16));
#3093=DIRECTION('ref_axis',(0.,1.38777878078144E-16,-1.));
#3094=DIRECTION('',(1.,1.92592994438723E-32,-1.38777878078144E-16));
#3095=DIRECTION('',(1.38777878078144E-16,-1.38777878078144E-16,1.));
#3096=DIRECTION('center_axis',(0.,-1.,-1.38777878078144E-16));
#3097=DIRECTION('ref_axis',(0.,1.38777878078144E-16,-1.));
#3098=DIRECTION('center_axis',(1.,0.,-1.38777878078144E-16));
#3099=DIRECTION('ref_axis',(-1.38777878078144E-16,0.,-1.));
#3100=DIRECTION('',(-1.92592994438723E-32,-1.,-1.38777878078144E-16));
#3101=DIRECTION('center_axis',(1.38777878078144E-16,-1.38777878078144E-16,
1.));
#3102=DIRECTION('ref_axis',(1.,1.92592994438723E-32,-1.38777878078144E-16));
#3103=DIRECTION('',(1.,1.92592994438723E-32,-1.38777878078144E-16));
#3104=DIRECTION('',(1.92592994438723E-32,1.,1.38777878078144E-16));
#3105=DIRECTION('',(-1.,-1.92592994438723E-32,1.38777878078144E-16));
#3106=DIRECTION('',(-1.92592994438723E-32,-1.,-1.38777878078144E-16));
#3107=DIRECTION('center_axis',(-0.707106781186546,-9.8130778667736E-17,
0.707106781186549));
#3108=DIRECTION('ref_axis',(1.72563323017096E-31,-1.,-1.38777878078144E-16));
#3109=DIRECTION('',(-0.577350269189627,0.577350269189626,-0.577350269189625));
#3110=DIRECTION('',(-0.577350269189625,-0.577350269189628,-0.577350269189624));
#3111=DIRECTION('center_axis',(9.81307786677363E-17,-0.707106781186545,
0.70710678118655));
#3112=DIRECTION('ref_axis',(1.,3.08148791101958E-31,-1.38777878078144E-16));
#3113=DIRECTION('',(0.577350269189626,-0.577350269189628,-0.577350269189624));
#3114=DIRECTION('center_axis',(9.81307786677359E-17,0.707106781186547,0.707106781186548));
#3115=DIRECTION('ref_axis',(-1.,1.97215226305253E-31,1.38777878078144E-16));
#3116=DIRECTION('',(-0.577350269189627,-0.577350269189625,0.577350269189625));
#3117=DIRECTION('center_axis',(-0.707106781186546,9.81307786677361E-17,
-0.707106781186549));
#3118=DIRECTION('ref_axis',(2.58844984525644E-31,1.,1.38777878078144E-16));
#3119=DIRECTION('center_axis',(0.,-1.,-1.38777878078144E-16));
#3120=DIRECTION('ref_axis',(0.,1.38777878078144E-16,-1.));
#3121=DIRECTION('',(0.,-1.,-1.38777878078144E-16));
#3122=DIRECTION('center_axis',(0.707106781186548,-0.707106781186548,-1.09034198519707E-15));
#3123=DIRECTION('ref_axis',(1.97215226305253E-31,1.5419764230905E-15,-1.));
#3124=DIRECTION('',(-3.15404268359421E-16,-1.85738069144991E-15,1.));
#3125=DIRECTION('',(-0.577350269189626,-0.577350269189625,-0.577350269189627));
#3126=DIRECTION('center_axis',(0.,0.707106781186549,-0.707106781186546));
#3127=DIRECTION('ref_axis',(0.,-0.707106781186546,-0.707106781186549));
#3128=DIRECTION('',(1.,0.,0.));
#3129=DIRECTION('',(-0.577350269189626,0.577350269189625,0.577350269189627));
#3130=DIRECTION('center_axis',(0.,1.,1.85738069144991E-15));
#3131=DIRECTION('ref_axis',(0.,1.85738069144991E-15,-1.));
#3132=DIRECTION('',(3.15404268359421E-16,-1.85738069144991E-15,1.));
#3133=DIRECTION('center_axis',(0.,-1.,-1.5419764230905E-15));
#3134=DIRECTION('ref_axis',(0.,-1.5419764230905E-15,1.));
#3135=DIRECTION('',(1.,0.,0.));
#3136=DIRECTION('center_axis',(0.,-1.,-1.5419764230905E-15));
#3137=DIRECTION('ref_axis',(0.,-1.5419764230905E-15,1.));
#3138=DIRECTION('',(1.,0.,0.));
#3139=DIRECTION('center_axis',(-1.38777878078144E-16,1.40319854501235E-15,
-1.));
#3140=DIRECTION('ref_axis',(-1.,-2.13992216043026E-31,1.38777878078144E-16));
#3141=DIRECTION('',(-1.38777878078144E-16,1.40319854501235E-15,-1.));
#3142=DIRECTION('center_axis',(0.707106781186548,-0.707106781186547,0.));
#3143=DIRECTION('ref_axis',(0.707106781186547,0.707106781186548,0.));
#3144=DIRECTION('center_axis',(-0.707106781186548,-0.707106781186548,0.));
#3145=DIRECTION('ref_axis',(0.707106781186547,-0.707106781186547,0.));
#3146=DIRECTION('center_axis',(0.707106781186548,-0.707106781186548,0.));
#3147=DIRECTION('ref_axis',(-0.707106781186547,-0.707106781186547,0.));
#3148=DIRECTION('',(0.,0.,-1.));
#3149=DIRECTION('',(-0.707106781186548,-0.707106781186548,0.));
#3150=DIRECTION('',(0.,0.,1.));
#3151=DIRECTION('',(-1.38777878078144E-16,-1.38777878078144E-16,1.));
#3152=DIRECTION('center_axis',(0.,0.,1.));
#3153=DIRECTION('ref_axis',(-1.,0.,0.));
#3154=DIRECTION('',(1.,0.,0.));
#3155=DIRECTION('',(2.77555756156289E-16,1.,0.));
#3156=DIRECTION('',(-1.,0.,0.));
#3157=DIRECTION('',(0.707106781186547,-0.707106781186548,0.));
#3158=DIRECTION('',(-1.,0.,0.));
#3159=DIRECTION('',(0.,-1.,0.));
#3160=DIRECTION('center_axis',(-1.,0.,-1.38777878078144E-16));
#3161=DIRECTION('ref_axis',(1.38777878078144E-16,0.,-1.));
#3162=DIRECTION('',(-1.38777878078144E-16,-1.38777878078144E-16,1.));
#3163=DIRECTION('',(-1.92592994438723E-32,1.,1.38777878078144E-16));
#3164=DIRECTION('',(-1.38777878078144E-16,-1.38777878078144E-16,1.));
#3165=DIRECTION('center_axis',(0.,0.,-1.));
#3166=DIRECTION('ref_axis',(-1.,0.,0.));
#3167=DIRECTION('center_axis',(0.,0.,-1.));
#3168=DIRECTION('ref_axis',(-1.,0.,0.));
#3169=DIRECTION('center_axis',(0.,0.,1.));
#3170=DIRECTION('ref_axis',(1.,0.,0.));
#3171=DIRECTION('center_axis',(0.,0.,1.));
#3172=DIRECTION('ref_axis',(-1.,0.,0.));
#3173=DIRECTION('',(0.,0.,-1.));
#3174=DIRECTION('center_axis',(0.,0.,1.));
#3175=DIRECTION('ref_axis',(-1.,0.,0.));
#3176=DIRECTION('',(0.,-1.,0.));
#3177=DIRECTION('',(-1.,0.,0.));
#3178=DIRECTION('',(-8.67361737988404E-17,-1.,0.));
#3179=DIRECTION('center_axis',(0.,0.,-1.));
#3180=DIRECTION('ref_axis',(-1.,0.,0.));
#3181=DIRECTION('center_axis',(0.,0.,-1.));
#3182=DIRECTION('ref_axis',(-1.,0.,0.));
#3183=DIRECTION('',(-8.67361737988404E-17,1.,1.5419764230905E-15));
#3184=DIRECTION('',(-1.,0.,0.));
#3185=DIRECTION('center_axis',(1.38777878078144E-16,1.40319854501235E-15,
-1.));
#3186=DIRECTION('ref_axis',(1.,-2.13992216043026E-31,1.38777878078144E-16));
#3187=DIRECTION('center_axis',(-1.38777878078144E-16,-1.38777878078144E-16,
1.));
#3188=DIRECTION('ref_axis',(1.,0.,1.38777878078144E-16));
#3189=DIRECTION('center_axis',(0.,0.,1.));
#3190=DIRECTION('ref_axis',(-1.,0.,0.));
#3191=DIRECTION('center_axis',(0.,0.,1.));
#3192=DIRECTION('ref_axis',(1.,0.,0.));
#3193=DIRECTION('center_axis',(0.,0.,-1.));
#3194=DIRECTION('ref_axis',(-1.,0.,0.));
#3195=DIRECTION('center_axis',(0.,0.,1.));
#3196=DIRECTION('ref_axis',(-1.,0.,0.));
#3197=DIRECTION('center_axis',(0.,0.,-1.));
#3198=DIRECTION('ref_axis',(-1.,0.,0.));
#3199=DIRECTION('center_axis',(0.,0.,-1.));
#3200=DIRECTION('ref_axis',(-1.,0.,0.));
#3201=DIRECTION('center_axis',(-1.,0.,0.));
#3202=DIRECTION('ref_axis',(0.,0.,-1.));
#3203=DIRECTION('',(0.,0.,1.));
#3204=DIRECTION('',(0.,-1.5419764230905E-15,1.));
#3205=DIRECTION('center_axis',(0.,0.,-1.));
#3206=DIRECTION('ref_axis',(1.,0.,0.));
#3207=DIRECTION('',(0.,0.,-1.));
#3208=DIRECTION('center_axis',(0.,0.,1.));
#3209=DIRECTION('ref_axis',(-1.,0.,0.));
#3210=DIRECTION('center_axis',(0.,0.,-1.));
#3211=DIRECTION('ref_axis',(-1.,0.,0.));
#3212=DIRECTION('center_axis',(0.,0.,-1.));
#3213=DIRECTION('ref_axis',(-1.,0.,0.));
#3214=DIRECTION('center_axis',(0.,0.,-1.));
#3215=DIRECTION('ref_axis',(1.,0.,0.));
#3216=DIRECTION('',(0.,0.,-1.));
#3217=DIRECTION('center_axis',(0.,0.,1.));
#3218=DIRECTION('ref_axis',(-1.,0.,0.));
#3219=DIRECTION('',(0.,0.,1.));
#3220=DIRECTION('center_axis',(0.,0.,1.));
#3221=DIRECTION('ref_axis',(-1.,0.,0.));
#3222=DIRECTION('',(0.,0.,1.));
#3223=DIRECTION('center_axis',(1.,-2.77555756156289E-16,0.));
#3224=DIRECTION('ref_axis',(-2.77555756156289E-16,-1.,0.));
#3225=DIRECTION('',(0.,0.,-1.));
#3226=DIRECTION('',(0.,0.,-1.));
#3227=DIRECTION('',(0.,1.,1.85738069144991E-15));
#3228=DIRECTION('',(0.,-1.,-1.5419764230905E-15));
#3229=DIRECTION('center_axis',(-1.,8.67361737988404E-17,0.));
#3230=DIRECTION('ref_axis',(8.67361737988404E-17,1.,0.));
#3231=DIRECTION('',(0.,0.,-1.));
#3232=DIRECTION('',(0.,0.,-1.));
#3233=DIRECTION('',(0.,0.,-1.));
#3234=DIRECTION('',(0.,1.5419764230905E-15,-1.));
#3235=DIRECTION('center_axis',(-1.,0.,0.));
#3236=DIRECTION('ref_axis',(0.,0.,-1.));
#3237=DIRECTION('',(0.,0.,-1.));
#3238=DIRECTION('',(0.,1.5419764230905E-15,-1.));
#3239=DIRECTION('center_axis',(-0.707106781186548,0.707106781186548,0.));
#3240=DIRECTION('ref_axis',(0.,0.,-1.));
#3241=DIRECTION('center_axis',(0.,1.,0.));
#3242=DIRECTION('ref_axis',(0.,0.,1.));
#3243=DIRECTION('center_axis',(0.,1.,0.));
#3244=DIRECTION('ref_axis',(0.,0.,1.));
#3245=DIRECTION('center_axis',(1.38777878078144E-16,1.38777878078144E-16,
-1.));
#3246=DIRECTION('ref_axis',(1.,0.,1.38777878078144E-16));
#3247=DIRECTION('',(1.38777878078144E-16,1.38777878078144E-16,-1.));
#3248=DIRECTION('center_axis',(0.,1.,1.38777878078144E-16));
#3249=DIRECTION('ref_axis',(0.,-1.38777878078144E-16,1.));
#3250=DIRECTION('',(-1.38777878078144E-16,-1.38777878078144E-16,1.));
#3251=DIRECTION('',(1.,-1.92592994438723E-32,1.38777878078144E-16));
#3252=DIRECTION('center_axis',(0.,1.,1.38777878078144E-16));
#3253=DIRECTION('ref_axis',(0.,1.38777878078144E-16,-1.));
#3254=DIRECTION('center_axis',(-1.38777878078144E-16,-1.38777878078144E-16,
1.));
#3255=DIRECTION('ref_axis',(-1.,1.92592994438723E-32,-1.38777878078144E-16));
#3256=DIRECTION('',(-1.,1.92592994438723E-32,-1.38777878078144E-16));
#3257=DIRECTION('',(1.92592994438723E-32,-1.,-1.38777878078144E-16));
#3258=DIRECTION('',(1.,-1.92592994438723E-32,1.38777878078144E-16));
#3259=DIRECTION('',(-1.92592994438723E-32,1.,1.38777878078144E-16));
#3260=DIRECTION('center_axis',(-1.,0.,-1.38777878078144E-16));
#3261=DIRECTION('ref_axis',(1.38777878078144E-16,0.,-1.));
#3262=DIRECTION('',(-1.38777878078144E-16,-1.38777878078144E-16,1.));
#3263=DIRECTION('',(1.92592994438723E-32,-1.,-1.38777878078144E-16));
#3264=DIRECTION('center_axis',(0.,-1.,-1.38777878078144E-16));
#3265=DIRECTION('ref_axis',(0.,1.38777878078144E-16,-1.));
#3266=DIRECTION('',(-1.,1.92592994438723E-32,-1.38777878078144E-16));
#3267=DIRECTION('center_axis',(0.,1.,1.38777878078144E-16));
#3268=DIRECTION('ref_axis',(0.,1.38777878078144E-16,-1.));
#3269=DIRECTION('center_axis',(0.707106781186546,-9.8130778667736E-17,0.707106781186549));
#3270=DIRECTION('ref_axis',(-1.72563323017096E-31,-1.,-1.38777878078144E-16));
#3271=DIRECTION('',(0.577350269189627,0.577350269189626,-0.577350269189625));
#3272=DIRECTION('',(0.577350269189625,-0.577350269189628,-0.577350269189624));
#3273=DIRECTION('center_axis',(-9.81307786677363E-17,-0.707106781186545,
0.70710678118655));
#3274=DIRECTION('ref_axis',(-1.,3.08148791101958E-31,-1.38777878078144E-16));
#3275=DIRECTION('',(-0.577350269189626,-0.577350269189628,-0.577350269189624));
#3276=DIRECTION('center_axis',(-9.81307786677359E-17,0.707106781186547,
0.707106781186548));
#3277=DIRECTION('ref_axis',(1.,1.97215226305253E-31,1.38777878078144E-16));
#3278=DIRECTION('',(0.577350269189627,-0.577350269189625,0.577350269189625));
#3279=DIRECTION('center_axis',(0.707106781186546,9.81307786677361E-17,-0.707106781186549));
#3280=DIRECTION('ref_axis',(-2.58844984525644E-31,1.,1.38777878078144E-16));
#3281=DIRECTION('center_axis',(0.,-1.,-1.38777878078144E-16));
#3282=DIRECTION('ref_axis',(0.,1.38777878078144E-16,-1.));
#3283=DIRECTION('',(0.,-1.,-1.38777878078144E-16));
#3284=DIRECTION('center_axis',(-0.707106781186548,-0.707106781186548,-1.09034198519707E-15));
#3285=DIRECTION('ref_axis',(-1.97215226305253E-31,1.5419764230905E-15,-1.));
#3286=DIRECTION('center_axis',(0.,-1.,-1.5419764230905E-15));
#3287=DIRECTION('ref_axis',(0.,-1.5419764230905E-15,1.));
#3288=DIRECTION('',(1.,0.,0.));
#3289=DIRECTION('center_axis',(1.38777878078144E-16,1.40319854501235E-15,
-1.));
#3290=DIRECTION('ref_axis',(1.,-2.13992216043026E-31,1.38777878078144E-16));
#3291=DIRECTION('',(1.38777878078144E-16,1.40319854501235E-15,-1.));
#3292=DIRECTION('center_axis',(0.707106781186548,-0.707106781186548,0.));
#3293=DIRECTION('ref_axis',(-0.707106781186547,-0.707106781186547,0.));
#3294=DIRECTION('center_axis',(-0.707106781186548,-0.707106781186547,0.));
#3295=DIRECTION('ref_axis',(-0.707106781186547,0.707106781186548,0.));
#3296=DIRECTION('center_axis',(-1.,0.,0.));
#3297=DIRECTION('ref_axis',(0.,0.,1.));
#3298=DIRECTION('',(0.,0.,-1.));
#3299=DIRECTION('',(0.,0.,-1.));
#3300=DIRECTION('center_axis',(0.,0.,-1.));
#3301=DIRECTION('ref_axis',(-1.,0.,0.));
#3302=DIRECTION('',(0.,0.,-1.));
#3303=DIRECTION('center_axis',(1.20466908053945E-16,-1.,0.));
#3304=DIRECTION('ref_axis',(1.,1.20466908053945E-16,0.));
#3305=DIRECTION('',(0.,0.,-1.));
#3306=DIRECTION('center_axis',(0.,0.,-1.));
#3307=DIRECTION('ref_axis',(-1.,0.,0.));
#3308=DIRECTION('',(0.,0.,-1.));
#3309=DIRECTION('center_axis',(-1.,0.,0.));
#3310=DIRECTION('ref_axis',(0.,0.,1.));
#3311=DIRECTION('',(0.,0.,-1.));
#3312=DIRECTION('center_axis',(0.,0.,-1.));
#3313=DIRECTION('ref_axis',(-1.,0.,0.));
#3314=DIRECTION('',(0.,0.,-1.));
#3315=DIRECTION('center_axis',(0.,-1.,0.));
#3316=DIRECTION('ref_axis',(0.,0.,-1.));
#3317=DIRECTION('',(0.,0.,-1.));
#3318=DIRECTION('center_axis',(0.,0.,-1.));
#3319=DIRECTION('ref_axis',(-1.,0.,0.));
#3320=DIRECTION('center_axis',(0.,-1.85738069144991E-15,1.));
#3321=DIRECTION('ref_axis',(1.,0.,0.));
#3322=DIRECTION('center_axis',(0.,-1.5419764230905E-15,1.));
#3323=DIRECTION('ref_axis',(0.,-1.,-1.5419764230905E-15));
#3324=DIRECTION('center_axis',(0.,1.5419764230905E-15,-1.));
#3325=DIRECTION('ref_axis',(0.,1.,1.5419764230905E-15));
#3326=CARTESIAN_POINT('',(0.,0.,0.));
#3327=CARTESIAN_POINT('Origin',(72.5736697218812,21.807165427397,81.15));
#3328=CARTESIAN_POINT('',(74.9601551083859,24.5472042044948,81.4));
#3329=CARTESIAN_POINT('',(71.7781745930463,21.3652236891554,81.4));
#3330=CARTESIAN_POINT('',(72.3968930265846,21.9839421226936,81.4));
#3331=CARTESIAN_POINT('',(71.7781745930463,20.6581169079688,80.9));
#3332=CARTESIAN_POINT('',(71.7781745930463,21.3652236891554,81.4));
#3333=CARTESIAN_POINT('',(75.6672618895724,24.5472042044948,80.9));
#3334=CARTESIAN_POINT('',(72.7504464171778,21.6303887321003,80.9));
#3335=CARTESIAN_POINT('',(74.9601551083859,24.5472042044948,81.4));
#3336=CARTESIAN_POINT('Origin',(67.996320343554,24.7935245480545,81.15));
#3337=CARTESIAN_POINT('',(67.2071067811809,25.9362915010209,81.4));
#3338=CARTESIAN_POINT('',(68.1730970388506,24.9703012433512,81.4));
#3339=CARTESIAN_POINT('',(66.4999999999943,25.9362915010209,80.9));
#3340=CARTESIAN_POINT('',(67.2071067811809,25.9362915010209,81.4));
#3341=CARTESIAN_POINT('',(67.8195436482573,24.6167478527579,80.9));
#3342=CARTESIAN_POINT('Origin',(69.5935921676855,28.6763302781188,81.15));
#3343=CARTESIAN_POINT('',(70.3890872965204,29.1182720163604,81.4));
#3344=CARTESIAN_POINT('',(69.7703688629822,28.4995535828221,81.4));
#3345=CARTESIAN_POINT('',(70.3890872965204,29.8253787975469,80.9));
#3346=CARTESIAN_POINT('',(70.3890872965204,29.1182720163604,81.4));
#3347=CARTESIAN_POINT('',(69.4168154723889,28.8531069734154,80.9));
#3348=CARTESIAN_POINT('Origin',(74.1709415460128,25.6899711574612,81.15));
#3349=CARTESIAN_POINT('',(74.3477182413094,25.8667478527579,80.9));
#3350=CARTESIAN_POINT('',(73.9941648507161,25.5131944621646,81.4));
#3351=CARTESIAN_POINT('Origin',(75.6672618895724,24.5472042044948,74.4));
#3352=CARTESIAN_POINT('',(75.6672618895724,24.5472042044948,74.4));
#3353=CARTESIAN_POINT('',(75.6672618895724,24.5472042044948,74.4));
#3354=CARTESIAN_POINT('',(70.3890872965204,29.8253787975469,74.4));
#3355=CARTESIAN_POINT('',(82.8661165235168,17.3483495705504,74.4));
#3356=CARTESIAN_POINT('',(70.3890872965204,29.8253787975469,74.4));
#3357=CARTESIAN_POINT('',(73.5938600179956,26.6206060760716,77.9));
#3358=CARTESIAN_POINT('Origin',(73.0281745930464,27.1862915010209,77.9));
#3359=CARTESIAN_POINT('Origin',(71.7781745930463,20.6581169079688,74.4));
#3360=CARTESIAN_POINT('',(71.7781745930463,20.6581169079688,51.4));
#3361=CARTESIAN_POINT('',(71.7781745930463,20.6581169079688,74.4));
#3362=CARTESIAN_POINT('',(74.3345237791448,23.2144660940672,51.4));
#3363=CARTESIAN_POINT('',(52.3566017177922,1.23654403271513,51.4));
#3364=CARTESIAN_POINT('',(75.6672618895724,24.5472042044948,52.7327381104276));
#3365=CARTESIAN_POINT('',(72.8942035637376,21.7741458786601,49.9596797845928));
#3366=CARTESIAN_POINT('',(75.6672618895724,24.5472042044948,74.401));
#3367=CARTESIAN_POINT('Origin',(71.0836309447834,25.2417478527579,81.4));
#3368=CARTESIAN_POINT('Origin',(1.36459235992008,22.1544372515285,81.15));
#3369=CARTESIAN_POINT('',(4.79289321881917,25.9362915010209,81.4));
#3370=CARTESIAN_POINT('',(0.221825406953712,21.3652236891554,81.4));
#3371=CARTESIAN_POINT('',(1.18781566462344,22.3312139468251,81.4));
#3372=CARTESIAN_POINT('',(0.221825406953717,20.6581169079688,80.9));
#3373=CARTESIAN_POINT('',(0.221825406953712,21.3652236891554,81.4));
#3374=CARTESIAN_POINT('',(5.50000000000572,25.9362915010209,80.9));
#3375=CARTESIAN_POINT('',(1.54136905521671,21.9776605562319,80.9));
#3376=CARTESIAN_POINT('',(4.79289321881917,25.9362915010209,81.4));
#3377=CARTESIAN_POINT('Origin',(-2.5182133701442,23.75170907566,81.15));
#3378=CARTESIAN_POINT('',(-2.96015510838582,24.5472042044949,81.4));
#3379=CARTESIAN_POINT('',(-2.34143667484757,23.9284857709566,81.4));
#3380=CARTESIAN_POINT('',(-3.66726188957236,24.5472042044948,80.9));
#3381=CARTESIAN_POINT('',(-2.96015510838582,24.5472042044949,81.4));
#3382=CARTESIAN_POINT('',(-2.69499006544084,23.5749323803633,80.9));
#3383=CARTESIAN_POINT('Origin',(0.468145750513278,28.3290584539873,81.15));
#3384=CARTESIAN_POINT('',(1.61091270347964,29.1182720163604,81.4));
#3385=CARTESIAN_POINT('',(0.644922445809916,28.1522817586906,81.4));
#3386=CARTESIAN_POINT('',(1.61091270347964,29.8253787975469,80.9));
#3387=CARTESIAN_POINT('',(1.61091270347964,29.1182720163604,81.4));
#3388=CARTESIAN_POINT('',(0.291369055216639,28.5058351492839,80.9));
#3389=CARTESIAN_POINT('Origin',(4.35095148057756,26.7317866298558,81.15));
#3390=CARTESIAN_POINT('',(4.52772817587419,26.9085633251524,80.9));
#3391=CARTESIAN_POINT('',(4.17417478528092,26.5550099345592,81.4));
#3392=CARTESIAN_POINT('Origin',(5.50000000000572,25.9362915010209,74.4));
#3393=CARTESIAN_POINT('',(5.50000000000572,25.9362915010209,74.4));
#3394=CARTESIAN_POINT('',(5.50000000000572,25.9362915010209,74.4));
#3395=CARTESIAN_POINT('',(1.61091270347964,29.8253787975469,74.4));
#3396=CARTESIAN_POINT('',(4.41215052556756,27.0241409754591,74.4));
#3397=CARTESIAN_POINT('',(1.61091270347964,29.8253787975469,74.4));
#3398=CARTESIAN_POINT('Origin',(0.221825406953717,20.6581169079688,74.4));
#3399=CARTESIAN_POINT('',(0.221825406953717,20.6581169079688,51.4));
#3400=CARTESIAN_POINT('',(0.221825406953717,20.6581169079688,74.4));
#3401=CARTESIAN_POINT('',(2.77817459305205,23.2144660940672,51.4));
#3402=CARTESIAN_POINT('',(-1.31066017177696,19.1256313292381,51.4));
#3403=CARTESIAN_POINT('',(5.50000000000572,25.9362915010209,54.1218254069537));
#3404=CARTESIAN_POINT('',(13.263912575327,33.7002040763424,61.8857379822751));
#3405=CARTESIAN_POINT('',(5.50000000000572,25.9362915010209,74.4));
#3406=CARTESIAN_POINT('',(3.42659812842894,23.8628896294441,77.9));
#3407=CARTESIAN_POINT('Origin',(2.86091270347971,23.2972042044949,77.9));
#3408=CARTESIAN_POINT('Origin',(0.916369055216676,25.2417478527579,81.4));
#3409=CARTESIAN_POINT('Origin',(-1.02817459304636,27.1862915010209,77.9));
#3410=CARTESIAN_POINT('',(-0.462489168097131,27.7519769259701,77.9));
#3411=CARTESIAN_POINT('Origin',(-1.02817459304636,27.1862915010209,77.9));
#3412=CARTESIAN_POINT('',(-0.462489168097131,27.7519769259701,77.9));
#3413=CARTESIAN_POINT('Origin',(73.0281745930464,27.1862915010209,77.9));
#3414=CARTESIAN_POINT('',(69.7047727214696,22.7315187795456,77.9));
#3415=CARTESIAN_POINT('',(73.5938600179956,26.6206060760716,77.9));
#3416=CARTESIAN_POINT('Origin',(69.1390872965203,23.2972042044949,77.9));
#3417=CARTESIAN_POINT('Origin',(11.2677669529664,30.75,58.9335339059328));
#3418=CARTESIAN_POINT('',(5.49999999999351,30.75,61.4));
#3419=CARTESIAN_POINT('',(5.49999999999351,30.75,58.9355339059327));
#3420=CARTESIAN_POINT('',(5.49999999999351,30.75,66.6667669529664));
#3421=CARTESIAN_POINT('',(15.5,30.75,58.9355339059328));
#3422=CARTESIAN_POINT('',(11.2677669529664,30.75,58.9355339059328));
#3423=CARTESIAN_POINT('',(15.5,30.75,61.4));
#3424=CARTESIAN_POINT('',(15.5,30.75,58.9335339059328));
#3425=CARTESIAN_POINT('',(23.6338834764805,30.75,61.4));
#3426=CARTESIAN_POINT('Origin',(1.61091270347964,29.8253787975469,74.4));
#3427=CARTESIAN_POINT('',(-3.66726188957236,24.5472042044948,74.4));
#3428=CARTESIAN_POINT('',(-10.8661165235168,17.3483495705504,74.4));
#3429=CARTESIAN_POINT('',(-3.66726188957236,24.5472042044948,74.4));
#3430=CARTESIAN_POINT('Origin',(-3.66726188957236,24.5472042044948,74.4));
#3431=CARTESIAN_POINT('',(-3.66726188957236,24.5472042044948,52.7327381104276));
#3432=CARTESIAN_POINT('',(-3.66726188957236,24.5472042044948,74.401));
#3433=CARTESIAN_POINT('',(-2.33452377914472,23.2144660940672,51.4));
#3434=CARTESIAN_POINT('',(-2.18989932924628,23.0698416441688,51.2553755501015));
#3435=CARTESIAN_POINT('',(4.19885463394451,16.6810876809781,51.4));
#3436=CARTESIAN_POINT('Origin',(9.,5.75,51.4));
#3437=CARTESIAN_POINT('',(-5.,23.2144660940673,51.4));
#3438=CARTESIAN_POINT('',(9.,23.2144660940673,51.4));
#3439=CARTESIAN_POINT('',(-9.96446609406727,18.25,51.4));
#3440=CARTESIAN_POINT('',(-10.8661165235168,17.3483495705504,51.4));
#3441=CARTESIAN_POINT('',(27.,18.25,51.4));
#3442=CARTESIAN_POINT('',(7.5,18.25,51.4));
#3443=CARTESIAN_POINT('',(27.,-6.75,51.4));
#3444=CARTESIAN_POINT('',(27.,5.75,51.4));
#3445=CARTESIAN_POINT('',(-9.96446609406727,-6.75,51.4));
#3446=CARTESIAN_POINT('',(7.5,-6.75,51.4));
#3447=CARTESIAN_POINT('',(-5.,-11.7144660940673,51.4));
#3448=CARTESIAN_POINT('',(-10.8661165235168,-5.84834957055046,51.4));
#3449=CARTESIAN_POINT('',(77.,-11.7144660940673,51.4));
#3450=CARTESIAN_POINT('',(9.,-11.7144660940673,51.4));
#3451=CARTESIAN_POINT('',(81.9644660940673,-6.75,51.4));
#3452=CARTESIAN_POINT('',(82.8661165235168,-5.84834957055046,51.4));
#3453=CARTESIAN_POINT('',(45.,-6.75,51.4));
#3454=CARTESIAN_POINT('',(64.5,-6.75,51.4));
#3455=CARTESIAN_POINT('',(45.,18.25,51.4));
#3456=CARTESIAN_POINT('',(45.,5.75,51.4));
#3457=CARTESIAN_POINT('',(81.9644660940673,18.25,51.4));
#3458=CARTESIAN_POINT('',(64.5,18.25,51.4));
#3459=CARTESIAN_POINT('',(77.,23.2144660940673,51.4));
#3460=CARTESIAN_POINT('',(82.8661165235168,17.3483495705504,51.4));
#3461=CARTESIAN_POINT('',(9.,23.2144660940673,51.4));
#3462=CARTESIAN_POINT('',(69.221825406948,23.2144660940672,51.4));
#3463=CARTESIAN_POINT('',(57.1715728752512,35.2647186257642,51.4));
#3464=CARTESIAN_POINT('',(9.,23.2144660940673,51.4));
#3465=CARTESIAN_POINT('',(42.,10.25,51.4));
#3466=CARTESIAN_POINT('',(40.5,11.75,51.4));
#3467=CARTESIAN_POINT('Origin',(40.5,10.25,51.4));
#3468=CARTESIAN_POINT('',(42.,1.25,51.4));
#3469=CARTESIAN_POINT('',(42.,5.75,51.4));
#3470=CARTESIAN_POINT('',(40.5,-0.25,51.4));
#3471=CARTESIAN_POINT('Origin',(40.5,1.25,51.4));
#3472=CARTESIAN_POINT('',(31.5,-0.250000000000004,51.4));
#3473=CARTESIAN_POINT('',(9.,-0.250000000000007,51.4));
#3474=CARTESIAN_POINT('',(30.,1.25,51.4));
#3475=CARTESIAN_POINT('Origin',(31.5,1.25,51.4));
#3476=CARTESIAN_POINT('',(30.,10.25,51.4));
#3477=CARTESIAN_POINT('',(30.,5.75,51.4));
#3478=CARTESIAN_POINT('',(31.5,11.75,51.4));
#3479=CARTESIAN_POINT('Origin',(31.5,10.25,51.4));
#3480=CARTESIAN_POINT('',(9.,11.75,51.4));
#3481=CARTESIAN_POINT('Origin',(36.002,29.1161165235169,57.3016504294496));
#3482=CARTESIAN_POINT('',(12.6017669529664,40.8162330470336,69.0017669529665));
#3483=CARTESIAN_POINT('Origin',(-10.8661165235168,17.3483495705504,74.402));
#3484=CARTESIAN_POINT('',(-10.9822330470336,17.2322330470337,74.4));
#3485=CARTESIAN_POINT('',(-10.8661165235168,17.3483495705504,74.4));
#3486=CARTESIAN_POINT('',(-10.9822330470336,17.2322330470337,56.4));
#3487=CARTESIAN_POINT('',(-10.9822330470336,17.2322330470337,74.402));
#3488=CARTESIAN_POINT('',(-9.96446609406727,18.25,56.4));
#3489=CARTESIAN_POINT('',(-6.73223304703364,21.4822330470337,56.4));
#3490=CARTESIAN_POINT('',(-9.96446609406727,18.25,56.4));
#3491=CARTESIAN_POINT('Origin',(66.4999999999943,25.9362915010209,74.4));
#3492=CARTESIAN_POINT('',(66.4999999999943,25.9362915010209,74.4));
#3493=CARTESIAN_POINT('',(66.4999999999943,25.9362915010209,74.4));
#3494=CARTESIAN_POINT('',(66.4999999999943,25.9362915010209,54.1218254069537));
#3495=CARTESIAN_POINT('',(66.4999999999943,25.9362915010209,74.4));
#3496=CARTESIAN_POINT('',(56.9773625603224,35.458928940693,63.6444628466258));
#3497=CARTESIAN_POINT('Origin',(70.3890872965204,29.8253787975469,74.4));
#3498=CARTESIAN_POINT('',(69.5323931226954,28.9686846237219,74.4));
#3499=CARTESIAN_POINT('Origin',(82.8661165235168,17.3483495705504,74.402));
#3500=CARTESIAN_POINT('',(59.3982330470336,40.8162330470336,69.0017669529665));
#3501=CARTESIAN_POINT('',(81.9644660940673,18.25,56.4));
#3502=CARTESIAN_POINT('',(81.9644660940673,18.25,56.4));
#3503=CARTESIAN_POINT('',(82.9822330470336,17.2322330470337,56.4));
#3504=CARTESIAN_POINT('',(78.7322330470336,21.4822330470337,56.4));
#3505=CARTESIAN_POINT('',(82.9822330470336,17.2322330470337,74.4));
#3506=CARTESIAN_POINT('',(82.9822330470336,17.2322330470337,74.402));
#3507=CARTESIAN_POINT('',(82.8661165235168,17.3483495705504,74.4));
#3508=CARTESIAN_POINT('Origin',(36.002,29.1161165235169,57.3016504294496));
#3509=CARTESIAN_POINT('Origin',(36.002,29.1161165235169,57.3016504294496));
#3510=CARTESIAN_POINT('',(5.49999999998578,33.7991747852559,61.9847086911887));
#3511=CARTESIAN_POINT('',(66.4999999999935,30.75,58.9355339059327));
#3512=CARTESIAN_POINT('',(66.4999999999932,32.5957476605317,60.7812815664645));
#3513=CARTESIAN_POINT('',(56.5,30.75,58.9355339059328));
#3514=CARTESIAN_POINT('',(60.7322330470336,30.75,58.9355339059328));
#3515=CARTESIAN_POINT('',(56.5,28.75,56.9355339059328));
#3516=CARTESIAN_POINT('',(56.5,21.249,49.4345339059328));
#3517=CARTESIAN_POINT('',(15.5,28.75,56.9355339059328));
#3518=CARTESIAN_POINT('',(36.,28.75,56.9355339059328));
#3519=CARTESIAN_POINT('',(15.5,21.249,49.4345339059328));
#3520=CARTESIAN_POINT('Origin',(1.38777878078145E-14,5.75,74.4));
#3521=CARTESIAN_POINT('',(65.,38.75,74.4));
#3522=CARTESIAN_POINT('',(90.,13.75,74.4));
#3523=CARTESIAN_POINT('',(80.5,23.25,74.4));
#3524=CARTESIAN_POINT('',(7.,38.75,74.4));
#3525=CARTESIAN_POINT('',(36.002,38.75,74.4));
#3526=CARTESIAN_POINT('',(-18.,13.75,74.4));
#3527=CARTESIAN_POINT('',(-8.5,23.25,74.4));
#3528=CARTESIAN_POINT('',(-18.,-2.25,74.4));
#3529=CARTESIAN_POINT('',(-18.,5.75,74.4));
#3530=CARTESIAN_POINT('',(7.,-27.25,74.4));
#3531=CARTESIAN_POINT('',(-8.5,-11.75,74.4));
#3532=CARTESIAN_POINT('',(65.,-27.25,74.4));
#3533=CARTESIAN_POINT('',(36.002,-27.25,74.4));
#3534=CARTESIAN_POINT('',(90.,-2.25,74.4));
#3535=CARTESIAN_POINT('',(80.5,-11.75,74.4));
#3536=CARTESIAN_POINT('',(90.,5.75,74.4));
#3537=CARTESIAN_POINT('',(61.4999999999926,36.7500000000155,74.4));
#3538=CARTESIAN_POINT('',(66.4999999999934,31.7500000000163,74.4));
#3539=CARTESIAN_POINT('Origin',(61.4999999999934,31.7500000000155,74.4));
#3540=CARTESIAN_POINT('',(66.4999999999943,25.9362915010209,74.4));
#3541=CARTESIAN_POINT('',(81.5,15.75,74.4));
#3542=CARTESIAN_POINT('',(82.2411165235168,16.4911165235169,74.4));
#3543=CARTESIAN_POINT('',(81.5,-4.25,74.4));
#3544=CARTESIAN_POINT('',(81.5,5.75,74.4));
#3545=CARTESIAN_POINT('',(82.9822330470336,-5.73223304703365,74.4));
#3546=CARTESIAN_POINT('',(82.2411165235168,-4.99111652351683,74.4));
#3547=CARTESIAN_POINT('',(69.4644660940673,-19.25,74.4));
#3548=CARTESIAN_POINT('',(82.8661165235168,-5.84834957055046,74.4));
#3549=CARTESIAN_POINT('',(63.9644660940673,-19.25,74.4));
#3550=CARTESIAN_POINT('',(66.7144660940673,-19.25,74.4));
#3551=CARTESIAN_POINT('',(63.9644660940673,-24.75,74.4));
#3552=CARTESIAN_POINT('',(63.9644660940673,-22.,74.4));
#3553=CARTESIAN_POINT('',(57.5,-24.75,74.4));
#3554=CARTESIAN_POINT('',(35.998,-24.75,74.4));
#3555=CARTESIAN_POINT('',(14.5,-24.75,74.4));
#3556=CARTESIAN_POINT('',(36.002,-24.75,74.4));
#3557=CARTESIAN_POINT('',(8.03553390593274,-24.75,74.4));
#3558=CARTESIAN_POINT('',(36.002,-24.75,74.4));
#3559=CARTESIAN_POINT('',(8.03553390593274,-19.25,74.4));
#3560=CARTESIAN_POINT('',(8.03553390593274,-22.,74.4));
#3561=CARTESIAN_POINT('',(2.53553390593275,-19.25,74.4));
#3562=CARTESIAN_POINT('',(5.28553390593275,-19.25,74.4));
#3563=CARTESIAN_POINT('',(-10.9822330470336,-5.73223304703365,74.4));
#3564=CARTESIAN_POINT('',(-10.8661165235168,-5.84834957055046,74.4));
#3565=CARTESIAN_POINT('',(-9.5,-4.25,74.4));
#3566=CARTESIAN_POINT('',(-10.2411165235168,-4.99111652351683,74.4));
#3567=CARTESIAN_POINT('',(-9.5,15.75,74.4));
#3568=CARTESIAN_POINT('',(-9.5,5.75,74.4));
#3569=CARTESIAN_POINT('',(-10.2411165235168,16.4911165235169,74.4));
#3570=CARTESIAN_POINT('',(5.49999999999335,31.7500000000065,74.4));
#3571=CARTESIAN_POINT('',(5.49999999999673,10.7500000000037,74.4));
#3572=CARTESIAN_POINT('',(10.4999999999926,36.7500000000073,74.4));
#3573=CARTESIAN_POINT('Origin',(10.4999999999933,31.7500000000073,74.4));
#3574=CARTESIAN_POINT('',(5.24999999999379,36.7500000000065,74.4));
#3575=CARTESIAN_POINT('Origin',(61.4999999999934,31.7500000000155,81.4));
#3576=CARTESIAN_POINT('',(61.4999999999926,36.7500000000155,61.4));
#3577=CARTESIAN_POINT('',(61.4999999999926,36.7500000000155,81.4));
#3578=CARTESIAN_POINT('',(66.4999999999934,31.7500000000163,61.4));
#3579=CARTESIAN_POINT('Origin',(61.4999999999934,31.7500000000155,61.4));
#3580=CARTESIAN_POINT('',(66.4999999999934,31.7500000000163,81.4));
#3581=CARTESIAN_POINT('Origin',(10.4999999999926,36.7500000000073,81.4));
#3582=CARTESIAN_POINT('',(10.4999999999926,36.7500000000073,61.4));
#3583=CARTESIAN_POINT('',(10.4999999999926,36.7500000000073,81.4));
#3584=CARTESIAN_POINT('',(23.2499999999928,36.7500000000094,61.4));
#3585=CARTESIAN_POINT('Origin',(66.4999999999934,31.7500000000163,81.4));
#3586=CARTESIAN_POINT('',(66.4999999999935,30.75,61.4));
#3587=CARTESIAN_POINT('',(66.4999999999938,29.0000000000161,61.4));
#3588=CARTESIAN_POINT('',(66.4999999999935,30.75,66.6667669529664));
#3589=CARTESIAN_POINT('Origin',(10.4999999999933,31.7500000000073,81.4));
#3590=CARTESIAN_POINT('',(5.49999999999335,31.7500000000065,61.4));
#3591=CARTESIAN_POINT('',(5.49999999999335,31.7500000000065,81.4));
#3592=CARTESIAN_POINT('Origin',(10.4999999999933,31.7500000000073,61.4));
#3593=CARTESIAN_POINT('Origin',(5.49999999999593,15.7500000000065,81.4));
#3594=CARTESIAN_POINT('',(5.49999999999508,21.0000000000063,61.4));
#3595=CARTESIAN_POINT('Origin',(60.7322330470336,30.75,58.9335339059328));
#3596=CARTESIAN_POINT('',(56.5,30.75,61.4));
#3597=CARTESIAN_POINT('',(48.3661165235141,30.75,61.4));
#3598=CARTESIAN_POINT('',(56.5,30.75,58.9335339059328));
#3599=CARTESIAN_POINT('Origin',(36.,28.75,56.9335339059328));
#3600=CARTESIAN_POINT('',(45.,28.75,58.9));
#3601=CARTESIAN_POINT('',(56.5,28.75,58.9));
#3602=CARTESIAN_POINT('',(50.75,28.75,58.9));
#3603=CARTESIAN_POINT('',(45.,28.75,61.4));
#3604=CARTESIAN_POINT('',(45.,28.75,60.15));
#3605=CARTESIAN_POINT('',(27.,28.75,61.4));
#3606=CARTESIAN_POINT('',(36.,28.75,61.4));
#3607=CARTESIAN_POINT('',(27.,28.75,58.9));
#3608=CARTESIAN_POINT('',(27.,28.75,56.4));
#3609=CARTESIAN_POINT('',(15.5,28.75,58.9));
#3610=CARTESIAN_POINT('',(21.25,28.75,58.9));
#3611=CARTESIAN_POINT('',(15.5,28.75,56.9335339059328));
#3612=CARTESIAN_POINT('',(56.5,28.75,56.9335339059328));
#3613=CARTESIAN_POINT('Origin',(64.5,18.25,56.4));
#3614=CARTESIAN_POINT('',(56.5,18.25,58.9));
#3615=CARTESIAN_POINT('',(45.,18.25,58.9));
#3616=CARTESIAN_POINT('',(50.75,18.25,58.9));
#3617=CARTESIAN_POINT('',(56.5,18.25,56.4));
#3618=CARTESIAN_POINT('',(56.5,18.25,61.402));
#3619=CARTESIAN_POINT('',(64.5,18.25,56.4));
#3620=CARTESIAN_POINT('',(45.,18.25,56.4));
#3621=CARTESIAN_POINT('Origin',(9.,5.75,56.4));
#3622=CARTESIAN_POINT('',(-9.5,15.75,56.4));
#3623=CARTESIAN_POINT('',(15.5,15.75,56.4));
#3624=CARTESIAN_POINT('',(7.5,15.75,56.4));
#3625=CARTESIAN_POINT('',(15.5,18.25,56.4));
#3626=CARTESIAN_POINT('',(15.5,17.,56.4));
#3627=CARTESIAN_POINT('',(7.5,18.25,56.4));
#3628=CARTESIAN_POINT('',(-10.2411165235168,16.4911165235169,56.4));
#3629=CARTESIAN_POINT('Origin',(63.,5.75,56.4));
#3630=CARTESIAN_POINT('',(56.5,15.75,56.4));
#3631=CARTESIAN_POINT('',(56.5,17.,56.4));
#3632=CARTESIAN_POINT('',(81.5,15.75,56.4));
#3633=CARTESIAN_POINT('',(64.5,15.75,56.4));
#3634=CARTESIAN_POINT('',(82.2411165235168,16.4911165235169,56.4));
#3635=CARTESIAN_POINT('Origin',(15.5,13.75,56.9335339059328));
#3636=CARTESIAN_POINT('',(15.5,15.75,61.4));
#3637=CARTESIAN_POINT('',(15.5,25.35,61.4));
#3638=CARTESIAN_POINT('',(15.5,18.25,58.9));
#3639=CARTESIAN_POINT('',(15.5,28.752,58.9));
#3640=CARTESIAN_POINT('',(15.5,18.25,61.402));
#3641=CARTESIAN_POINT('',(15.5,15.75,61.402));
#3642=CARTESIAN_POINT('Origin',(56.5,13.75,56.9335339059328));
#3643=CARTESIAN_POINT('',(56.5,15.75,61.4));
#3644=CARTESIAN_POINT('',(56.5,25.35,61.4));
#3645=CARTESIAN_POINT('',(56.5,15.75,61.402));
#3646=CARTESIAN_POINT('',(56.5,28.752,58.9));
#3647=CARTESIAN_POINT('Origin',(9.,5.75,48.4));
#3648=CARTESIAN_POINT('',(-6.58578643762687,25.1642135623731,48.4));
#3649=CARTESIAN_POINT('',(78.5857864376269,25.1642135623731,48.4));
#3650=CARTESIAN_POINT('',(22.501,25.1642135623731,48.4));
#3651=CARTESIAN_POINT('',(90.,13.75,48.4));
#3652=CARTESIAN_POINT('',(80.,23.75,48.4));
#3653=CARTESIAN_POINT('',(90.,-2.25,48.4));
#3654=CARTESIAN_POINT('',(90.,5.75,48.4));
#3655=CARTESIAN_POINT('',(78.5857864376269,-13.6642135623731,48.4));
#3656=CARTESIAN_POINT('',(80.,-12.25,48.4));
#3657=CARTESIAN_POINT('',(-6.5857864376269,-13.6642135623731,48.4));
#3658=CARTESIAN_POINT('',(22.501,-13.6642135623731,48.4));
#3659=CARTESIAN_POINT('',(-18.,-2.25,48.4));
#3660=CARTESIAN_POINT('',(-8.,-12.25,48.4));
#3661=CARTESIAN_POINT('',(-18.,13.75,48.4));
#3662=CARTESIAN_POINT('',(-18.,5.75,48.4));
#3663=CARTESIAN_POINT('',(-8.,23.75,48.4));
#3664=CARTESIAN_POINT('',(23.6,-2.25,48.4));
#3665=CARTESIAN_POINT('Origin',(22.5,-2.25,48.4));
#3666=CARTESIAN_POINT('',(-17.5,5.75,48.4));
#3667=CARTESIAN_POINT('Origin',(0.,5.75,48.4));
#3668=CARTESIAN_POINT('',(42.,1.25,48.4));
#3669=CARTESIAN_POINT('',(42.,10.25,48.4));
#3670=CARTESIAN_POINT('',(42.,5.75,48.4));
#3671=CARTESIAN_POINT('',(40.5,11.75,48.4));
#3672=CARTESIAN_POINT('Origin',(40.5,10.25,48.4));
#3673=CARTESIAN_POINT('',(31.5,11.75,48.4));
#3674=CARTESIAN_POINT('',(36.,11.75,48.4));
#3675=CARTESIAN_POINT('',(30.,10.25,48.4));
#3676=CARTESIAN_POINT('Origin',(31.5,10.25,48.4));
#3677=CARTESIAN_POINT('',(30.,1.25,48.4));
#3678=CARTESIAN_POINT('',(30.,5.75,48.4));
#3679=CARTESIAN_POINT('',(31.5,-0.250000000000004,48.4));
#3680=CARTESIAN_POINT('Origin',(31.5,1.25,48.4));
#3681=CARTESIAN_POINT('',(40.5,-0.25,48.4));
#3682=CARTESIAN_POINT('',(36.,-0.250000000000004,48.4));
#3683=CARTESIAN_POINT('Origin',(40.5,1.25,48.4));
#3684=CARTESIAN_POINT('',(48.4,13.75,48.4));
#3685=CARTESIAN_POINT('Origin',(49.5,13.75,48.4));
#3686=CARTESIAN_POINT('',(48.4,-2.25,48.4));
#3687=CARTESIAN_POINT('Origin',(49.5,-2.25,48.4));
#3688=CARTESIAN_POINT('',(89.5,5.75,48.4));
#3689=CARTESIAN_POINT('Origin',(72.,5.75,48.4));
#3690=CARTESIAN_POINT('',(23.6,13.75,48.4));
#3691=CARTESIAN_POINT('Origin',(22.5,13.75,48.4));
#3692=CARTESIAN_POINT('Origin',(-10.8661165235168,-5.84834957055046,74.402));
#3693=CARTESIAN_POINT('',(-10.9822330470336,-5.73223304703365,56.4));
#3694=CARTESIAN_POINT('',(-10.9822330470336,-5.73223304703365,74.402));
#3695=CARTESIAN_POINT('',(2.53553390593275,-19.25,58.9355339059328));
#3696=CARTESIAN_POINT('',(2.53553390593275,-19.25,58.9335339059328));
#3697=CARTESIAN_POINT('',(12.6017669529664,-29.3162330470337,69.0017669529664));
#3698=CARTESIAN_POINT('',(-9.96446609406727,-6.75,56.4));
#3699=CARTESIAN_POINT('',(-9.96446609406727,-6.75,56.4));
#3700=CARTESIAN_POINT('',(-6.73223304703364,-9.98223304703365,56.4));
#3701=CARTESIAN_POINT('Origin',(9.,5.75,56.4));
#3702=CARTESIAN_POINT('',(24.5,15.75,56.4));
#3703=CARTESIAN_POINT('',(27.,15.75,56.4));
#3704=CARTESIAN_POINT('',(7.5,15.75,56.4));
#3705=CARTESIAN_POINT('',(24.5,-4.25,56.4));
#3706=CARTESIAN_POINT('',(24.5,5.75,56.4));
#3707=CARTESIAN_POINT('',(-9.5,-4.25,56.4));
#3708=CARTESIAN_POINT('',(7.5,-4.25,56.4));
#3709=CARTESIAN_POINT('',(-10.2411165235168,-4.99111652351683,56.4));
#3710=CARTESIAN_POINT('',(27.,-6.75,56.4));
#3711=CARTESIAN_POINT('',(7.5,-6.75,56.4));
#3712=CARTESIAN_POINT('',(27.,5.75,56.4));
#3713=CARTESIAN_POINT('Origin',(36.002,-17.6161165235168,57.3016504294496));
#3714=CARTESIAN_POINT('',(14.5,-19.25,58.9355339059328));
#3715=CARTESIAN_POINT('',(11.2677669529664,-19.25,58.9355339059328));
#3716=CARTESIAN_POINT('',(14.5,-24.75,64.4355339059328));
#3717=CARTESIAN_POINT('',(14.5,-20.624,60.3095339059328));
#3718=CARTESIAN_POINT('',(57.5,-24.75,64.4355339059328));
#3719=CARTESIAN_POINT('',(36.002,-24.75,64.4355339059328));
#3720=CARTESIAN_POINT('',(57.5,-19.25,58.9355339059328));
#3721=CARTESIAN_POINT('',(57.5,-20.624,60.3095339059328));
#3722=CARTESIAN_POINT('',(69.4644660940673,-19.25,58.9355339059328));
#3723=CARTESIAN_POINT('',(60.7322330470336,-19.25,58.9355339059328));
#3724=CARTESIAN_POINT('',(59.3982330470336,-29.3162330470337,69.0017669529664));
#3725=CARTESIAN_POINT('Origin',(8.03553390593274,-22.,58.9335339059328));
#3726=CARTESIAN_POINT('',(8.03553390593275,-24.75,80.9));
#3727=CARTESIAN_POINT('',(8.03553390593274,-24.75,58.9335339059328));
#3728=CARTESIAN_POINT('',(8.03553390593275,-19.25,80.9));
#3729=CARTESIAN_POINT('',(8.03553390593274,-19.25,80.9));
#3730=CARTESIAN_POINT('',(8.03553390593274,-19.25,58.9335339059328));
#3731=CARTESIAN_POINT('Origin',(36.002,-24.75,69.4177669529664));
#3732=CARTESIAN_POINT('',(14.5,-24.75,58.9335339059328));
#3733=CARTESIAN_POINT('',(57.5,-24.75,58.9335339059328));
#3734=CARTESIAN_POINT('Origin',(0.,5.75,46.9));
#3735=CARTESIAN_POINT('',(-17.5,5.75,46.9));
#3736=CARTESIAN_POINT('Origin',(0.,5.75,46.9));
#3737=CARTESIAN_POINT('',(-15.05,5.75,46.9));
#3738=CARTESIAN_POINT('Origin',(0.,5.75,46.9));
#3739=CARTESIAN_POINT('Origin',(0.,5.75,47.498));
#3740=CARTESIAN_POINT('',(-17.5,5.75,47.498));
#3741=CARTESIAN_POINT('Origin',(9.,5.75,51.4));
#3742=CARTESIAN_POINT('',(24.5,15.75,51.4));
#3743=CARTESIAN_POINT('',(24.5,-4.25,51.4));
#3744=CARTESIAN_POINT('',(24.5,5.75,51.4));
#3745=CARTESIAN_POINT('',(-9.5,15.75,51.4));
#3746=CARTESIAN_POINT('',(7.5,15.75,51.4));
#3747=CARTESIAN_POINT('',(-9.5,5.75,51.4));
#3748=CARTESIAN_POINT('',(-9.5,5.75,51.4));
#3749=CARTESIAN_POINT('',(9.5,5.75,51.4));
#3750=CARTESIAN_POINT('Origin',(0.,5.75,51.4));
#3751=CARTESIAN_POINT('Origin',(0.,5.75,51.4));
#3752=CARTESIAN_POINT('',(-9.5,-4.25,51.4));
#3753=CARTESIAN_POINT('',(-9.5,5.75,51.4));
#3754=CARTESIAN_POINT('',(7.5,-4.25,51.4));
#3755=CARTESIAN_POINT('',(23.6,13.75,51.4));
#3756=CARTESIAN_POINT('Origin',(22.5,13.75,51.4));
#3757=CARTESIAN_POINT('',(23.6,-2.25,51.4));
#3758=CARTESIAN_POINT('Origin',(22.5,-2.25,51.4));
#3759=CARTESIAN_POINT('Origin',(0.,5.75,47.5));
#3760=CARTESIAN_POINT('',(-15.05,5.75,47.5));
#3761=CARTESIAN_POINT('Origin',(0.,5.75,47.5));
#3762=CARTESIAN_POINT('',(-15.,5.75,47.5));
#3763=CARTESIAN_POINT('Origin',(0.,5.75,47.5));
#3764=CARTESIAN_POINT('Origin',(9.,5.75,48.4));
#3765=CARTESIAN_POINT('',(10.,5.75,48.4));
#3766=CARTESIAN_POINT('Origin',(0.,5.75,48.4));
#3767=CARTESIAN_POINT('',(9.5,5.75,48.4));
#3768=CARTESIAN_POINT('Origin',(0.,5.75,48.4));
#3769=CARTESIAN_POINT('Origin',(-18.,5.75,51.4));
#3770=CARTESIAN_POINT('',(-18.,13.75,51.4));
#3771=CARTESIAN_POINT('',(-18.,-2.25,51.4));
#3772=CARTESIAN_POINT('Origin',(0.,5.75,51.4));
#3773=CARTESIAN_POINT('',(9.5,5.75,51.4));
#3774=CARTESIAN_POINT('Origin',(0.,5.75,47.8));
#3775=CARTESIAN_POINT('',(-15.,5.75,47.8));
#3776=CARTESIAN_POINT('Origin',(0.,5.75,47.8));
#3777=CARTESIAN_POINT('',(10.,5.75,47.8));
#3778=CARTESIAN_POINT('Origin',(0.,5.75,47.8));
#3779=CARTESIAN_POINT('Origin',(0.,5.75,48.402));
#3780=CARTESIAN_POINT('',(10.,5.75,48.402));
#3781=CARTESIAN_POINT('Origin',(0.,5.75,47.498));
#3782=CARTESIAN_POINT('',(-15.,5.75,47.498));
#3783=CARTESIAN_POINT('Origin',(0.,5.75,46.9));
#3784=CARTESIAN_POINT('',(-15.05,5.75,46.9));
#3785=CARTESIAN_POINT('Origin',(27.,5.75,56.4));
#3786=CARTESIAN_POINT('',(27.,18.25,58.9));
#3787=CARTESIAN_POINT('',(27.,18.25,56.4));
#3788=CARTESIAN_POINT('',(27.,28.752,58.9));
#3789=CARTESIAN_POINT('',(27.,15.75,61.4));
#3790=CARTESIAN_POINT('',(27.,5.75,61.4));
#3791=CARTESIAN_POINT('',(27.,15.75,61.402));
#3792=CARTESIAN_POINT('',(27.,-6.75,56.4));
#3793=CARTESIAN_POINT('Origin',(-9.5,5.75,56.4));
#3794=CARTESIAN_POINT('',(-9.5,15.75,56.4));
#3795=CARTESIAN_POINT('',(-9.5,15.75,74.402));
#3796=CARTESIAN_POINT('',(-9.5,-4.25,74.402));
#3797=CARTESIAN_POINT('',(-9.5,-4.25,56.4));
#3798=CARTESIAN_POINT('Origin',(24.5,5.75,56.4));
#3799=CARTESIAN_POINT('',(24.5,15.75,56.4));
#3800=CARTESIAN_POINT('',(24.5,-4.25,56.4));
#3801=CARTESIAN_POINT('Origin',(-8.,-12.25,51.4));
#3802=CARTESIAN_POINT('',(7.,-27.25,61.9857864376269));
#3803=CARTESIAN_POINT('',(2.8050711874577,-23.0550711874577,57.7908576250846));
#3804=CARTESIAN_POINT('',(7.,-27.25,68.9));
#3805=CARTESIAN_POINT('Origin',(36.002,-20.4571067811865,55.1928932188135));
#3806=CARTESIAN_POINT('',(65.,-27.25,61.9857864376269));
#3807=CARTESIAN_POINT('',(36.002,-27.25,61.9857864376269));
#3808=CARTESIAN_POINT('',(69.195595479209,-23.054404520791,57.7901909584179));
#3809=CARTESIAN_POINT('Origin',(36.002,-27.25,68.9));
#3810=CARTESIAN_POINT('',(65.,-27.25,68.9));
#3811=CARTESIAN_POINT('Origin',(7.5,-6.75,56.4));
#3812=CARTESIAN_POINT('Origin',(7.5,-4.25,56.4));
#3813=CARTESIAN_POINT('Origin',(22.5,-2.25,51.4));
#3814=CARTESIAN_POINT('',(23.6,-2.25,51.4));
#3815=CARTESIAN_POINT('Origin',(36.002,-24.75,58.9335339059328));
#3816=CARTESIAN_POINT('',(14.5,-24.75,80.9));
#3817=CARTESIAN_POINT('',(14.5,-24.75,58.9335339059328));
#3818=CARTESIAN_POINT('',(8.03553390593275,-24.75,80.9));
#3819=CARTESIAN_POINT('',(11.2677669529664,-24.75,78.7));
#3820=CARTESIAN_POINT('Origin',(11.2677669529664,-24.75,77.9));
#3821=CARTESIAN_POINT('Origin',(11.2677669529664,-19.25,58.9335339059328));
#3822=CARTESIAN_POINT('',(14.5,-19.25,80.9));
#3823=CARTESIAN_POINT('',(14.5,-19.25,80.9));
#3824=CARTESIAN_POINT('',(14.5,-19.25,58.9335339059328));
#3825=CARTESIAN_POINT('',(11.2677669529664,-19.25,78.7));
#3826=CARTESIAN_POINT('Origin',(11.2677669529664,-19.25,77.9));
#3827=CARTESIAN_POINT('Origin',(14.5,-22.,58.9335339059328));
#3828=CARTESIAN_POINT('',(14.5,-22.,80.9));
#3829=CARTESIAN_POINT('Origin',(9.,-10.75,81.4));
#3830=CARTESIAN_POINT('',(8.53553390593274,-24.25,81.4));
#3831=CARTESIAN_POINT('',(14.,-24.25,81.4));
#3832=CARTESIAN_POINT('',(14.5,-24.25,81.4));
#3833=CARTESIAN_POINT('',(14.,-19.75,81.4));
#3834=CARTESIAN_POINT('',(14.,-10.75,81.4));
#3835=CARTESIAN_POINT('',(8.53553390593274,-19.75,81.4));
#3836=CARTESIAN_POINT('',(8.03553390593275,-19.75,81.4));
#3837=CARTESIAN_POINT('',(8.53553390593274,-24.75,81.4));
#3838=CARTESIAN_POINT('Origin',(8.03553390593274,-22.,80.9));
#3839=CARTESIAN_POINT('',(8.95220057259941,-20.1666666666667,81.8166666666667));
#3840=CARTESIAN_POINT('',(17.3576892706218,-15.4278446353109,90.2221553646891));
#3841=CARTESIAN_POINT('Origin',(36.002,-24.75,80.9));
#3842=CARTESIAN_POINT('',(21.6673333333334,-31.9173333333334,73.7326666666667));
#3843=CARTESIAN_POINT('Origin',(11.2677669529664,-19.25,80.9));
#3844=CARTESIAN_POINT('',(13.4225889843221,-20.3274110156779,81.9774110156779));
#3845=CARTESIAN_POINT('Origin',(14.,-10.75,81.4));
#3846=CARTESIAN_POINT('Origin',(11.2677669529664,0.249999999999976,77.9));
#3847=CARTESIAN_POINT('',(11.2677669529664,0.249999999999976,78.7));
#3848=CARTESIAN_POINT('Origin',(-8.,23.75,51.4));
#3849=CARTESIAN_POINT('',(7.,38.75,61.9857864376269));
#3850=CARTESIAN_POINT('',(7.,38.75,68.9));
#3851=CARTESIAN_POINT('',(2.8050711874577,34.5550711874577,57.7908576250846));
#3852=CARTESIAN_POINT('Origin',(36.002,31.9571067811865,55.1928932188135));
#3853=CARTESIAN_POINT('',(65.,38.75,61.9857864376269));
#3854=CARTESIAN_POINT('',(36.002,38.75,61.9857864376269));
#3855=CARTESIAN_POINT('',(69.195595479209,34.554404520791,57.7901909584179));
#3856=CARTESIAN_POINT('Origin',(36.002,38.75,68.9));
#3857=CARTESIAN_POINT('',(65.,38.75,68.9));
#3858=CARTESIAN_POINT('Origin',(7.5,18.25,56.4));
#3859=CARTESIAN_POINT('',(21.25,18.25,58.9));
#3860=CARTESIAN_POINT('Origin',(7.5,15.75,56.4));
#3861=CARTESIAN_POINT('',(7.5,15.75,61.4));
#3862=CARTESIAN_POINT('Origin',(22.5,13.75,51.4));
#3863=CARTESIAN_POINT('',(23.6,13.75,51.4));
#3864=CARTESIAN_POINT('Origin',(-10.2411165235168,-4.99111652351683,74.402));
#3865=CARTESIAN_POINT('Origin',(-10.2411165235168,16.4911165235169,74.402));
#3866=CARTESIAN_POINT('Origin',(82.8661165235168,-5.84834957055046,74.402));
#3867=CARTESIAN_POINT('',(82.9822330470336,-5.73223304703365,56.4));
#3868=CARTESIAN_POINT('',(82.9822330470336,-5.73223304703365,74.402));
#3869=CARTESIAN_POINT('',(81.9644660940673,-6.75,56.4));
#3870=CARTESIAN_POINT('',(78.7322330470336,-9.98223304703365,56.4));
#3871=CARTESIAN_POINT('',(81.9644660940673,-6.75,56.4));
#3872=CARTESIAN_POINT('',(69.4644660940673,-19.25,58.9335339059328));
#3873=CARTESIAN_POINT('Origin',(63.,5.75,56.4));
#3874=CARTESIAN_POINT('',(45.,15.75,56.4));
#3875=CARTESIAN_POINT('',(47.5,15.75,56.4));
#3876=CARTESIAN_POINT('',(50.75,15.75,56.4));
#3877=CARTESIAN_POINT('',(45.,-6.75,56.4));
#3878=CARTESIAN_POINT('',(45.,5.75,56.4));
#3879=CARTESIAN_POINT('',(64.5,-6.75,56.4));
#3880=CARTESIAN_POINT('',(81.5,-4.25,56.4));
#3881=CARTESIAN_POINT('',(82.2411165235168,-4.99111652351683,56.4));
#3882=CARTESIAN_POINT('',(47.5,-4.25,56.4));
#3883=CARTESIAN_POINT('',(64.5,-4.25,56.4));
#3884=CARTESIAN_POINT('',(47.5,5.75,56.4));
#3885=CARTESIAN_POINT('Origin',(63.9644660940673,-22.,58.9335339059328));
#3886=CARTESIAN_POINT('',(63.9644660940673,-19.25,80.9));
#3887=CARTESIAN_POINT('',(63.9644660940673,-19.25,58.9335339059328));
#3888=CARTESIAN_POINT('',(63.9644660940673,-24.75,80.9));
#3889=CARTESIAN_POINT('',(63.9644660940673,-19.25,80.9));
#3890=CARTESIAN_POINT('',(63.9644660940673,-24.75,58.9335339059328));
#3891=CARTESIAN_POINT('Origin',(72.,5.75,46.9));
#3892=CARTESIAN_POINT('',(89.5,5.75,46.9));
#3893=CARTESIAN_POINT('Origin',(72.,5.75,46.9));
#3894=CARTESIAN_POINT('',(87.05,5.75,46.9));
#3895=CARTESIAN_POINT('Origin',(72.,5.75,46.9));
#3896=CARTESIAN_POINT('Origin',(72.,5.75,47.498));
#3897=CARTESIAN_POINT('',(89.5,5.75,47.498));
#3898=CARTESIAN_POINT('Origin',(63.,5.75,51.4));
#3899=CARTESIAN_POINT('',(47.5,15.75,51.4));
#3900=CARTESIAN_POINT('',(47.5,-4.25,51.4));
#3901=CARTESIAN_POINT('',(47.5,5.75,51.4));
#3902=CARTESIAN_POINT('',(81.5,-4.25,51.4));
#3903=CARTESIAN_POINT('',(64.5,-4.25,51.4));
#3904=CARTESIAN_POINT('',(81.5,5.75,51.4));
#3905=CARTESIAN_POINT('',(81.5,5.75,51.4));
#3906=CARTESIAN_POINT('',(62.5,5.75,51.4));
#3907=CARTESIAN_POINT('Origin',(72.,5.75,51.4));
#3908=CARTESIAN_POINT('Origin',(72.,5.75,51.4));
#3909=CARTESIAN_POINT('',(81.5,15.75,51.4));
#3910=CARTESIAN_POINT('',(81.5,5.75,51.4));
#3911=CARTESIAN_POINT('',(64.5,15.75,51.4));
#3912=CARTESIAN_POINT('',(48.4,13.75,51.4));
#3913=CARTESIAN_POINT('Origin',(49.5,13.75,51.4));
#3914=CARTESIAN_POINT('',(48.4,-2.25,51.4));
#3915=CARTESIAN_POINT('Origin',(49.5,-2.25,51.4));
#3916=CARTESIAN_POINT('Origin',(72.,5.75,47.5));
#3917=CARTESIAN_POINT('',(87.05,5.75,47.5));
#3918=CARTESIAN_POINT('Origin',(72.,5.75,47.5));
#3919=CARTESIAN_POINT('',(87.,5.75,47.5));
#3920=CARTESIAN_POINT('Origin',(72.,5.75,47.5));
#3921=CARTESIAN_POINT('Origin',(63.,5.75,48.4));
#3922=CARTESIAN_POINT('',(62.,5.75,48.4));
#3923=CARTESIAN_POINT('Origin',(72.,5.75,48.4));
#3924=CARTESIAN_POINT('',(62.5,5.75,48.4));
#3925=CARTESIAN_POINT('Origin',(72.,5.75,48.4));
#3926=CARTESIAN_POINT('Origin',(90.,5.75,51.4));
#3927=CARTESIAN_POINT('',(90.,-2.25,51.4));
#3928=CARTESIAN_POINT('',(90.,13.75,51.4));
#3929=CARTESIAN_POINT('Origin',(72.,5.75,51.4));
#3930=CARTESIAN_POINT('',(62.5,5.75,51.4));
#3931=CARTESIAN_POINT('Origin',(72.,5.75,47.8));
#3932=CARTESIAN_POINT('',(87.,5.75,47.8));
#3933=CARTESIAN_POINT('Origin',(72.,5.75,47.8));
#3934=CARTESIAN_POINT('',(62.,5.75,47.8));
#3935=CARTESIAN_POINT('Origin',(72.,5.75,47.8));
#3936=CARTESIAN_POINT('Origin',(72.,5.75,48.402));
#3937=CARTESIAN_POINT('',(62.,5.75,48.402));
#3938=CARTESIAN_POINT('Origin',(72.,5.75,47.498));
#3939=CARTESIAN_POINT('',(87.,5.75,47.498));
#3940=CARTESIAN_POINT('Origin',(72.,5.75,46.9));
#3941=CARTESIAN_POINT('',(87.05,5.75,46.9));
#3942=CARTESIAN_POINT('Origin',(45.,5.75,56.4));
#3943=CARTESIAN_POINT('',(45.,-6.75,56.4));
#3944=CARTESIAN_POINT('',(45.,15.75,61.4));
#3945=CARTESIAN_POINT('',(45.,15.75,61.402));
#3946=CARTESIAN_POINT('',(45.,17.,61.4));
#3947=CARTESIAN_POINT('',(45.,28.752,58.9));
#3948=CARTESIAN_POINT('Origin',(81.5,5.75,56.4));
#3949=CARTESIAN_POINT('',(81.5,-4.25,56.4));
#3950=CARTESIAN_POINT('',(81.5,-4.25,74.402));
#3951=CARTESIAN_POINT('',(81.5,15.75,74.402));
#3952=CARTESIAN_POINT('',(81.5,15.75,56.4));
#3953=CARTESIAN_POINT('Origin',(47.5,5.75,56.4));
#3954=CARTESIAN_POINT('',(47.5,-4.25,56.4));
#3955=CARTESIAN_POINT('',(47.5,15.75,56.4));
#3956=CARTESIAN_POINT('Origin',(80.,-12.25,51.4));
#3957=CARTESIAN_POINT('Origin',(64.5,-6.75,56.4));
#3958=CARTESIAN_POINT('Origin',(64.5,-4.25,56.4));
#3959=CARTESIAN_POINT('Origin',(49.5,-2.25,51.4));
#3960=CARTESIAN_POINT('',(48.4,-2.25,51.4));
#3961=CARTESIAN_POINT('Origin',(35.998,-24.75,58.9335339059328));
#3962=CARTESIAN_POINT('',(57.5,-24.75,80.9));
#3963=CARTESIAN_POINT('',(57.5,-24.75,58.9335339059328));
#3964=CARTESIAN_POINT('',(63.9644660940673,-24.75,80.9));
#3965=CARTESIAN_POINT('',(60.7322330470336,-24.75,78.7));
#3966=CARTESIAN_POINT('Origin',(60.7322330470336,-24.75,77.9));
#3967=CARTESIAN_POINT('Origin',(63.,-10.75,81.4));
#3968=CARTESIAN_POINT('',(63.4644660940673,-24.25,81.4));
#3969=CARTESIAN_POINT('',(58.,-24.25,81.4));
#3970=CARTESIAN_POINT('',(57.5,-24.25,81.4));
#3971=CARTESIAN_POINT('',(63.4644660940673,-19.75,81.4));
#3972=CARTESIAN_POINT('',(63.4644660940673,-24.75,81.4));
#3973=CARTESIAN_POINT('',(58.,-19.75,81.4));
#3974=CARTESIAN_POINT('',(63.9644660940673,-19.75,81.4));
#3975=CARTESIAN_POINT('',(58.,-10.75,81.4));
#3976=CARTESIAN_POINT('Origin',(57.5,-22.,58.9335339059328));
#3977=CARTESIAN_POINT('',(57.5,-19.25,80.9));
#3978=CARTESIAN_POINT('',(57.5,-19.25,58.9335339059328));
#3979=CARTESIAN_POINT('',(57.5,-22.,80.9));
#3980=CARTESIAN_POINT('Origin',(60.7322330470336,-19.25,58.9335339059328));
#3981=CARTESIAN_POINT('',(57.5,-19.25,80.9));
#3982=CARTESIAN_POINT('',(60.7322330470336,-19.25,78.7));
#3983=CARTESIAN_POINT('Origin',(60.7322330470336,-19.25,77.9));
#3984=CARTESIAN_POINT('Origin',(63.9644660940673,-22.,80.9));
#3985=CARTESIAN_POINT('',(63.0477994274006,-20.1666666666667,81.8166666666667));
#3986=CARTESIAN_POINT('',(54.6423107293782,-15.4278446353109,90.2221553646891));
#3987=CARTESIAN_POINT('Origin',(35.998,-24.75,80.9));
#3988=CARTESIAN_POINT('',(50.3326666666667,-31.9173333333334,73.7326666666667));
#3989=CARTESIAN_POINT('Origin',(60.7322330470336,-19.25,80.9));
#3990=CARTESIAN_POINT('',(58.5774110156779,-20.3274110156779,81.9774110156779));
#3991=CARTESIAN_POINT('Origin',(58.,-10.75,81.4));
#3992=CARTESIAN_POINT('Origin',(60.7322330470336,0.249999999999976,77.9));
#3993=CARTESIAN_POINT('',(60.7322330470336,0.249999999999976,78.7));
#3994=CARTESIAN_POINT('Origin',(80.,23.75,51.4));
#3995=CARTESIAN_POINT('Origin',(64.5,15.75,56.4));
#3996=CARTESIAN_POINT('',(50.75,15.75,61.4));
#3997=CARTESIAN_POINT('Origin',(49.5,13.75,51.4));
#3998=CARTESIAN_POINT('',(48.4,13.75,51.4));
#3999=CARTESIAN_POINT('Origin',(82.2411165235168,16.4911165235169,74.402));
#4000=CARTESIAN_POINT('Origin',(82.2411165235168,-4.99111652351683,74.402));
#4001=CARTESIAN_POINT('Origin',(42.,5.75,73.4));
#4002=CARTESIAN_POINT('',(42.,10.25,73.4));
#4003=CARTESIAN_POINT('',(42.,1.25,73.4));
#4004=CARTESIAN_POINT('Origin',(40.5,1.25,73.4));
#4005=CARTESIAN_POINT('',(40.5,-0.25,73.4));
#4006=CARTESIAN_POINT('Origin',(36.,-0.250000000000004,73.4));
#4007=CARTESIAN_POINT('',(31.5,-0.250000000000004,73.4));
#4008=CARTESIAN_POINT('Origin',(31.5,1.25,73.4));
#4009=CARTESIAN_POINT('',(30.,1.25,73.4));
#4010=CARTESIAN_POINT('Origin',(30.,5.75,73.4));
#4011=CARTESIAN_POINT('',(30.,10.25,73.4));
#4012=CARTESIAN_POINT('Origin',(31.5,10.25,73.4));
#4013=CARTESIAN_POINT('',(31.5,11.75,73.4));
#4014=CARTESIAN_POINT('Origin',(36.,11.75,73.4));
#4015=CARTESIAN_POINT('',(40.5,11.75,73.4));
#4016=CARTESIAN_POINT('Origin',(40.5,10.25,73.4));
#4017=CARTESIAN_POINT('Origin',(36.,27.25,61.4));
#4018=CARTESIAN_POINT('Origin',(50.75,28.752,58.9));
#4019=CARTESIAN_POINT('Origin',(21.25,28.752,58.9));
#4020=UNCERTAINTY_MEASURE_WITH_UNIT(LENGTH_MEASURE(0.01),#4024,
'DISTANCE_ACCURACY_VALUE',
'Maximum model space distance between geometric entities at asserted c
onnectivities');
#4021=UNCERTAINTY_MEASURE_WITH_UNIT(LENGTH_MEASURE(0.01),#4024,
'DISTANCE_ACCURACY_VALUE',
'Maximum model space distance between geometric entities at asserted c
onnectivities');
#4022=(
GEOMETRIC_REPRESENTATION_CONTEXT(3)
GLOBAL_UNCERTAINTY_ASSIGNED_CONTEXT((#4020))
GLOBAL_UNIT_ASSIGNED_CONTEXT((#4024,#4026,#4027))
REPRESENTATION_CONTEXT('','3D')
);
#4023=(
GEOMETRIC_REPRESENTATION_CONTEXT(3)
GLOBAL_UNCERTAINTY_ASSIGNED_CONTEXT((#4021))
GLOBAL_UNIT_ASSIGNED_CONTEXT((#4024,#4026,#4027))
REPRESENTATION_CONTEXT('','3D')
);
#4024=(
LENGTH_UNIT()
NAMED_UNIT(*)
SI_UNIT(.MILLI.,.METRE.)
);
#4025=(
LENGTH_UNIT()
NAMED_UNIT(*)
SI_UNIT($,.METRE.)
);
#4026=(
NAMED_UNIT(*)
PLANE_ANGLE_UNIT()
SI_UNIT($,.RADIAN.)
);
#4027=(
NAMED_UNIT(*)
SI_UNIT($,.STERADIAN.)
SOLID_ANGLE_UNIT()
);
#4028=SHAPE_DEFINITION_REPRESENTATION(#4029,#4030);
#4029=PRODUCT_DEFINITION_SHAPE('',$,#4032);
#4030=SHAPE_REPRESENTATION('',(#2492),#4022);
#4031=PRODUCT_DEFINITION_CONTEXT('part definition',#4036,'design');
#4032=PRODUCT_DEFINITION('2026-09-12-17-58-54-103','pelvis',#4033,#4031);
#4033=PRODUCT_DEFINITION_FORMATION('',$,#4038);
#4034=PRODUCT_RELATED_PRODUCT_CATEGORY('pelvis','pelvis',(#4038));
#4035=APPLICATION_PROTOCOL_DEFINITION('international standard',
'automotive_design',2009,#4036);
#4036=APPLICATION_CONTEXT(
'Core Data for Automotive Mechanical Design Process');
#4037=PRODUCT_CONTEXT('part definition',#4036,'mechanical');
#4038=PRODUCT('2026-09-12-17-58-54-103','pelvis','pelvis',(#4037));
#4039=PRESENTATION_STYLE_ASSIGNMENT((#4041));
#4040=PRESENTATION_STYLE_ASSIGNMENT((#4042));
#4041=SURFACE_STYLE_USAGE(.BOTH.,#4043);
#4042=SURFACE_STYLE_USAGE(.BOTH.,#4044);
#4043=SURFACE_SIDE_STYLE('',(#4045));
#4044=SURFACE_SIDE_STYLE('',(#4046));
#4045=SURFACE_STYLE_FILL_AREA(#4047);
#4046=SURFACE_STYLE_FILL_AREA(#4048);
#4047=FILL_AREA_STYLE('\X2\92FC\X0\ - \X2\30B530C630F3\X0\',(#4049));
#4048=FILL_AREA_STYLE('Opaque(128,128,128)',(#4050));
#4049=FILL_AREA_STYLE_COLOUR('\X2\92FC\X0\ - \X2\30B530C630F3\X0\',#4051);
#4050=FILL_AREA_STYLE_COLOUR('Opaque(128,128,128)',#4052);
#4051=COLOUR_RGB('\X2\92FC\X0\ - \X2\30B530C630F3\X0\',0.627450980392157,
0.627450980392157,0.627450980392157);
#4052=COLOUR_RGB('Opaque(128,128,128)',0.501960784313725,0.501960784313725,
0.501960784313725);
ENDSEC;
END-ISO-10303-21;
