ISO-10303-21;
HEADER;
/* Generated by software containing ST-Developer
 * from STEP Tools, Inc. (www.steptools.com) 
 */

FILE_DESCRIPTION(
/* description */ (''),
/* implementation_level */ '2;1');

FILE_NAME(
/* name */ 'pitch_servo_cradle.step',
/* time_stamp */ '2026-09-20T16:40:36+09:00',
/* author */ (''),
/* organization */ (''),
/* preprocessor_version */ 'ST-DEVELOPER v20.2',
/* originating_system */ 'Autodesk Translation Framework v15.15.0.0',
/* authorisation */ '');

FILE_SCHEMA (('AUTOMOTIVE_DESIGN { 1 0 10303 214 3 1 1 }'));
ENDSEC;

DATA;
#10=MECHANICAL_DESIGN_GEOMETRIC_PRESENTATION_REPRESENTATION('',(#13),#3113);
#11=SHAPE_REPRESENTATION_RELATIONSHIP('SRR','None',#3120,#12);
#12=ADVANCED_BREP_SHAPE_REPRESENTATION('',(#14),#3112);
#13=STYLED_ITEM('',(#3129),#14);
#14=MANIFOLD_SOLID_BREP('\X2\30DC30C730A3\X0\1',#1657);
#15=SPHERICAL_SURFACE('',#1765,20.1555654636837);
#16=SPHERICAL_SURFACE('',#1844,20.1555654636837);
#17=B_SPLINE_CURVE_WITH_KNOTS('',3,(#2522,#2523,#2524,#2525,#2526,#2527,
#2528,#2529,#2530,#2531,#2532,#2533,#2534,#2535,#2536,#2537,#2538,#2539),
 .UNSPECIFIED.,.F.,.F.,(4,2,2,2,2,2,2,2,4),(0.,0.0751185152451094,0.150237030490219,
0.228434033735504,0.30663103698079,0.386841747244899,0.467052457509007,
0.542403724287737,0.617754991066466),.UNSPECIFIED.);
#18=B_SPLINE_CURVE_WITH_KNOTS('',3,(#2543,#2544,#2545,#2546,#2547,#2548,
#2549,#2550,#2551,#2552,#2553,#2554,#2555,#2556,#2557,#2558,#2559,#2560),
 .UNSPECIFIED.,.F.,.F.,(4,2,2,2,2,2,2,2,4),(0.,0.113187800847897,0.226375601695794,
0.339561489850365,0.452747378004935,0.565933266159506,0.679119154314077,
0.792306955161974,0.905494756009871),.UNSPECIFIED.);
#19=B_SPLINE_CURVE_WITH_KNOTS('',3,(#2564,#2565,#2566,#2567,#2568,#2569,
#2570,#2571,#2572,#2573,#2574,#2575,#2576,#2577,#2578,#2579,#2580,#2581),
 .UNSPECIFIED.,.F.,.F.,(4,2,2,2,2,2,2,2,4),(0.,0.0753512667787294,0.150702533557459,
0.230913243821568,0.311123954085676,0.389320957330962,0.467517960576247,
0.542636475821357,0.617754991066466),.UNSPECIFIED.);
#20=B_SPLINE_CURVE_WITH_KNOTS('',3,(#2585,#2586,#2587,#2588,#2589,#2590,
#2591,#2592,#2593,#2594,#2595,#2596,#2597,#2598,#2599,#2600,#2601,#2602,
#2603,#2604,#2605,#2606,#2607,#2608,#2609,#2610),.UNSPECIFIED.,.F.,.F.,
(4,2,2,2,2,2,2,2,2,2,2,2,4),(0.,0.0753907246670858,0.150781449334172,0.226171925256566,
0.30156240117896,0.376952877101355,0.452343353023749,0.527734077690835,
0.603124802357921,0.678515527025007,0.753906251692093,0.829296727614487,
0.904687203536881),.UNSPECIFIED.);
#21=B_SPLINE_CURVE_WITH_KNOTS('',3,(#2611,#2612,#2613,#2614,#2615,#2616,
#2617,#2618,#2619,#2620),.UNSPECIFIED.,.F.,.F.,(4,2,2,2,4),(0.904687203536881,
0.980077679459276,1.05546815538167,1.13085888004876,1.20624960471584),
 .UNSPECIFIED.);
#22=B_SPLINE_CURVE_WITH_KNOTS('',3,(#2670,#2671,#2672,#2673,#2674,#2675,
#2676,#2677,#2678,#2679),.UNSPECIFIED.,.F.,.F.,(4,2,2,2,4),(0.617671138058074,
0.696737118948653,0.775803099839232,0.850953262725454,0.926103425611676),
 .UNSPECIFIED.);
#23=B_SPLINE_CURVE_WITH_KNOTS('',3,(#2680,#2681,#2682,#2683,#2684,#2685,
#2686,#2687,#2688,#2689),.UNSPECIFIED.,.F.,.F.,(4,2,2,2,4),(0.308835569029037,
0.384005856807144,0.45917614458525,0.538423641321662,0.617671138058074),
 .UNSPECIFIED.);
#24=B_SPLINE_CURVE_WITH_KNOTS('',3,(#2696,#2697,#2698,#2699,#2700,#2701,
#2702,#2703,#2704,#2705,#2706,#2707,#2708,#2709,#2710,#2711,#2712,#2713),
 .UNSPECIFIED.,.F.,.F.,(4,2,2,2,2,2,2,2,4),(0.617267856582639,0.692438144360746,
0.767608432138853,0.846855928875265,0.926103425611677,1.00516940650226,
1.08423538739283,1.15938555027906,1.23453571316528),.UNSPECIFIED.);
#25=B_SPLINE_CURVE_WITH_KNOTS('',3,(#2714,#2715,#2716,#2717,#2718,#2719,
#2720,#2721,#2722,#2723,#2724,#2725,#2726,#2727,#2728,#2729,#2730,#2731),
 .UNSPECIFIED.,.F.,.F.,(4,2,2,2,2,2,2,2,4),(0.,0.075150162886222,0.150300325772444,
0.229366306663023,0.308432287553602,0.387679784290013,0.466927281026425,
0.542097568804532,0.617267856582639),.UNSPECIFIED.);
#26=B_SPLINE_CURVE_WITH_KNOTS('',3,(#2735,#2736,#2737,#2738,#2739,#2740,
#2741,#2742,#2743,#2744),.UNSPECIFIED.,.F.,.F.,(4,2,2,2,4),(0.616864575107203,
0.696112071843615,0.775359568580027,0.850529856358134,0.92570014413624),
 .UNSPECIFIED.);
#27=B_SPLINE_CURVE_WITH_KNOTS('',3,(#2745,#2746,#2747,#2748,#2749,#2750,
#2751,#2752,#2753,#2754),.UNSPECIFIED.,.F.,.F.,(4,2,2,2,4),(0.308432287553602,
0.383582450439824,0.458732613326046,0.537798594216624,0.616864575107203),
 .UNSPECIFIED.);
#28=B_SPLINE_CURVE_WITH_KNOTS('',3,(#2872,#2873,#2874,#2875,#2876,#2877,
#2878,#2879,#2880,#2881,#2882,#2883,#2884,#2885,#2886,#2887,#2888,#2889),
 .UNSPECIFIED.,.F.,.F.,(4,2,2,2,2,2,2,2,4),(0.,0.0753512667787294,0.150702533557459,
0.230913243821568,0.311123954085676,0.389320957330962,0.467517960576247,
0.542636475821357,0.617754991066466),.UNSPECIFIED.);
#29=B_SPLINE_CURVE_WITH_KNOTS('',3,(#2893,#2894,#2895,#2896,#2897,#2898,
#2899,#2900,#2901,#2902,#2903,#2904,#2905,#2906,#2907,#2908,#2909,#2910),
 .UNSPECIFIED.,.F.,.F.,(4,2,2,2,2,2,2,2,4),(0.,0.113187800847897,0.226375601695794,
0.339561489850365,0.452747378004935,0.565933266159506,0.679119154314077,
0.792306955161974,0.905494756009871),.UNSPECIFIED.);
#30=B_SPLINE_CURVE_WITH_KNOTS('',3,(#2914,#2915,#2916,#2917,#2918,#2919,
#2920,#2921,#2922,#2923,#2924,#2925,#2926,#2927,#2928,#2929,#2930,#2931),
 .UNSPECIFIED.,.F.,.F.,(4,2,2,2,2,2,2,2,4),(0.,0.0751185152451094,0.150237030490219,
0.228434033735504,0.30663103698079,0.386841747244899,0.467052457509007,
0.542403724287737,0.617754991066466),.UNSPECIFIED.);
#31=B_SPLINE_CURVE_WITH_KNOTS('',3,(#2935,#2936,#2937,#2938,#2939,#2940,
#2941,#2942,#2943,#2944,#2945,#2946,#2947,#2948,#2949,#2950,#2951,#2952,
#2953,#2954,#2955,#2956,#2957,#2958,#2959,#2960),.UNSPECIFIED.,.F.,.F.,
(4,2,2,2,2,2,2,2,2,2,2,2,4),(0.,0.0753907246670858,0.150781449334172,0.226171925256566,
0.30156240117896,0.376952877101355,0.452343353023749,0.527734077690835,
0.603124802357921,0.678515527025007,0.753906251692093,0.829296727614487,
0.904687203536881),.UNSPECIFIED.);
#32=B_SPLINE_CURVE_WITH_KNOTS('',3,(#2961,#2962,#2963,#2964,#2965,#2966,
#2967,#2968,#2969,#2970),.UNSPECIFIED.,.F.,.F.,(4,2,2,2,4),(0.904687203536881,
0.980077679459276,1.05546815538167,1.13085888004876,1.20624960471584),
 .UNSPECIFIED.);
#33=B_SPLINE_CURVE_WITH_KNOTS('',3,(#3021,#3022,#3023,#3024,#3025,#3026,
#3027,#3028,#3029,#3030),.UNSPECIFIED.,.F.,.F.,(4,2,2,2,4),(0.308835569029037,
0.384005856807144,0.45917614458525,0.538423641321662,0.617671138058074),
 .UNSPECIFIED.);
#34=B_SPLINE_CURVE_WITH_KNOTS('',3,(#3031,#3032,#3033,#3034,#3035,#3036,
#3037,#3038,#3039,#3040),.UNSPECIFIED.,.F.,.F.,(4,2,2,2,4),(0.617671138058074,
0.696737118948653,0.775803099839232,0.850953262725454,0.926103425611676),
 .UNSPECIFIED.);
#35=B_SPLINE_CURVE_WITH_KNOTS('',3,(#3047,#3048,#3049,#3050,#3051,#3052,
#3053,#3054,#3055,#3056,#3057,#3058,#3059,#3060,#3061,#3062,#3063,#3064),
 .UNSPECIFIED.,.F.,.F.,(4,2,2,2,2,2,2,2,4),(0.,0.075150162886222,0.150300325772444,
0.229366306663023,0.308432287553602,0.387679784290013,0.466927281026425,
0.542097568804532,0.617267856582639),.UNSPECIFIED.);
#36=B_SPLINE_CURVE_WITH_KNOTS('',3,(#3065,#3066,#3067,#3068,#3069,#3070,
#3071,#3072,#3073,#3074,#3075,#3076,#3077,#3078,#3079,#3080,#3081,#3082),
 .UNSPECIFIED.,.F.,.F.,(4,2,2,2,2,2,2,2,4),(0.617267856582639,0.692438144360746,
0.767608432138853,0.846855928875265,0.926103425611677,1.00516940650226,
1.08423538739283,1.15938555027906,1.23453571316528),.UNSPECIFIED.);
#37=B_SPLINE_CURVE_WITH_KNOTS('',3,(#3086,#3087,#3088,#3089,#3090,#3091,
#3092,#3093,#3094,#3095),.UNSPECIFIED.,.F.,.F.,(4,2,2,2,4),(0.308432287553602,
0.383582450439824,0.458732613326046,0.537798594216624,0.616864575107203),
 .UNSPECIFIED.);
#38=B_SPLINE_CURVE_WITH_KNOTS('',3,(#3096,#3097,#3098,#3099,#3100,#3101,
#3102,#3103,#3104,#3105),.UNSPECIFIED.,.F.,.F.,(4,2,2,2,4),(0.616864575107203,
0.696112071843615,0.775359568580027,0.850529856358134,0.92570014413624),
 .UNSPECIFIED.);
#39=FACE_BOUND('',#211,.T.);
#40=FACE_BOUND('',#218,.T.);
#41=FACE_BOUND('',#219,.T.);
#42=FACE_BOUND('',#230,.T.);
#43=FACE_BOUND('',#233,.T.);
#44=FACE_BOUND('',#237,.T.);
#45=FACE_BOUND('',#238,.T.);
#46=FACE_BOUND('',#243,.T.);
#47=FACE_BOUND('',#247,.T.);
#48=FACE_BOUND('',#250,.T.);
#49=FACE_BOUND('',#253,.T.);
#50=FACE_BOUND('',#256,.T.);
#51=FACE_BOUND('',#264,.T.);
#52=FACE_BOUND('',#265,.T.);
#53=FACE_BOUND('',#266,.T.);
#54=FACE_BOUND('',#267,.T.);
#55=FACE_BOUND('',#268,.T.);
#56=FACE_BOUND('',#270,.T.);
#57=FACE_BOUND('',#282,.T.);
#58=FACE_BOUND('',#283,.T.);
#59=FACE_BOUND('',#284,.T.);
#60=FACE_BOUND('',#285,.T.);
#61=FACE_BOUND('',#286,.T.);
#62=FACE_BOUND('',#292,.T.);
#63=FACE_BOUND('',#295,.T.);
#64=FACE_BOUND('',#303,.T.);
#65=FACE_BOUND('',#308,.T.);
#66=FACE_BOUND('',#311,.T.);
#67=FACE_BOUND('',#314,.T.);
#68=FACE_BOUND('',#317,.T.);
#69=FACE_BOUND('',#325,.T.);
#70=FACE_BOUND('',#326,.T.);
#71=FACE_BOUND('',#327,.T.);
#72=FACE_BOUND('',#328,.T.);
#73=FACE_BOUND('',#329,.T.);
#74=FACE_BOUND('',#331,.T.);
#75=PLANE('',#1674);
#76=PLANE('',#1675);
#77=PLANE('',#1681);
#78=PLANE('',#1684);
#79=PLANE('',#1687);
#80=PLANE('',#1691);
#81=PLANE('',#1695);
#82=PLANE('',#1696);
#83=PLANE('',#1697);
#84=PLANE('',#1701);
#85=PLANE('',#1702);
#86=PLANE('',#1706);
#87=PLANE('',#1711);
#88=PLANE('',#1717);
#89=PLANE('',#1719);
#90=PLANE('',#1720);
#91=PLANE('',#1731);
#92=PLANE('',#1737);
#93=PLANE('',#1742);
#94=PLANE('',#1747);
#95=PLANE('',#1752);
#96=PLANE('',#1764);
#97=PLANE('',#1766);
#98=PLANE('',#1767);
#99=PLANE('',#1771);
#100=PLANE('',#1772);
#101=PLANE('',#1773);
#102=PLANE('',#1777);
#103=PLANE('',#1778);
#104=PLANE('',#1779);
#105=PLANE('',#1780);
#106=PLANE('',#1783);
#107=PLANE('',#1784);
#108=PLANE('',#1785);
#109=PLANE('',#1788);
#110=PLANE('',#1792);
#111=PLANE('',#1796);
#112=PLANE('',#1797);
#113=PLANE('',#1798);
#114=PLANE('',#1811);
#115=PLANE('',#1816);
#116=PLANE('',#1821);
#117=PLANE('',#1826);
#118=PLANE('',#1831);
#119=PLANE('',#1843);
#120=FACE_OUTER_BOUND('',#208,.T.);
#121=FACE_OUTER_BOUND('',#209,.T.);
#122=FACE_OUTER_BOUND('',#210,.T.);
#123=FACE_OUTER_BOUND('',#212,.T.);
#124=FACE_OUTER_BOUND('',#213,.T.);
#125=FACE_OUTER_BOUND('',#214,.T.);
#126=FACE_OUTER_BOUND('',#215,.T.);
#127=FACE_OUTER_BOUND('',#216,.T.);
#128=FACE_OUTER_BOUND('',#217,.T.);
#129=FACE_OUTER_BOUND('',#220,.T.);
#130=FACE_OUTER_BOUND('',#221,.T.);
#131=FACE_OUTER_BOUND('',#222,.T.);
#132=FACE_OUTER_BOUND('',#223,.T.);
#133=FACE_OUTER_BOUND('',#224,.T.);
#134=FACE_OUTER_BOUND('',#225,.T.);
#135=FACE_OUTER_BOUND('',#226,.T.);
#136=FACE_OUTER_BOUND('',#227,.T.);
#137=FACE_OUTER_BOUND('',#228,.T.);
#138=FACE_OUTER_BOUND('',#229,.T.);
#139=FACE_OUTER_BOUND('',#231,.T.);
#140=FACE_OUTER_BOUND('',#232,.T.);
#141=FACE_OUTER_BOUND('',#234,.T.);
#142=FACE_OUTER_BOUND('',#235,.T.);
#143=FACE_OUTER_BOUND('',#236,.T.);
#144=FACE_OUTER_BOUND('',#239,.T.);
#145=FACE_OUTER_BOUND('',#240,.T.);
#146=FACE_OUTER_BOUND('',#241,.T.);
#147=FACE_OUTER_BOUND('',#242,.T.);
#148=FACE_OUTER_BOUND('',#244,.T.);
#149=FACE_OUTER_BOUND('',#245,.T.);
#150=FACE_OUTER_BOUND('',#246,.T.);
#151=FACE_OUTER_BOUND('',#248,.T.);
#152=FACE_OUTER_BOUND('',#249,.T.);
#153=FACE_OUTER_BOUND('',#251,.T.);
#154=FACE_OUTER_BOUND('',#252,.T.);
#155=FACE_OUTER_BOUND('',#254,.T.);
#156=FACE_OUTER_BOUND('',#255,.T.);
#157=FACE_OUTER_BOUND('',#257,.T.);
#158=FACE_OUTER_BOUND('',#258,.T.);
#159=FACE_OUTER_BOUND('',#259,.T.);
#160=FACE_OUTER_BOUND('',#260,.T.);
#161=FACE_OUTER_BOUND('',#261,.T.);
#162=FACE_OUTER_BOUND('',#262,.T.);
#163=FACE_OUTER_BOUND('',#263,.T.);
#164=FACE_OUTER_BOUND('',#269,.T.);
#165=FACE_OUTER_BOUND('',#271,.T.);
#166=FACE_OUTER_BOUND('',#272,.T.);
#167=FACE_OUTER_BOUND('',#273,.T.);
#168=FACE_OUTER_BOUND('',#274,.T.);
#169=FACE_OUTER_BOUND('',#275,.T.);
#170=FACE_OUTER_BOUND('',#276,.T.);
#171=FACE_OUTER_BOUND('',#277,.T.);
#172=FACE_OUTER_BOUND('',#278,.T.);
#173=FACE_OUTER_BOUND('',#279,.T.);
#174=FACE_OUTER_BOUND('',#280,.T.);
#175=FACE_OUTER_BOUND('',#281,.T.);
#176=FACE_OUTER_BOUND('',#287,.T.);
#177=FACE_OUTER_BOUND('',#288,.T.);
#178=FACE_OUTER_BOUND('',#289,.T.);
#179=FACE_OUTER_BOUND('',#290,.T.);
#180=FACE_OUTER_BOUND('',#291,.T.);
#181=FACE_OUTER_BOUND('',#293,.T.);
#182=FACE_OUTER_BOUND('',#294,.T.);
#183=FACE_OUTER_BOUND('',#296,.T.);
#184=FACE_OUTER_BOUND('',#297,.T.);
#185=FACE_OUTER_BOUND('',#298,.T.);
#186=FACE_OUTER_BOUND('',#299,.T.);
#187=FACE_OUTER_BOUND('',#300,.T.);
#188=FACE_OUTER_BOUND('',#301,.T.);
#189=FACE_OUTER_BOUND('',#302,.T.);
#190=FACE_OUTER_BOUND('',#304,.T.);
#191=FACE_OUTER_BOUND('',#305,.T.);
#192=FACE_OUTER_BOUND('',#306,.T.);
#193=FACE_OUTER_BOUND('',#307,.T.);
#194=FACE_OUTER_BOUND('',#309,.T.);
#195=FACE_OUTER_BOUND('',#310,.T.);
#196=FACE_OUTER_BOUND('',#312,.T.);
#197=FACE_OUTER_BOUND('',#313,.T.);
#198=FACE_OUTER_BOUND('',#315,.T.);
#199=FACE_OUTER_BOUND('',#316,.T.);
#200=FACE_OUTER_BOUND('',#318,.T.);
#201=FACE_OUTER_BOUND('',#319,.T.);
#202=FACE_OUTER_BOUND('',#320,.T.);
#203=FACE_OUTER_BOUND('',#321,.T.);
#204=FACE_OUTER_BOUND('',#322,.T.);
#205=FACE_OUTER_BOUND('',#323,.T.);
#206=FACE_OUTER_BOUND('',#324,.T.);
#207=FACE_OUTER_BOUND('',#330,.T.);
#208=EDGE_LOOP('',(#1060,#1061,#1062,#1063));
#209=EDGE_LOOP('',(#1064,#1065,#1066,#1067));
#210=EDGE_LOOP('',(#1068,#1069,#1070,#1071,#1072,#1073,#1074,#1075));
#211=EDGE_LOOP('',(#1076,#1077,#1078,#1079));
#212=EDGE_LOOP('',(#1080,#1081,#1082,#1083));
#213=EDGE_LOOP('',(#1084,#1085,#1086,#1087,#1088,#1089,#1090,#1091,#1092,
#1093,#1094,#1095));
#214=EDGE_LOOP('',(#1096,#1097,#1098,#1099));
#215=EDGE_LOOP('',(#1100,#1101,#1102,#1103,#1104,#1105,#1106,#1107,#1108,
#1109,#1110,#1111));
#216=EDGE_LOOP('',(#1112,#1113,#1114,#1115));
#217=EDGE_LOOP('',(#1116,#1117,#1118,#1119,#1120,#1121));
#218=EDGE_LOOP('',(#1122));
#219=EDGE_LOOP('',(#1123));
#220=EDGE_LOOP('',(#1124,#1125,#1126,#1127));
#221=EDGE_LOOP('',(#1128,#1129,#1130,#1131));
#222=EDGE_LOOP('',(#1132,#1133,#1134,#1135));
#223=EDGE_LOOP('',(#1136,#1137,#1138,#1139));
#224=EDGE_LOOP('',(#1140,#1141,#1142,#1143));
#225=EDGE_LOOP('',(#1144,#1145,#1146,#1147));
#226=EDGE_LOOP('',(#1148,#1149,#1150,#1151));
#227=EDGE_LOOP('',(#1152,#1153,#1154,#1155));
#228=EDGE_LOOP('',(#1156,#1157,#1158,#1159));
#229=EDGE_LOOP('',(#1160));
#230=EDGE_LOOP('',(#1161));
#231=EDGE_LOOP('',(#1162,#1163,#1164,#1165));
#232=EDGE_LOOP('',(#1166));
#233=EDGE_LOOP('',(#1167));
#234=EDGE_LOOP('',(#1168,#1169,#1170,#1171));
#235=EDGE_LOOP('',(#1172,#1173,#1174,#1175));
#236=EDGE_LOOP('',(#1176,#1177,#1178,#1179,#1180,#1181));
#237=EDGE_LOOP('',(#1182));
#238=EDGE_LOOP('',(#1183));
#239=EDGE_LOOP('',(#1184,#1185,#1186,#1187));
#240=EDGE_LOOP('',(#1188,#1189,#1190,#1191));
#241=EDGE_LOOP('',(#1192,#1193,#1194,#1195,#1196,#1197,#1198,#1199));
#242=EDGE_LOOP('',(#1200,#1201,#1202,#1203,#1204,#1205,#1206,#1207,#1208,
#1209));
#243=EDGE_LOOP('',(#1210,#1211));
#244=EDGE_LOOP('',(#1212,#1213,#1214,#1215,#1216,#1217,#1218,#1219));
#245=EDGE_LOOP('',(#1220,#1221,#1222,#1223));
#246=EDGE_LOOP('',(#1224));
#247=EDGE_LOOP('',(#1225));
#248=EDGE_LOOP('',(#1226,#1227,#1228,#1229));
#249=EDGE_LOOP('',(#1230));
#250=EDGE_LOOP('',(#1231));
#251=EDGE_LOOP('',(#1232,#1233,#1234,#1235));
#252=EDGE_LOOP('',(#1236));
#253=EDGE_LOOP('',(#1237));
#254=EDGE_LOOP('',(#1238,#1239,#1240,#1241));
#255=EDGE_LOOP('',(#1242));
#256=EDGE_LOOP('',(#1243));
#257=EDGE_LOOP('',(#1244,#1245,#1246,#1247,#1248,#1249));
#258=EDGE_LOOP('',(#1250,#1251,#1252,#1253,#1254,#1255));
#259=EDGE_LOOP('',(#1256,#1257,#1258,#1259,#1260));
#260=EDGE_LOOP('',(#1261,#1262,#1263,#1264,#1265));
#261=EDGE_LOOP('',(#1266,#1267,#1268,#1269,#1270,#1271));
#262=EDGE_LOOP('',(#1272,#1273,#1274,#1275));
#263=EDGE_LOOP('',(#1276,#1277,#1278,#1279));
#264=EDGE_LOOP('',(#1280));
#265=EDGE_LOOP('',(#1281));
#266=EDGE_LOOP('',(#1282));
#267=EDGE_LOOP('',(#1283));
#268=EDGE_LOOP('',(#1284));
#269=EDGE_LOOP('',(#1285,#1286,#1287,#1288,#1289,#1290,#1291,#1292,#1293,
#1294,#1295));
#270=EDGE_LOOP('',(#1296,#1297));
#271=EDGE_LOOP('',(#1298,#1299,#1300,#1301));
#272=EDGE_LOOP('',(#1302,#1303,#1304,#1305));
#273=EDGE_LOOP('',(#1306,#1307,#1308,#1309));
#274=EDGE_LOOP('',(#1310,#1311,#1312,#1313));
#275=EDGE_LOOP('',(#1314,#1315,#1316,#1317));
#276=EDGE_LOOP('',(#1318,#1319,#1320,#1321));
#277=EDGE_LOOP('',(#1322,#1323,#1324,#1325));
#278=EDGE_LOOP('',(#1326,#1327,#1328,#1329));
#279=EDGE_LOOP('',(#1330,#1331,#1332,#1333));
#280=EDGE_LOOP('',(#1334,#1335,#1336,#1337,#1338,#1339,#1340,#1341,#1342,
#1343,#1344,#1345,#1346,#1347,#1348,#1349));
#281=EDGE_LOOP('',(#1350,#1351,#1352,#1353));
#282=EDGE_LOOP('',(#1354));
#283=EDGE_LOOP('',(#1355));
#284=EDGE_LOOP('',(#1356));
#285=EDGE_LOOP('',(#1357));
#286=EDGE_LOOP('',(#1358,#1359,#1360,#1361,#1362,#1363,#1364,#1365,#1366,
#1367,#1368,#1369,#1370,#1371,#1372,#1373));
#287=EDGE_LOOP('',(#1374,#1375,#1376,#1377));
#288=EDGE_LOOP('',(#1378,#1379,#1380,#1381));
#289=EDGE_LOOP('',(#1382,#1383,#1384,#1385));
#290=EDGE_LOOP('',(#1386,#1387,#1388,#1389));
#291=EDGE_LOOP('',(#1390));
#292=EDGE_LOOP('',(#1391));
#293=EDGE_LOOP('',(#1392,#1393,#1394,#1395));
#294=EDGE_LOOP('',(#1396));
#295=EDGE_LOOP('',(#1397));
#296=EDGE_LOOP('',(#1398,#1399,#1400,#1401));
#297=EDGE_LOOP('',(#1402,#1403,#1404,#1405));
#298=EDGE_LOOP('',(#1406,#1407,#1408,#1409));
#299=EDGE_LOOP('',(#1410,#1411,#1412,#1413));
#300=EDGE_LOOP('',(#1414,#1415,#1416,#1417));
#301=EDGE_LOOP('',(#1418,#1419,#1420,#1421,#1422,#1423,#1424,#1425));
#302=EDGE_LOOP('',(#1426,#1427,#1428,#1429,#1430,#1431,#1432,#1433,#1434,
#1435));
#303=EDGE_LOOP('',(#1436,#1437));
#304=EDGE_LOOP('',(#1438,#1439,#1440,#1441));
#305=EDGE_LOOP('',(#1442,#1443,#1444,#1445,#1446,#1447,#1448,#1449));
#306=EDGE_LOOP('',(#1450,#1451,#1452,#1453));
#307=EDGE_LOOP('',(#1454));
#308=EDGE_LOOP('',(#1455));
#309=EDGE_LOOP('',(#1456,#1457,#1458,#1459));
#310=EDGE_LOOP('',(#1460));
#311=EDGE_LOOP('',(#1461));
#312=EDGE_LOOP('',(#1462,#1463,#1464,#1465));
#313=EDGE_LOOP('',(#1466));
#314=EDGE_LOOP('',(#1467));
#315=EDGE_LOOP('',(#1468,#1469,#1470,#1471));
#316=EDGE_LOOP('',(#1472));
#317=EDGE_LOOP('',(#1473));
#318=EDGE_LOOP('',(#1474,#1475,#1476,#1477,#1478,#1479));
#319=EDGE_LOOP('',(#1480,#1481,#1482,#1483,#1484,#1485));
#320=EDGE_LOOP('',(#1486,#1487,#1488,#1489,#1490));
#321=EDGE_LOOP('',(#1491,#1492,#1493,#1494,#1495));
#322=EDGE_LOOP('',(#1496,#1497,#1498,#1499,#1500,#1501));
#323=EDGE_LOOP('',(#1502,#1503,#1504,#1505));
#324=EDGE_LOOP('',(#1506,#1507,#1508,#1509));
#325=EDGE_LOOP('',(#1510));
#326=EDGE_LOOP('',(#1511));
#327=EDGE_LOOP('',(#1512));
#328=EDGE_LOOP('',(#1513));
#329=EDGE_LOOP('',(#1514));
#330=EDGE_LOOP('',(#1515,#1516,#1517,#1518,#1519,#1520,#1521,#1522,#1523,
#1524,#1525));
#331=EDGE_LOOP('',(#1526,#1527));
#332=ELLIPSE('',#1673,1.62384311435191,1.6);
#333=ELLIPSE('',#1680,1.62384311435191,1.6);
#334=ELLIPSE('',#1683,1.62384311435191,1.6);
#335=ELLIPSE('',#1686,1.62384311435191,1.6);
#336=ELLIPSE('',#1688,20.4559226872768,20.1555655286967);
#337=ELLIPSE('',#1689,2.02980389293989,2.);
#338=ELLIPSE('',#1690,2.02980389293989,2.);
#339=ELLIPSE('',#1714,2.02980389293989,2.);
#340=ELLIPSE('',#1716,2.02980389293989,2.);
#341=ELLIPSE('',#1718,20.4559226872768,20.1555655286967);
#342=LINE('',#2327,#468);
#343=LINE('',#2330,#469);
#344=LINE('',#2333,#470);
#345=LINE('',#2335,#471);
#346=LINE('',#2336,#472);
#347=LINE('',#2339,#473);
#348=LINE('',#2343,#474);
#349=LINE('',#2347,#475);
#350=LINE('',#2351,#476);
#351=LINE('',#2353,#477);
#352=LINE('',#2355,#478);
#353=LINE('',#2356,#479);
#354=LINE('',#2359,#480);
#355=LINE('',#2363,#481);
#356=LINE('',#2365,#482);
#357=LINE('',#2367,#483);
#358=LINE('',#2369,#484);
#359=LINE('',#2371,#485);
#360=LINE('',#2373,#486);
#361=LINE('',#2375,#487);
#362=LINE('',#2377,#488);
#363=LINE('',#2379,#489);
#364=LINE('',#2380,#490);
#365=LINE('',#2383,#491);
#366=LINE('',#2386,#492);
#367=LINE('',#2389,#493);
#368=LINE('',#2391,#494);
#369=LINE('',#2393,#495);
#370=LINE('',#2395,#496);
#371=LINE('',#2397,#497);
#372=LINE('',#2399,#498);
#373=LINE('',#2401,#499);
#374=LINE('',#2403,#500);
#375=LINE('',#2404,#501);
#376=LINE('',#2407,#502);
#377=LINE('',#2411,#503);
#378=LINE('',#2419,#504);
#379=LINE('',#2421,#505);
#380=LINE('',#2423,#506);
#381=LINE('',#2424,#507);
#382=LINE('',#2430,#508);
#383=LINE('',#2433,#509);
#384=LINE('',#2435,#510);
#385=LINE('',#2436,#511);
#386=LINE('',#2439,#512);
#387=LINE('',#2441,#513);
#388=LINE('',#2442,#514);
#389=LINE('',#2445,#515);
#390=LINE('',#2447,#516);
#391=LINE('',#2448,#517);
#392=LINE('',#2454,#518);
#393=LINE('',#2457,#519);
#394=LINE('',#2459,#520);
#395=LINE('',#2460,#521);
#396=LINE('',#2464,#522);
#397=LINE('',#2465,#523);
#398=LINE('',#2466,#524);
#399=LINE('',#2471,#525);
#400=LINE('',#2480,#526);
#401=LINE('',#2487,#527);
#402=LINE('',#2491,#528);
#403=LINE('',#2498,#529);
#404=LINE('',#2500,#530);
#405=LINE('',#2502,#531);
#406=LINE('',#2503,#532);
#407=LINE('',#2507,#533);
#408=LINE('',#2509,#534);
#409=LINE('',#2511,#535);
#410=LINE('',#2512,#536);
#411=LINE('',#2628,#537);
#412=LINE('',#2637,#538);
#413=LINE('',#2646,#539);
#414=LINE('',#2655,#540);
#415=LINE('',#2664,#541);
#416=LINE('',#2669,#542);
#417=LINE('',#2691,#543);
#418=LINE('',#2694,#544);
#419=LINE('',#2734,#545);
#420=LINE('',#2761,#546);
#421=LINE('',#2763,#547);
#422=LINE('',#2764,#548);
#423=LINE('',#2767,#549);
#424=LINE('',#2769,#550);
#425=LINE('',#2770,#551);
#426=LINE('',#2775,#552);
#427=LINE('',#2779,#553);
#428=LINE('',#2781,#554);
#429=LINE('',#2782,#555);
#430=LINE('',#2785,#556);
#431=LINE('',#2787,#557);
#432=LINE('',#2788,#558);
#433=LINE('',#2791,#559);
#434=LINE('',#2793,#560);
#435=LINE('',#2794,#561);
#436=LINE('',#2799,#562);
#437=LINE('',#2803,#563);
#438=LINE('',#2805,#564);
#439=LINE('',#2806,#565);
#440=LINE('',#2808,#566);
#441=LINE('',#2809,#567);
#442=LINE('',#2813,#568);
#443=LINE('',#2815,#569);
#444=LINE('',#2816,#570);
#445=LINE('',#2822,#571);
#446=LINE('',#2823,#572);
#447=LINE('',#2829,#573);
#448=LINE('',#2836,#574);
#449=LINE('',#2841,#575);
#450=LINE('',#2843,#576);
#451=LINE('',#2848,#577);
#452=LINE('',#2850,#578);
#453=LINE('',#2852,#579);
#454=LINE('',#2853,#580);
#455=LINE('',#2857,#581);
#456=LINE('',#2859,#582);
#457=LINE('',#2861,#583);
#458=LINE('',#2862,#584);
#459=LINE('',#2979,#585);
#460=LINE('',#2988,#586);
#461=LINE('',#2997,#587);
#462=LINE('',#3006,#588);
#463=LINE('',#3015,#589);
#464=LINE('',#3020,#590);
#465=LINE('',#3042,#591);
#466=LINE('',#3045,#592);
#467=LINE('',#3085,#593);
#468=VECTOR('',#1851,10.);
#469=VECTOR('',#1854,10.);
#470=VECTOR('',#1857,10.);
#471=VECTOR('',#1858,10.);
#472=VECTOR('',#1859,10.);
#473=VECTOR('',#1862,10.);
#474=VECTOR('',#1865,10.);
#475=VECTOR('',#1868,10.);
#476=VECTOR('',#1871,10.);
#477=VECTOR('',#1872,10.);
#478=VECTOR('',#1873,10.);
#479=VECTOR('',#1874,10.);
#480=VECTOR('',#1877,10.);
#481=VECTOR('',#1882,10.);
#482=VECTOR('',#1883,10.);
#483=VECTOR('',#1884,10.);
#484=VECTOR('',#1885,10.);
#485=VECTOR('',#1886,10.);
#486=VECTOR('',#1887,10.);
#487=VECTOR('',#1888,10.);
#488=VECTOR('',#1889,10.);
#489=VECTOR('',#1890,10.);
#490=VECTOR('',#1891,10.);
#491=VECTOR('',#1894,10.);
#492=VECTOR('',#1897,10.);
#493=VECTOR('',#1900,10.);
#494=VECTOR('',#1901,10.);
#495=VECTOR('',#1902,10.);
#496=VECTOR('',#1903,10.);
#497=VECTOR('',#1904,10.);
#498=VECTOR('',#1905,10.);
#499=VECTOR('',#1906,10.);
#500=VECTOR('',#1907,10.);
#501=VECTOR('',#1908,10.);
#502=VECTOR('',#1911,10.);
#503=VECTOR('',#1918,10.);
#504=VECTOR('',#1925,10.);
#505=VECTOR('',#1926,10.);
#506=VECTOR('',#1927,10.);
#507=VECTOR('',#1928,10.);
#508=VECTOR('',#1935,10.);
#509=VECTOR('',#1938,10.);
#510=VECTOR('',#1939,10.);
#511=VECTOR('',#1940,10.);
#512=VECTOR('',#1943,10.);
#513=VECTOR('',#1944,10.);
#514=VECTOR('',#1945,10.);
#515=VECTOR('',#1948,10.);
#516=VECTOR('',#1949,10.);
#517=VECTOR('',#1950,10.);
#518=VECTOR('',#1957,10.);
#519=VECTOR('',#1960,10.);
#520=VECTOR('',#1961,10.);
#521=VECTOR('',#1962,10.);
#522=VECTOR('',#1965,10.);
#523=VECTOR('',#1966,10.);
#524=VECTOR('',#1967,10.);
#525=VECTOR('',#1972,1.09999999999999);
#526=VECTOR('',#1983,1.09999999999999);
#527=VECTOR('',#1992,2.);
#528=VECTOR('',#1997,2.);
#529=VECTOR('',#2006,10.);
#530=VECTOR('',#2007,10.);
#531=VECTOR('',#2008,10.);
#532=VECTOR('',#2009,10.);
#533=VECTOR('',#2012,10.);
#534=VECTOR('',#2013,10.);
#535=VECTOR('',#2014,10.);
#536=VECTOR('',#2015,10.);
#537=VECTOR('',#2046,1.1);
#538=VECTOR('',#2057,1.1);
#539=VECTOR('',#2068,1.1);
#540=VECTOR('',#2079,1.1);
#541=VECTOR('',#2090,2.99999999999999);
#542=VECTOR('',#2097,2.);
#543=VECTOR('',#2100,2.);
#544=VECTOR('',#2103,2.);
#545=VECTOR('',#2106,2.);
#546=VECTOR('',#2117,10.);
#547=VECTOR('',#2118,10.);
#548=VECTOR('',#2119,10.);
#549=VECTOR('',#2122,10.);
#550=VECTOR('',#2123,10.);
#551=VECTOR('',#2124,10.);
#552=VECTOR('',#2129,10.);
#553=VECTOR('',#2134,10.);
#554=VECTOR('',#2135,10.);
#555=VECTOR('',#2136,10.);
#556=VECTOR('',#2139,10.);
#557=VECTOR('',#2140,10.);
#558=VECTOR('',#2141,10.);
#559=VECTOR('',#2144,10.);
#560=VECTOR('',#2145,10.);
#561=VECTOR('',#2146,10.);
#562=VECTOR('',#2151,10.);
#563=VECTOR('',#2156,10.);
#564=VECTOR('',#2157,10.);
#565=VECTOR('',#2158,10.);
#566=VECTOR('',#2161,10.);
#567=VECTOR('',#2162,10.);
#568=VECTOR('',#2167,10.);
#569=VECTOR('',#2168,10.);
#570=VECTOR('',#2169,10.);
#571=VECTOR('',#2176,10.);
#572=VECTOR('',#2177,10.);
#573=VECTOR('',#2186,1.09999999999999);
#574=VECTOR('',#2195,1.09999999999999);
#575=VECTOR('',#2202,2.);
#576=VECTOR('',#2205,2.);
#577=VECTOR('',#2210,10.);
#578=VECTOR('',#2211,10.);
#579=VECTOR('',#2212,10.);
#580=VECTOR('',#2213,10.);
#581=VECTOR('',#2216,10.);
#582=VECTOR('',#2217,10.);
#583=VECTOR('',#2218,10.);
#584=VECTOR('',#2219,10.);
#585=VECTOR('',#2252,1.1);
#586=VECTOR('',#2263,1.1);
#587=VECTOR('',#2274,1.1);
#588=VECTOR('',#2285,1.1);
#589=VECTOR('',#2296,2.99999999999999);
#590=VECTOR('',#2303,2.);
#591=VECTOR('',#2306,2.);
#592=VECTOR('',#2309,2.);
#593=VECTOR('',#2312,2.);
#594=CIRCLE('',#1672,1.6);
#595=CIRCLE('',#1676,1.6);
#596=CIRCLE('',#1677,1.6);
#597=CIRCLE('',#1678,1.6);
#598=CIRCLE('',#1693,2.5);
#599=CIRCLE('',#1694,2.5);
#600=CIRCLE('',#1699,2.5);
#601=CIRCLE('',#1700,2.5);
#602=CIRCLE('',#1704,1.09999999999999);
#603=CIRCLE('',#1705,1.09999999999999);
#604=CIRCLE('',#1707,2.);
#605=CIRCLE('',#1709,1.09999999999999);
#606=CIRCLE('',#1710,1.09999999999999);
#607=CIRCLE('',#1712,2.);
#608=CIRCLE('',#1722,10.);
#609=CIRCLE('',#1723,10.);
#610=CIRCLE('',#1724,10.);
#611=CIRCLE('',#1725,10.);
#612=CIRCLE('',#1727,20.1555655286967);
#613=CIRCLE('',#1728,20.1555655286967);
#614=CIRCLE('',#1729,20.1555655286967);
#615=CIRCLE('',#1730,20.1555655286967);
#616=CIRCLE('',#1732,8.1);
#617=CIRCLE('',#1733,14.);
#618=CIRCLE('',#1735,1.1);
#619=CIRCLE('',#1736,1.1);
#620=CIRCLE('',#1738,2.);
#621=CIRCLE('',#1740,1.1);
#622=CIRCLE('',#1741,1.1);
#623=CIRCLE('',#1743,2.);
#624=CIRCLE('',#1745,1.1);
#625=CIRCLE('',#1746,1.1);
#626=CIRCLE('',#1748,2.);
#627=CIRCLE('',#1750,1.1);
#628=CIRCLE('',#1751,1.1);
#629=CIRCLE('',#1753,2.);
#630=CIRCLE('',#1755,2.99999999999999);
#631=CIRCLE('',#1756,2.99999999999999);
#632=CIRCLE('',#1757,2.99999999999999);
#633=CIRCLE('',#1763,8.1);
#634=CIRCLE('',#1769,2.5);
#635=CIRCLE('',#1770,2.5);
#636=CIRCLE('',#1775,2.5);
#637=CIRCLE('',#1776,2.5);
#638=CIRCLE('',#1781,1.09999999999999);
#639=CIRCLE('',#1782,1.09999999999999);
#640=CIRCLE('',#1787,1.09999999999999);
#641=CIRCLE('',#1789,2.);
#642=CIRCLE('',#1791,1.09999999999999);
#643=CIRCLE('',#1793,2.);
#644=CIRCLE('',#1800,10.);
#645=CIRCLE('',#1801,10.);
#646=CIRCLE('',#1802,10.);
#647=CIRCLE('',#1803,10.);
#648=CIRCLE('',#1805,20.1555655286967);
#649=CIRCLE('',#1806,20.1555655286967);
#650=CIRCLE('',#1807,20.1555655286967);
#651=CIRCLE('',#1808,20.1555655286967);
#652=CIRCLE('',#1810,14.);
#653=CIRCLE('',#1812,8.1);
#654=CIRCLE('',#1814,1.1);
#655=CIRCLE('',#1815,1.1);
#656=CIRCLE('',#1817,2.);
#657=CIRCLE('',#1819,1.1);
#658=CIRCLE('',#1820,1.1);
#659=CIRCLE('',#1822,2.);
#660=CIRCLE('',#1824,1.1);
#661=CIRCLE('',#1825,1.1);
#662=CIRCLE('',#1827,2.);
#663=CIRCLE('',#1829,1.1);
#664=CIRCLE('',#1830,1.1);
#665=CIRCLE('',#1832,2.);
#666=CIRCLE('',#1834,2.99999999999999);
#667=CIRCLE('',#1835,2.99999999999999);
#668=CIRCLE('',#1836,2.99999999999999);
#669=CIRCLE('',#1842,8.1);
#670=VERTEX_POINT('',#2323);
#671=VERTEX_POINT('',#2324);
#672=VERTEX_POINT('',#2326);
#673=VERTEX_POINT('',#2328);
#674=VERTEX_POINT('',#2332);
#675=VERTEX_POINT('',#2334);
#676=VERTEX_POINT('',#2338);
#677=VERTEX_POINT('',#2340);
#678=VERTEX_POINT('',#2342);
#679=VERTEX_POINT('',#2344);
#680=VERTEX_POINT('',#2346);
#681=VERTEX_POINT('',#2349);
#682=VERTEX_POINT('',#2350);
#683=VERTEX_POINT('',#2352);
#684=VERTEX_POINT('',#2354);
#685=VERTEX_POINT('',#2358);
#686=VERTEX_POINT('',#2362);
#687=VERTEX_POINT('',#2364);
#688=VERTEX_POINT('',#2366);
#689=VERTEX_POINT('',#2368);
#690=VERTEX_POINT('',#2370);
#691=VERTEX_POINT('',#2372);
#692=VERTEX_POINT('',#2374);
#693=VERTEX_POINT('',#2376);
#694=VERTEX_POINT('',#2378);
#695=VERTEX_POINT('',#2382);
#696=VERTEX_POINT('',#2384);
#697=VERTEX_POINT('',#2388);
#698=VERTEX_POINT('',#2390);
#699=VERTEX_POINT('',#2392);
#700=VERTEX_POINT('',#2394);
#701=VERTEX_POINT('',#2396);
#702=VERTEX_POINT('',#2398);
#703=VERTEX_POINT('',#2400);
#704=VERTEX_POINT('',#2402);
#705=VERTEX_POINT('',#2406);
#706=VERTEX_POINT('',#2412);
#707=VERTEX_POINT('',#2414);
#708=VERTEX_POINT('',#2417);
#709=VERTEX_POINT('',#2418);
#710=VERTEX_POINT('',#2420);
#711=VERTEX_POINT('',#2422);
#712=VERTEX_POINT('',#2426);
#713=VERTEX_POINT('',#2428);
#714=VERTEX_POINT('',#2432);
#715=VERTEX_POINT('',#2434);
#716=VERTEX_POINT('',#2438);
#717=VERTEX_POINT('',#2440);
#718=VERTEX_POINT('',#2444);
#719=VERTEX_POINT('',#2446);
#720=VERTEX_POINT('',#2450);
#721=VERTEX_POINT('',#2452);
#722=VERTEX_POINT('',#2456);
#723=VERTEX_POINT('',#2458);
#724=VERTEX_POINT('',#2462);
#725=VERTEX_POINT('',#2463);
#726=VERTEX_POINT('',#2468);
#727=VERTEX_POINT('',#2470);
#728=VERTEX_POINT('',#2474);
#729=VERTEX_POINT('',#2477);
#730=VERTEX_POINT('',#2479);
#731=VERTEX_POINT('',#2483);
#732=VERTEX_POINT('',#2486);
#733=VERTEX_POINT('',#2490);
#734=VERTEX_POINT('',#2496);
#735=VERTEX_POINT('',#2497);
#736=VERTEX_POINT('',#2499);
#737=VERTEX_POINT('',#2501);
#738=VERTEX_POINT('',#2505);
#739=VERTEX_POINT('',#2506);
#740=VERTEX_POINT('',#2508);
#741=VERTEX_POINT('',#2510);
#742=VERTEX_POINT('',#2519);
#743=VERTEX_POINT('',#2521);
#744=VERTEX_POINT('',#2540);
#745=VERTEX_POINT('',#2542);
#746=VERTEX_POINT('',#2561);
#747=VERTEX_POINT('',#2563);
#748=VERTEX_POINT('',#2583);
#749=VERTEX_POINT('',#2584);
#750=VERTEX_POINT('',#2625);
#751=VERTEX_POINT('',#2627);
#752=VERTEX_POINT('',#2631);
#753=VERTEX_POINT('',#2634);
#754=VERTEX_POINT('',#2636);
#755=VERTEX_POINT('',#2640);
#756=VERTEX_POINT('',#2643);
#757=VERTEX_POINT('',#2645);
#758=VERTEX_POINT('',#2649);
#759=VERTEX_POINT('',#2652);
#760=VERTEX_POINT('',#2654);
#761=VERTEX_POINT('',#2658);
#762=VERTEX_POINT('',#2661);
#763=VERTEX_POINT('',#2663);
#764=VERTEX_POINT('',#2668);
#765=VERTEX_POINT('',#2693);
#766=VERTEX_POINT('',#2695);
#767=VERTEX_POINT('',#2733);
#768=VERTEX_POINT('',#2760);
#769=VERTEX_POINT('',#2762);
#770=VERTEX_POINT('',#2766);
#771=VERTEX_POINT('',#2768);
#772=VERTEX_POINT('',#2772);
#773=VERTEX_POINT('',#2774);
#774=VERTEX_POINT('',#2778);
#775=VERTEX_POINT('',#2780);
#776=VERTEX_POINT('',#2784);
#777=VERTEX_POINT('',#2786);
#778=VERTEX_POINT('',#2790);
#779=VERTEX_POINT('',#2792);
#780=VERTEX_POINT('',#2796);
#781=VERTEX_POINT('',#2798);
#782=VERTEX_POINT('',#2802);
#783=VERTEX_POINT('',#2804);
#784=VERTEX_POINT('',#2812);
#785=VERTEX_POINT('',#2814);
#786=VERTEX_POINT('',#2817);
#787=VERTEX_POINT('',#2819);
#788=VERTEX_POINT('',#2827);
#789=VERTEX_POINT('',#2831);
#790=VERTEX_POINT('',#2834);
#791=VERTEX_POINT('',#2838);
#792=VERTEX_POINT('',#2846);
#793=VERTEX_POINT('',#2847);
#794=VERTEX_POINT('',#2849);
#795=VERTEX_POINT('',#2851);
#796=VERTEX_POINT('',#2855);
#797=VERTEX_POINT('',#2856);
#798=VERTEX_POINT('',#2858);
#799=VERTEX_POINT('',#2860);
#800=VERTEX_POINT('',#2869);
#801=VERTEX_POINT('',#2871);
#802=VERTEX_POINT('',#2890);
#803=VERTEX_POINT('',#2892);
#804=VERTEX_POINT('',#2911);
#805=VERTEX_POINT('',#2913);
#806=VERTEX_POINT('',#2933);
#807=VERTEX_POINT('',#2934);
#808=VERTEX_POINT('',#2976);
#809=VERTEX_POINT('',#2978);
#810=VERTEX_POINT('',#2982);
#811=VERTEX_POINT('',#2985);
#812=VERTEX_POINT('',#2987);
#813=VERTEX_POINT('',#2991);
#814=VERTEX_POINT('',#2994);
#815=VERTEX_POINT('',#2996);
#816=VERTEX_POINT('',#3000);
#817=VERTEX_POINT('',#3003);
#818=VERTEX_POINT('',#3005);
#819=VERTEX_POINT('',#3009);
#820=VERTEX_POINT('',#3012);
#821=VERTEX_POINT('',#3014);
#822=VERTEX_POINT('',#3019);
#823=VERTEX_POINT('',#3044);
#824=VERTEX_POINT('',#3046);
#825=VERTEX_POINT('',#3084);
#826=EDGE_CURVE('',#670,#671,#594,.T.);
#827=EDGE_CURVE('',#671,#672,#342,.T.);
#828=EDGE_CURVE('',#672,#673,#332,.T.);
#829=EDGE_CURVE('',#673,#670,#343,.T.);
#830=EDGE_CURVE('',#671,#674,#344,.T.);
#831=EDGE_CURVE('',#675,#674,#345,.T.);
#832=EDGE_CURVE('',#675,#672,#346,.T.);
#833=EDGE_CURVE('',#676,#670,#347,.T.);
#834=EDGE_CURVE('',#677,#676,#595,.T.);
#835=EDGE_CURVE('',#677,#678,#348,.T.);
#836=EDGE_CURVE('',#679,#678,#596,.T.);
#837=EDGE_CURVE('',#679,#680,#349,.T.);
#838=EDGE_CURVE('',#674,#680,#597,.T.);
#839=EDGE_CURVE('',#681,#682,#350,.T.);
#840=EDGE_CURVE('',#683,#682,#351,.T.);
#841=EDGE_CURVE('',#684,#683,#352,.T.);
#842=EDGE_CURVE('',#684,#681,#353,.T.);
#843=EDGE_CURVE('',#680,#685,#354,.T.);
#844=EDGE_CURVE('',#685,#675,#333,.T.);
#845=EDGE_CURVE('',#686,#679,#355,.T.);
#846=EDGE_CURVE('',#687,#686,#356,.T.);
#847=EDGE_CURVE('',#688,#687,#357,.T.);
#848=EDGE_CURVE('',#689,#688,#358,.T.);
#849=EDGE_CURVE('',#689,#690,#359,.T.);
#850=EDGE_CURVE('',#690,#691,#360,.T.);
#851=EDGE_CURVE('',#692,#691,#361,.T.);
#852=EDGE_CURVE('',#692,#693,#362,.T.);
#853=EDGE_CURVE('',#693,#694,#363,.T.);
#854=EDGE_CURVE('',#694,#685,#364,.T.);
#855=EDGE_CURVE('',#676,#695,#365,.T.);
#856=EDGE_CURVE('',#695,#696,#334,.T.);
#857=EDGE_CURVE('',#696,#677,#366,.T.);
#858=EDGE_CURVE('',#673,#697,#367,.T.);
#859=EDGE_CURVE('',#698,#697,#368,.T.);
#860=EDGE_CURVE('',#698,#699,#369,.T.);
#861=EDGE_CURVE('',#700,#699,#370,.T.);
#862=EDGE_CURVE('',#701,#700,#371,.T.);
#863=EDGE_CURVE('',#701,#702,#372,.T.);
#864=EDGE_CURVE('',#703,#702,#373,.T.);
#865=EDGE_CURVE('',#703,#704,#374,.T.);
#866=EDGE_CURVE('',#695,#704,#375,.T.);
#867=EDGE_CURVE('',#678,#705,#376,.T.);
#868=EDGE_CURVE('',#705,#686,#335,.T.);
#869=EDGE_CURVE('',#687,#704,#336,.T.);
#870=EDGE_CURVE('',#705,#696,#377,.T.);
#871=EDGE_CURVE('',#706,#706,#337,.T.);
#872=EDGE_CURVE('',#707,#707,#338,.T.);
#873=EDGE_CURVE('',#708,#709,#378,.T.);
#874=EDGE_CURVE('',#709,#710,#379,.T.);
#875=EDGE_CURVE('',#711,#710,#380,.T.);
#876=EDGE_CURVE('',#708,#711,#381,.T.);
#877=EDGE_CURVE('',#712,#708,#598,.T.);
#878=EDGE_CURVE('',#713,#711,#599,.T.);
#879=EDGE_CURVE('',#712,#713,#382,.T.);
#880=EDGE_CURVE('',#714,#712,#383,.T.);
#881=EDGE_CURVE('',#715,#713,#384,.T.);
#882=EDGE_CURVE('',#714,#715,#385,.T.);
#883=EDGE_CURVE('',#716,#714,#386,.T.);
#884=EDGE_CURVE('',#717,#715,#387,.T.);
#885=EDGE_CURVE('',#716,#717,#388,.T.);
#886=EDGE_CURVE('',#718,#716,#389,.T.);
#887=EDGE_CURVE('',#719,#717,#390,.T.);
#888=EDGE_CURVE('',#718,#719,#391,.T.);
#889=EDGE_CURVE('',#720,#718,#600,.T.);
#890=EDGE_CURVE('',#721,#719,#601,.T.);
#891=EDGE_CURVE('',#720,#721,#392,.T.);
#892=EDGE_CURVE('',#722,#720,#393,.T.);
#893=EDGE_CURVE('',#723,#721,#394,.T.);
#894=EDGE_CURVE('',#722,#723,#395,.T.);
#895=EDGE_CURVE('',#724,#725,#396,.T.);
#896=EDGE_CURVE('',#725,#683,#397,.T.);
#897=EDGE_CURVE('',#724,#682,#398,.T.);
#898=EDGE_CURVE('',#726,#726,#602,.T.);
#899=EDGE_CURVE('',#726,#727,#399,.T.);
#900=EDGE_CURVE('',#727,#727,#603,.T.);
#901=EDGE_CURVE('',#728,#728,#604,.T.);
#902=EDGE_CURVE('',#729,#729,#605,.T.);
#903=EDGE_CURVE('',#729,#730,#400,.T.);
#904=EDGE_CURVE('',#730,#730,#606,.T.);
#905=EDGE_CURVE('',#731,#731,#607,.T.);
#906=EDGE_CURVE('',#731,#732,#401,.T.);
#907=EDGE_CURVE('',#732,#732,#339,.T.);
#908=EDGE_CURVE('',#728,#733,#402,.T.);
#909=EDGE_CURVE('',#733,#733,#340,.T.);
#910=EDGE_CURVE('',#694,#697,#341,.T.);
#911=EDGE_CURVE('',#734,#735,#403,.T.);
#912=EDGE_CURVE('',#735,#736,#404,.T.);
#913=EDGE_CURVE('',#737,#736,#405,.T.);
#914=EDGE_CURVE('',#734,#737,#406,.T.);
#915=EDGE_CURVE('',#738,#739,#407,.T.);
#916=EDGE_CURVE('',#740,#739,#408,.T.);
#917=EDGE_CURVE('',#740,#741,#409,.T.);
#918=EDGE_CURVE('',#741,#738,#410,.T.);
#919=EDGE_CURVE('',#738,#699,#608,.T.);
#920=EDGE_CURVE('',#693,#698,#609,.T.);
#921=EDGE_CURVE('',#692,#735,#610,.T.);
#922=EDGE_CURVE('',#739,#734,#611,.T.);
#923=EDGE_CURVE('',#693,#742,#612,.T.);
#924=EDGE_CURVE('',#743,#742,#17,.T.);
#925=EDGE_CURVE('',#743,#744,#613,.T.);
#926=EDGE_CURVE('',#745,#744,#18,.T.);
#927=EDGE_CURVE('',#745,#746,#614,.T.);
#928=EDGE_CURVE('',#747,#746,#19,.T.);
#929=EDGE_CURVE('',#747,#698,#615,.T.);
#930=EDGE_CURVE('',#748,#749,#20,.T.);
#931=EDGE_CURVE('',#749,#748,#21,.T.);
#932=EDGE_CURVE('',#736,#741,#616,.T.);
#933=EDGE_CURVE('',#700,#691,#617,.T.);
#934=EDGE_CURVE('',#750,#750,#618,.T.);
#935=EDGE_CURVE('',#750,#751,#411,.T.);
#936=EDGE_CURVE('',#751,#751,#619,.T.);
#937=EDGE_CURVE('',#752,#752,#620,.T.);
#938=EDGE_CURVE('',#753,#753,#621,.T.);
#939=EDGE_CURVE('',#753,#754,#412,.T.);
#940=EDGE_CURVE('',#754,#754,#622,.T.);
#941=EDGE_CURVE('',#755,#755,#623,.T.);
#942=EDGE_CURVE('',#756,#756,#624,.T.);
#943=EDGE_CURVE('',#756,#757,#413,.T.);
#944=EDGE_CURVE('',#757,#757,#625,.T.);
#945=EDGE_CURVE('',#758,#758,#626,.T.);
#946=EDGE_CURVE('',#759,#759,#627,.T.);
#947=EDGE_CURVE('',#759,#760,#414,.T.);
#948=EDGE_CURVE('',#760,#760,#628,.T.);
#949=EDGE_CURVE('',#761,#761,#629,.T.);
#950=EDGE_CURVE('',#762,#762,#630,.T.);
#951=EDGE_CURVE('',#762,#763,#415,.T.);
#952=EDGE_CURVE('',#763,#745,#631,.T.);
#953=EDGE_CURVE('',#744,#763,#632,.T.);
#954=EDGE_CURVE('',#755,#764,#416,.T.);
#955=EDGE_CURVE('',#764,#743,#22,.T.);
#956=EDGE_CURVE('',#742,#764,#23,.T.);
#957=EDGE_CURVE('',#761,#749,#417,.T.);
#958=EDGE_CURVE('',#752,#765,#418,.T.);
#959=EDGE_CURVE('',#765,#766,#24,.T.);
#960=EDGE_CURVE('',#766,#765,#25,.T.);
#961=EDGE_CURVE('',#758,#767,#419,.T.);
#962=EDGE_CURVE('',#767,#747,#26,.T.);
#963=EDGE_CURVE('',#746,#767,#27,.T.);
#964=EDGE_CURVE('',#737,#740,#633,.T.);
#965=EDGE_CURVE('',#768,#709,#420,.T.);
#966=EDGE_CURVE('',#768,#769,#421,.T.);
#967=EDGE_CURVE('',#710,#769,#422,.T.);
#968=EDGE_CURVE('',#770,#768,#423,.T.);
#969=EDGE_CURVE('',#770,#771,#424,.T.);
#970=EDGE_CURVE('',#771,#769,#425,.T.);
#971=EDGE_CURVE('',#772,#770,#634,.T.);
#972=EDGE_CURVE('',#772,#773,#426,.T.);
#973=EDGE_CURVE('',#773,#771,#635,.T.);
#974=EDGE_CURVE('',#774,#772,#427,.T.);
#975=EDGE_CURVE('',#774,#775,#428,.T.);
#976=EDGE_CURVE('',#775,#773,#429,.T.);
#977=EDGE_CURVE('',#776,#774,#430,.T.);
#978=EDGE_CURVE('',#776,#777,#431,.T.);
#979=EDGE_CURVE('',#777,#775,#432,.T.);
#980=EDGE_CURVE('',#778,#776,#433,.T.);
#981=EDGE_CURVE('',#778,#779,#434,.T.);
#982=EDGE_CURVE('',#779,#777,#435,.T.);
#983=EDGE_CURVE('',#780,#778,#636,.T.);
#984=EDGE_CURVE('',#780,#781,#436,.T.);
#985=EDGE_CURVE('',#781,#779,#637,.T.);
#986=EDGE_CURVE('',#782,#780,#437,.T.);
#987=EDGE_CURVE('',#782,#783,#438,.T.);
#988=EDGE_CURVE('',#783,#781,#439,.T.);
#989=EDGE_CURVE('',#722,#782,#440,.T.);
#990=EDGE_CURVE('',#723,#783,#441,.T.);
#991=EDGE_CURVE('',#724,#784,#442,.T.);
#992=EDGE_CURVE('',#784,#785,#443,.T.);
#993=EDGE_CURVE('',#785,#725,#444,.T.);
#994=EDGE_CURVE('',#786,#786,#638,.T.);
#995=EDGE_CURVE('',#787,#787,#639,.T.);
#996=EDGE_CURVE('',#784,#681,#445,.T.);
#997=EDGE_CURVE('',#785,#684,#446,.T.);
#998=EDGE_CURVE('',#788,#788,#640,.T.);
#999=EDGE_CURVE('',#788,#787,#447,.T.);
#1000=EDGE_CURVE('',#789,#789,#641,.T.);
#1001=EDGE_CURVE('',#790,#790,#642,.T.);
#1002=EDGE_CURVE('',#790,#786,#448,.T.);
#1003=EDGE_CURVE('',#791,#791,#643,.T.);
#1004=EDGE_CURVE('',#791,#707,#449,.T.);
#1005=EDGE_CURVE('',#789,#706,#450,.T.);
#1006=EDGE_CURVE('',#792,#793,#451,.T.);
#1007=EDGE_CURVE('',#792,#794,#452,.T.);
#1008=EDGE_CURVE('',#794,#795,#453,.T.);
#1009=EDGE_CURVE('',#793,#795,#454,.T.);
#1010=EDGE_CURVE('',#796,#797,#455,.T.);
#1011=EDGE_CURVE('',#798,#796,#456,.T.);
#1012=EDGE_CURVE('',#799,#798,#457,.T.);
#1013=EDGE_CURVE('',#799,#797,#458,.T.);
#1014=EDGE_CURVE('',#797,#792,#644,.T.);
#1015=EDGE_CURVE('',#689,#793,#645,.T.);
#1016=EDGE_CURVE('',#688,#703,#646,.T.);
#1017=EDGE_CURVE('',#796,#702,#647,.T.);
#1018=EDGE_CURVE('',#800,#703,#648,.T.);
#1019=EDGE_CURVE('',#800,#801,#28,.T.);
#1020=EDGE_CURVE('',#802,#801,#649,.T.);
#1021=EDGE_CURVE('',#802,#803,#29,.T.);
#1022=EDGE_CURVE('',#804,#803,#650,.T.);
#1023=EDGE_CURVE('',#804,#805,#30,.T.);
#1024=EDGE_CURVE('',#688,#805,#651,.T.);
#1025=EDGE_CURVE('',#806,#807,#31,.T.);
#1026=EDGE_CURVE('',#807,#806,#32,.T.);
#1027=EDGE_CURVE('',#701,#690,#652,.T.);
#1028=EDGE_CURVE('',#795,#798,#653,.T.);
#1029=EDGE_CURVE('',#808,#808,#654,.T.);
#1030=EDGE_CURVE('',#808,#809,#459,.T.);
#1031=EDGE_CURVE('',#809,#809,#655,.T.);
#1032=EDGE_CURVE('',#810,#810,#656,.T.);
#1033=EDGE_CURVE('',#811,#811,#657,.T.);
#1034=EDGE_CURVE('',#811,#812,#460,.T.);
#1035=EDGE_CURVE('',#812,#812,#658,.T.);
#1036=EDGE_CURVE('',#813,#813,#659,.T.);
#1037=EDGE_CURVE('',#814,#814,#660,.T.);
#1038=EDGE_CURVE('',#814,#815,#461,.T.);
#1039=EDGE_CURVE('',#815,#815,#661,.T.);
#1040=EDGE_CURVE('',#816,#816,#662,.T.);
#1041=EDGE_CURVE('',#817,#817,#663,.T.);
#1042=EDGE_CURVE('',#817,#818,#462,.T.);
#1043=EDGE_CURVE('',#818,#818,#664,.T.);
#1044=EDGE_CURVE('',#819,#819,#665,.T.);
#1045=EDGE_CURVE('',#820,#820,#666,.T.);
#1046=EDGE_CURVE('',#820,#821,#463,.T.);
#1047=EDGE_CURVE('',#803,#821,#667,.T.);
#1048=EDGE_CURVE('',#821,#802,#668,.T.);
#1049=EDGE_CURVE('',#813,#822,#464,.T.);
#1050=EDGE_CURVE('',#805,#822,#33,.T.);
#1051=EDGE_CURVE('',#822,#804,#34,.T.);
#1052=EDGE_CURVE('',#819,#807,#465,.T.);
#1053=EDGE_CURVE('',#810,#823,#466,.T.);
#1054=EDGE_CURVE('',#824,#823,#35,.T.);
#1055=EDGE_CURVE('',#823,#824,#36,.T.);
#1056=EDGE_CURVE('',#816,#825,#467,.T.);
#1057=EDGE_CURVE('',#801,#825,#37,.T.);
#1058=EDGE_CURVE('',#825,#800,#38,.T.);
#1059=EDGE_CURVE('',#794,#799,#669,.T.);
#1060=ORIENTED_EDGE('',*,*,#826,.T.);
#1061=ORIENTED_EDGE('',*,*,#827,.T.);
#1062=ORIENTED_EDGE('',*,*,#828,.T.);
#1063=ORIENTED_EDGE('',*,*,#829,.T.);
#1064=ORIENTED_EDGE('',*,*,#827,.F.);
#1065=ORIENTED_EDGE('',*,*,#830,.T.);
#1066=ORIENTED_EDGE('',*,*,#831,.F.);
#1067=ORIENTED_EDGE('',*,*,#832,.T.);
#1068=ORIENTED_EDGE('',*,*,#826,.F.);
#1069=ORIENTED_EDGE('',*,*,#833,.F.);
#1070=ORIENTED_EDGE('',*,*,#834,.F.);
#1071=ORIENTED_EDGE('',*,*,#835,.T.);
#1072=ORIENTED_EDGE('',*,*,#836,.F.);
#1073=ORIENTED_EDGE('',*,*,#837,.T.);
#1074=ORIENTED_EDGE('',*,*,#838,.F.);
#1075=ORIENTED_EDGE('',*,*,#830,.F.);
#1076=ORIENTED_EDGE('',*,*,#839,.T.);
#1077=ORIENTED_EDGE('',*,*,#840,.F.);
#1078=ORIENTED_EDGE('',*,*,#841,.F.);
#1079=ORIENTED_EDGE('',*,*,#842,.T.);
#1080=ORIENTED_EDGE('',*,*,#838,.T.);
#1081=ORIENTED_EDGE('',*,*,#843,.T.);
#1082=ORIENTED_EDGE('',*,*,#844,.T.);
#1083=ORIENTED_EDGE('',*,*,#831,.T.);
#1084=ORIENTED_EDGE('',*,*,#843,.F.);
#1085=ORIENTED_EDGE('',*,*,#837,.F.);
#1086=ORIENTED_EDGE('',*,*,#845,.F.);
#1087=ORIENTED_EDGE('',*,*,#846,.F.);
#1088=ORIENTED_EDGE('',*,*,#847,.F.);
#1089=ORIENTED_EDGE('',*,*,#848,.F.);
#1090=ORIENTED_EDGE('',*,*,#849,.T.);
#1091=ORIENTED_EDGE('',*,*,#850,.T.);
#1092=ORIENTED_EDGE('',*,*,#851,.F.);
#1093=ORIENTED_EDGE('',*,*,#852,.T.);
#1094=ORIENTED_EDGE('',*,*,#853,.T.);
#1095=ORIENTED_EDGE('',*,*,#854,.T.);
#1096=ORIENTED_EDGE('',*,*,#834,.T.);
#1097=ORIENTED_EDGE('',*,*,#855,.T.);
#1098=ORIENTED_EDGE('',*,*,#856,.T.);
#1099=ORIENTED_EDGE('',*,*,#857,.T.);
#1100=ORIENTED_EDGE('',*,*,#829,.F.);
#1101=ORIENTED_EDGE('',*,*,#858,.T.);
#1102=ORIENTED_EDGE('',*,*,#859,.F.);
#1103=ORIENTED_EDGE('',*,*,#860,.T.);
#1104=ORIENTED_EDGE('',*,*,#861,.F.);
#1105=ORIENTED_EDGE('',*,*,#862,.F.);
#1106=ORIENTED_EDGE('',*,*,#863,.T.);
#1107=ORIENTED_EDGE('',*,*,#864,.F.);
#1108=ORIENTED_EDGE('',*,*,#865,.T.);
#1109=ORIENTED_EDGE('',*,*,#866,.F.);
#1110=ORIENTED_EDGE('',*,*,#855,.F.);
#1111=ORIENTED_EDGE('',*,*,#833,.T.);
#1112=ORIENTED_EDGE('',*,*,#836,.T.);
#1113=ORIENTED_EDGE('',*,*,#867,.T.);
#1114=ORIENTED_EDGE('',*,*,#868,.T.);
#1115=ORIENTED_EDGE('',*,*,#845,.T.);
#1116=ORIENTED_EDGE('',*,*,#856,.F.);
#1117=ORIENTED_EDGE('',*,*,#866,.T.);
#1118=ORIENTED_EDGE('',*,*,#869,.F.);
#1119=ORIENTED_EDGE('',*,*,#846,.T.);
#1120=ORIENTED_EDGE('',*,*,#868,.F.);
#1121=ORIENTED_EDGE('',*,*,#870,.T.);
#1122=ORIENTED_EDGE('',*,*,#871,.T.);
#1123=ORIENTED_EDGE('',*,*,#872,.T.);
#1124=ORIENTED_EDGE('',*,*,#873,.T.);
#1125=ORIENTED_EDGE('',*,*,#874,.T.);
#1126=ORIENTED_EDGE('',*,*,#875,.F.);
#1127=ORIENTED_EDGE('',*,*,#876,.F.);
#1128=ORIENTED_EDGE('',*,*,#877,.T.);
#1129=ORIENTED_EDGE('',*,*,#876,.T.);
#1130=ORIENTED_EDGE('',*,*,#878,.F.);
#1131=ORIENTED_EDGE('',*,*,#879,.F.);
#1132=ORIENTED_EDGE('',*,*,#880,.T.);
#1133=ORIENTED_EDGE('',*,*,#879,.T.);
#1134=ORIENTED_EDGE('',*,*,#881,.F.);
#1135=ORIENTED_EDGE('',*,*,#882,.F.);
#1136=ORIENTED_EDGE('',*,*,#883,.T.);
#1137=ORIENTED_EDGE('',*,*,#882,.T.);
#1138=ORIENTED_EDGE('',*,*,#884,.F.);
#1139=ORIENTED_EDGE('',*,*,#885,.F.);
#1140=ORIENTED_EDGE('',*,*,#886,.T.);
#1141=ORIENTED_EDGE('',*,*,#885,.T.);
#1142=ORIENTED_EDGE('',*,*,#887,.F.);
#1143=ORIENTED_EDGE('',*,*,#888,.F.);
#1144=ORIENTED_EDGE('',*,*,#889,.T.);
#1145=ORIENTED_EDGE('',*,*,#888,.T.);
#1146=ORIENTED_EDGE('',*,*,#890,.F.);
#1147=ORIENTED_EDGE('',*,*,#891,.F.);
#1148=ORIENTED_EDGE('',*,*,#892,.T.);
#1149=ORIENTED_EDGE('',*,*,#891,.T.);
#1150=ORIENTED_EDGE('',*,*,#893,.F.);
#1151=ORIENTED_EDGE('',*,*,#894,.F.);
#1152=ORIENTED_EDGE('',*,*,#895,.T.);
#1153=ORIENTED_EDGE('',*,*,#896,.T.);
#1154=ORIENTED_EDGE('',*,*,#840,.T.);
#1155=ORIENTED_EDGE('',*,*,#897,.F.);
#1156=ORIENTED_EDGE('',*,*,#898,.T.);
#1157=ORIENTED_EDGE('',*,*,#899,.T.);
#1158=ORIENTED_EDGE('',*,*,#900,.T.);
#1159=ORIENTED_EDGE('',*,*,#899,.F.);
#1160=ORIENTED_EDGE('',*,*,#901,.T.);
#1161=ORIENTED_EDGE('',*,*,#898,.F.);
#1162=ORIENTED_EDGE('',*,*,#902,.T.);
#1163=ORIENTED_EDGE('',*,*,#903,.T.);
#1164=ORIENTED_EDGE('',*,*,#904,.T.);
#1165=ORIENTED_EDGE('',*,*,#903,.F.);
#1166=ORIENTED_EDGE('',*,*,#905,.T.);
#1167=ORIENTED_EDGE('',*,*,#902,.F.);
#1168=ORIENTED_EDGE('',*,*,#905,.F.);
#1169=ORIENTED_EDGE('',*,*,#906,.T.);
#1170=ORIENTED_EDGE('',*,*,#907,.T.);
#1171=ORIENTED_EDGE('',*,*,#906,.F.);
#1172=ORIENTED_EDGE('',*,*,#901,.F.);
#1173=ORIENTED_EDGE('',*,*,#908,.T.);
#1174=ORIENTED_EDGE('',*,*,#909,.T.);
#1175=ORIENTED_EDGE('',*,*,#908,.F.);
#1176=ORIENTED_EDGE('',*,*,#828,.F.);
#1177=ORIENTED_EDGE('',*,*,#832,.F.);
#1178=ORIENTED_EDGE('',*,*,#844,.F.);
#1179=ORIENTED_EDGE('',*,*,#854,.F.);
#1180=ORIENTED_EDGE('',*,*,#910,.T.);
#1181=ORIENTED_EDGE('',*,*,#858,.F.);
#1182=ORIENTED_EDGE('',*,*,#907,.F.);
#1183=ORIENTED_EDGE('',*,*,#909,.F.);
#1184=ORIENTED_EDGE('',*,*,#911,.T.);
#1185=ORIENTED_EDGE('',*,*,#912,.T.);
#1186=ORIENTED_EDGE('',*,*,#913,.F.);
#1187=ORIENTED_EDGE('',*,*,#914,.F.);
#1188=ORIENTED_EDGE('',*,*,#915,.T.);
#1189=ORIENTED_EDGE('',*,*,#916,.F.);
#1190=ORIENTED_EDGE('',*,*,#917,.T.);
#1191=ORIENTED_EDGE('',*,*,#918,.T.);
#1192=ORIENTED_EDGE('',*,*,#915,.F.);
#1193=ORIENTED_EDGE('',*,*,#919,.T.);
#1194=ORIENTED_EDGE('',*,*,#860,.F.);
#1195=ORIENTED_EDGE('',*,*,#920,.F.);
#1196=ORIENTED_EDGE('',*,*,#852,.F.);
#1197=ORIENTED_EDGE('',*,*,#921,.T.);
#1198=ORIENTED_EDGE('',*,*,#911,.F.);
#1199=ORIENTED_EDGE('',*,*,#922,.F.);
#1200=ORIENTED_EDGE('',*,*,#910,.F.);
#1201=ORIENTED_EDGE('',*,*,#853,.F.);
#1202=ORIENTED_EDGE('',*,*,#923,.T.);
#1203=ORIENTED_EDGE('',*,*,#924,.F.);
#1204=ORIENTED_EDGE('',*,*,#925,.T.);
#1205=ORIENTED_EDGE('',*,*,#926,.F.);
#1206=ORIENTED_EDGE('',*,*,#927,.T.);
#1207=ORIENTED_EDGE('',*,*,#928,.F.);
#1208=ORIENTED_EDGE('',*,*,#929,.T.);
#1209=ORIENTED_EDGE('',*,*,#859,.T.);
#1210=ORIENTED_EDGE('',*,*,#930,.F.);
#1211=ORIENTED_EDGE('',*,*,#931,.F.);
#1212=ORIENTED_EDGE('',*,*,#918,.F.);
#1213=ORIENTED_EDGE('',*,*,#932,.F.);
#1214=ORIENTED_EDGE('',*,*,#912,.F.);
#1215=ORIENTED_EDGE('',*,*,#921,.F.);
#1216=ORIENTED_EDGE('',*,*,#851,.T.);
#1217=ORIENTED_EDGE('',*,*,#933,.F.);
#1218=ORIENTED_EDGE('',*,*,#861,.T.);
#1219=ORIENTED_EDGE('',*,*,#919,.F.);
#1220=ORIENTED_EDGE('',*,*,#934,.T.);
#1221=ORIENTED_EDGE('',*,*,#935,.T.);
#1222=ORIENTED_EDGE('',*,*,#936,.T.);
#1223=ORIENTED_EDGE('',*,*,#935,.F.);
#1224=ORIENTED_EDGE('',*,*,#937,.T.);
#1225=ORIENTED_EDGE('',*,*,#934,.F.);
#1226=ORIENTED_EDGE('',*,*,#938,.T.);
#1227=ORIENTED_EDGE('',*,*,#939,.T.);
#1228=ORIENTED_EDGE('',*,*,#940,.T.);
#1229=ORIENTED_EDGE('',*,*,#939,.F.);
#1230=ORIENTED_EDGE('',*,*,#941,.T.);
#1231=ORIENTED_EDGE('',*,*,#938,.F.);
#1232=ORIENTED_EDGE('',*,*,#942,.T.);
#1233=ORIENTED_EDGE('',*,*,#943,.T.);
#1234=ORIENTED_EDGE('',*,*,#944,.T.);
#1235=ORIENTED_EDGE('',*,*,#943,.F.);
#1236=ORIENTED_EDGE('',*,*,#945,.T.);
#1237=ORIENTED_EDGE('',*,*,#942,.F.);
#1238=ORIENTED_EDGE('',*,*,#946,.T.);
#1239=ORIENTED_EDGE('',*,*,#947,.T.);
#1240=ORIENTED_EDGE('',*,*,#948,.T.);
#1241=ORIENTED_EDGE('',*,*,#947,.F.);
#1242=ORIENTED_EDGE('',*,*,#949,.T.);
#1243=ORIENTED_EDGE('',*,*,#946,.F.);
#1244=ORIENTED_EDGE('',*,*,#950,.T.);
#1245=ORIENTED_EDGE('',*,*,#951,.T.);
#1246=ORIENTED_EDGE('',*,*,#952,.T.);
#1247=ORIENTED_EDGE('',*,*,#926,.T.);
#1248=ORIENTED_EDGE('',*,*,#953,.T.);
#1249=ORIENTED_EDGE('',*,*,#951,.F.);
#1250=ORIENTED_EDGE('',*,*,#941,.F.);
#1251=ORIENTED_EDGE('',*,*,#954,.T.);
#1252=ORIENTED_EDGE('',*,*,#955,.T.);
#1253=ORIENTED_EDGE('',*,*,#924,.T.);
#1254=ORIENTED_EDGE('',*,*,#956,.T.);
#1255=ORIENTED_EDGE('',*,*,#954,.F.);
#1256=ORIENTED_EDGE('',*,*,#949,.F.);
#1257=ORIENTED_EDGE('',*,*,#957,.T.);
#1258=ORIENTED_EDGE('',*,*,#931,.T.);
#1259=ORIENTED_EDGE('',*,*,#930,.T.);
#1260=ORIENTED_EDGE('',*,*,#957,.F.);
#1261=ORIENTED_EDGE('',*,*,#937,.F.);
#1262=ORIENTED_EDGE('',*,*,#958,.T.);
#1263=ORIENTED_EDGE('',*,*,#959,.T.);
#1264=ORIENTED_EDGE('',*,*,#960,.T.);
#1265=ORIENTED_EDGE('',*,*,#958,.F.);
#1266=ORIENTED_EDGE('',*,*,#945,.F.);
#1267=ORIENTED_EDGE('',*,*,#961,.T.);
#1268=ORIENTED_EDGE('',*,*,#962,.T.);
#1269=ORIENTED_EDGE('',*,*,#928,.T.);
#1270=ORIENTED_EDGE('',*,*,#963,.T.);
#1271=ORIENTED_EDGE('',*,*,#961,.F.);
#1272=ORIENTED_EDGE('',*,*,#917,.F.);
#1273=ORIENTED_EDGE('',*,*,#964,.F.);
#1274=ORIENTED_EDGE('',*,*,#913,.T.);
#1275=ORIENTED_EDGE('',*,*,#932,.T.);
#1276=ORIENTED_EDGE('',*,*,#964,.T.);
#1277=ORIENTED_EDGE('',*,*,#916,.T.);
#1278=ORIENTED_EDGE('',*,*,#922,.T.);
#1279=ORIENTED_EDGE('',*,*,#914,.T.);
#1280=ORIENTED_EDGE('',*,*,#936,.F.);
#1281=ORIENTED_EDGE('',*,*,#940,.F.);
#1282=ORIENTED_EDGE('',*,*,#944,.F.);
#1283=ORIENTED_EDGE('',*,*,#948,.F.);
#1284=ORIENTED_EDGE('',*,*,#950,.F.);
#1285=ORIENTED_EDGE('',*,*,#953,.F.);
#1286=ORIENTED_EDGE('',*,*,#925,.F.);
#1287=ORIENTED_EDGE('',*,*,#955,.F.);
#1288=ORIENTED_EDGE('',*,*,#956,.F.);
#1289=ORIENTED_EDGE('',*,*,#923,.F.);
#1290=ORIENTED_EDGE('',*,*,#920,.T.);
#1291=ORIENTED_EDGE('',*,*,#929,.F.);
#1292=ORIENTED_EDGE('',*,*,#962,.F.);
#1293=ORIENTED_EDGE('',*,*,#963,.F.);
#1294=ORIENTED_EDGE('',*,*,#927,.F.);
#1295=ORIENTED_EDGE('',*,*,#952,.F.);
#1296=ORIENTED_EDGE('',*,*,#960,.F.);
#1297=ORIENTED_EDGE('',*,*,#959,.F.);
#1298=ORIENTED_EDGE('',*,*,#965,.F.);
#1299=ORIENTED_EDGE('',*,*,#966,.T.);
#1300=ORIENTED_EDGE('',*,*,#967,.F.);
#1301=ORIENTED_EDGE('',*,*,#874,.F.);
#1302=ORIENTED_EDGE('',*,*,#968,.F.);
#1303=ORIENTED_EDGE('',*,*,#969,.T.);
#1304=ORIENTED_EDGE('',*,*,#970,.T.);
#1305=ORIENTED_EDGE('',*,*,#966,.F.);
#1306=ORIENTED_EDGE('',*,*,#971,.F.);
#1307=ORIENTED_EDGE('',*,*,#972,.T.);
#1308=ORIENTED_EDGE('',*,*,#973,.T.);
#1309=ORIENTED_EDGE('',*,*,#969,.F.);
#1310=ORIENTED_EDGE('',*,*,#974,.F.);
#1311=ORIENTED_EDGE('',*,*,#975,.T.);
#1312=ORIENTED_EDGE('',*,*,#976,.T.);
#1313=ORIENTED_EDGE('',*,*,#972,.F.);
#1314=ORIENTED_EDGE('',*,*,#977,.F.);
#1315=ORIENTED_EDGE('',*,*,#978,.T.);
#1316=ORIENTED_EDGE('',*,*,#979,.T.);
#1317=ORIENTED_EDGE('',*,*,#975,.F.);
#1318=ORIENTED_EDGE('',*,*,#980,.F.);
#1319=ORIENTED_EDGE('',*,*,#981,.T.);
#1320=ORIENTED_EDGE('',*,*,#982,.T.);
#1321=ORIENTED_EDGE('',*,*,#978,.F.);
#1322=ORIENTED_EDGE('',*,*,#983,.F.);
#1323=ORIENTED_EDGE('',*,*,#984,.T.);
#1324=ORIENTED_EDGE('',*,*,#985,.T.);
#1325=ORIENTED_EDGE('',*,*,#981,.F.);
#1326=ORIENTED_EDGE('',*,*,#986,.F.);
#1327=ORIENTED_EDGE('',*,*,#987,.T.);
#1328=ORIENTED_EDGE('',*,*,#988,.T.);
#1329=ORIENTED_EDGE('',*,*,#984,.F.);
#1330=ORIENTED_EDGE('',*,*,#989,.F.);
#1331=ORIENTED_EDGE('',*,*,#894,.T.);
#1332=ORIENTED_EDGE('',*,*,#990,.T.);
#1333=ORIENTED_EDGE('',*,*,#987,.F.);
#1334=ORIENTED_EDGE('',*,*,#967,.T.);
#1335=ORIENTED_EDGE('',*,*,#970,.F.);
#1336=ORIENTED_EDGE('',*,*,#973,.F.);
#1337=ORIENTED_EDGE('',*,*,#976,.F.);
#1338=ORIENTED_EDGE('',*,*,#979,.F.);
#1339=ORIENTED_EDGE('',*,*,#982,.F.);
#1340=ORIENTED_EDGE('',*,*,#985,.F.);
#1341=ORIENTED_EDGE('',*,*,#988,.F.);
#1342=ORIENTED_EDGE('',*,*,#990,.F.);
#1343=ORIENTED_EDGE('',*,*,#893,.T.);
#1344=ORIENTED_EDGE('',*,*,#890,.T.);
#1345=ORIENTED_EDGE('',*,*,#887,.T.);
#1346=ORIENTED_EDGE('',*,*,#884,.T.);
#1347=ORIENTED_EDGE('',*,*,#881,.T.);
#1348=ORIENTED_EDGE('',*,*,#878,.T.);
#1349=ORIENTED_EDGE('',*,*,#875,.T.);
#1350=ORIENTED_EDGE('',*,*,#991,.T.);
#1351=ORIENTED_EDGE('',*,*,#992,.T.);
#1352=ORIENTED_EDGE('',*,*,#993,.T.);
#1353=ORIENTED_EDGE('',*,*,#895,.F.);
#1354=ORIENTED_EDGE('',*,*,#900,.F.);
#1355=ORIENTED_EDGE('',*,*,#904,.F.);
#1356=ORIENTED_EDGE('',*,*,#994,.T.);
#1357=ORIENTED_EDGE('',*,*,#995,.T.);
#1358=ORIENTED_EDGE('',*,*,#965,.T.);
#1359=ORIENTED_EDGE('',*,*,#873,.F.);
#1360=ORIENTED_EDGE('',*,*,#877,.F.);
#1361=ORIENTED_EDGE('',*,*,#880,.F.);
#1362=ORIENTED_EDGE('',*,*,#883,.F.);
#1363=ORIENTED_EDGE('',*,*,#886,.F.);
#1364=ORIENTED_EDGE('',*,*,#889,.F.);
#1365=ORIENTED_EDGE('',*,*,#892,.F.);
#1366=ORIENTED_EDGE('',*,*,#989,.T.);
#1367=ORIENTED_EDGE('',*,*,#986,.T.);
#1368=ORIENTED_EDGE('',*,*,#983,.T.);
#1369=ORIENTED_EDGE('',*,*,#980,.T.);
#1370=ORIENTED_EDGE('',*,*,#977,.T.);
#1371=ORIENTED_EDGE('',*,*,#974,.T.);
#1372=ORIENTED_EDGE('',*,*,#971,.T.);
#1373=ORIENTED_EDGE('',*,*,#968,.T.);
#1374=ORIENTED_EDGE('',*,*,#992,.F.);
#1375=ORIENTED_EDGE('',*,*,#996,.T.);
#1376=ORIENTED_EDGE('',*,*,#842,.F.);
#1377=ORIENTED_EDGE('',*,*,#997,.F.);
#1378=ORIENTED_EDGE('',*,*,#993,.F.);
#1379=ORIENTED_EDGE('',*,*,#997,.T.);
#1380=ORIENTED_EDGE('',*,*,#841,.T.);
#1381=ORIENTED_EDGE('',*,*,#896,.F.);
#1382=ORIENTED_EDGE('',*,*,#991,.F.);
#1383=ORIENTED_EDGE('',*,*,#897,.T.);
#1384=ORIENTED_EDGE('',*,*,#839,.F.);
#1385=ORIENTED_EDGE('',*,*,#996,.F.);
#1386=ORIENTED_EDGE('',*,*,#998,.F.);
#1387=ORIENTED_EDGE('',*,*,#999,.T.);
#1388=ORIENTED_EDGE('',*,*,#995,.F.);
#1389=ORIENTED_EDGE('',*,*,#999,.F.);
#1390=ORIENTED_EDGE('',*,*,#1000,.F.);
#1391=ORIENTED_EDGE('',*,*,#998,.T.);
#1392=ORIENTED_EDGE('',*,*,#1001,.F.);
#1393=ORIENTED_EDGE('',*,*,#1002,.T.);
#1394=ORIENTED_EDGE('',*,*,#994,.F.);
#1395=ORIENTED_EDGE('',*,*,#1002,.F.);
#1396=ORIENTED_EDGE('',*,*,#1003,.F.);
#1397=ORIENTED_EDGE('',*,*,#1001,.T.);
#1398=ORIENTED_EDGE('',*,*,#1003,.T.);
#1399=ORIENTED_EDGE('',*,*,#1004,.T.);
#1400=ORIENTED_EDGE('',*,*,#872,.F.);
#1401=ORIENTED_EDGE('',*,*,#1004,.F.);
#1402=ORIENTED_EDGE('',*,*,#1000,.T.);
#1403=ORIENTED_EDGE('',*,*,#1005,.T.);
#1404=ORIENTED_EDGE('',*,*,#871,.F.);
#1405=ORIENTED_EDGE('',*,*,#1005,.F.);
#1406=ORIENTED_EDGE('',*,*,#857,.F.);
#1407=ORIENTED_EDGE('',*,*,#870,.F.);
#1408=ORIENTED_EDGE('',*,*,#867,.F.);
#1409=ORIENTED_EDGE('',*,*,#835,.F.);
#1410=ORIENTED_EDGE('',*,*,#1006,.F.);
#1411=ORIENTED_EDGE('',*,*,#1007,.T.);
#1412=ORIENTED_EDGE('',*,*,#1008,.T.);
#1413=ORIENTED_EDGE('',*,*,#1009,.F.);
#1414=ORIENTED_EDGE('',*,*,#1010,.F.);
#1415=ORIENTED_EDGE('',*,*,#1011,.F.);
#1416=ORIENTED_EDGE('',*,*,#1012,.F.);
#1417=ORIENTED_EDGE('',*,*,#1013,.T.);
#1418=ORIENTED_EDGE('',*,*,#1010,.T.);
#1419=ORIENTED_EDGE('',*,*,#1014,.T.);
#1420=ORIENTED_EDGE('',*,*,#1006,.T.);
#1421=ORIENTED_EDGE('',*,*,#1015,.F.);
#1422=ORIENTED_EDGE('',*,*,#848,.T.);
#1423=ORIENTED_EDGE('',*,*,#1016,.T.);
#1424=ORIENTED_EDGE('',*,*,#864,.T.);
#1425=ORIENTED_EDGE('',*,*,#1017,.F.);
#1426=ORIENTED_EDGE('',*,*,#869,.T.);
#1427=ORIENTED_EDGE('',*,*,#865,.F.);
#1428=ORIENTED_EDGE('',*,*,#1018,.F.);
#1429=ORIENTED_EDGE('',*,*,#1019,.T.);
#1430=ORIENTED_EDGE('',*,*,#1020,.F.);
#1431=ORIENTED_EDGE('',*,*,#1021,.T.);
#1432=ORIENTED_EDGE('',*,*,#1022,.F.);
#1433=ORIENTED_EDGE('',*,*,#1023,.T.);
#1434=ORIENTED_EDGE('',*,*,#1024,.F.);
#1435=ORIENTED_EDGE('',*,*,#847,.T.);
#1436=ORIENTED_EDGE('',*,*,#1025,.T.);
#1437=ORIENTED_EDGE('',*,*,#1026,.T.);
#1438=ORIENTED_EDGE('',*,*,#1027,.F.);
#1439=ORIENTED_EDGE('',*,*,#862,.T.);
#1440=ORIENTED_EDGE('',*,*,#933,.T.);
#1441=ORIENTED_EDGE('',*,*,#850,.F.);
#1442=ORIENTED_EDGE('',*,*,#1011,.T.);
#1443=ORIENTED_EDGE('',*,*,#1017,.T.);
#1444=ORIENTED_EDGE('',*,*,#863,.F.);
#1445=ORIENTED_EDGE('',*,*,#1027,.T.);
#1446=ORIENTED_EDGE('',*,*,#849,.F.);
#1447=ORIENTED_EDGE('',*,*,#1015,.T.);
#1448=ORIENTED_EDGE('',*,*,#1009,.T.);
#1449=ORIENTED_EDGE('',*,*,#1028,.T.);
#1450=ORIENTED_EDGE('',*,*,#1029,.F.);
#1451=ORIENTED_EDGE('',*,*,#1030,.T.);
#1452=ORIENTED_EDGE('',*,*,#1031,.F.);
#1453=ORIENTED_EDGE('',*,*,#1030,.F.);
#1454=ORIENTED_EDGE('',*,*,#1032,.F.);
#1455=ORIENTED_EDGE('',*,*,#1029,.T.);
#1456=ORIENTED_EDGE('',*,*,#1033,.F.);
#1457=ORIENTED_EDGE('',*,*,#1034,.T.);
#1458=ORIENTED_EDGE('',*,*,#1035,.F.);
#1459=ORIENTED_EDGE('',*,*,#1034,.F.);
#1460=ORIENTED_EDGE('',*,*,#1036,.F.);
#1461=ORIENTED_EDGE('',*,*,#1033,.T.);
#1462=ORIENTED_EDGE('',*,*,#1037,.F.);
#1463=ORIENTED_EDGE('',*,*,#1038,.T.);
#1464=ORIENTED_EDGE('',*,*,#1039,.F.);
#1465=ORIENTED_EDGE('',*,*,#1038,.F.);
#1466=ORIENTED_EDGE('',*,*,#1040,.F.);
#1467=ORIENTED_EDGE('',*,*,#1037,.T.);
#1468=ORIENTED_EDGE('',*,*,#1041,.F.);
#1469=ORIENTED_EDGE('',*,*,#1042,.T.);
#1470=ORIENTED_EDGE('',*,*,#1043,.F.);
#1471=ORIENTED_EDGE('',*,*,#1042,.F.);
#1472=ORIENTED_EDGE('',*,*,#1044,.F.);
#1473=ORIENTED_EDGE('',*,*,#1041,.T.);
#1474=ORIENTED_EDGE('',*,*,#1045,.F.);
#1475=ORIENTED_EDGE('',*,*,#1046,.T.);
#1476=ORIENTED_EDGE('',*,*,#1047,.F.);
#1477=ORIENTED_EDGE('',*,*,#1021,.F.);
#1478=ORIENTED_EDGE('',*,*,#1048,.F.);
#1479=ORIENTED_EDGE('',*,*,#1046,.F.);
#1480=ORIENTED_EDGE('',*,*,#1036,.T.);
#1481=ORIENTED_EDGE('',*,*,#1049,.T.);
#1482=ORIENTED_EDGE('',*,*,#1050,.F.);
#1483=ORIENTED_EDGE('',*,*,#1023,.F.);
#1484=ORIENTED_EDGE('',*,*,#1051,.F.);
#1485=ORIENTED_EDGE('',*,*,#1049,.F.);
#1486=ORIENTED_EDGE('',*,*,#1044,.T.);
#1487=ORIENTED_EDGE('',*,*,#1052,.T.);
#1488=ORIENTED_EDGE('',*,*,#1025,.F.);
#1489=ORIENTED_EDGE('',*,*,#1026,.F.);
#1490=ORIENTED_EDGE('',*,*,#1052,.F.);
#1491=ORIENTED_EDGE('',*,*,#1032,.T.);
#1492=ORIENTED_EDGE('',*,*,#1053,.T.);
#1493=ORIENTED_EDGE('',*,*,#1054,.F.);
#1494=ORIENTED_EDGE('',*,*,#1055,.F.);
#1495=ORIENTED_EDGE('',*,*,#1053,.F.);
#1496=ORIENTED_EDGE('',*,*,#1040,.T.);
#1497=ORIENTED_EDGE('',*,*,#1056,.T.);
#1498=ORIENTED_EDGE('',*,*,#1057,.F.);
#1499=ORIENTED_EDGE('',*,*,#1019,.F.);
#1500=ORIENTED_EDGE('',*,*,#1058,.F.);
#1501=ORIENTED_EDGE('',*,*,#1056,.F.);
#1502=ORIENTED_EDGE('',*,*,#1012,.T.);
#1503=ORIENTED_EDGE('',*,*,#1028,.F.);
#1504=ORIENTED_EDGE('',*,*,#1008,.F.);
#1505=ORIENTED_EDGE('',*,*,#1059,.T.);
#1506=ORIENTED_EDGE('',*,*,#1059,.F.);
#1507=ORIENTED_EDGE('',*,*,#1007,.F.);
#1508=ORIENTED_EDGE('',*,*,#1014,.F.);
#1509=ORIENTED_EDGE('',*,*,#1013,.F.);
#1510=ORIENTED_EDGE('',*,*,#1031,.T.);
#1511=ORIENTED_EDGE('',*,*,#1035,.T.);
#1512=ORIENTED_EDGE('',*,*,#1039,.T.);
#1513=ORIENTED_EDGE('',*,*,#1043,.T.);
#1514=ORIENTED_EDGE('',*,*,#1045,.T.);
#1515=ORIENTED_EDGE('',*,*,#1047,.T.);
#1516=ORIENTED_EDGE('',*,*,#1048,.T.);
#1517=ORIENTED_EDGE('',*,*,#1020,.T.);
#1518=ORIENTED_EDGE('',*,*,#1057,.T.);
#1519=ORIENTED_EDGE('',*,*,#1058,.T.);
#1520=ORIENTED_EDGE('',*,*,#1018,.T.);
#1521=ORIENTED_EDGE('',*,*,#1016,.F.);
#1522=ORIENTED_EDGE('',*,*,#1024,.T.);
#1523=ORIENTED_EDGE('',*,*,#1050,.T.);
#1524=ORIENTED_EDGE('',*,*,#1051,.T.);
#1525=ORIENTED_EDGE('',*,*,#1022,.T.);
#1526=ORIENTED_EDGE('',*,*,#1054,.T.);
#1527=ORIENTED_EDGE('',*,*,#1055,.T.);
#1528=CYLINDRICAL_SURFACE('',#1671,1.6);
#1529=CYLINDRICAL_SURFACE('',#1679,1.6);
#1530=CYLINDRICAL_SURFACE('',#1682,1.6);
#1531=CYLINDRICAL_SURFACE('',#1685,1.6);
#1532=CYLINDRICAL_SURFACE('',#1692,2.5);
#1533=CYLINDRICAL_SURFACE('',#1698,2.5);
#1534=CYLINDRICAL_SURFACE('',#1703,1.09999999999999);
#1535=CYLINDRICAL_SURFACE('',#1708,1.09999999999999);
#1536=CYLINDRICAL_SURFACE('',#1713,2.);
#1537=CYLINDRICAL_SURFACE('',#1715,2.);
#1538=CYLINDRICAL_SURFACE('',#1721,10.);
#1539=CYLINDRICAL_SURFACE('',#1726,20.1555655286967);
#1540=CYLINDRICAL_SURFACE('',#1734,1.1);
#1541=CYLINDRICAL_SURFACE('',#1739,1.1);
#1542=CYLINDRICAL_SURFACE('',#1744,1.1);
#1543=CYLINDRICAL_SURFACE('',#1749,1.1);
#1544=CYLINDRICAL_SURFACE('',#1754,2.99999999999999);
#1545=CYLINDRICAL_SURFACE('',#1758,2.);
#1546=CYLINDRICAL_SURFACE('',#1759,2.);
#1547=CYLINDRICAL_SURFACE('',#1760,2.);
#1548=CYLINDRICAL_SURFACE('',#1761,2.);
#1549=CYLINDRICAL_SURFACE('',#1762,8.1);
#1550=CYLINDRICAL_SURFACE('',#1768,2.5);
#1551=CYLINDRICAL_SURFACE('',#1774,2.5);
#1552=CYLINDRICAL_SURFACE('',#1786,1.09999999999999);
#1553=CYLINDRICAL_SURFACE('',#1790,1.09999999999999);
#1554=CYLINDRICAL_SURFACE('',#1794,2.);
#1555=CYLINDRICAL_SURFACE('',#1795,2.);
#1556=CYLINDRICAL_SURFACE('',#1799,10.);
#1557=CYLINDRICAL_SURFACE('',#1804,20.1555655286967);
#1558=CYLINDRICAL_SURFACE('',#1809,14.);
#1559=CYLINDRICAL_SURFACE('',#1813,1.1);
#1560=CYLINDRICAL_SURFACE('',#1818,1.1);
#1561=CYLINDRICAL_SURFACE('',#1823,1.1);
#1562=CYLINDRICAL_SURFACE('',#1828,1.1);
#1563=CYLINDRICAL_SURFACE('',#1833,2.99999999999999);
#1564=CYLINDRICAL_SURFACE('',#1837,2.);
#1565=CYLINDRICAL_SURFACE('',#1838,2.);
#1566=CYLINDRICAL_SURFACE('',#1839,2.);
#1567=CYLINDRICAL_SURFACE('',#1840,2.);
#1568=CYLINDRICAL_SURFACE('',#1841,8.1);
#1569=ADVANCED_FACE('',(#120),#1528,.T.);
#1570=ADVANCED_FACE('',(#121),#75,.F.);
#1571=ADVANCED_FACE('',(#122,#39),#76,.T.);
#1572=ADVANCED_FACE('',(#123),#1529,.T.);
#1573=ADVANCED_FACE('',(#124),#77,.T.);
#1574=ADVANCED_FACE('',(#125),#1530,.T.);
#1575=ADVANCED_FACE('',(#126),#78,.T.);
#1576=ADVANCED_FACE('',(#127),#1531,.T.);
#1577=ADVANCED_FACE('',(#128,#40,#41),#79,.T.);
#1578=ADVANCED_FACE('',(#129),#80,.T.);
#1579=ADVANCED_FACE('',(#130),#1532,.T.);
#1580=ADVANCED_FACE('',(#131),#81,.T.);
#1581=ADVANCED_FACE('',(#132),#82,.T.);
#1582=ADVANCED_FACE('',(#133),#83,.T.);
#1583=ADVANCED_FACE('',(#134),#1533,.T.);
#1584=ADVANCED_FACE('',(#135),#84,.T.);
#1585=ADVANCED_FACE('',(#136),#85,.F.);
#1586=ADVANCED_FACE('',(#137),#1534,.F.);
#1587=ADVANCED_FACE('',(#138,#42),#86,.T.);
#1588=ADVANCED_FACE('',(#139),#1535,.F.);
#1589=ADVANCED_FACE('',(#140,#43),#87,.T.);
#1590=ADVANCED_FACE('',(#141),#1536,.F.);
#1591=ADVANCED_FACE('',(#142),#1537,.F.);
#1592=ADVANCED_FACE('',(#143,#44,#45),#88,.F.);
#1593=ADVANCED_FACE('',(#144),#89,.T.);
#1594=ADVANCED_FACE('',(#145),#90,.T.);
#1595=ADVANCED_FACE('',(#146),#1538,.T.);
#1596=ADVANCED_FACE('',(#147,#46),#1539,.T.);
#1597=ADVANCED_FACE('',(#148),#91,.F.);
#1598=ADVANCED_FACE('',(#149),#1540,.F.);
#1599=ADVANCED_FACE('',(#150,#47),#92,.T.);
#1600=ADVANCED_FACE('',(#151),#1541,.F.);
#1601=ADVANCED_FACE('',(#152,#48),#93,.T.);
#1602=ADVANCED_FACE('',(#153),#1542,.F.);
#1603=ADVANCED_FACE('',(#154,#49),#94,.T.);
#1604=ADVANCED_FACE('',(#155),#1543,.F.);
#1605=ADVANCED_FACE('',(#156,#50),#95,.T.);
#1606=ADVANCED_FACE('',(#157),#1544,.F.);
#1607=ADVANCED_FACE('',(#158),#1545,.F.);
#1608=ADVANCED_FACE('',(#159),#1546,.F.);
#1609=ADVANCED_FACE('',(#160),#1547,.F.);
#1610=ADVANCED_FACE('',(#161),#1548,.F.);
#1611=ADVANCED_FACE('',(#162),#1549,.F.);
#1612=ADVANCED_FACE('',(#163,#51,#52,#53,#54,#55),#96,.F.);
#1613=ADVANCED_FACE('',(#164,#56),#15,.T.);
#1614=ADVANCED_FACE('',(#165),#97,.F.);
#1615=ADVANCED_FACE('',(#166),#98,.F.);
#1616=ADVANCED_FACE('',(#167),#1550,.T.);
#1617=ADVANCED_FACE('',(#168),#99,.F.);
#1618=ADVANCED_FACE('',(#169),#100,.F.);
#1619=ADVANCED_FACE('',(#170),#101,.F.);
#1620=ADVANCED_FACE('',(#171),#1551,.T.);
#1621=ADVANCED_FACE('',(#172),#102,.F.);
#1622=ADVANCED_FACE('',(#173),#103,.F.);
#1623=ADVANCED_FACE('',(#174),#104,.T.);
#1624=ADVANCED_FACE('',(#175,#57,#58,#59,#60,#61),#105,.T.);
#1625=ADVANCED_FACE('',(#176),#106,.T.);
#1626=ADVANCED_FACE('',(#177),#107,.T.);
#1627=ADVANCED_FACE('',(#178),#108,.T.);
#1628=ADVANCED_FACE('',(#179),#1552,.F.);
#1629=ADVANCED_FACE('',(#180,#62),#109,.F.);
#1630=ADVANCED_FACE('',(#181),#1553,.F.);
#1631=ADVANCED_FACE('',(#182,#63),#110,.F.);
#1632=ADVANCED_FACE('',(#183),#1554,.F.);
#1633=ADVANCED_FACE('',(#184),#1555,.F.);
#1634=ADVANCED_FACE('',(#185),#111,.T.);
#1635=ADVANCED_FACE('',(#186),#112,.F.);
#1636=ADVANCED_FACE('',(#187),#113,.F.);
#1637=ADVANCED_FACE('',(#188),#1556,.T.);
#1638=ADVANCED_FACE('',(#189,#64),#1557,.T.);
#1639=ADVANCED_FACE('',(#190),#1558,.F.);
#1640=ADVANCED_FACE('',(#191),#114,.T.);
#1641=ADVANCED_FACE('',(#192),#1559,.F.);
#1642=ADVANCED_FACE('',(#193,#65),#115,.F.);
#1643=ADVANCED_FACE('',(#194),#1560,.F.);
#1644=ADVANCED_FACE('',(#195,#66),#116,.F.);
#1645=ADVANCED_FACE('',(#196),#1561,.F.);
#1646=ADVANCED_FACE('',(#197,#67),#117,.F.);
#1647=ADVANCED_FACE('',(#198),#1562,.F.);
#1648=ADVANCED_FACE('',(#199,#68),#118,.F.);
#1649=ADVANCED_FACE('',(#200),#1563,.F.);
#1650=ADVANCED_FACE('',(#201),#1564,.F.);
#1651=ADVANCED_FACE('',(#202),#1565,.F.);
#1652=ADVANCED_FACE('',(#203),#1566,.F.);
#1653=ADVANCED_FACE('',(#204),#1567,.F.);
#1654=ADVANCED_FACE('',(#205),#1568,.F.);
#1655=ADVANCED_FACE('',(#206,#69,#70,#71,#72,#73),#119,.T.);
#1656=ADVANCED_FACE('',(#207,#74),#16,.T.);
#1657=CLOSED_SHELL('',(#1569,#1570,#1571,#1572,#1573,#1574,#1575,#1576,
#1577,#1578,#1579,#1580,#1581,#1582,#1583,#1584,#1585,#1586,#1587,#1588,
#1589,#1590,#1591,#1592,#1593,#1594,#1595,#1596,#1597,#1598,#1599,#1600,
#1601,#1602,#1603,#1604,#1605,#1606,#1607,#1608,#1609,#1610,#1611,#1612,
#1613,#1614,#1615,#1616,#1617,#1618,#1619,#1620,#1621,#1622,#1623,#1624,
#1625,#1626,#1627,#1628,#1629,#1630,#1631,#1632,#1633,#1634,#1635,#1636,
#1637,#1638,#1639,#1640,#1641,#1642,#1643,#1644,#1645,#1646,#1647,#1648,
#1649,#1650,#1651,#1652,#1653,#1654,#1655,#1656));
#1658=DERIVED_UNIT_ELEMENT(#1660,1.);
#1659=DERIVED_UNIT_ELEMENT(#3115,-3.);
#1660=(
MASS_UNIT()
NAMED_UNIT(*)
SI_UNIT(.KILO.,.GRAM.)
);
#1661=DERIVED_UNIT((#1658,#1659));
#1662=MEASURE_REPRESENTATION_ITEM('density measure',
POSITIVE_RATIO_MEASURE(7850.),#1661);
#1663=PROPERTY_DEFINITION_REPRESENTATION(#1668,#1665);
#1664=PROPERTY_DEFINITION_REPRESENTATION(#1669,#1666);
#1665=REPRESENTATION('material name',(#1667),#3112);
#1666=REPRESENTATION('density',(#1662),#3112);
#1667=DESCRIPTIVE_REPRESENTATION_ITEM('\X2\92FC\X0\','\X2\92FC\X0\');
#1668=PROPERTY_DEFINITION('material property','material name',#3122);
#1669=PROPERTY_DEFINITION('material property','density of part',#3122);
#1670=AXIS2_PLACEMENT_3D('',#2321,#1845,#1846);
#1671=AXIS2_PLACEMENT_3D('',#2322,#1847,#1848);
#1672=AXIS2_PLACEMENT_3D('',#2325,#1849,#1850);
#1673=AXIS2_PLACEMENT_3D('',#2329,#1852,#1853);
#1674=AXIS2_PLACEMENT_3D('',#2331,#1855,#1856);
#1675=AXIS2_PLACEMENT_3D('',#2337,#1860,#1861);
#1676=AXIS2_PLACEMENT_3D('',#2341,#1863,#1864);
#1677=AXIS2_PLACEMENT_3D('',#2345,#1866,#1867);
#1678=AXIS2_PLACEMENT_3D('',#2348,#1869,#1870);
#1679=AXIS2_PLACEMENT_3D('',#2357,#1875,#1876);
#1680=AXIS2_PLACEMENT_3D('',#2360,#1878,#1879);
#1681=AXIS2_PLACEMENT_3D('',#2361,#1880,#1881);
#1682=AXIS2_PLACEMENT_3D('',#2381,#1892,#1893);
#1683=AXIS2_PLACEMENT_3D('',#2385,#1895,#1896);
#1684=AXIS2_PLACEMENT_3D('',#2387,#1898,#1899);
#1685=AXIS2_PLACEMENT_3D('',#2405,#1909,#1910);
#1686=AXIS2_PLACEMENT_3D('',#2408,#1912,#1913);
#1687=AXIS2_PLACEMENT_3D('',#2409,#1914,#1915);
#1688=AXIS2_PLACEMENT_3D('',#2410,#1916,#1917);
#1689=AXIS2_PLACEMENT_3D('',#2413,#1919,#1920);
#1690=AXIS2_PLACEMENT_3D('',#2415,#1921,#1922);
#1691=AXIS2_PLACEMENT_3D('',#2416,#1923,#1924);
#1692=AXIS2_PLACEMENT_3D('',#2425,#1929,#1930);
#1693=AXIS2_PLACEMENT_3D('',#2427,#1931,#1932);
#1694=AXIS2_PLACEMENT_3D('',#2429,#1933,#1934);
#1695=AXIS2_PLACEMENT_3D('',#2431,#1936,#1937);
#1696=AXIS2_PLACEMENT_3D('',#2437,#1941,#1942);
#1697=AXIS2_PLACEMENT_3D('',#2443,#1946,#1947);
#1698=AXIS2_PLACEMENT_3D('',#2449,#1951,#1952);
#1699=AXIS2_PLACEMENT_3D('',#2451,#1953,#1954);
#1700=AXIS2_PLACEMENT_3D('',#2453,#1955,#1956);
#1701=AXIS2_PLACEMENT_3D('',#2455,#1958,#1959);
#1702=AXIS2_PLACEMENT_3D('',#2461,#1963,#1964);
#1703=AXIS2_PLACEMENT_3D('',#2467,#1968,#1969);
#1704=AXIS2_PLACEMENT_3D('',#2469,#1970,#1971);
#1705=AXIS2_PLACEMENT_3D('',#2472,#1973,#1974);
#1706=AXIS2_PLACEMENT_3D('',#2473,#1975,#1976);
#1707=AXIS2_PLACEMENT_3D('',#2475,#1977,#1978);
#1708=AXIS2_PLACEMENT_3D('',#2476,#1979,#1980);
#1709=AXIS2_PLACEMENT_3D('',#2478,#1981,#1982);
#1710=AXIS2_PLACEMENT_3D('',#2481,#1984,#1985);
#1711=AXIS2_PLACEMENT_3D('',#2482,#1986,#1987);
#1712=AXIS2_PLACEMENT_3D('',#2484,#1988,#1989);
#1713=AXIS2_PLACEMENT_3D('',#2485,#1990,#1991);
#1714=AXIS2_PLACEMENT_3D('',#2488,#1993,#1994);
#1715=AXIS2_PLACEMENT_3D('',#2489,#1995,#1996);
#1716=AXIS2_PLACEMENT_3D('',#2492,#1998,#1999);
#1717=AXIS2_PLACEMENT_3D('',#2493,#2000,#2001);
#1718=AXIS2_PLACEMENT_3D('',#2494,#2002,#2003);
#1719=AXIS2_PLACEMENT_3D('',#2495,#2004,#2005);
#1720=AXIS2_PLACEMENT_3D('',#2504,#2010,#2011);
#1721=AXIS2_PLACEMENT_3D('',#2513,#2016,#2017);
#1722=AXIS2_PLACEMENT_3D('',#2514,#2018,#2019);
#1723=AXIS2_PLACEMENT_3D('',#2515,#2020,#2021);
#1724=AXIS2_PLACEMENT_3D('',#2516,#2022,#2023);
#1725=AXIS2_PLACEMENT_3D('',#2517,#2024,#2025);
#1726=AXIS2_PLACEMENT_3D('',#2518,#2026,#2027);
#1727=AXIS2_PLACEMENT_3D('',#2520,#2028,#2029);
#1728=AXIS2_PLACEMENT_3D('',#2541,#2030,#2031);
#1729=AXIS2_PLACEMENT_3D('',#2562,#2032,#2033);
#1730=AXIS2_PLACEMENT_3D('',#2582,#2034,#2035);
#1731=AXIS2_PLACEMENT_3D('',#2621,#2036,#2037);
#1732=AXIS2_PLACEMENT_3D('',#2622,#2038,#2039);
#1733=AXIS2_PLACEMENT_3D('',#2623,#2040,#2041);
#1734=AXIS2_PLACEMENT_3D('',#2624,#2042,#2043);
#1735=AXIS2_PLACEMENT_3D('',#2626,#2044,#2045);
#1736=AXIS2_PLACEMENT_3D('',#2629,#2047,#2048);
#1737=AXIS2_PLACEMENT_3D('',#2630,#2049,#2050);
#1738=AXIS2_PLACEMENT_3D('',#2632,#2051,#2052);
#1739=AXIS2_PLACEMENT_3D('',#2633,#2053,#2054);
#1740=AXIS2_PLACEMENT_3D('',#2635,#2055,#2056);
#1741=AXIS2_PLACEMENT_3D('',#2638,#2058,#2059);
#1742=AXIS2_PLACEMENT_3D('',#2639,#2060,#2061);
#1743=AXIS2_PLACEMENT_3D('',#2641,#2062,#2063);
#1744=AXIS2_PLACEMENT_3D('',#2642,#2064,#2065);
#1745=AXIS2_PLACEMENT_3D('',#2644,#2066,#2067);
#1746=AXIS2_PLACEMENT_3D('',#2647,#2069,#2070);
#1747=AXIS2_PLACEMENT_3D('',#2648,#2071,#2072);
#1748=AXIS2_PLACEMENT_3D('',#2650,#2073,#2074);
#1749=AXIS2_PLACEMENT_3D('',#2651,#2075,#2076);
#1750=AXIS2_PLACEMENT_3D('',#2653,#2077,#2078);
#1751=AXIS2_PLACEMENT_3D('',#2656,#2080,#2081);
#1752=AXIS2_PLACEMENT_3D('',#2657,#2082,#2083);
#1753=AXIS2_PLACEMENT_3D('',#2659,#2084,#2085);
#1754=AXIS2_PLACEMENT_3D('',#2660,#2086,#2087);
#1755=AXIS2_PLACEMENT_3D('',#2662,#2088,#2089);
#1756=AXIS2_PLACEMENT_3D('',#2665,#2091,#2092);
#1757=AXIS2_PLACEMENT_3D('',#2666,#2093,#2094);
#1758=AXIS2_PLACEMENT_3D('',#2667,#2095,#2096);
#1759=AXIS2_PLACEMENT_3D('',#2690,#2098,#2099);
#1760=AXIS2_PLACEMENT_3D('',#2692,#2101,#2102);
#1761=AXIS2_PLACEMENT_3D('',#2732,#2104,#2105);
#1762=AXIS2_PLACEMENT_3D('',#2755,#2107,#2108);
#1763=AXIS2_PLACEMENT_3D('',#2756,#2109,#2110);
#1764=AXIS2_PLACEMENT_3D('',#2757,#2111,#2112);
#1765=AXIS2_PLACEMENT_3D('',#2758,#2113,#2114);
#1766=AXIS2_PLACEMENT_3D('',#2759,#2115,#2116);
#1767=AXIS2_PLACEMENT_3D('',#2765,#2120,#2121);
#1768=AXIS2_PLACEMENT_3D('',#2771,#2125,#2126);
#1769=AXIS2_PLACEMENT_3D('',#2773,#2127,#2128);
#1770=AXIS2_PLACEMENT_3D('',#2776,#2130,#2131);
#1771=AXIS2_PLACEMENT_3D('',#2777,#2132,#2133);
#1772=AXIS2_PLACEMENT_3D('',#2783,#2137,#2138);
#1773=AXIS2_PLACEMENT_3D('',#2789,#2142,#2143);
#1774=AXIS2_PLACEMENT_3D('',#2795,#2147,#2148);
#1775=AXIS2_PLACEMENT_3D('',#2797,#2149,#2150);
#1776=AXIS2_PLACEMENT_3D('',#2800,#2152,#2153);
#1777=AXIS2_PLACEMENT_3D('',#2801,#2154,#2155);
#1778=AXIS2_PLACEMENT_3D('',#2807,#2159,#2160);
#1779=AXIS2_PLACEMENT_3D('',#2810,#2163,#2164);
#1780=AXIS2_PLACEMENT_3D('',#2811,#2165,#2166);
#1781=AXIS2_PLACEMENT_3D('',#2818,#2170,#2171);
#1782=AXIS2_PLACEMENT_3D('',#2820,#2172,#2173);
#1783=AXIS2_PLACEMENT_3D('',#2821,#2174,#2175);
#1784=AXIS2_PLACEMENT_3D('',#2824,#2178,#2179);
#1785=AXIS2_PLACEMENT_3D('',#2825,#2180,#2181);
#1786=AXIS2_PLACEMENT_3D('',#2826,#2182,#2183);
#1787=AXIS2_PLACEMENT_3D('',#2828,#2184,#2185);
#1788=AXIS2_PLACEMENT_3D('',#2830,#2187,#2188);
#1789=AXIS2_PLACEMENT_3D('',#2832,#2189,#2190);
#1790=AXIS2_PLACEMENT_3D('',#2833,#2191,#2192);
#1791=AXIS2_PLACEMENT_3D('',#2835,#2193,#2194);
#1792=AXIS2_PLACEMENT_3D('',#2837,#2196,#2197);
#1793=AXIS2_PLACEMENT_3D('',#2839,#2198,#2199);
#1794=AXIS2_PLACEMENT_3D('',#2840,#2200,#2201);
#1795=AXIS2_PLACEMENT_3D('',#2842,#2203,#2204);
#1796=AXIS2_PLACEMENT_3D('',#2844,#2206,#2207);
#1797=AXIS2_PLACEMENT_3D('',#2845,#2208,#2209);
#1798=AXIS2_PLACEMENT_3D('',#2854,#2214,#2215);
#1799=AXIS2_PLACEMENT_3D('',#2863,#2220,#2221);
#1800=AXIS2_PLACEMENT_3D('',#2864,#2222,#2223);
#1801=AXIS2_PLACEMENT_3D('',#2865,#2224,#2225);
#1802=AXIS2_PLACEMENT_3D('',#2866,#2226,#2227);
#1803=AXIS2_PLACEMENT_3D('',#2867,#2228,#2229);
#1804=AXIS2_PLACEMENT_3D('',#2868,#2230,#2231);
#1805=AXIS2_PLACEMENT_3D('',#2870,#2232,#2233);
#1806=AXIS2_PLACEMENT_3D('',#2891,#2234,#2235);
#1807=AXIS2_PLACEMENT_3D('',#2912,#2236,#2237);
#1808=AXIS2_PLACEMENT_3D('',#2932,#2238,#2239);
#1809=AXIS2_PLACEMENT_3D('',#2971,#2240,#2241);
#1810=AXIS2_PLACEMENT_3D('',#2972,#2242,#2243);
#1811=AXIS2_PLACEMENT_3D('',#2973,#2244,#2245);
#1812=AXIS2_PLACEMENT_3D('',#2974,#2246,#2247);
#1813=AXIS2_PLACEMENT_3D('',#2975,#2248,#2249);
#1814=AXIS2_PLACEMENT_3D('',#2977,#2250,#2251);
#1815=AXIS2_PLACEMENT_3D('',#2980,#2253,#2254);
#1816=AXIS2_PLACEMENT_3D('',#2981,#2255,#2256);
#1817=AXIS2_PLACEMENT_3D('',#2983,#2257,#2258);
#1818=AXIS2_PLACEMENT_3D('',#2984,#2259,#2260);
#1819=AXIS2_PLACEMENT_3D('',#2986,#2261,#2262);
#1820=AXIS2_PLACEMENT_3D('',#2989,#2264,#2265);
#1821=AXIS2_PLACEMENT_3D('',#2990,#2266,#2267);
#1822=AXIS2_PLACEMENT_3D('',#2992,#2268,#2269);
#1823=AXIS2_PLACEMENT_3D('',#2993,#2270,#2271);
#1824=AXIS2_PLACEMENT_3D('',#2995,#2272,#2273);
#1825=AXIS2_PLACEMENT_3D('',#2998,#2275,#2276);
#1826=AXIS2_PLACEMENT_3D('',#2999,#2277,#2278);
#1827=AXIS2_PLACEMENT_3D('',#3001,#2279,#2280);
#1828=AXIS2_PLACEMENT_3D('',#3002,#2281,#2282);
#1829=AXIS2_PLACEMENT_3D('',#3004,#2283,#2284);
#1830=AXIS2_PLACEMENT_3D('',#3007,#2286,#2287);
#1831=AXIS2_PLACEMENT_3D('',#3008,#2288,#2289);
#1832=AXIS2_PLACEMENT_3D('',#3010,#2290,#2291);
#1833=AXIS2_PLACEMENT_3D('',#3011,#2292,#2293);
#1834=AXIS2_PLACEMENT_3D('',#3013,#2294,#2295);
#1835=AXIS2_PLACEMENT_3D('',#3016,#2297,#2298);
#1836=AXIS2_PLACEMENT_3D('',#3017,#2299,#2300);
#1837=AXIS2_PLACEMENT_3D('',#3018,#2301,#2302);
#1838=AXIS2_PLACEMENT_3D('',#3041,#2304,#2305);
#1839=AXIS2_PLACEMENT_3D('',#3043,#2307,#2308);
#1840=AXIS2_PLACEMENT_3D('',#3083,#2310,#2311);
#1841=AXIS2_PLACEMENT_3D('',#3106,#2313,#2314);
#1842=AXIS2_PLACEMENT_3D('',#3107,#2315,#2316);
#1843=AXIS2_PLACEMENT_3D('',#3108,#2317,#2318);
#1844=AXIS2_PLACEMENT_3D('',#3109,#2319,#2320);
#1845=DIRECTION('axis',(0.,0.,1.));
#1846=DIRECTION('refdir',(1.,0.,0.));
#1847=DIRECTION('center_axis',(1.,0.,0.));
#1848=DIRECTION('ref_axis',(0.,-0.707106781186548,-0.707106781186548));
#1849=DIRECTION('center_axis',(-1.,0.,0.));
#1850=DIRECTION('ref_axis',(0.,-0.707106781186548,-0.707106781186548));
#1851=DIRECTION('',(-1.,0.,0.));
#1852=DIRECTION('center_axis',(0.985316860883185,0.170735712899516,0.));
#1853=DIRECTION('ref_axis',(0.170735712899516,-0.985316860883185,0.));
#1854=DIRECTION('',(1.,0.,0.));
#1855=DIRECTION('center_axis',(0.,1.,0.));
#1856=DIRECTION('ref_axis',(1.,0.,0.));
#1857=DIRECTION('',(0.,0.,1.));
#1858=DIRECTION('',(1.,0.,0.));
#1859=DIRECTION('',(0.,0.,-1.));
#1860=DIRECTION('center_axis',(1.,0.,0.));
#1861=DIRECTION('ref_axis',(0.,0.,-1.));
#1862=DIRECTION('',(0.,-1.,0.));
#1863=DIRECTION('center_axis',(-1.,0.,0.));
#1864=DIRECTION('ref_axis',(0.,0.707106781186548,-0.707106781186548));
#1865=DIRECTION('',(0.,0.,1.));
#1866=DIRECTION('center_axis',(-1.,0.,0.));
#1867=DIRECTION('ref_axis',(0.,0.707106781186548,0.707106781186548));
#1868=DIRECTION('',(0.,-1.,0.));
#1869=DIRECTION('center_axis',(-1.,0.,0.));
#1870=DIRECTION('ref_axis',(0.,-0.707106781186548,0.707106781186548));
#1871=DIRECTION('',(0.,-1.,0.));
#1872=DIRECTION('',(0.,0.,-1.));
#1873=DIRECTION('',(0.,-1.,0.));
#1874=DIRECTION('',(0.,0.,-1.));
#1875=DIRECTION('center_axis',(1.,0.,0.));
#1876=DIRECTION('ref_axis',(0.,-0.707106781186548,0.707106781186548));
#1877=DIRECTION('',(-1.,0.,0.));
#1878=DIRECTION('center_axis',(0.985316860883185,0.170735712899516,0.));
#1879=DIRECTION('ref_axis',(0.170735712899516,-0.985316860883185,0.));
#1880=DIRECTION('center_axis',(0.,0.,1.));
#1881=DIRECTION('ref_axis',(0.,1.,0.));
#1882=DIRECTION('',(1.,0.,0.));
#1883=DIRECTION('',(0.170735712899516,0.985316860883185,0.));
#1884=DIRECTION('',(1.,0.,0.));
#1885=DIRECTION('',(0.,1.,0.));
#1886=DIRECTION('',(1.,0.,0.));
#1887=DIRECTION('',(0.,-1.,0.));
#1888=DIRECTION('',(1.,0.,0.));
#1889=DIRECTION('',(0.,-1.,0.));
#1890=DIRECTION('',(1.,0.,0.));
#1891=DIRECTION('',(0.170735712899516,-0.985316860883185,0.));
#1892=DIRECTION('center_axis',(1.,0.,0.));
#1893=DIRECTION('ref_axis',(0.,0.707106781186548,-0.707106781186548));
#1894=DIRECTION('',(-1.,0.,0.));
#1895=DIRECTION('center_axis',(0.985316860883185,-0.170735712899516,0.));
#1896=DIRECTION('ref_axis',(0.170735712899516,0.985316860883185,0.));
#1897=DIRECTION('',(1.,0.,0.));
#1898=DIRECTION('center_axis',(0.,0.,-1.));
#1899=DIRECTION('ref_axis',(0.,-1.,0.));
#1900=DIRECTION('',(-0.170735712899516,0.985316860883185,0.));
#1901=DIRECTION('',(1.,0.,0.));
#1902=DIRECTION('',(0.,1.,0.));
#1903=DIRECTION('',(-1.,0.,0.));
#1904=DIRECTION('',(0.,-1.,0.));
#1905=DIRECTION('',(-1.,0.,0.));
#1906=DIRECTION('',(0.,-1.,0.));
#1907=DIRECTION('',(1.,0.,0.));
#1908=DIRECTION('',(-0.170735712899516,-0.985316860883185,0.));
#1909=DIRECTION('center_axis',(1.,0.,0.));
#1910=DIRECTION('ref_axis',(0.,0.707106781186548,0.707106781186548));
#1911=DIRECTION('',(-1.,0.,0.));
#1912=DIRECTION('center_axis',(0.985316860883185,-0.170735712899516,0.));
#1913=DIRECTION('ref_axis',(0.170735712899516,0.985316860883185,0.));
#1914=DIRECTION('center_axis',(-0.985316860883185,0.170735712899516,0.));
#1915=DIRECTION('ref_axis',(0.170735712899516,0.985316860883185,0.));
#1916=DIRECTION('center_axis',(-0.985316860883185,0.170735712899516,0.));
#1917=DIRECTION('ref_axis',(0.170735712899516,0.985316860883185,-2.76796970351773E-15));
#1918=DIRECTION('',(0.,0.,-1.));
#1919=DIRECTION('center_axis',(0.985316860883185,-0.170735712899516,0.));
#1920=DIRECTION('ref_axis',(0.170735712899516,0.985316860883185,0.));
#1921=DIRECTION('center_axis',(0.985316860883185,-0.170735712899516,0.));
#1922=DIRECTION('ref_axis',(0.170735712899516,0.985316860883185,0.));
#1923=DIRECTION('center_axis',(0.,1.,0.));
#1924=DIRECTION('ref_axis',(0.,0.,-1.));
#1925=DIRECTION('',(0.,0.,-1.));
#1926=DIRECTION('',(-1.,0.,0.));
#1927=DIRECTION('',(0.,0.,-1.));
#1928=DIRECTION('',(-1.,0.,0.));
#1929=DIRECTION('center_axis',(1.,0.,0.));
#1930=DIRECTION('ref_axis',(0.,0.,1.));
#1931=DIRECTION('center_axis',(-1.,0.,0.));
#1932=DIRECTION('ref_axis',(0.,0.,1.));
#1933=DIRECTION('center_axis',(-1.,0.,0.));
#1934=DIRECTION('ref_axis',(0.,0.,1.));
#1935=DIRECTION('',(-1.,0.,0.));
#1936=DIRECTION('center_axis',(0.,0.,1.));
#1937=DIRECTION('ref_axis',(0.,1.,0.));
#1938=DIRECTION('',(0.,1.,0.));
#1939=DIRECTION('',(0.,1.,0.));
#1940=DIRECTION('',(-1.,0.,0.));
#1941=DIRECTION('center_axis',(0.,1.,0.));
#1942=DIRECTION('ref_axis',(0.,0.,-1.));
#1943=DIRECTION('',(0.,0.,-1.));
#1944=DIRECTION('',(0.,0.,-1.));
#1945=DIRECTION('',(-1.,0.,0.));
#1946=DIRECTION('center_axis',(0.,0.,-1.));
#1947=DIRECTION('ref_axis',(0.,-1.,0.));
#1948=DIRECTION('',(0.,-1.,0.));
#1949=DIRECTION('',(0.,-1.,0.));
#1950=DIRECTION('',(-1.,0.,0.));
#1951=DIRECTION('center_axis',(1.,0.,0.));
#1952=DIRECTION('ref_axis',(0.,1.,0.));
#1953=DIRECTION('center_axis',(-1.,0.,0.));
#1954=DIRECTION('ref_axis',(0.,1.,0.));
#1955=DIRECTION('center_axis',(-1.,0.,0.));
#1956=DIRECTION('ref_axis',(0.,1.,0.));
#1957=DIRECTION('',(-1.,0.,0.));
#1958=DIRECTION('center_axis',(0.,1.,0.));
#1959=DIRECTION('ref_axis',(0.,0.,-1.));
#1960=DIRECTION('',(0.,0.,-1.));
#1961=DIRECTION('',(0.,0.,-1.));
#1962=DIRECTION('',(-1.,0.,0.));
#1963=DIRECTION('center_axis',(0.,-1.,0.));
#1964=DIRECTION('ref_axis',(0.,0.,-1.));
#1965=DIRECTION('',(0.,0.,1.));
#1966=DIRECTION('',(1.,0.,0.));
#1967=DIRECTION('',(1.,0.,0.));
#1968=DIRECTION('center_axis',(1.,0.,0.));
#1969=DIRECTION('ref_axis',(0.,-1.,0.));
#1970=DIRECTION('center_axis',(-1.,0.,0.));
#1971=DIRECTION('ref_axis',(0.,-1.,0.));
#1972=DIRECTION('',(1.,0.,0.));
#1973=DIRECTION('center_axis',(1.,0.,0.));
#1974=DIRECTION('ref_axis',(0.,-1.,0.));
#1975=DIRECTION('center_axis',(-1.,0.,0.));
#1976=DIRECTION('ref_axis',(0.,-1.,0.));
#1977=DIRECTION('center_axis',(-1.,0.,0.));
#1978=DIRECTION('ref_axis',(0.,-1.,0.));
#1979=DIRECTION('center_axis',(1.,0.,0.));
#1980=DIRECTION('ref_axis',(0.,-1.,0.));
#1981=DIRECTION('center_axis',(-1.,0.,0.));
#1982=DIRECTION('ref_axis',(0.,-1.,0.));
#1983=DIRECTION('',(1.,0.,0.));
#1984=DIRECTION('center_axis',(1.,0.,0.));
#1985=DIRECTION('ref_axis',(0.,-1.,0.));
#1986=DIRECTION('center_axis',(-1.,0.,0.));
#1987=DIRECTION('ref_axis',(0.,-1.,0.));
#1988=DIRECTION('center_axis',(-1.,0.,0.));
#1989=DIRECTION('ref_axis',(0.,-1.,0.));
#1990=DIRECTION('center_axis',(1.,0.,0.));
#1991=DIRECTION('ref_axis',(0.,-1.,0.));
#1992=DIRECTION('',(-1.,0.,0.));
#1993=DIRECTION('center_axis',(-0.985316860883185,-0.170735712899516,0.));
#1994=DIRECTION('ref_axis',(0.170735712899516,-0.985316860883185,0.));
#1995=DIRECTION('center_axis',(1.,0.,0.));
#1996=DIRECTION('ref_axis',(0.,-1.,0.));
#1997=DIRECTION('',(-1.,0.,0.));
#1998=DIRECTION('center_axis',(-0.985316860883185,-0.170735712899516,0.));
#1999=DIRECTION('ref_axis',(0.170735712899516,-0.985316860883185,0.));
#2000=DIRECTION('center_axis',(0.985316860883185,0.170735712899516,0.));
#2001=DIRECTION('ref_axis',(0.170735712899516,-0.985316860883185,0.));
#2002=DIRECTION('center_axis',(0.985316860883185,0.170735712899516,0.));
#2003=DIRECTION('ref_axis',(0.170735712899516,-0.985316860883185,-2.76796970351773E-15));
#2004=DIRECTION('center_axis',(0.,0.,-1.));
#2005=DIRECTION('ref_axis',(1.,0.,0.));
#2006=DIRECTION('',(0.,1.,0.));
#2007=DIRECTION('',(1.,0.,0.));
#2008=DIRECTION('',(0.,1.,0.));
#2009=DIRECTION('',(1.,0.,0.));
#2010=DIRECTION('center_axis',(0.,0.,1.));
#2011=DIRECTION('ref_axis',(-1.,0.,0.));
#2012=DIRECTION('',(0.,-1.,0.));
#2013=DIRECTION('',(-1.,0.,0.));
#2014=DIRECTION('',(0.,1.,0.));
#2015=DIRECTION('',(-1.,0.,0.));
#2016=DIRECTION('center_axis',(0.,-1.,0.));
#2017=DIRECTION('ref_axis',(0.,0.,1.));
#2018=DIRECTION('center_axis',(0.,-1.,0.));
#2019=DIRECTION('ref_axis',(1.,0.,0.));
#2020=DIRECTION('center_axis',(0.,-1.,0.));
#2021=DIRECTION('ref_axis',(1.,0.,0.));
#2022=DIRECTION('center_axis',(0.,-1.,0.));
#2023=DIRECTION('ref_axis',(1.,0.,0.));
#2024=DIRECTION('center_axis',(0.,1.,0.));
#2025=DIRECTION('ref_axis',(0.,0.,1.));
#2026=DIRECTION('center_axis',(1.,0.,0.));
#2027=DIRECTION('ref_axis',(0.,-0.868242033130171,-0.496140879091803));
#2028=DIRECTION('center_axis',(1.,0.,0.));
#2029=DIRECTION('ref_axis',(0.,-0.868242033130171,-0.496140879091803));
#2030=DIRECTION('center_axis',(1.,0.,0.));
#2031=DIRECTION('ref_axis',(0.,-0.868242033130171,-0.496140879091803));
#2032=DIRECTION('center_axis',(1.,0.,0.));
#2033=DIRECTION('ref_axis',(0.,-0.868242033130171,-0.496140879091803));
#2034=DIRECTION('center_axis',(1.,0.,0.));
#2035=DIRECTION('ref_axis',(0.,-0.868242033130171,-0.496140879091803));
#2036=DIRECTION('center_axis',(0.,-1.,0.));
#2037=DIRECTION('ref_axis',(0.,0.,1.));
#2038=DIRECTION('center_axis',(0.,1.,0.));
#2039=DIRECTION('ref_axis',(1.,0.,0.));
#2040=DIRECTION('center_axis',(0.,-1.,0.));
#2041=DIRECTION('ref_axis',(1.,0.,0.));
#2042=DIRECTION('center_axis',(0.,1.,0.));
#2043=DIRECTION('ref_axis',(1.,0.,0.));
#2044=DIRECTION('center_axis',(0.,-1.,0.));
#2045=DIRECTION('ref_axis',(1.,0.,0.));
#2046=DIRECTION('',(0.,1.,0.));
#2047=DIRECTION('center_axis',(0.,1.,0.));
#2048=DIRECTION('ref_axis',(1.,0.,0.));
#2049=DIRECTION('center_axis',(0.,-1.,0.));
#2050=DIRECTION('ref_axis',(1.,0.,0.));
#2051=DIRECTION('center_axis',(0.,-1.,0.));
#2052=DIRECTION('ref_axis',(1.,0.,0.));
#2053=DIRECTION('center_axis',(0.,1.,0.));
#2054=DIRECTION('ref_axis',(1.,0.,0.));
#2055=DIRECTION('center_axis',(0.,-1.,0.));
#2056=DIRECTION('ref_axis',(1.,0.,0.));
#2057=DIRECTION('',(0.,1.,0.));
#2058=DIRECTION('center_axis',(0.,1.,0.));
#2059=DIRECTION('ref_axis',(1.,0.,0.));
#2060=DIRECTION('center_axis',(0.,-1.,0.));
#2061=DIRECTION('ref_axis',(1.,0.,0.));
#2062=DIRECTION('center_axis',(0.,-1.,0.));
#2063=DIRECTION('ref_axis',(1.,0.,0.));
#2064=DIRECTION('center_axis',(0.,1.,0.));
#2065=DIRECTION('ref_axis',(1.,0.,0.));
#2066=DIRECTION('center_axis',(0.,-1.,0.));
#2067=DIRECTION('ref_axis',(1.,0.,0.));
#2068=DIRECTION('',(0.,1.,0.));
#2069=DIRECTION('center_axis',(0.,1.,0.));
#2070=DIRECTION('ref_axis',(1.,0.,0.));
#2071=DIRECTION('center_axis',(0.,-1.,0.));
#2072=DIRECTION('ref_axis',(1.,0.,0.));
#2073=DIRECTION('center_axis',(0.,-1.,0.));
#2074=DIRECTION('ref_axis',(1.,0.,0.));
#2075=DIRECTION('center_axis',(0.,1.,0.));
#2076=DIRECTION('ref_axis',(1.,0.,0.));
#2077=DIRECTION('center_axis',(0.,-1.,0.));
#2078=DIRECTION('ref_axis',(1.,0.,0.));
#2079=DIRECTION('',(0.,1.,0.));
#2080=DIRECTION('center_axis',(0.,1.,0.));
#2081=DIRECTION('ref_axis',(1.,0.,0.));
#2082=DIRECTION('center_axis',(0.,-1.,0.));
#2083=DIRECTION('ref_axis',(1.,0.,0.));
#2084=DIRECTION('center_axis',(0.,-1.,0.));
#2085=DIRECTION('ref_axis',(1.,0.,0.));
#2086=DIRECTION('center_axis',(0.,1.,0.));
#2087=DIRECTION('ref_axis',(1.,0.,0.));
#2088=DIRECTION('center_axis',(0.,1.,0.));
#2089=DIRECTION('ref_axis',(1.,0.,0.));
#2090=DIRECTION('',(0.,-1.,0.));
#2091=DIRECTION('center_axis',(0.,-1.,0.));
#2092=DIRECTION('ref_axis',(1.,0.,0.));
#2093=DIRECTION('center_axis',(0.,-1.,0.));
#2094=DIRECTION('ref_axis',(1.,0.,0.));
#2095=DIRECTION('center_axis',(0.,1.,0.));
#2096=DIRECTION('ref_axis',(1.,0.,0.));
#2097=DIRECTION('',(0.,-1.,0.));
#2098=DIRECTION('center_axis',(0.,1.,0.));
#2099=DIRECTION('ref_axis',(1.,0.,0.));
#2100=DIRECTION('',(0.,-1.,0.));
#2101=DIRECTION('center_axis',(0.,1.,0.));
#2102=DIRECTION('ref_axis',(1.,0.,0.));
#2103=DIRECTION('',(0.,-1.,0.));
#2104=DIRECTION('center_axis',(0.,1.,0.));
#2105=DIRECTION('ref_axis',(1.,0.,0.));
#2106=DIRECTION('',(0.,-1.,0.));
#2107=DIRECTION('center_axis',(0.,1.,0.));
#2108=DIRECTION('ref_axis',(1.,0.,0.));
#2109=DIRECTION('center_axis',(0.,1.,0.));
#2110=DIRECTION('ref_axis',(1.,0.,0.));
#2111=DIRECTION('center_axis',(0.,-1.,0.));
#2112=DIRECTION('ref_axis',(1.,0.,0.));
#2113=DIRECTION('center_axis',(8.81323246723538E-17,0.,1.));
#2114=DIRECTION('ref_axis',(1.,0.,0.));
#2115=DIRECTION('center_axis',(0.,0.,-1.));
#2116=DIRECTION('ref_axis',(0.,-1.,0.));
#2117=DIRECTION('',(0.,-1.,0.));
#2118=DIRECTION('',(-1.,0.,0.));
#2119=DIRECTION('',(0.,1.,0.));
#2120=DIRECTION('center_axis',(0.,1.,0.));
#2121=DIRECTION('ref_axis',(0.,0.,-1.));
#2122=DIRECTION('',(0.,0.,-1.));
#2123=DIRECTION('',(-1.,0.,0.));
#2124=DIRECTION('',(0.,0.,-1.));
#2125=DIRECTION('center_axis',(-1.,0.,0.));
#2126=DIRECTION('ref_axis',(0.,0.,1.));
#2127=DIRECTION('center_axis',(1.,0.,0.));
#2128=DIRECTION('ref_axis',(0.,0.,1.));
#2129=DIRECTION('',(-1.,0.,0.));
#2130=DIRECTION('center_axis',(1.,0.,0.));
#2131=DIRECTION('ref_axis',(0.,0.,1.));
#2132=DIRECTION('center_axis',(0.,0.,-1.));
#2133=DIRECTION('ref_axis',(0.,-1.,0.));
#2134=DIRECTION('',(0.,-1.,0.));
#2135=DIRECTION('',(-1.,0.,0.));
#2136=DIRECTION('',(0.,-1.,0.));
#2137=DIRECTION('center_axis',(0.,1.,0.));
#2138=DIRECTION('ref_axis',(0.,0.,-1.));
#2139=DIRECTION('',(0.,0.,-1.));
#2140=DIRECTION('',(-1.,0.,0.));
#2141=DIRECTION('',(0.,0.,-1.));
#2142=DIRECTION('center_axis',(0.,0.,1.));
#2143=DIRECTION('ref_axis',(0.,1.,0.));
#2144=DIRECTION('',(0.,1.,0.));
#2145=DIRECTION('',(-1.,0.,0.));
#2146=DIRECTION('',(0.,1.,0.));
#2147=DIRECTION('center_axis',(-1.,0.,0.));
#2148=DIRECTION('ref_axis',(0.,-1.,0.));
#2149=DIRECTION('center_axis',(1.,0.,0.));
#2150=DIRECTION('ref_axis',(0.,-1.,0.));
#2151=DIRECTION('',(-1.,0.,0.));
#2152=DIRECTION('center_axis',(1.,0.,0.));
#2153=DIRECTION('ref_axis',(0.,-1.,0.));
#2154=DIRECTION('center_axis',(0.,1.,0.));
#2155=DIRECTION('ref_axis',(0.,0.,-1.));
#2156=DIRECTION('',(0.,0.,-1.));
#2157=DIRECTION('',(-1.,0.,0.));
#2158=DIRECTION('',(0.,0.,-1.));
#2159=DIRECTION('center_axis',(0.,0.,1.));
#2160=DIRECTION('ref_axis',(0.,1.,0.));
#2161=DIRECTION('',(0.,1.,0.));
#2162=DIRECTION('',(0.,1.,0.));
#2163=DIRECTION('center_axis',(1.,0.,0.));
#2164=DIRECTION('ref_axis',(0.,1.,0.));
#2165=DIRECTION('center_axis',(1.,0.,0.));
#2166=DIRECTION('ref_axis',(0.,0.,1.));
#2167=DIRECTION('',(0.,1.,0.));
#2168=DIRECTION('',(0.,0.,1.));
#2169=DIRECTION('',(0.,-1.,0.));
#2170=DIRECTION('center_axis',(-1.,0.,0.));
#2171=DIRECTION('ref_axis',(0.,1.,0.));
#2172=DIRECTION('center_axis',(-1.,0.,0.));
#2173=DIRECTION('ref_axis',(0.,1.,0.));
#2174=DIRECTION('center_axis',(0.,-1.,0.));
#2175=DIRECTION('ref_axis',(0.,0.,-1.));
#2176=DIRECTION('',(1.,0.,0.));
#2177=DIRECTION('',(1.,0.,0.));
#2178=DIRECTION('center_axis',(0.,0.,-1.));
#2179=DIRECTION('ref_axis',(0.,1.,0.));
#2180=DIRECTION('center_axis',(0.,0.,1.));
#2181=DIRECTION('ref_axis',(0.,-1.,0.));
#2182=DIRECTION('center_axis',(-1.,0.,0.));
#2183=DIRECTION('ref_axis',(0.,1.,0.));
#2184=DIRECTION('center_axis',(1.,0.,0.));
#2185=DIRECTION('ref_axis',(0.,1.,0.));
#2186=DIRECTION('',(1.,0.,0.));
#2187=DIRECTION('center_axis',(1.,0.,0.));
#2188=DIRECTION('ref_axis',(0.,1.,0.));
#2189=DIRECTION('center_axis',(1.,0.,0.));
#2190=DIRECTION('ref_axis',(0.,1.,0.));
#2191=DIRECTION('center_axis',(-1.,0.,0.));
#2192=DIRECTION('ref_axis',(0.,1.,0.));
#2193=DIRECTION('center_axis',(1.,0.,0.));
#2194=DIRECTION('ref_axis',(0.,1.,0.));
#2195=DIRECTION('',(1.,0.,0.));
#2196=DIRECTION('center_axis',(1.,0.,0.));
#2197=DIRECTION('ref_axis',(0.,1.,0.));
#2198=DIRECTION('center_axis',(1.,0.,0.));
#2199=DIRECTION('ref_axis',(0.,1.,0.));
#2200=DIRECTION('center_axis',(-1.,0.,0.));
#2201=DIRECTION('ref_axis',(0.,1.,0.));
#2202=DIRECTION('',(-1.,0.,0.));
#2203=DIRECTION('center_axis',(-1.,0.,0.));
#2204=DIRECTION('ref_axis',(0.,1.,0.));
#2205=DIRECTION('',(-1.,0.,0.));
#2206=DIRECTION('center_axis',(0.,1.,0.));
#2207=DIRECTION('ref_axis',(1.,0.,0.));
#2208=DIRECTION('center_axis',(0.,0.,1.));
#2209=DIRECTION('ref_axis',(1.,0.,0.));
#2210=DIRECTION('',(0.,-1.,0.));
#2211=DIRECTION('',(1.,0.,0.));
#2212=DIRECTION('',(0.,-1.,0.));
#2213=DIRECTION('',(1.,0.,0.));
#2214=DIRECTION('center_axis',(0.,0.,-1.));
#2215=DIRECTION('ref_axis',(-1.,0.,0.));
#2216=DIRECTION('',(0.,1.,0.));
#2217=DIRECTION('',(-1.,0.,0.));
#2218=DIRECTION('',(0.,-1.,0.));
#2219=DIRECTION('',(-1.,0.,0.));
#2220=DIRECTION('center_axis',(0.,-1.,0.));
#2221=DIRECTION('ref_axis',(0.,0.,1.));
#2222=DIRECTION('center_axis',(0.,1.,0.));
#2223=DIRECTION('ref_axis',(0.,0.,1.));
#2224=DIRECTION('center_axis',(0.,-1.,0.));
#2225=DIRECTION('ref_axis',(1.,0.,0.));
#2226=DIRECTION('center_axis',(0.,-1.,0.));
#2227=DIRECTION('ref_axis',(1.,0.,0.));
#2228=DIRECTION('center_axis',(0.,-1.,0.));
#2229=DIRECTION('ref_axis',(1.,0.,0.));
#2230=DIRECTION('center_axis',(-1.,0.,0.));
#2231=DIRECTION('ref_axis',(0.,0.868242033130171,-0.496140879091803));
#2232=DIRECTION('center_axis',(-1.,0.,0.));
#2233=DIRECTION('ref_axis',(0.,0.868242033130171,-0.496140879091803));
#2234=DIRECTION('center_axis',(-1.,0.,0.));
#2235=DIRECTION('ref_axis',(0.,0.868242033130171,-0.496140879091803));
#2236=DIRECTION('center_axis',(-1.,0.,0.));
#2237=DIRECTION('ref_axis',(0.,0.868242033130171,-0.496140879091803));
#2238=DIRECTION('center_axis',(-1.,0.,0.));
#2239=DIRECTION('ref_axis',(0.,0.868242033130171,-0.496140879091803));
#2240=DIRECTION('center_axis',(0.,-1.,0.));
#2241=DIRECTION('ref_axis',(1.,0.,0.));
#2242=DIRECTION('center_axis',(0.,-1.,0.));
#2243=DIRECTION('ref_axis',(1.,0.,0.));
#2244=DIRECTION('center_axis',(0.,-1.,0.));
#2245=DIRECTION('ref_axis',(0.,0.,1.));
#2246=DIRECTION('center_axis',(0.,1.,0.));
#2247=DIRECTION('ref_axis',(1.,0.,0.));
#2248=DIRECTION('center_axis',(0.,1.,0.));
#2249=DIRECTION('ref_axis',(1.,0.,0.));
#2250=DIRECTION('center_axis',(0.,-1.,0.));
#2251=DIRECTION('ref_axis',(1.,0.,0.));
#2252=DIRECTION('',(0.,-1.,0.));
#2253=DIRECTION('center_axis',(0.,1.,0.));
#2254=DIRECTION('ref_axis',(1.,0.,0.));
#2255=DIRECTION('center_axis',(0.,-1.,0.));
#2256=DIRECTION('ref_axis',(1.,0.,0.));
#2257=DIRECTION('center_axis',(0.,-1.,0.));
#2258=DIRECTION('ref_axis',(1.,0.,0.));
#2259=DIRECTION('center_axis',(0.,1.,0.));
#2260=DIRECTION('ref_axis',(1.,0.,0.));
#2261=DIRECTION('center_axis',(0.,-1.,0.));
#2262=DIRECTION('ref_axis',(1.,0.,0.));
#2263=DIRECTION('',(0.,-1.,0.));
#2264=DIRECTION('center_axis',(0.,1.,0.));
#2265=DIRECTION('ref_axis',(1.,0.,0.));
#2266=DIRECTION('center_axis',(0.,-1.,0.));
#2267=DIRECTION('ref_axis',(1.,0.,0.));
#2268=DIRECTION('center_axis',(0.,-1.,0.));
#2269=DIRECTION('ref_axis',(1.,0.,0.));
#2270=DIRECTION('center_axis',(0.,1.,0.));
#2271=DIRECTION('ref_axis',(1.,0.,0.));
#2272=DIRECTION('center_axis',(0.,-1.,0.));
#2273=DIRECTION('ref_axis',(1.,0.,0.));
#2274=DIRECTION('',(0.,-1.,0.));
#2275=DIRECTION('center_axis',(0.,1.,0.));
#2276=DIRECTION('ref_axis',(1.,0.,0.));
#2277=DIRECTION('center_axis',(0.,-1.,0.));
#2278=DIRECTION('ref_axis',(1.,0.,0.));
#2279=DIRECTION('center_axis',(0.,-1.,0.));
#2280=DIRECTION('ref_axis',(1.,0.,0.));
#2281=DIRECTION('center_axis',(0.,1.,0.));
#2282=DIRECTION('ref_axis',(1.,0.,0.));
#2283=DIRECTION('center_axis',(0.,-1.,0.));
#2284=DIRECTION('ref_axis',(1.,0.,0.));
#2285=DIRECTION('',(0.,-1.,0.));
#2286=DIRECTION('center_axis',(0.,1.,0.));
#2287=DIRECTION('ref_axis',(1.,0.,0.));
#2288=DIRECTION('center_axis',(0.,-1.,0.));
#2289=DIRECTION('ref_axis',(1.,0.,0.));
#2290=DIRECTION('center_axis',(0.,-1.,0.));
#2291=DIRECTION('ref_axis',(1.,0.,0.));
#2292=DIRECTION('center_axis',(0.,1.,0.));
#2293=DIRECTION('ref_axis',(1.,0.,0.));
#2294=DIRECTION('center_axis',(0.,1.,0.));
#2295=DIRECTION('ref_axis',(1.,0.,0.));
#2296=DIRECTION('',(0.,1.,0.));
#2297=DIRECTION('center_axis',(0.,-1.,0.));
#2298=DIRECTION('ref_axis',(1.,0.,0.));
#2299=DIRECTION('center_axis',(0.,-1.,0.));
#2300=DIRECTION('ref_axis',(1.,0.,0.));
#2301=DIRECTION('center_axis',(0.,1.,0.));
#2302=DIRECTION('ref_axis',(1.,0.,0.));
#2303=DIRECTION('',(0.,1.,0.));
#2304=DIRECTION('center_axis',(0.,1.,0.));
#2305=DIRECTION('ref_axis',(1.,0.,0.));
#2306=DIRECTION('',(0.,1.,0.));
#2307=DIRECTION('center_axis',(0.,1.,0.));
#2308=DIRECTION('ref_axis',(1.,0.,0.));
#2309=DIRECTION('',(0.,1.,0.));
#2310=DIRECTION('center_axis',(0.,1.,0.));
#2311=DIRECTION('ref_axis',(1.,0.,0.));
#2312=DIRECTION('',(0.,1.,0.));
#2313=DIRECTION('center_axis',(0.,1.,0.));
#2314=DIRECTION('ref_axis',(1.,0.,0.));
#2315=DIRECTION('center_axis',(0.,1.,0.));
#2316=DIRECTION('ref_axis',(1.,0.,0.));
#2317=DIRECTION('center_axis',(0.,-1.,0.));
#2318=DIRECTION('ref_axis',(1.,0.,0.));
#2319=DIRECTION('center_axis',(8.81323246723538E-17,0.,1.));
#2320=DIRECTION('ref_axis',(1.,0.,0.));
#2321=CARTESIAN_POINT('',(0.,0.,0.));
#2322=CARTESIAN_POINT('Origin',(24.7083,-40.15,135.099999999993));
#2323=CARTESIAN_POINT('',(30.1583,-40.15,133.499999999993));
#2324=CARTESIAN_POINT('',(30.1583,-41.75,135.099999999993));
#2325=CARTESIAN_POINT('Origin',(30.1583,-40.15,135.099999999993));
#2326=CARTESIAN_POINT('',(26.9583,-41.75,135.099999999993));
#2327=CARTESIAN_POINT('',(24.7083,-41.75,135.099999999993));
#2328=CARTESIAN_POINT('',(26.6810519882342,-40.15,133.499999999993));
#2329=CARTESIAN_POINT('Origin',(26.6810519882342,-40.15,135.099999999993));
#2330=CARTESIAN_POINT('',(24.7083,-40.15,133.499999999993));
#2331=CARTESIAN_POINT('Origin',(26.9583,-41.75,153.499999999993));
#2332=CARTESIAN_POINT('',(30.1583,-41.75,151.899999999993));
#2333=CARTESIAN_POINT('',(30.1583,-41.75,133.499999999993));
#2334=CARTESIAN_POINT('',(26.9583,-41.75,151.899999999993));
#2335=CARTESIAN_POINT('',(24.7083,-41.75,151.899999999993));
#2336=CARTESIAN_POINT('',(26.9583,-41.75,153.499999999993));
#2337=CARTESIAN_POINT('Origin',(30.1583,20.875,143.499999999993));
#2338=CARTESIAN_POINT('',(30.1583,40.15,133.499999999993));
#2339=CARTESIAN_POINT('',(30.1583,0.,133.499999999993));
#2340=CARTESIAN_POINT('',(30.1583,41.75,135.099999999993));
#2341=CARTESIAN_POINT('Origin',(30.1583,40.15,135.099999999993));
#2342=CARTESIAN_POINT('',(30.1583,41.75,151.899999999993));
#2343=CARTESIAN_POINT('',(30.1583,41.75,133.499999999993));
#2344=CARTESIAN_POINT('',(30.1583,40.15,153.499999999993));
#2345=CARTESIAN_POINT('Origin',(30.1583,40.15,151.899999999993));
#2346=CARTESIAN_POINT('',(30.1583,-40.15,153.499999999993));
#2347=CARTESIAN_POINT('',(30.1583,41.75,153.499999999993));
#2348=CARTESIAN_POINT('Origin',(30.1583,-40.15,151.899999999993));
#2349=CARTESIAN_POINT('',(30.1583,40.05,135.199999999993));
#2350=CARTESIAN_POINT('',(30.1583,-40.05,135.199999999993));
#2351=CARTESIAN_POINT('',(30.1583,40.05,135.199999999993));
#2352=CARTESIAN_POINT('',(30.1583,-40.05,151.799999999993));
#2353=CARTESIAN_POINT('',(30.1583,-40.05,151.799999999993));
#2354=CARTESIAN_POINT('',(30.1583,40.05,151.799999999993));
#2355=CARTESIAN_POINT('',(30.1583,0.,151.799999999993));
#2356=CARTESIAN_POINT('',(30.1583,40.05,151.799999999993));
#2357=CARTESIAN_POINT('Origin',(24.7083,-40.15,151.899999999993));
#2358=CARTESIAN_POINT('',(26.6810519882342,-40.15,153.499999999993));
#2359=CARTESIAN_POINT('',(24.7083,-40.15,153.499999999993));
#2360=CARTESIAN_POINT('Origin',(26.6810519882342,-40.15,151.899999999993));
#2361=CARTESIAN_POINT('Origin',(22.4583,12.5,153.499999999993));
#2362=CARTESIAN_POINT('',(26.6810519882342,40.15,153.499999999993));
#2363=CARTESIAN_POINT('',(24.7083,40.15,153.499999999993));
#2364=CARTESIAN_POINT('',(22.7562589711327,17.4999950915214,153.499999999993));
#2365=CARTESIAN_POINT('',(22.7562589711327,17.4999950915214,153.499999999993));
#2366=CARTESIAN_POINT('',(12.9583,17.4999950915214,153.499999999993));
#2367=CARTESIAN_POINT('',(22.4583,17.4999950915214,153.499999999993));
#2368=CARTESIAN_POINT('',(12.9583,12.5,153.499999999993));
#2369=CARTESIAN_POINT('',(12.9583,12.5,153.499999999993));
#2370=CARTESIAN_POINT('',(22.7562589711327,12.5,153.499999999993));
#2371=CARTESIAN_POINT('',(22.4583,12.5,153.499999999993));
#2372=CARTESIAN_POINT('',(22.7562589711327,-12.5,153.499999999993));
#2373=CARTESIAN_POINT('',(22.7562589711327,12.5,153.499999999993));
#2374=CARTESIAN_POINT('',(12.9583,-12.5,153.499999999993));
#2375=CARTESIAN_POINT('',(22.4583,-12.5,153.499999999993));
#2376=CARTESIAN_POINT('',(12.9583,-17.4999950915214,153.499999999993));
#2377=CARTESIAN_POINT('',(12.9583,-12.5,153.499999999993));
#2378=CARTESIAN_POINT('',(22.7562589711327,-17.4999950915214,153.499999999993));
#2379=CARTESIAN_POINT('',(22.4583,-17.4999950915214,153.499999999993));
#2380=CARTESIAN_POINT('',(22.7562589711327,-17.4999950915214,153.499999999993));
#2381=CARTESIAN_POINT('Origin',(24.7083,40.15,135.099999999993));
#2382=CARTESIAN_POINT('',(26.6810519882342,40.15,133.499999999993));
#2383=CARTESIAN_POINT('',(24.7083,40.15,133.499999999993));
#2384=CARTESIAN_POINT('',(26.9583,41.75,135.099999999993));
#2385=CARTESIAN_POINT('Origin',(26.6810519882342,40.15,135.099999999993));
#2386=CARTESIAN_POINT('',(24.7083,41.75,135.099999999993));
#2387=CARTESIAN_POINT('Origin',(22.4583,17.4999950915214,133.499999999993));
#2388=CARTESIAN_POINT('',(22.7562589711327,-17.4999950915214,133.499999999993));
#2389=CARTESIAN_POINT('',(23.8213445701792,-23.6466107069785,133.499999999993));
#2390=CARTESIAN_POINT('',(12.9583,-17.4999950915214,133.499999999993));
#2391=CARTESIAN_POINT('',(22.4583,-17.4999950915214,133.499999999993));
#2392=CARTESIAN_POINT('',(12.9583,-12.5,133.499999999993));
#2393=CARTESIAN_POINT('',(12.9583,-12.5,133.499999999993));
#2394=CARTESIAN_POINT('',(22.7562589711327,-12.5,133.499999999993));
#2395=CARTESIAN_POINT('',(22.4583,-12.5,133.499999999993));
#2396=CARTESIAN_POINT('',(22.7562589711327,12.5,133.499999999993));
#2397=CARTESIAN_POINT('',(22.7562589711327,12.5,133.499999999993));
#2398=CARTESIAN_POINT('',(12.9583,12.5,133.499999999993));
#2399=CARTESIAN_POINT('',(22.4583,12.5,133.499999999993));
#2400=CARTESIAN_POINT('',(12.9583,17.4999950915214,133.499999999993));
#2401=CARTESIAN_POINT('',(12.9583,12.5,133.499999999993));
#2402=CARTESIAN_POINT('',(22.7562589711327,17.4999950915214,133.499999999993));
#2403=CARTESIAN_POINT('',(22.4583,17.4999950915214,133.499999999993));
#2404=CARTESIAN_POINT('',(23.8213445701792,23.6466107069785,133.499999999993));
#2405=CARTESIAN_POINT('Origin',(24.7083,40.15,151.899999999993));
#2406=CARTESIAN_POINT('',(26.9583,41.75,151.899999999993));
#2407=CARTESIAN_POINT('',(24.7083,41.75,151.899999999993));
#2408=CARTESIAN_POINT('Origin',(26.6810519882342,40.15,151.899999999993));
#2409=CARTESIAN_POINT('Origin',(22.7562589711327,17.4999950915214,153.499999999993));
#2410=CARTESIAN_POINT('Origin',(19.7238745773906,8.58979974308141E-5,143.499999999993));
#2411=CARTESIAN_POINT('',(26.9583,41.75,153.499999999993));
#2412=CARTESIAN_POINT('',(26.0052599595549,36.25,136.999999999993));
#2413=CARTESIAN_POINT('Origin',(26.3518199742622,38.25,136.999999999993));
#2414=CARTESIAN_POINT('',(26.0052599595549,36.25,149.999999999993));
#2415=CARTESIAN_POINT('Origin',(26.3518199742622,38.25,149.999999999993));
#2416=CARTESIAN_POINT('Origin',(28.9583,-35.75,136.999999999993));
#2417=CARTESIAN_POINT('',(28.9583,-35.75,136.999999999993));
#2418=CARTESIAN_POINT('',(28.9583,-35.75,135.499999999993));
#2419=CARTESIAN_POINT('',(28.9583,-35.75,135.249999999993));
#2420=CARTESIAN_POINT('',(27.4583,-35.75,135.499999999993));
#2421=CARTESIAN_POINT('',(28.9583,-35.75,135.499999999993));
#2422=CARTESIAN_POINT('',(27.4583,-35.75,136.999999999993));
#2423=CARTESIAN_POINT('',(27.4583,-35.75,136.999999999993));
#2424=CARTESIAN_POINT('',(28.9583,-35.75,136.999999999993));
#2425=CARTESIAN_POINT('Origin',(28.9583,-38.25,136.999999999993));
#2426=CARTESIAN_POINT('',(28.9583,-38.25,139.499999999993));
#2427=CARTESIAN_POINT('Origin',(28.9583,-38.25,136.999999999993));
#2428=CARTESIAN_POINT('',(27.4583,-38.25,139.499999999993));
#2429=CARTESIAN_POINT('Origin',(27.4583,-38.25,136.999999999993));
#2430=CARTESIAN_POINT('',(28.9583,-38.25,139.499999999993));
#2431=CARTESIAN_POINT('Origin',(28.9583,-39.05,139.499999999993));
#2432=CARTESIAN_POINT('',(28.9583,-39.05,139.499999999993));
#2433=CARTESIAN_POINT('',(28.9583,-25.775,139.499999999993));
#2434=CARTESIAN_POINT('',(27.4583,-39.05,139.499999999993));
#2435=CARTESIAN_POINT('',(27.4583,-39.05,139.499999999993));
#2436=CARTESIAN_POINT('',(28.9583,-39.05,139.499999999993));
#2437=CARTESIAN_POINT('Origin',(28.9583,-39.05,147.499999999993));
#2438=CARTESIAN_POINT('',(28.9583,-39.05,147.499999999993));
#2439=CARTESIAN_POINT('',(28.9583,-39.05,140.499999999993));
#2440=CARTESIAN_POINT('',(27.4583,-39.05,147.499999999993));
#2441=CARTESIAN_POINT('',(27.4583,-39.05,147.499999999993));
#2442=CARTESIAN_POINT('',(28.9583,-39.05,147.499999999993));
#2443=CARTESIAN_POINT('Origin',(28.9583,-38.25,147.499999999993));
#2444=CARTESIAN_POINT('',(28.9583,-38.25,147.499999999993));
#2445=CARTESIAN_POINT('',(28.9583,-25.375,147.499999999993));
#2446=CARTESIAN_POINT('',(27.4583,-38.25,147.499999999993));
#2447=CARTESIAN_POINT('',(27.4583,-38.25,147.499999999993));
#2448=CARTESIAN_POINT('',(28.9583,-38.25,147.499999999993));
#2449=CARTESIAN_POINT('Origin',(28.9583,-38.25,149.999999999993));
#2450=CARTESIAN_POINT('',(28.9583,-35.75,149.999999999993));
#2451=CARTESIAN_POINT('Origin',(28.9583,-38.25,149.999999999993));
#2452=CARTESIAN_POINT('',(27.4583,-35.75,149.999999999993));
#2453=CARTESIAN_POINT('Origin',(27.4583,-38.25,149.999999999993));
#2454=CARTESIAN_POINT('',(28.9583,-35.75,149.999999999993));
#2455=CARTESIAN_POINT('Origin',(28.9583,-35.75,151.499999999993));
#2456=CARTESIAN_POINT('',(28.9583,-35.75,151.499999999993));
#2457=CARTESIAN_POINT('',(28.9583,-35.75,142.499999999993));
#2458=CARTESIAN_POINT('',(27.4583,-35.75,151.499999999993));
#2459=CARTESIAN_POINT('',(27.4583,-35.75,151.499999999993));
#2460=CARTESIAN_POINT('',(28.9583,-35.75,151.499999999993));
#2461=CARTESIAN_POINT('Origin',(28.9583,-40.05,151.799999999993));
#2462=CARTESIAN_POINT('',(28.9583,-40.05,135.199999999993));
#2463=CARTESIAN_POINT('',(28.9583,-40.05,151.799999999993));
#2464=CARTESIAN_POINT('',(28.9583,-40.05,142.649999999993));
#2465=CARTESIAN_POINT('',(28.9583,-40.05,151.799999999993));
#2466=CARTESIAN_POINT('',(28.9583,-40.05,135.199999999993));
#2467=CARTESIAN_POINT('Origin',(28.9583,-38.25,136.999999999993));
#2468=CARTESIAN_POINT('',(26.9583,-37.15,136.999999999993));
#2469=CARTESIAN_POINT('Origin',(26.9583,-38.25,136.999999999993));
#2470=CARTESIAN_POINT('',(28.9583,-37.15,136.999999999993));
#2471=CARTESIAN_POINT('',(28.9583,-37.15,136.999999999993));
#2472=CARTESIAN_POINT('Origin',(28.9583,-38.25,136.999999999993));
#2473=CARTESIAN_POINT('Origin',(26.9583,-38.25,136.999999999993));
#2474=CARTESIAN_POINT('',(26.9583,-36.25,136.999999999993));
#2475=CARTESIAN_POINT('Origin',(26.9583,-38.25,136.999999999993));
#2476=CARTESIAN_POINT('Origin',(28.9583,-38.25,149.999999999993));
#2477=CARTESIAN_POINT('',(26.9583,-37.15,149.999999999993));
#2478=CARTESIAN_POINT('Origin',(26.9583,-38.25,149.999999999993));
#2479=CARTESIAN_POINT('',(28.9583,-37.15,149.999999999993));
#2480=CARTESIAN_POINT('',(28.9583,-37.15,149.999999999993));
#2481=CARTESIAN_POINT('Origin',(28.9583,-38.25,149.999999999993));
#2482=CARTESIAN_POINT('Origin',(26.9583,-38.25,149.999999999993));
#2483=CARTESIAN_POINT('',(26.9583,-36.25,149.999999999993));
#2484=CARTESIAN_POINT('Origin',(26.9583,-38.25,149.999999999993));
#2485=CARTESIAN_POINT('Origin',(28.9583,-38.25,149.999999999993));
#2486=CARTESIAN_POINT('',(26.0052599595549,-36.25,149.999999999993));
#2487=CARTESIAN_POINT('',(28.9583,-36.25,149.999999999993));
#2488=CARTESIAN_POINT('Origin',(26.3518199742622,-38.25,149.999999999993));
#2489=CARTESIAN_POINT('Origin',(28.9583,-38.25,136.999999999993));
#2490=CARTESIAN_POINT('',(26.0052599595549,-36.25,136.999999999993));
#2491=CARTESIAN_POINT('',(28.9583,-36.25,136.999999999993));
#2492=CARTESIAN_POINT('Origin',(26.3518199742622,-38.25,136.999999999993));
#2493=CARTESIAN_POINT('Origin',(22.7562589711327,-17.4999950915214,153.499999999993));
#2494=CARTESIAN_POINT('Origin',(19.7238745773906,-8.58979974308141E-5,143.499999999993));
#2495=CARTESIAN_POINT('Origin',(1.15591265801324,-12.5,151.599999999993));
#2496=CARTESIAN_POINT('',(7.09400123544173,-14.5,151.599999999993));
#2497=CARTESIAN_POINT('',(7.0940012354417,-12.5,151.599999999993));
#2498=CARTESIAN_POINT('',(7.0940012354417,-14.9999975457607,151.599999999993));
#2499=CARTESIAN_POINT('',(12.9583,-12.5,151.599999999993));
#2500=CARTESIAN_POINT('',(11.8071063290066,-12.5,151.599999999993));
#2501=CARTESIAN_POINT('',(12.9583,-14.5,151.599999999993));
#2502=CARTESIAN_POINT('',(12.9583,-12.5,151.599999999993));
#2503=CARTESIAN_POINT('',(4.10650949350993,-14.5,151.599999999993));
#2504=CARTESIAN_POINT('Origin',(12.9583,-12.5,135.399999999993));
#2505=CARTESIAN_POINT('',(7.0940012354417,-12.5,135.399999999993));
#2506=CARTESIAN_POINT('',(7.09400123544173,-14.5,135.399999999993));
#2507=CARTESIAN_POINT('',(7.0940012354417,-14.9999975457607,135.399999999993));
#2508=CARTESIAN_POINT('',(12.9583,-14.5,135.399999999993));
#2509=CARTESIAN_POINT('',(10.0077031645033,-14.5,135.399999999993));
#2510=CARTESIAN_POINT('',(12.9583,-12.5,135.399999999993));
#2511=CARTESIAN_POINT('',(12.9583,-12.5,135.399999999993));
#2512=CARTESIAN_POINT('',(17.7083,-12.5,135.399999999993));
#2513=CARTESIAN_POINT('Origin',(12.9583,-14.9999975457607,143.499999999993));
#2514=CARTESIAN_POINT('Origin',(12.9583,-12.5,143.499999999993));
#2515=CARTESIAN_POINT('Origin',(12.9583,-17.4999950915214,143.499999999993));
#2516=CARTESIAN_POINT('Origin',(12.9583,-12.5,143.499999999993));
#2517=CARTESIAN_POINT('Origin',(12.9583,-14.5,143.499999999993));
#2518=CARTESIAN_POINT('Origin',(22.4583,-8.58979974308141E-5,143.499999999993));
#2519=CARTESIAN_POINT('',(12.9583,-18.500000000003,151.499999999993));
#2520=CARTESIAN_POINT('Origin',(12.9583,-8.58979974308141E-5,143.499999999993));
#2521=CARTESIAN_POINT('',(12.9583,-19.7547517210779,147.499999999993));
#2522=CARTESIAN_POINT('Ctrl Pts',(12.9583,-19.7547517210779,147.499999999993));
#2523=CARTESIAN_POINT('Ctrl Pts',(13.208695050817,-19.7547517210779,147.499999999993));
#2524=CARTESIAN_POINT('Ctrl Pts',(13.4754617076792,-19.7448415689861,147.549948382661));
#2525=CARTESIAN_POINT('Ctrl Pts',(13.9652450078662,-19.7023622643349,147.751795444528));
#2526=CARTESIAN_POINT('Ctrl Pts',(14.1882489770895,-19.6695127515981,147.903665776357));
#2527=CARTESIAN_POINT('Ctrl Pts',(14.5469885713442,-19.5868532005388,148.258133223568));
#2528=CARTESIAN_POINT('Ctrl Pts',(14.7033831116871,-19.5307374522621,148.48663988854));
#2529=CARTESIAN_POINT('Ctrl Pts',(14.9089782720649,-19.3971808913653,148.983213780415));
#2530=CARTESIAN_POINT('Ctrl Pts',(14.9583,-19.3194781766211,149.251160375931));
#2531=CARTESIAN_POINT('Ctrl Pts',(14.9583,-19.1622930921501,149.755247671381));
#2532=CARTESIAN_POINT('Ctrl Pts',(14.9066605092387,-19.0716687456574,150.02621583403));
#2533=CARTESIAN_POINT('Ctrl Pts',(14.6971705739455,-18.8938664600244,150.524373389187));
#2534=CARTESIAN_POINT('Ctrl Pts',(14.5393525084706,-18.8069369159511,150.75166501842));
#2535=CARTESIAN_POINT('Ctrl Pts',(14.1816511644671,-18.6685184397179,151.100625941983));
#2536=CARTESIAN_POINT('Ctrl Pts',(13.9616103781408,-18.6064430759264,151.249971214135));
#2537=CARTESIAN_POINT('Ctrl Pts',(13.4755858538247,-18.5219750736494,151.449729733135));
#2538=CARTESIAN_POINT('Ctrl Pts',(13.2094708892624,-18.500000000003,151.499999999993));
#2539=CARTESIAN_POINT('Ctrl Pts',(12.9583,-18.500000000003,151.499999999993));
#2540=CARTESIAN_POINT('',(12.9583,-19.9311375958278,146.499999999993));
#2541=CARTESIAN_POINT('Origin',(12.9583,-8.58979974308141E-5,143.499999999993));
#2542=CARTESIAN_POINT('',(12.9583,-19.9311375958278,140.499999999993));
#2543=CARTESIAN_POINT('Ctrl Pts',(12.9583,-19.9311375958278,140.499999999993));
#2544=CARTESIAN_POINT('Ctrl Pts',(13.335592669493,-19.9311375958278,140.499999999993));
#2545=CARTESIAN_POINT('Ctrl Pts',(13.7376443674748,-19.9429576369236,140.57551699209));
#2546=CARTESIAN_POINT('Ctrl Pts',(14.4766126899043,-19.9854812774883,140.881850777026));
#2547=CARTESIAN_POINT('Ctrl Pts',(14.8135780887203,-20.0155522398653,141.112637401594));
#2548=CARTESIAN_POINT('Ctrl Pts',(15.3456581027091,-20.0718650212292,141.644717415583));
#2549=CARTESIAN_POINT('Ctrl Pts',(15.5764482536732,-20.1017899692041,141.981684754908));
#2550=CARTESIAN_POINT('Ctrl Pts',(15.8827846056124,-20.1439786808464,142.720659703626));
#2551=CARTESIAN_POINT('Ctrl Pts',(15.9583,-20.1556514266941,143.122713706144));
#2552=CARTESIAN_POINT('Ctrl Pts',(15.9583,-20.1556514266941,143.877286293842));
#2553=CARTESIAN_POINT('Ctrl Pts',(15.8827846056124,-20.1439786808464,144.27934029636));
#2554=CARTESIAN_POINT('Ctrl Pts',(15.5764482536732,-20.1017899692041,145.018315245078));
#2555=CARTESIAN_POINT('Ctrl Pts',(15.3456581027091,-20.0718650212292,145.355282584403));
#2556=CARTESIAN_POINT('Ctrl Pts',(14.8135780887203,-20.0155522398653,145.887362598392));
#2557=CARTESIAN_POINT('Ctrl Pts',(14.4766126899043,-19.9854812774883,146.11814922296));
#2558=CARTESIAN_POINT('Ctrl Pts',(13.7376443674748,-19.9429576369236,146.424483007896));
#2559=CARTESIAN_POINT('Ctrl Pts',(13.335592669493,-19.9311375958278,146.499999999993));
#2560=CARTESIAN_POINT('Ctrl Pts',(12.9583,-19.9311375958278,146.499999999993));
#2561=CARTESIAN_POINT('',(12.9583,-19.7547517210779,139.499999999993));
#2562=CARTESIAN_POINT('Origin',(12.9583,-8.58979974308141E-5,143.499999999993));
#2563=CARTESIAN_POINT('',(12.9583,-18.500000000003,135.499999999993));
#2564=CARTESIAN_POINT('Ctrl Pts',(12.9583,-18.500000000003,135.499999999993));
#2565=CARTESIAN_POINT('Ctrl Pts',(13.2094708892624,-18.500000000003,135.499999999993));
#2566=CARTESIAN_POINT('Ctrl Pts',(13.4755858538248,-18.5219750736494,135.550270266851));
#2567=CARTESIAN_POINT('Ctrl Pts',(13.9616103781408,-18.6064430759264,135.750028785851));
#2568=CARTESIAN_POINT('Ctrl Pts',(14.1816511644671,-18.6685184397179,135.899374058003));
#2569=CARTESIAN_POINT('Ctrl Pts',(14.5393525084706,-18.8069369159511,136.248334981566));
#2570=CARTESIAN_POINT('Ctrl Pts',(14.6971705739455,-18.8938664600244,136.475626610799));
#2571=CARTESIAN_POINT('Ctrl Pts',(14.9066605092387,-19.0716687456574,136.973784165956));
#2572=CARTESIAN_POINT('Ctrl Pts',(14.9583,-19.1622930921501,137.244752328605));
#2573=CARTESIAN_POINT('Ctrl Pts',(14.9583,-19.3194781766211,137.748839624055));
#2574=CARTESIAN_POINT('Ctrl Pts',(14.9089782720649,-19.3971808913653,138.016786219571));
#2575=CARTESIAN_POINT('Ctrl Pts',(14.7033831116871,-19.5307374522621,138.513360111446));
#2576=CARTESIAN_POINT('Ctrl Pts',(14.5469885713442,-19.5868532005388,138.741866776418));
#2577=CARTESIAN_POINT('Ctrl Pts',(14.1882489770895,-19.6695127515981,139.096334223629));
#2578=CARTESIAN_POINT('Ctrl Pts',(13.9652450078662,-19.7023622643349,139.248204555458));
#2579=CARTESIAN_POINT('Ctrl Pts',(13.4754617076792,-19.7448415689861,139.450051617325));
#2580=CARTESIAN_POINT('Ctrl Pts',(13.208695050817,-19.7547517210779,139.499999999993));
#2581=CARTESIAN_POINT('Ctrl Pts',(12.9583,-19.7547517210779,139.499999999993));
#2582=CARTESIAN_POINT('Origin',(12.9583,-8.58979974308141E-5,143.499999999993));
#2583=CARTESIAN_POINT('',(18.9583,-20.0561777850423,141.499999999993));
#2584=CARTESIAN_POINT('',(16.9583,-20.1556514266941,143.499999999993));
#2585=CARTESIAN_POINT('Ctrl Pts',(18.9583,-20.0561777850423,141.499999999993));
#2586=CARTESIAN_POINT('Ctrl Pts',(19.2096024155569,-20.0561777850423,141.499999999993));
#2587=CARTESIAN_POINT('Ctrl Pts',(19.477541727492,-20.0613877370904,141.550256730757));
#2588=CARTESIAN_POINT('Ctrl Pts',(19.9702510938685,-20.0801821235275,141.754415334686));
#2589=CARTESIAN_POINT('Ctrl Pts',(20.1950353018146,-20.0934926099886,141.908308177061));
#2590=CARTESIAN_POINT('Ctrl Pts',(20.5499912373586,-20.1184595968988,142.263264112605));
#2591=CARTESIAN_POINT('Ctrl Pts',(20.7038845365667,-20.1317414343451,142.488048577365));
#2592=CARTESIAN_POINT('Ctrl Pts',(20.9080434817979,-20.1504702341494,142.980758803553));
#2593=CARTESIAN_POINT('Ctrl Pts',(20.9583,-20.1556514266941,143.248698413585));
#2594=CARTESIAN_POINT('Ctrl Pts',(20.9583,-20.1556514266941,143.751301586401));
#2595=CARTESIAN_POINT('Ctrl Pts',(20.9080434817979,-20.1504702341494,144.019241196433));
#2596=CARTESIAN_POINT('Ctrl Pts',(20.7038845365667,-20.1317414343451,144.511951422621));
#2597=CARTESIAN_POINT('Ctrl Pts',(20.5499912373586,-20.1184595968988,144.736735887381));
#2598=CARTESIAN_POINT('Ctrl Pts',(20.1950353018146,-20.0934926099886,145.091691822925));
#2599=CARTESIAN_POINT('Ctrl Pts',(19.9702510938685,-20.0801821235275,145.2455846653));
#2600=CARTESIAN_POINT('Ctrl Pts',(19.477541727492,-20.0613877370904,145.449743269229));
#2601=CARTESIAN_POINT('Ctrl Pts',(19.2096024155569,-20.0561777850423,145.499999999993));
#2602=CARTESIAN_POINT('Ctrl Pts',(18.706997584443,-20.0561777850423,145.499999999993));
#2603=CARTESIAN_POINT('Ctrl Pts',(18.439058272508,-20.0613877370904,145.449743269229));
#2604=CARTESIAN_POINT('Ctrl Pts',(17.9463489061315,-20.0801821235275,145.2455846653));
#2605=CARTESIAN_POINT('Ctrl Pts',(17.7215646981854,-20.0934926099886,145.091691822925));
#2606=CARTESIAN_POINT('Ctrl Pts',(17.3666087626414,-20.1184595968988,144.736735887381));
#2607=CARTESIAN_POINT('Ctrl Pts',(17.2127154634333,-20.1317414343451,144.511951422621));
#2608=CARTESIAN_POINT('Ctrl Pts',(17.0085565182021,-20.1504702341494,144.019241196433));
#2609=CARTESIAN_POINT('Ctrl Pts',(16.9583,-20.1556514266941,143.751301586401));
#2610=CARTESIAN_POINT('Ctrl Pts',(16.9583,-20.1556514266941,143.499999999993));
#2611=CARTESIAN_POINT('Ctrl Pts',(16.9583,-20.1556514266941,143.499999999993));
#2612=CARTESIAN_POINT('Ctrl Pts',(16.9583,-20.1556514266941,143.248698413585));
#2613=CARTESIAN_POINT('Ctrl Pts',(17.0085565182021,-20.1504702341494,142.980758803553));
#2614=CARTESIAN_POINT('Ctrl Pts',(17.2127154634333,-20.1317414343451,142.488048577365));
#2615=CARTESIAN_POINT('Ctrl Pts',(17.3666087626414,-20.1184595968988,142.263264112605));
#2616=CARTESIAN_POINT('Ctrl Pts',(17.7215646981854,-20.0934926099886,141.908308177061));
#2617=CARTESIAN_POINT('Ctrl Pts',(17.9463489061314,-20.0801821235275,141.754415334686));
#2618=CARTESIAN_POINT('Ctrl Pts',(18.439058272508,-20.0613877370904,141.550256730757));
#2619=CARTESIAN_POINT('Ctrl Pts',(18.706997584443,-20.0561777850423,141.499999999993));
#2620=CARTESIAN_POINT('Ctrl Pts',(18.9583,-20.0561777850423,141.499999999993));
#2621=CARTESIAN_POINT('Origin',(22.4583,-12.5,133.499999999993));
#2622=CARTESIAN_POINT('Origin',(12.9583,-12.5,143.499999999993));
#2623=CARTESIAN_POINT('Origin',(12.9583,-12.5,143.499999999993));
#2624=CARTESIAN_POINT('Origin',(6.9583,-14.5,143.499999999993));
#2625=CARTESIAN_POINT('',(5.8583,-17.5,143.499999999993));
#2626=CARTESIAN_POINT('Origin',(6.9583,-17.5,143.499999999993));
#2627=CARTESIAN_POINT('',(5.8583,-14.5,143.499999999993));
#2628=CARTESIAN_POINT('',(5.8583,-14.5,143.499999999993));
#2629=CARTESIAN_POINT('Origin',(6.9583,-14.5,143.499999999993));
#2630=CARTESIAN_POINT('Origin',(6.9583,-17.5,143.499999999993));
#2631=CARTESIAN_POINT('',(4.9583,-17.5,143.499999999993));
#2632=CARTESIAN_POINT('Origin',(6.9583,-17.5,143.499999999993));
#2633=CARTESIAN_POINT('Origin',(12.9583,-14.5,149.499999999993));
#2634=CARTESIAN_POINT('',(11.8583,-17.5,149.499999999993));
#2635=CARTESIAN_POINT('Origin',(12.9583,-17.5,149.499999999993));
#2636=CARTESIAN_POINT('',(11.8583,-14.5,149.499999999993));
#2637=CARTESIAN_POINT('',(11.8583,-14.5,149.499999999993));
#2638=CARTESIAN_POINT('Origin',(12.9583,-14.5,149.499999999993));
#2639=CARTESIAN_POINT('Origin',(12.9583,-17.5,149.499999999993));
#2640=CARTESIAN_POINT('',(10.9583,-17.5,149.499999999993));
#2641=CARTESIAN_POINT('Origin',(12.9583,-17.5,149.499999999993));
#2642=CARTESIAN_POINT('Origin',(12.9583,-14.5,137.499999999993));
#2643=CARTESIAN_POINT('',(11.8583,-17.5,137.499999999993));
#2644=CARTESIAN_POINT('Origin',(12.9583,-17.5,137.499999999993));
#2645=CARTESIAN_POINT('',(11.8583,-14.5,137.499999999993));
#2646=CARTESIAN_POINT('',(11.8583,-14.5,137.499999999993));
#2647=CARTESIAN_POINT('Origin',(12.9583,-14.5,137.499999999993));
#2648=CARTESIAN_POINT('Origin',(12.9583,-17.5,137.499999999993));
#2649=CARTESIAN_POINT('',(10.9583,-17.5,137.499999999993));
#2650=CARTESIAN_POINT('Origin',(12.9583,-17.5,137.499999999993));
#2651=CARTESIAN_POINT('Origin',(18.9583,-14.5,143.499999999993));
#2652=CARTESIAN_POINT('',(17.8583,-17.5,143.499999999993));
#2653=CARTESIAN_POINT('Origin',(18.9583,-17.5,143.499999999993));
#2654=CARTESIAN_POINT('',(17.8583,-14.5,143.499999999993));
#2655=CARTESIAN_POINT('',(17.8583,-14.5,143.499999999993));
#2656=CARTESIAN_POINT('Origin',(18.9583,-14.5,143.499999999993));
#2657=CARTESIAN_POINT('Origin',(18.9583,-17.5,143.499999999993));
#2658=CARTESIAN_POINT('',(16.9583,-17.5,143.499999999993));
#2659=CARTESIAN_POINT('Origin',(18.9583,-17.5,143.499999999993));
#2660=CARTESIAN_POINT('Origin',(12.9583,-14.5,143.499999999993));
#2661=CARTESIAN_POINT('',(9.9583,-14.5,143.499999999993));
#2662=CARTESIAN_POINT('Origin',(12.9583,-14.5,143.499999999993));
#2663=CARTESIAN_POINT('',(9.9583,-19.9311376049613,143.499999999993));
#2664=CARTESIAN_POINT('',(9.9583,-14.5,143.499999999993));
#2665=CARTESIAN_POINT('Origin',(12.9583,-19.9311376049613,143.499999999993));
#2666=CARTESIAN_POINT('Origin',(12.9583,-19.9311376049613,143.499999999993));
#2667=CARTESIAN_POINT('Origin',(12.9583,-14.5,149.499999999993));
#2668=CARTESIAN_POINT('',(10.9583,-19.137662077515,149.499999999993));
#2669=CARTESIAN_POINT('',(10.9583,-14.5,149.499999999993));
#2670=CARTESIAN_POINT('Ctrl Pts',(10.9583,-19.137662077515,149.499999999993));
#2671=CARTESIAN_POINT('Ctrl Pts',(10.9583,-19.2165069308328,149.248516769855));
#2672=CARTESIAN_POINT('Ctrl Pts',(11.0085641107484,-19.300371550326,148.979310470856));
#2673=CARTESIAN_POINT('Ctrl Pts',(11.2158508291423,-19.4543796911467,148.481933706426));
#2674=CARTESIAN_POINT('Ctrl Pts',(11.3729379314707,-19.5245407522777,148.253795553606));
#2675=CARTESIAN_POINT('Ctrl Pts',(11.7314842988088,-19.6324694086035,147.901592160877));
#2676=CARTESIAN_POINT('Ctrl Pts',(11.953272016126,-19.6784425012524,147.750836510253));
#2677=CARTESIAN_POINT('Ctrl Pts',(12.4414148428715,-19.7395820324796,147.550004072887));
#2678=CARTESIAN_POINT('Ctrl Pts',(12.7077994570459,-19.7547517296245,147.499999999993));
#2679=CARTESIAN_POINT('Ctrl Pts',(12.9583,-19.7547517296245,147.499999999993));
#2680=CARTESIAN_POINT('Ctrl Pts',(12.9583,-18.5000000040506,151.499999999993));
#2681=CARTESIAN_POINT('Ctrl Pts',(12.707732374073,-18.5000000040506,151.499999999993));
#2682=CARTESIAN_POINT('Ctrl Pts',(12.4414064520639,-18.5162481155746,151.44996765781));
#2683=CARTESIAN_POINT('Ctrl Pts',(11.9536014028023,-18.5811512397919,151.24932380729));
#2684=CARTESIAN_POINT('Ctrl Pts',(11.7320803140157,-18.6297477266042,151.098795399225));
#2685=CARTESIAN_POINT('Ctrl Pts',(11.3736261484376,-18.742687726766,150.747088177974));
#2686=CARTESIAN_POINT('Ctrl Pts',(11.2164106617702,-18.8156208321139,150.519058954333));
#2687=CARTESIAN_POINT('Ctrl Pts',(11.008772637013,-18.9736093241085,150.021539221031));
#2688=CARTESIAN_POINT('Ctrl Pts',(10.9583,-19.0586362160053,149.752060573139));
#2689=CARTESIAN_POINT('Ctrl Pts',(10.9583,-19.137662077515,149.499999999993));
#2690=CARTESIAN_POINT('Origin',(18.9583,-14.5,143.499999999993));
#2691=CARTESIAN_POINT('',(16.9583,-14.5,143.499999999993));
#2692=CARTESIAN_POINT('Origin',(6.9583,-14.5,143.499999999993));
#2693=CARTESIAN_POINT('',(4.9583,-18.5000000040506,143.499999999993));
#2694=CARTESIAN_POINT('',(4.9583,-14.5,143.499999999993));
#2695=CARTESIAN_POINT('',(8.9583,-19.7547517296245,143.499999999993));
#2696=CARTESIAN_POINT('Ctrl Pts',(4.9583,-18.5000000040506,143.499999999993));
#2697=CARTESIAN_POINT('Ctrl Pts',(4.9583,-18.5000000040506,143.249432374066));
#2698=CARTESIAN_POINT('Ctrl Pts',(5.00833234218282,-18.5162481155746,142.983106452057));
#2699=CARTESIAN_POINT('Ctrl Pts',(5.20897619270291,-18.5811512397919,142.495301402795));
#2700=CARTESIAN_POINT('Ctrl Pts',(5.35950460076781,-18.6297477266042,142.273780314009));
#2701=CARTESIAN_POINT('Ctrl Pts',(5.7112118220195,-18.742687726766,141.915326148431));
#2702=CARTESIAN_POINT('Ctrl Pts',(5.93924104565991,-18.8156208321139,141.758110661763));
#2703=CARTESIAN_POINT('Ctrl Pts',(6.43676077896198,-18.9736093241085,141.550472637006));
#2704=CARTESIAN_POINT('Ctrl Pts',(6.70623942685391,-19.0586362160053,141.499999999993));
#2705=CARTESIAN_POINT('Ctrl Pts',(7.20978323013817,-19.2165069308328,141.499999999993));
#2706=CARTESIAN_POINT('Ctrl Pts',(7.47898952913745,-19.300371550326,141.550264110741));
#2707=CARTESIAN_POINT('Ctrl Pts',(7.97636629356696,-19.4543796911467,141.757550829135));
#2708=CARTESIAN_POINT('Ctrl Pts',(8.20450444638703,-19.5245407522777,141.914637931464));
#2709=CARTESIAN_POINT('Ctrl Pts',(8.55670783911625,-19.6324694086035,142.273184298802));
#2710=CARTESIAN_POINT('Ctrl Pts',(8.70746348974016,-19.6784425012524,142.494972016119));
#2711=CARTESIAN_POINT('Ctrl Pts',(8.90829592710633,-19.7395820324796,142.983114842865));
#2712=CARTESIAN_POINT('Ctrl Pts',(8.95829999999999,-19.7547517296245,143.249499457039));
#2713=CARTESIAN_POINT('Ctrl Pts',(8.9583,-19.7547517296245,143.499999999993));
#2714=CARTESIAN_POINT('Ctrl Pts',(8.9583,-19.7547517296245,143.499999999993));
#2715=CARTESIAN_POINT('Ctrl Pts',(8.9583,-19.7547517296245,143.750500542947));
#2716=CARTESIAN_POINT('Ctrl Pts',(8.90829592710634,-19.7395820324796,144.016885157121));
#2717=CARTESIAN_POINT('Ctrl Pts',(8.70746348974016,-19.6784425012524,144.505027983867));
#2718=CARTESIAN_POINT('Ctrl Pts',(8.55670783911625,-19.6324694086035,144.726815701184));
#2719=CARTESIAN_POINT('Ctrl Pts',(8.20450444638703,-19.5245407522777,145.085362068522));
#2720=CARTESIAN_POINT('Ctrl Pts',(7.97636629356696,-19.4543796911467,145.242449170851));
#2721=CARTESIAN_POINT('Ctrl Pts',(7.47898952913746,-19.300371550326,145.449735889245));
#2722=CARTESIAN_POINT('Ctrl Pts',(7.20978323013817,-19.2165069308328,145.499999999993));
#2723=CARTESIAN_POINT('Ctrl Pts',(6.70623942685391,-19.0586362160053,145.499999999993));
#2724=CARTESIAN_POINT('Ctrl Pts',(6.43676077896198,-18.9736093241085,145.44952736298));
#2725=CARTESIAN_POINT('Ctrl Pts',(5.93924104565991,-18.8156208321139,145.241889338223));
#2726=CARTESIAN_POINT('Ctrl Pts',(5.7112118220195,-18.742687726766,145.084673851555));
#2727=CARTESIAN_POINT('Ctrl Pts',(5.35950460076781,-18.6297477266042,144.726219685977));
#2728=CARTESIAN_POINT('Ctrl Pts',(5.20897619270291,-18.5811512397919,144.504698597191));
#2729=CARTESIAN_POINT('Ctrl Pts',(5.00833234218283,-18.5162481155746,144.016893547929));
#2730=CARTESIAN_POINT('Ctrl Pts',(4.95830000000001,-18.5000000040506,143.75056762592));
#2731=CARTESIAN_POINT('Ctrl Pts',(4.9583,-18.5000000040506,143.499999999993));
#2732=CARTESIAN_POINT('Origin',(12.9583,-14.5,137.499999999993));
#2733=CARTESIAN_POINT('',(10.9583,-19.137662077515,137.499999999993));
#2734=CARTESIAN_POINT('',(10.9583,-14.5,137.499999999993));
#2735=CARTESIAN_POINT('Ctrl Pts',(10.9583,-19.137662077515,137.499999999993));
#2736=CARTESIAN_POINT('Ctrl Pts',(10.9583,-19.0586362160053,137.247939426847));
#2737=CARTESIAN_POINT('Ctrl Pts',(11.008772637013,-18.9736093241085,136.978460778955));
#2738=CARTESIAN_POINT('Ctrl Pts',(11.2164106617702,-18.8156208321139,136.480941045653));
#2739=CARTESIAN_POINT('Ctrl Pts',(11.3736261484376,-18.742687726766,136.252911822012));
#2740=CARTESIAN_POINT('Ctrl Pts',(11.7320803140157,-18.6297477266042,135.901204600761));
#2741=CARTESIAN_POINT('Ctrl Pts',(11.9536014028023,-18.5811512397919,135.750676192696));
#2742=CARTESIAN_POINT('Ctrl Pts',(12.4414064520639,-18.5162481155746,135.550032342176));
#2743=CARTESIAN_POINT('Ctrl Pts',(12.707732374073,-18.5000000040506,135.499999999993));
#2744=CARTESIAN_POINT('Ctrl Pts',(12.9583,-18.5000000040506,135.499999999993));
#2745=CARTESIAN_POINT('Ctrl Pts',(12.9583,-19.7547517296245,139.499999999993));
#2746=CARTESIAN_POINT('Ctrl Pts',(12.7077994570459,-19.7547517296245,139.499999999993));
#2747=CARTESIAN_POINT('Ctrl Pts',(12.4414148428716,-19.7395820324796,139.449995927099));
#2748=CARTESIAN_POINT('Ctrl Pts',(11.953272016126,-19.6784425012524,139.249163489733));
#2749=CARTESIAN_POINT('Ctrl Pts',(11.7314842988088,-19.6324694086035,139.098407839109));
#2750=CARTESIAN_POINT('Ctrl Pts',(11.3729379314707,-19.5245407522777,138.74620444638));
#2751=CARTESIAN_POINT('Ctrl Pts',(11.2158508291423,-19.4543796911467,138.51806629356));
#2752=CARTESIAN_POINT('Ctrl Pts',(11.0085641107484,-19.300371550326,138.02068952913));
#2753=CARTESIAN_POINT('Ctrl Pts',(10.9583,-19.2165069308328,137.751483230131));
#2754=CARTESIAN_POINT('Ctrl Pts',(10.9583,-19.137662077515,137.499999999993));
#2755=CARTESIAN_POINT('Origin',(12.9583,-12.5,143.499999999993));
#2756=CARTESIAN_POINT('Origin',(12.9583,-14.5,143.499999999993));
#2757=CARTESIAN_POINT('Origin',(12.9583,-14.5,143.499999999993));
#2758=CARTESIAN_POINT('Origin',(12.9583,-8.59728763002998E-5,143.499999999993));
#2759=CARTESIAN_POINT('Origin',(28.9583,35.75,135.499999999993));
#2760=CARTESIAN_POINT('',(28.9583,35.75,135.499999999993));
#2761=CARTESIAN_POINT('',(28.9583,24.125,135.499999999993));
#2762=CARTESIAN_POINT('',(27.4583,35.75,135.499999999993));
#2763=CARTESIAN_POINT('',(28.9583,35.75,135.499999999993));
#2764=CARTESIAN_POINT('',(27.4583,-35.75,135.499999999993));
#2765=CARTESIAN_POINT('Origin',(28.9583,35.75,136.999999999993));
#2766=CARTESIAN_POINT('',(28.9583,35.75,136.999999999993));
#2767=CARTESIAN_POINT('',(28.9583,35.75,135.249999999993));
#2768=CARTESIAN_POINT('',(27.4583,35.75,136.999999999993));
#2769=CARTESIAN_POINT('',(28.9583,35.75,136.999999999993));
#2770=CARTESIAN_POINT('',(27.4583,35.75,136.999999999993));
#2771=CARTESIAN_POINT('Origin',(28.9583,38.25,136.999999999993));
#2772=CARTESIAN_POINT('',(28.9583,38.25,139.499999999993));
#2773=CARTESIAN_POINT('Origin',(28.9583,38.25,136.999999999993));
#2774=CARTESIAN_POINT('',(27.4583,38.25,139.499999999993));
#2775=CARTESIAN_POINT('',(28.9583,38.25,139.499999999993));
#2776=CARTESIAN_POINT('Origin',(27.4583,38.25,136.999999999993));
#2777=CARTESIAN_POINT('Origin',(28.9583,39.05,139.499999999993));
#2778=CARTESIAN_POINT('',(28.9583,39.05,139.499999999993));
#2779=CARTESIAN_POINT('',(28.9583,25.775,139.499999999993));
#2780=CARTESIAN_POINT('',(27.4583,39.05,139.499999999993));
#2781=CARTESIAN_POINT('',(28.9583,39.05,139.499999999993));
#2782=CARTESIAN_POINT('',(27.4583,39.05,139.499999999993));
#2783=CARTESIAN_POINT('Origin',(28.9583,39.05,147.499999999993));
#2784=CARTESIAN_POINT('',(28.9583,39.05,147.499999999993));
#2785=CARTESIAN_POINT('',(28.9583,39.05,140.499999999993));
#2786=CARTESIAN_POINT('',(27.4583,39.05,147.499999999993));
#2787=CARTESIAN_POINT('',(28.9583,39.05,147.499999999993));
#2788=CARTESIAN_POINT('',(27.4583,39.05,147.499999999993));
#2789=CARTESIAN_POINT('Origin',(28.9583,38.25,147.499999999993));
#2790=CARTESIAN_POINT('',(28.9583,38.25,147.499999999993));
#2791=CARTESIAN_POINT('',(28.9583,25.375,147.499999999993));
#2792=CARTESIAN_POINT('',(27.4583,38.25,147.499999999993));
#2793=CARTESIAN_POINT('',(28.9583,38.25,147.499999999993));
#2794=CARTESIAN_POINT('',(27.4583,38.25,147.499999999993));
#2795=CARTESIAN_POINT('Origin',(28.9583,38.25,149.999999999993));
#2796=CARTESIAN_POINT('',(28.9583,35.75,149.999999999993));
#2797=CARTESIAN_POINT('Origin',(28.9583,38.25,149.999999999993));
#2798=CARTESIAN_POINT('',(27.4583,35.75,149.999999999993));
#2799=CARTESIAN_POINT('',(28.9583,35.75,149.999999999993));
#2800=CARTESIAN_POINT('Origin',(27.4583,38.25,149.999999999993));
#2801=CARTESIAN_POINT('Origin',(28.9583,35.75,151.499999999993));
#2802=CARTESIAN_POINT('',(28.9583,35.75,151.499999999993));
#2803=CARTESIAN_POINT('',(28.9583,35.75,142.499999999993));
#2804=CARTESIAN_POINT('',(27.4583,35.75,151.499999999993));
#2805=CARTESIAN_POINT('',(28.9583,35.75,151.499999999993));
#2806=CARTESIAN_POINT('',(27.4583,35.75,151.499999999993));
#2807=CARTESIAN_POINT('Origin',(28.9583,0.,151.499999999993));
#2808=CARTESIAN_POINT('',(28.9583,6.25,151.499999999993));
#2809=CARTESIAN_POINT('',(27.4583,0.,151.499999999993));
#2810=CARTESIAN_POINT('Origin',(27.4583,19.525,143.499999999993));
#2811=CARTESIAN_POINT('Origin',(28.9583,12.5,133.499999999993));
#2812=CARTESIAN_POINT('',(28.9583,40.05,135.199999999993));
#2813=CARTESIAN_POINT('',(28.9583,26.275,135.199999999993));
#2814=CARTESIAN_POINT('',(28.9583,40.05,151.799999999993));
#2815=CARTESIAN_POINT('',(28.9583,40.05,142.649999999993));
#2816=CARTESIAN_POINT('',(28.9583,6.25,151.799999999993));
#2817=CARTESIAN_POINT('',(28.9583,37.15,149.999999999993));
#2818=CARTESIAN_POINT('Origin',(28.9583,38.25,149.999999999993));
#2819=CARTESIAN_POINT('',(28.9583,37.15,136.999999999993));
#2820=CARTESIAN_POINT('Origin',(28.9583,38.25,136.999999999993));
#2821=CARTESIAN_POINT('Origin',(28.9583,40.05,151.799999999993));
#2822=CARTESIAN_POINT('',(28.9583,40.05,135.199999999993));
#2823=CARTESIAN_POINT('',(28.9583,40.05,151.799999999993));
#2824=CARTESIAN_POINT('Origin',(28.9583,0.,151.799999999993));
#2825=CARTESIAN_POINT('Origin',(28.9583,40.05,135.199999999993));
#2826=CARTESIAN_POINT('Origin',(28.9583,38.25,136.999999999993));
#2827=CARTESIAN_POINT('',(26.9583,37.15,136.999999999993));
#2828=CARTESIAN_POINT('Origin',(26.9583,38.25,136.999999999993));
#2829=CARTESIAN_POINT('',(28.9583,37.15,136.999999999993));
#2830=CARTESIAN_POINT('Origin',(26.9583,38.25,136.999999999993));
#2831=CARTESIAN_POINT('',(26.9583,36.25,136.999999999993));
#2832=CARTESIAN_POINT('Origin',(26.9583,38.25,136.999999999993));
#2833=CARTESIAN_POINT('Origin',(28.9583,38.25,149.999999999993));
#2834=CARTESIAN_POINT('',(26.9583,37.15,149.999999999993));
#2835=CARTESIAN_POINT('Origin',(26.9583,38.25,149.999999999993));
#2836=CARTESIAN_POINT('',(28.9583,37.15,149.999999999993));
#2837=CARTESIAN_POINT('Origin',(26.9583,38.25,149.999999999993));
#2838=CARTESIAN_POINT('',(26.9583,36.25,149.999999999993));
#2839=CARTESIAN_POINT('Origin',(26.9583,38.25,149.999999999993));
#2840=CARTESIAN_POINT('Origin',(28.9583,38.25,149.999999999993));
#2841=CARTESIAN_POINT('',(28.9583,36.25,149.999999999993));
#2842=CARTESIAN_POINT('Origin',(28.9583,38.25,136.999999999993));
#2843=CARTESIAN_POINT('',(28.9583,36.25,136.999999999993));
#2844=CARTESIAN_POINT('Origin',(26.9583,41.75,153.499999999993));
#2845=CARTESIAN_POINT('Origin',(1.15591265801324,12.5,151.599999999993));
#2846=CARTESIAN_POINT('',(7.09400123544173,14.5,151.599999999993));
#2847=CARTESIAN_POINT('',(7.0940012354417,12.5,151.599999999993));
#2848=CARTESIAN_POINT('',(7.0940012354417,14.9999975457607,151.599999999993));
#2849=CARTESIAN_POINT('',(12.9583,14.5,151.599999999993));
#2850=CARTESIAN_POINT('',(4.10650949350993,14.5,151.599999999993));
#2851=CARTESIAN_POINT('',(12.9583,12.5,151.599999999993));
#2852=CARTESIAN_POINT('',(12.9583,12.5,151.599999999993));
#2853=CARTESIAN_POINT('',(11.8071063290066,12.5,151.599999999993));
#2854=CARTESIAN_POINT('Origin',(12.9583,12.5,135.399999999993));
#2855=CARTESIAN_POINT('',(7.0940012354417,12.5,135.399999999993));
#2856=CARTESIAN_POINT('',(7.09400123544173,14.5,135.399999999993));
#2857=CARTESIAN_POINT('',(7.0940012354417,14.9999975457607,135.399999999993));
#2858=CARTESIAN_POINT('',(12.9583,12.5,135.399999999993));
#2859=CARTESIAN_POINT('',(17.7083,12.5,135.399999999993));
#2860=CARTESIAN_POINT('',(12.9583,14.5,135.399999999993));
#2861=CARTESIAN_POINT('',(12.9583,12.5,135.399999999993));
#2862=CARTESIAN_POINT('',(10.0077031645033,14.5,135.399999999993));
#2863=CARTESIAN_POINT('Origin',(12.9583,14.9999975457607,143.499999999993));
#2864=CARTESIAN_POINT('Origin',(12.9583,14.5,143.499999999993));
#2865=CARTESIAN_POINT('Origin',(12.9583,12.5,143.499999999993));
#2866=CARTESIAN_POINT('Origin',(12.9583,17.4999950915214,143.499999999993));
#2867=CARTESIAN_POINT('Origin',(12.9583,12.5,143.499999999993));
#2868=CARTESIAN_POINT('Origin',(22.4583,8.58979974308141E-5,143.499999999993));
#2869=CARTESIAN_POINT('',(12.9583,18.500000000003,135.499999999993));
#2870=CARTESIAN_POINT('Origin',(12.9583,8.58979974308141E-5,143.499999999993));
#2871=CARTESIAN_POINT('',(12.9583,19.7547517210779,139.499999999993));
#2872=CARTESIAN_POINT('Ctrl Pts',(12.9583,18.500000000003,135.499999999993));
#2873=CARTESIAN_POINT('Ctrl Pts',(13.2094708892624,18.500000000003,135.499999999993));
#2874=CARTESIAN_POINT('Ctrl Pts',(13.4755858538248,18.5219750736494,135.550270266851));
#2875=CARTESIAN_POINT('Ctrl Pts',(13.9616103781408,18.6064430759264,135.750028785851));
#2876=CARTESIAN_POINT('Ctrl Pts',(14.1816511644671,18.6685184397179,135.899374058003));
#2877=CARTESIAN_POINT('Ctrl Pts',(14.5393525084706,18.8069369159511,136.248334981566));
#2878=CARTESIAN_POINT('Ctrl Pts',(14.6971705739455,18.8938664600244,136.475626610799));
#2879=CARTESIAN_POINT('Ctrl Pts',(14.9066605092387,19.0716687456574,136.973784165956));
#2880=CARTESIAN_POINT('Ctrl Pts',(14.9583,19.1622930921501,137.244752328605));
#2881=CARTESIAN_POINT('Ctrl Pts',(14.9583,19.3194781766211,137.748839624055));
#2882=CARTESIAN_POINT('Ctrl Pts',(14.9089782720649,19.3971808913653,138.016786219571));
#2883=CARTESIAN_POINT('Ctrl Pts',(14.7033831116871,19.5307374522621,138.513360111446));
#2884=CARTESIAN_POINT('Ctrl Pts',(14.5469885713442,19.5868532005388,138.741866776418));
#2885=CARTESIAN_POINT('Ctrl Pts',(14.1882489770895,19.6695127515981,139.096334223629));
#2886=CARTESIAN_POINT('Ctrl Pts',(13.9652450078662,19.7023622643349,139.248204555458));
#2887=CARTESIAN_POINT('Ctrl Pts',(13.4754617076792,19.7448415689861,139.450051617325));
#2888=CARTESIAN_POINT('Ctrl Pts',(13.208695050817,19.7547517210779,139.499999999993));
#2889=CARTESIAN_POINT('Ctrl Pts',(12.9583,19.7547517210779,139.499999999993));
#2890=CARTESIAN_POINT('',(12.9583,19.9311375958278,140.499999999993));
#2891=CARTESIAN_POINT('Origin',(12.9583,8.58979974308141E-5,143.499999999993));
#2892=CARTESIAN_POINT('',(12.9583,19.9311375958278,146.499999999993));
#2893=CARTESIAN_POINT('Ctrl Pts',(12.9583,19.9311375958278,140.499999999993));
#2894=CARTESIAN_POINT('Ctrl Pts',(13.335592669493,19.9311375958278,140.499999999993));
#2895=CARTESIAN_POINT('Ctrl Pts',(13.7376443674748,19.9429576369236,140.57551699209));
#2896=CARTESIAN_POINT('Ctrl Pts',(14.4766126899043,19.9854812774883,140.881850777026));
#2897=CARTESIAN_POINT('Ctrl Pts',(14.8135780887203,20.0155522398653,141.112637401594));
#2898=CARTESIAN_POINT('Ctrl Pts',(15.3456581027091,20.0718650212292,141.644717415583));
#2899=CARTESIAN_POINT('Ctrl Pts',(15.5764482536732,20.1017899692041,141.981684754908));
#2900=CARTESIAN_POINT('Ctrl Pts',(15.8827846056124,20.1439786808464,142.720659703626));
#2901=CARTESIAN_POINT('Ctrl Pts',(15.9583,20.1556514266941,143.122713706144));
#2902=CARTESIAN_POINT('Ctrl Pts',(15.9583,20.1556514266941,143.877286293842));
#2903=CARTESIAN_POINT('Ctrl Pts',(15.8827846056124,20.1439786808464,144.27934029636));
#2904=CARTESIAN_POINT('Ctrl Pts',(15.5764482536732,20.1017899692041,145.018315245078));
#2905=CARTESIAN_POINT('Ctrl Pts',(15.3456581027091,20.0718650212292,145.355282584403));
#2906=CARTESIAN_POINT('Ctrl Pts',(14.8135780887203,20.0155522398653,145.887362598392));
#2907=CARTESIAN_POINT('Ctrl Pts',(14.4766126899043,19.9854812774883,146.11814922296));
#2908=CARTESIAN_POINT('Ctrl Pts',(13.7376443674748,19.9429576369236,146.424483007896));
#2909=CARTESIAN_POINT('Ctrl Pts',(13.335592669493,19.9311375958278,146.499999999993));
#2910=CARTESIAN_POINT('Ctrl Pts',(12.9583,19.9311375958278,146.499999999993));
#2911=CARTESIAN_POINT('',(12.9583,19.7547517210779,147.499999999993));
#2912=CARTESIAN_POINT('Origin',(12.9583,8.58979974308141E-5,143.499999999993));
#2913=CARTESIAN_POINT('',(12.9583,18.500000000003,151.499999999993));
#2914=CARTESIAN_POINT('Ctrl Pts',(12.9583,19.7547517210779,147.499999999993));
#2915=CARTESIAN_POINT('Ctrl Pts',(13.208695050817,19.7547517210779,147.499999999993));
#2916=CARTESIAN_POINT('Ctrl Pts',(13.4754617076792,19.7448415689861,147.549948382661));
#2917=CARTESIAN_POINT('Ctrl Pts',(13.9652450078662,19.7023622643349,147.751795444528));
#2918=CARTESIAN_POINT('Ctrl Pts',(14.1882489770895,19.6695127515981,147.903665776357));
#2919=CARTESIAN_POINT('Ctrl Pts',(14.5469885713442,19.5868532005388,148.258133223568));
#2920=CARTESIAN_POINT('Ctrl Pts',(14.7033831116871,19.5307374522621,148.48663988854));
#2921=CARTESIAN_POINT('Ctrl Pts',(14.9089782720649,19.3971808913653,148.983213780415));
#2922=CARTESIAN_POINT('Ctrl Pts',(14.9583,19.3194781766211,149.251160375931));
#2923=CARTESIAN_POINT('Ctrl Pts',(14.9583,19.1622930921501,149.755247671381));
#2924=CARTESIAN_POINT('Ctrl Pts',(14.9066605092387,19.0716687456574,150.02621583403));
#2925=CARTESIAN_POINT('Ctrl Pts',(14.6971705739455,18.8938664600244,150.524373389187));
#2926=CARTESIAN_POINT('Ctrl Pts',(14.5393525084706,18.8069369159511,150.75166501842));
#2927=CARTESIAN_POINT('Ctrl Pts',(14.1816511644671,18.6685184397179,151.100625941983));
#2928=CARTESIAN_POINT('Ctrl Pts',(13.9616103781408,18.6064430759264,151.249971214135));
#2929=CARTESIAN_POINT('Ctrl Pts',(13.4755858538247,18.5219750736494,151.449729733135));
#2930=CARTESIAN_POINT('Ctrl Pts',(13.2094708892624,18.500000000003,151.499999999993));
#2931=CARTESIAN_POINT('Ctrl Pts',(12.9583,18.500000000003,151.499999999993));
#2932=CARTESIAN_POINT('Origin',(12.9583,8.58979974308141E-5,143.499999999993));
#2933=CARTESIAN_POINT('',(18.9583,20.0561777850423,141.499999999993));
#2934=CARTESIAN_POINT('',(16.9583,20.1556514266941,143.499999999993));
#2935=CARTESIAN_POINT('Ctrl Pts',(18.9583,20.0561777850423,141.499999999993));
#2936=CARTESIAN_POINT('Ctrl Pts',(19.2096024155569,20.0561777850423,141.499999999993));
#2937=CARTESIAN_POINT('Ctrl Pts',(19.477541727492,20.0613877370904,141.550256730757));
#2938=CARTESIAN_POINT('Ctrl Pts',(19.9702510938685,20.0801821235275,141.754415334686));
#2939=CARTESIAN_POINT('Ctrl Pts',(20.1950353018146,20.0934926099886,141.908308177061));
#2940=CARTESIAN_POINT('Ctrl Pts',(20.5499912373586,20.1184595968988,142.263264112605));
#2941=CARTESIAN_POINT('Ctrl Pts',(20.7038845365667,20.1317414343451,142.488048577365));
#2942=CARTESIAN_POINT('Ctrl Pts',(20.9080434817979,20.1504702341494,142.980758803553));
#2943=CARTESIAN_POINT('Ctrl Pts',(20.9583,20.1556514266941,143.248698413585));
#2944=CARTESIAN_POINT('Ctrl Pts',(20.9583,20.1556514266941,143.751301586401));
#2945=CARTESIAN_POINT('Ctrl Pts',(20.9080434817979,20.1504702341494,144.019241196433));
#2946=CARTESIAN_POINT('Ctrl Pts',(20.7038845365667,20.1317414343451,144.511951422621));
#2947=CARTESIAN_POINT('Ctrl Pts',(20.5499912373586,20.1184595968988,144.736735887381));
#2948=CARTESIAN_POINT('Ctrl Pts',(20.1950353018146,20.0934926099886,145.091691822925));
#2949=CARTESIAN_POINT('Ctrl Pts',(19.9702510938685,20.0801821235275,145.2455846653));
#2950=CARTESIAN_POINT('Ctrl Pts',(19.477541727492,20.0613877370904,145.449743269229));
#2951=CARTESIAN_POINT('Ctrl Pts',(19.2096024155569,20.0561777850423,145.499999999993));
#2952=CARTESIAN_POINT('Ctrl Pts',(18.706997584443,20.0561777850423,145.499999999993));
#2953=CARTESIAN_POINT('Ctrl Pts',(18.439058272508,20.0613877370904,145.449743269229));
#2954=CARTESIAN_POINT('Ctrl Pts',(17.9463489061315,20.0801821235275,145.2455846653));
#2955=CARTESIAN_POINT('Ctrl Pts',(17.7215646981854,20.0934926099886,145.091691822925));
#2956=CARTESIAN_POINT('Ctrl Pts',(17.3666087626414,20.1184595968988,144.736735887381));
#2957=CARTESIAN_POINT('Ctrl Pts',(17.2127154634333,20.1317414343451,144.511951422621));
#2958=CARTESIAN_POINT('Ctrl Pts',(17.0085565182021,20.1504702341494,144.019241196433));
#2959=CARTESIAN_POINT('Ctrl Pts',(16.9583,20.1556514266941,143.751301586401));
#2960=CARTESIAN_POINT('Ctrl Pts',(16.9583,20.1556514266941,143.499999999993));
#2961=CARTESIAN_POINT('Ctrl Pts',(16.9583,20.1556514266941,143.499999999993));
#2962=CARTESIAN_POINT('Ctrl Pts',(16.9583,20.1556514266941,143.248698413585));
#2963=CARTESIAN_POINT('Ctrl Pts',(17.0085565182021,20.1504702341494,142.980758803553));
#2964=CARTESIAN_POINT('Ctrl Pts',(17.2127154634333,20.1317414343451,142.488048577365));
#2965=CARTESIAN_POINT('Ctrl Pts',(17.3666087626414,20.1184595968988,142.263264112605));
#2966=CARTESIAN_POINT('Ctrl Pts',(17.7215646981854,20.0934926099886,141.908308177061));
#2967=CARTESIAN_POINT('Ctrl Pts',(17.9463489061314,20.0801821235275,141.754415334686));
#2968=CARTESIAN_POINT('Ctrl Pts',(18.439058272508,20.0613877370904,141.550256730757));
#2969=CARTESIAN_POINT('Ctrl Pts',(18.706997584443,20.0561777850423,141.499999999993));
#2970=CARTESIAN_POINT('Ctrl Pts',(18.9583,20.0561777850423,141.499999999993));
#2971=CARTESIAN_POINT('Origin',(12.9583,12.5,143.499999999993));
#2972=CARTESIAN_POINT('Origin',(12.9583,12.5,143.499999999993));
#2973=CARTESIAN_POINT('Origin',(22.4583,12.5,133.499999999993));
#2974=CARTESIAN_POINT('Origin',(12.9583,12.5,143.499999999993));
#2975=CARTESIAN_POINT('Origin',(6.9583,14.5,143.499999999993));
#2976=CARTESIAN_POINT('',(5.8583,17.5,143.499999999993));
#2977=CARTESIAN_POINT('Origin',(6.9583,17.5,143.499999999993));
#2978=CARTESIAN_POINT('',(5.8583,14.5,143.499999999993));
#2979=CARTESIAN_POINT('',(5.8583,14.5,143.499999999993));
#2980=CARTESIAN_POINT('Origin',(6.9583,14.5,143.499999999993));
#2981=CARTESIAN_POINT('Origin',(6.9583,17.5,143.499999999993));
#2982=CARTESIAN_POINT('',(4.9583,17.5,143.499999999993));
#2983=CARTESIAN_POINT('Origin',(6.9583,17.5,143.499999999993));
#2984=CARTESIAN_POINT('Origin',(12.9583,14.5,149.499999999993));
#2985=CARTESIAN_POINT('',(11.8583,17.5,149.499999999993));
#2986=CARTESIAN_POINT('Origin',(12.9583,17.5,149.499999999993));
#2987=CARTESIAN_POINT('',(11.8583,14.5,149.499999999993));
#2988=CARTESIAN_POINT('',(11.8583,14.5,149.499999999993));
#2989=CARTESIAN_POINT('Origin',(12.9583,14.5,149.499999999993));
#2990=CARTESIAN_POINT('Origin',(12.9583,17.5,149.499999999993));
#2991=CARTESIAN_POINT('',(10.9583,17.5,149.499999999993));
#2992=CARTESIAN_POINT('Origin',(12.9583,17.5,149.499999999993));
#2993=CARTESIAN_POINT('Origin',(12.9583,14.5,137.499999999993));
#2994=CARTESIAN_POINT('',(11.8583,17.5,137.499999999993));
#2995=CARTESIAN_POINT('Origin',(12.9583,17.5,137.499999999993));
#2996=CARTESIAN_POINT('',(11.8583,14.5,137.499999999993));
#2997=CARTESIAN_POINT('',(11.8583,14.5,137.499999999993));
#2998=CARTESIAN_POINT('Origin',(12.9583,14.5,137.499999999993));
#2999=CARTESIAN_POINT('Origin',(12.9583,17.5,137.499999999993));
#3000=CARTESIAN_POINT('',(10.9583,17.5,137.499999999993));
#3001=CARTESIAN_POINT('Origin',(12.9583,17.5,137.499999999993));
#3002=CARTESIAN_POINT('Origin',(18.9583,14.5,143.499999999993));
#3003=CARTESIAN_POINT('',(17.8583,17.5,143.499999999993));
#3004=CARTESIAN_POINT('Origin',(18.9583,17.5,143.499999999993));
#3005=CARTESIAN_POINT('',(17.8583,14.5,143.499999999993));
#3006=CARTESIAN_POINT('',(17.8583,14.5,143.499999999993));
#3007=CARTESIAN_POINT('Origin',(18.9583,14.5,143.499999999993));
#3008=CARTESIAN_POINT('Origin',(18.9583,17.5,143.499999999993));
#3009=CARTESIAN_POINT('',(16.9583,17.5,143.499999999993));
#3010=CARTESIAN_POINT('Origin',(18.9583,17.5,143.499999999993));
#3011=CARTESIAN_POINT('Origin',(12.9583,14.5,143.499999999993));
#3012=CARTESIAN_POINT('',(9.9583,14.5,143.499999999993));
#3013=CARTESIAN_POINT('Origin',(12.9583,14.5,143.499999999993));
#3014=CARTESIAN_POINT('',(9.9583,19.9311376049613,143.499999999993));
#3015=CARTESIAN_POINT('',(9.9583,14.5,143.499999999993));
#3016=CARTESIAN_POINT('Origin',(12.9583,19.9311376049613,143.499999999993));
#3017=CARTESIAN_POINT('Origin',(12.9583,19.9311376049613,143.499999999993));
#3018=CARTESIAN_POINT('Origin',(12.9583,14.5,149.499999999993));
#3019=CARTESIAN_POINT('',(10.9583,19.137662077515,149.499999999993));
#3020=CARTESIAN_POINT('',(10.9583,14.5,149.499999999993));
#3021=CARTESIAN_POINT('Ctrl Pts',(12.9583,18.5000000040506,151.499999999993));
#3022=CARTESIAN_POINT('Ctrl Pts',(12.707732374073,18.5000000040506,151.499999999993));
#3023=CARTESIAN_POINT('Ctrl Pts',(12.4414064520639,18.5162481155746,151.44996765781));
#3024=CARTESIAN_POINT('Ctrl Pts',(11.9536014028023,18.5811512397919,151.24932380729));
#3025=CARTESIAN_POINT('Ctrl Pts',(11.7320803140157,18.6297477266042,151.098795399225));
#3026=CARTESIAN_POINT('Ctrl Pts',(11.3736261484376,18.742687726766,150.747088177974));
#3027=CARTESIAN_POINT('Ctrl Pts',(11.2164106617702,18.8156208321139,150.519058954333));
#3028=CARTESIAN_POINT('Ctrl Pts',(11.008772637013,18.9736093241085,150.021539221031));
#3029=CARTESIAN_POINT('Ctrl Pts',(10.9583,19.0586362160053,149.752060573139));
#3030=CARTESIAN_POINT('Ctrl Pts',(10.9583,19.137662077515,149.499999999993));
#3031=CARTESIAN_POINT('Ctrl Pts',(10.9583,19.137662077515,149.499999999993));
#3032=CARTESIAN_POINT('Ctrl Pts',(10.9583,19.2165069308328,149.248516769855));
#3033=CARTESIAN_POINT('Ctrl Pts',(11.0085641107484,19.300371550326,148.979310470856));
#3034=CARTESIAN_POINT('Ctrl Pts',(11.2158508291423,19.4543796911467,148.481933706426));
#3035=CARTESIAN_POINT('Ctrl Pts',(11.3729379314707,19.5245407522777,148.253795553606));
#3036=CARTESIAN_POINT('Ctrl Pts',(11.7314842988088,19.6324694086035,147.901592160877));
#3037=CARTESIAN_POINT('Ctrl Pts',(11.953272016126,19.6784425012524,147.750836510253));
#3038=CARTESIAN_POINT('Ctrl Pts',(12.4414148428715,19.7395820324796,147.550004072887));
#3039=CARTESIAN_POINT('Ctrl Pts',(12.7077994570459,19.7547517296245,147.499999999993));
#3040=CARTESIAN_POINT('Ctrl Pts',(12.9583,19.7547517296245,147.499999999993));
#3041=CARTESIAN_POINT('Origin',(18.9583,14.5,143.499999999993));
#3042=CARTESIAN_POINT('',(16.9583,14.5,143.499999999993));
#3043=CARTESIAN_POINT('Origin',(6.9583,14.5,143.499999999993));
#3044=CARTESIAN_POINT('',(4.9583,18.5000000040506,143.499999999993));
#3045=CARTESIAN_POINT('',(4.9583,14.5,143.499999999993));
#3046=CARTESIAN_POINT('',(8.9583,19.7547517296245,143.499999999993));
#3047=CARTESIAN_POINT('Ctrl Pts',(8.9583,19.7547517296245,143.499999999993));
#3048=CARTESIAN_POINT('Ctrl Pts',(8.9583,19.7547517296245,143.750500542947));
#3049=CARTESIAN_POINT('Ctrl Pts',(8.90829592710634,19.7395820324796,144.016885157121));
#3050=CARTESIAN_POINT('Ctrl Pts',(8.70746348974016,19.6784425012524,144.505027983867));
#3051=CARTESIAN_POINT('Ctrl Pts',(8.55670783911625,19.6324694086035,144.726815701184));
#3052=CARTESIAN_POINT('Ctrl Pts',(8.20450444638703,19.5245407522777,145.085362068522));
#3053=CARTESIAN_POINT('Ctrl Pts',(7.97636629356696,19.4543796911467,145.242449170851));
#3054=CARTESIAN_POINT('Ctrl Pts',(7.47898952913746,19.300371550326,145.449735889245));
#3055=CARTESIAN_POINT('Ctrl Pts',(7.20978323013817,19.2165069308328,145.499999999993));
#3056=CARTESIAN_POINT('Ctrl Pts',(6.70623942685391,19.0586362160053,145.499999999993));
#3057=CARTESIAN_POINT('Ctrl Pts',(6.43676077896198,18.9736093241085,145.44952736298));
#3058=CARTESIAN_POINT('Ctrl Pts',(5.93924104565991,18.8156208321139,145.241889338223));
#3059=CARTESIAN_POINT('Ctrl Pts',(5.7112118220195,18.742687726766,145.084673851555));
#3060=CARTESIAN_POINT('Ctrl Pts',(5.35950460076781,18.6297477266042,144.726219685977));
#3061=CARTESIAN_POINT('Ctrl Pts',(5.20897619270291,18.5811512397919,144.504698597191));
#3062=CARTESIAN_POINT('Ctrl Pts',(5.00833234218283,18.5162481155746,144.016893547929));
#3063=CARTESIAN_POINT('Ctrl Pts',(4.95830000000001,18.5000000040506,143.75056762592));
#3064=CARTESIAN_POINT('Ctrl Pts',(4.9583,18.5000000040506,143.499999999993));
#3065=CARTESIAN_POINT('Ctrl Pts',(4.9583,18.5000000040506,143.499999999993));
#3066=CARTESIAN_POINT('Ctrl Pts',(4.9583,18.5000000040506,143.249432374066));
#3067=CARTESIAN_POINT('Ctrl Pts',(5.00833234218282,18.5162481155746,142.983106452057));
#3068=CARTESIAN_POINT('Ctrl Pts',(5.20897619270291,18.5811512397919,142.495301402795));
#3069=CARTESIAN_POINT('Ctrl Pts',(5.35950460076781,18.6297477266042,142.273780314009));
#3070=CARTESIAN_POINT('Ctrl Pts',(5.7112118220195,18.742687726766,141.915326148431));
#3071=CARTESIAN_POINT('Ctrl Pts',(5.93924104565991,18.8156208321139,141.758110661763));
#3072=CARTESIAN_POINT('Ctrl Pts',(6.43676077896198,18.9736093241085,141.550472637006));
#3073=CARTESIAN_POINT('Ctrl Pts',(6.70623942685391,19.0586362160053,141.499999999993));
#3074=CARTESIAN_POINT('Ctrl Pts',(7.20978323013817,19.2165069308328,141.499999999993));
#3075=CARTESIAN_POINT('Ctrl Pts',(7.47898952913745,19.300371550326,141.550264110741));
#3076=CARTESIAN_POINT('Ctrl Pts',(7.97636629356696,19.4543796911467,141.757550829135));
#3077=CARTESIAN_POINT('Ctrl Pts',(8.20450444638703,19.5245407522777,141.914637931464));
#3078=CARTESIAN_POINT('Ctrl Pts',(8.55670783911625,19.6324694086035,142.273184298802));
#3079=CARTESIAN_POINT('Ctrl Pts',(8.70746348974016,19.6784425012524,142.494972016119));
#3080=CARTESIAN_POINT('Ctrl Pts',(8.90829592710633,19.7395820324796,142.983114842865));
#3081=CARTESIAN_POINT('Ctrl Pts',(8.95829999999999,19.7547517296245,143.249499457039));
#3082=CARTESIAN_POINT('Ctrl Pts',(8.9583,19.7547517296245,143.499999999993));
#3083=CARTESIAN_POINT('Origin',(12.9583,14.5,137.499999999993));
#3084=CARTESIAN_POINT('',(10.9583,19.137662077515,137.499999999993));
#3085=CARTESIAN_POINT('',(10.9583,14.5,137.499999999993));
#3086=CARTESIAN_POINT('Ctrl Pts',(12.9583,19.7547517296245,139.499999999993));
#3087=CARTESIAN_POINT('Ctrl Pts',(12.7077994570459,19.7547517296245,139.499999999993));
#3088=CARTESIAN_POINT('Ctrl Pts',(12.4414148428716,19.7395820324796,139.449995927099));
#3089=CARTESIAN_POINT('Ctrl Pts',(11.953272016126,19.6784425012524,139.249163489733));
#3090=CARTESIAN_POINT('Ctrl Pts',(11.7314842988088,19.6324694086035,139.098407839109));
#3091=CARTESIAN_POINT('Ctrl Pts',(11.3729379314707,19.5245407522777,138.74620444638));
#3092=CARTESIAN_POINT('Ctrl Pts',(11.2158508291423,19.4543796911467,138.51806629356));
#3093=CARTESIAN_POINT('Ctrl Pts',(11.0085641107484,19.300371550326,138.02068952913));
#3094=CARTESIAN_POINT('Ctrl Pts',(10.9583,19.2165069308328,137.751483230131));
#3095=CARTESIAN_POINT('Ctrl Pts',(10.9583,19.137662077515,137.499999999993));
#3096=CARTESIAN_POINT('Ctrl Pts',(10.9583,19.137662077515,137.499999999993));
#3097=CARTESIAN_POINT('Ctrl Pts',(10.9583,19.0586362160053,137.247939426847));
#3098=CARTESIAN_POINT('Ctrl Pts',(11.008772637013,18.9736093241085,136.978460778955));
#3099=CARTESIAN_POINT('Ctrl Pts',(11.2164106617702,18.8156208321139,136.480941045653));
#3100=CARTESIAN_POINT('Ctrl Pts',(11.3736261484376,18.742687726766,136.252911822012));
#3101=CARTESIAN_POINT('Ctrl Pts',(11.7320803140157,18.6297477266042,135.901204600761));
#3102=CARTESIAN_POINT('Ctrl Pts',(11.9536014028023,18.5811512397919,135.750676192696));
#3103=CARTESIAN_POINT('Ctrl Pts',(12.4414064520639,18.5162481155746,135.550032342176));
#3104=CARTESIAN_POINT('Ctrl Pts',(12.707732374073,18.5000000040506,135.499999999993));
#3105=CARTESIAN_POINT('Ctrl Pts',(12.9583,18.5000000040506,135.499999999993));
#3106=CARTESIAN_POINT('Origin',(12.9583,12.5,143.499999999993));
#3107=CARTESIAN_POINT('Origin',(12.9583,14.5,143.499999999993));
#3108=CARTESIAN_POINT('Origin',(12.9583,14.5,143.499999999993));
#3109=CARTESIAN_POINT('Origin',(12.9583,8.59728763002998E-5,143.499999999993));
#3110=UNCERTAINTY_MEASURE_WITH_UNIT(LENGTH_MEASURE(0.01),#3114,
'DISTANCE_ACCURACY_VALUE',
'Maximum model space distance between geometric entities at asserted c
onnectivities');
#3111=UNCERTAINTY_MEASURE_WITH_UNIT(LENGTH_MEASURE(0.01),#3114,
'DISTANCE_ACCURACY_VALUE',
'Maximum model space distance between geometric entities at asserted c
onnectivities');
#3112=(
GEOMETRIC_REPRESENTATION_CONTEXT(3)
GLOBAL_UNCERTAINTY_ASSIGNED_CONTEXT((#3110))
GLOBAL_UNIT_ASSIGNED_CONTEXT((#3114,#3116,#3117))
REPRESENTATION_CONTEXT('','3D')
);
#3113=(
GEOMETRIC_REPRESENTATION_CONTEXT(3)
GLOBAL_UNCERTAINTY_ASSIGNED_CONTEXT((#3111))
GLOBAL_UNIT_ASSIGNED_CONTEXT((#3114,#3116,#3117))
REPRESENTATION_CONTEXT('','3D')
);
#3114=(
LENGTH_UNIT()
NAMED_UNIT(*)
SI_UNIT(.MILLI.,.METRE.)
);
#3115=(
LENGTH_UNIT()
NAMED_UNIT(*)
SI_UNIT($,.METRE.)
);
#3116=(
NAMED_UNIT(*)
PLANE_ANGLE_UNIT()
SI_UNIT($,.RADIAN.)
);
#3117=(
NAMED_UNIT(*)
SI_UNIT($,.STERADIAN.)
SOLID_ANGLE_UNIT()
);
#3118=SHAPE_DEFINITION_REPRESENTATION(#3119,#3120);
#3119=PRODUCT_DEFINITION_SHAPE('',$,#3122);
#3120=SHAPE_REPRESENTATION('',(#1670),#3112);
#3121=PRODUCT_DEFINITION_CONTEXT('part definition',#3126,'design');
#3122=PRODUCT_DEFINITION('2026-09-20-16-40-35-886','pitch_servo_cradle',
#3123,#3121);
#3123=PRODUCT_DEFINITION_FORMATION('',$,#3128);
#3124=PRODUCT_RELATED_PRODUCT_CATEGORY('pitch_servo_cradle',
'pitch_servo_cradle',(#3128));
#3125=APPLICATION_PROTOCOL_DEFINITION('international standard',
'automotive_design',2009,#3126);
#3126=APPLICATION_CONTEXT(
'Core Data for Automotive Mechanical Design Process');
#3127=PRODUCT_CONTEXT('part definition',#3126,'mechanical');
#3128=PRODUCT('2026-09-20-16-40-35-886','pitch_servo_cradle',$,(#3127));
#3129=PRESENTATION_STYLE_ASSIGNMENT((#3130));
#3130=SURFACE_STYLE_USAGE(.BOTH.,#3131);
#3131=SURFACE_SIDE_STYLE('',(#3132));
#3132=SURFACE_STYLE_FILL_AREA(#3133);
#3133=FILL_AREA_STYLE('\X2\92FC\X0\ - \X2\30B530C630F3\X0\',(#3134));
#3134=FILL_AREA_STYLE_COLOUR('\X2\92FC\X0\ - \X2\30B530C630F3\X0\',#3135);
#3135=COLOUR_RGB('\X2\92FC\X0\ - \X2\30B530C630F3\X0\',0.627450980392157,
0.627450980392157,0.627450980392157);
ENDSEC;
END-ISO-10303-21;
