ISO-10303-21;
HEADER;
/* Generated by software containing ST-Developer
 * from STEP Tools, Inc. (www.steptools.com) 
 */

FILE_DESCRIPTION(
/* description */ (''),
/* implementation_level */ '2;1');

FILE_NAME(
/* name */ 'roll_pitch_link.step',
/* time_stamp */ '2026-09-20T16:40:36+09:00',
/* author */ (''),
/* organization */ (''),
/* preprocessor_version */ 'ST-DEVELOPER v20.2',
/* originating_system */ 'Autodesk Translation Framework v15.15.0.0',
/* authorisation */ '');

FILE_SCHEMA (('AUTOMOTIVE_DESIGN { 1 0 10303 214 3 1 1 }'));
ENDSEC;

DATA;
#10=MECHANICAL_DESIGN_GEOMETRIC_PRESENTATION_REPRESENTATION('',(#13),#2805);
#11=SHAPE_REPRESENTATION_RELATIONSHIP('SRR','None',#2812,#12);
#12=ADVANCED_BREP_SHAPE_REPRESENTATION('',(#14),#2804);
#13=STYLED_ITEM('',(#2821),#14);
#14=MANIFOLD_SOLID_BREP('\X2\30DC30C730A3\X0\16',#1579);
#15=ELLIPSE('',#1621,6.62026751377494,6.);
#16=ELLIPSE('',#1628,6.62026751377495,6.);
#17=B_SPLINE_CURVE_WITH_KNOTS('',3,(#2231,#2232,#2233,#2234),
 .UNSPECIFIED.,.F.,.F.,(4,4),(0.994157283405318,1.0827486016118),
 .UNSPECIFIED.);
#18=B_SPLINE_CURVE_WITH_KNOTS('',3,(#2240,#2241,#2242,#2243,#2244,#2245,
#2246,#2247,#2248,#2249,#2250),.UNSPECIFIED.,.F.,.F.,(4,2,3,2,4),(1.30731485219668,
1.3681446405083,1.45310550571268,1.53806637091706,1.59889615922868),
 .UNSPECIFIED.);
#19=B_SPLINE_CURVE_WITH_KNOTS('',3,(#2255,#2256,#2257,#2258),
 .UNSPECIFIED.,.F.,.F.,(4,4),(1.0827486016118,1.17384132180061),
 .UNSPECIFIED.);
#20=B_SPLINE_CURVE_WITH_KNOTS('',3,(#2268,#2269,#2270,#2271),
 .UNSPECIFIED.,.F.,.F.,(4,4),(1.00581693676841,1.09690965695722),
 .UNSPECIFIED.);
#21=B_SPLINE_CURVE_WITH_KNOTS('',3,(#2277,#2278,#2279,#2280,#2281,#2282,
#2283,#2284,#2285,#2286),.UNSPECIFIED.,.F.,.F.,(4,2,2,2,4),(0.580762099340337,
0.641591887651959,0.726552752856339,0.811513618060719,0.872343406372341),
 .UNSPECIFIED.);
#22=B_SPLINE_CURVE_WITH_KNOTS('',3,(#2291,#2292,#2293,#2294),
 .UNSPECIFIED.,.F.,.F.,(4,4),(1.09690965695722,1.1855009751637),
 .UNSPECIFIED.);
#23=B_SPLINE_CURVE_WITH_KNOTS('',3,(#2319,#2320,#2321,#2322,#2323,#2324,
#2325,#2326,#2327,#2328),.UNSPECIFIED.,.F.,.F.,(4,2,2,2,4),(1.02864087111667,
1.13978681649034,1.36895059412331,1.59733309607176,1.82571559802021),
 .UNSPECIFIED.);
#24=B_SPLINE_CURVE_WITH_KNOTS('',3,(#2330,#2331,#2332,#2333,#2334,#2335,
#2336,#2337,#2338,#2339),.UNSPECIFIED.,.F.,.F.,(4,2,2,2,4),(-0.854483509605097,
-0.73820166434693,-0.493198487046234,-0.246599243523117,-9.99997398477086E-6),
 .UNSPECIFIED.);
#25=B_SPLINE_CURVE_WITH_KNOTS('',3,(#2362,#2363,#2364,#2365,#2366,#2367),
 .UNSPECIFIED.,.F.,.F.,(4,2,4),(0.473310726963042,0.690233024589285,0.802722635639076),
 .UNSPECIFIED.);
#26=B_SPLINE_CURVE_WITH_KNOTS('',3,(#2383,#2384,#2385,#2386,#2387,#2388,
#2389,#2390,#2391,#2392),.UNSPECIFIED.,.F.,.F.,(4,2,2,2,4),(2.02706066159268,
2.27450488881095,2.52195911600382,2.76703681661852,2.88270170318114),
 .UNSPECIFIED.);
#27=B_SPLINE_CURVE_WITH_KNOTS('',3,(#2402,#2403,#2404,#2405,#2406,#2407,
#2408,#2409,#2410,#2411),.UNSPECIFIED.,.F.,.F.,(4,2,2,2,4),(1.82571559802021,
2.05409809996866,2.28248060191712,2.51164437955008,2.62279032492376),
 .UNSPECIFIED.);
#28=B_SPLINE_CURVE_WITH_KNOTS('',3,(#2415,#2416,#2417,#2418,#2419,#2420),
 .UNSPECIFIED.,.F.,.F.,(4,2,4),(2.86726420828699,2.97975381933678,3.19667611696302),
 .UNSPECIFIED.);
#29=B_SPLINE_CURVE_WITH_KNOTS('',3,(#2436,#2437,#2438,#2439,#2440,#2441,
#2442,#2443,#2444,#2445),.UNSPECIFIED.,.F.,.F.,(4,2,2,2,4),(1.17139962005504,
1.28706450661766,1.53214220723236,1.77959643442523,2.0270406616435),
 .UNSPECIFIED.);
#30=B_SPLINE_CURVE_WITH_KNOTS('',3,(#2502,#2503,#2504,#2505,#2506,#2507,
#2508,#2509,#2510,#2511),.UNSPECIFIED.,.F.,.F.,(4,2,2,2,4),(9.99997398447424E-6,
0.246599243523117,0.493198487046234,0.738201664346931,0.854483509605098),
 .UNSPECIFIED.);
#31=B_SPLINE_CURVE_WITH_KNOTS('',3,(#2522,#2523,#2524,#2525,#2526,#2527,
#2528,#2529,#2530,#2531,#2532),.UNSPECIFIED.,.F.,.F.,(4,2,3,2,4),(1.30731485219668,
1.3681446405083,1.45310550571268,1.53806637091706,1.59889615922868),
 .UNSPECIFIED.);
#32=B_SPLINE_CURVE_WITH_KNOTS('',3,(#2538,#2539,#2540,#2541),
 .UNSPECIFIED.,.F.,.F.,(4,4),(0.279264183912067,0.37035690410088),
 .UNSPECIFIED.);
#33=B_SPLINE_CURVE_WITH_KNOTS('',3,(#2543,#2544,#2545,#2546),
 .UNSPECIFIED.,.F.,.F.,(4,4),(0.37035690410088,0.458948222307361),
 .UNSPECIFIED.);
#34=B_SPLINE_CURVE_WITH_KNOTS('',3,(#2550,#2551,#2552,#2553),
 .UNSPECIFIED.,.F.,.F.,(4,4),(0.267604530548983,0.356195848755459),
 .UNSPECIFIED.);
#35=B_SPLINE_CURVE_WITH_KNOTS('',3,(#2555,#2556,#2557,#2558),
 .UNSPECIFIED.,.F.,.F.,(4,4),(0.356195848755459,0.447288568944268),
 .UNSPECIFIED.);
#36=B_SPLINE_CURVE_WITH_KNOTS('',3,(#2564,#2565,#2566,#2567,#2568,#2569,
#2570,#2571,#2572,#2573),.UNSPECIFIED.,.F.,.F.,(4,2,2,2,4),(0.580762099340337,
0.641591887651959,0.726552752856339,0.811513618060719,0.872343406372341),
 .UNSPECIFIED.);
#37=LINE('',#2229,#153);
#38=LINE('',#2236,#154);
#39=LINE('',#2254,#155);
#40=LINE('',#2266,#156);
#41=LINE('',#2273,#157);
#42=LINE('',#2290,#158);
#43=LINE('',#2297,#159);
#44=LINE('',#2298,#160);
#45=LINE('',#2301,#161);
#46=LINE('',#2302,#162);
#47=LINE('',#2309,#163);
#48=LINE('',#2313,#164);
#49=LINE('',#2317,#165);
#50=LINE('',#2341,#166);
#51=LINE('',#2345,#167);
#52=LINE('',#2348,#168);
#53=LINE('',#2353,#169);
#54=LINE('',#2357,#170);
#55=LINE('',#2368,#171);
#56=LINE('',#2370,#172);
#57=LINE('',#2374,#173);
#58=LINE('',#2378,#174);
#59=LINE('',#2382,#175);
#60=LINE('',#2395,#176);
#61=LINE('',#2396,#177);
#62=LINE('',#2398,#178);
#63=LINE('',#2413,#179);
#64=LINE('',#2423,#180);
#65=LINE('',#2426,#181);
#66=LINE('',#2428,#182);
#67=LINE('',#2429,#183);
#68=LINE('',#2432,#184);
#69=LINE('',#2433,#185);
#70=LINE('',#2447,#186);
#71=LINE('',#2451,#187);
#72=LINE('',#2458,#188);
#73=LINE('',#2461,#189);
#74=LINE('',#2467,#190);
#75=LINE('',#2470,#191);
#76=LINE('',#2471,#192);
#77=LINE('',#2472,#193);
#78=LINE('',#2474,#194);
#79=LINE('',#2475,#195);
#80=LINE('',#2478,#196);
#81=LINE('',#2479,#197);
#82=LINE('',#2480,#198);
#83=LINE('',#2482,#199);
#84=LINE('',#2483,#200);
#85=LINE('',#2499,#201);
#86=LINE('',#2516,#202);
#87=LINE('',#2520,#203);
#88=LINE('',#2534,#204);
#89=LINE('',#2562,#205);
#90=LINE('',#2575,#206);
#91=LINE('',#2579,#207);
#92=LINE('',#2584,#208);
#93=LINE('',#2586,#209);
#94=LINE('',#2588,#210);
#95=LINE('',#2589,#211);
#96=LINE('',#2591,#212);
#97=LINE('',#2592,#213);
#98=LINE('',#2594,#214);
#99=LINE('',#2596,#215);
#100=LINE('',#2599,#216);
#101=LINE('',#2612,#217);
#102=LINE('',#2614,#218);
#103=LINE('',#2615,#219);
#104=LINE('',#2619,#220);
#105=LINE('',#2636,#221);
#106=LINE('',#2638,#222);
#107=LINE('',#2642,#223);
#108=LINE('',#2649,#224);
#109=LINE('',#2651,#225);
#110=LINE('',#2655,#226);
#111=LINE('',#2657,#227);
#112=LINE('',#2659,#228);
#113=LINE('',#2661,#229);
#114=LINE('',#2664,#230);
#115=LINE('',#2667,#231);
#116=LINE('',#2669,#232);
#117=LINE('',#2670,#233);
#118=LINE('',#2673,#234);
#119=LINE('',#2675,#235);
#120=LINE('',#2677,#236);
#121=LINE('',#2678,#237);
#122=LINE('',#2680,#238);
#123=LINE('',#2685,#239);
#124=LINE('',#2689,#240);
#125=LINE('',#2693,#241);
#126=LINE('',#2697,#242);
#127=LINE('',#2702,#243);
#128=LINE('',#2711,#244);
#129=LINE('',#2720,#245);
#130=LINE('',#2729,#246);
#131=LINE('',#2735,#247);
#132=LINE('',#2737,#248);
#133=LINE('',#2739,#249);
#134=LINE('',#2741,#250);
#135=LINE('',#2744,#251);
#136=LINE('',#2749,#252);
#137=LINE('',#2750,#253);
#138=LINE('',#2751,#254);
#139=LINE('',#2754,#255);
#140=LINE('',#2755,#256);
#141=LINE('',#2758,#257);
#142=LINE('',#2759,#258);
#143=LINE('',#2761,#259);
#144=LINE('',#2766,#260);
#145=LINE('',#2773,#261);
#146=LINE('',#2780,#262);
#147=LINE('',#2787,#263);
#148=LINE('',#2793,#264);
#149=LINE('',#2795,#265);
#150=LINE('',#2797,#266);
#151=LINE('',#2799,#267);
#152=LINE('',#2801,#268);
#153=VECTOR('',#1773,2.25);
#154=VECTOR('',#1774,10.);
#155=VECTOR('',#1779,10.);
#156=VECTOR('',#1788,2.25);
#157=VECTOR('',#1789,10.);
#158=VECTOR('',#1794,10.);
#159=VECTOR('',#1797,10.);
#160=VECTOR('',#1798,10.);
#161=VECTOR('',#1801,10.);
#162=VECTOR('',#1802,10.);
#163=VECTOR('',#1813,10.);
#164=VECTOR('',#1816,10.);
#165=VECTOR('',#1819,10.);
#166=VECTOR('',#1820,10.);
#167=VECTOR('',#1823,10.);
#168=VECTOR('',#1826,10.);
#169=VECTOR('',#1831,10.);
#170=VECTOR('',#1834,10.);
#171=VECTOR('',#1839,6.);
#172=VECTOR('',#1840,6.);
#173=VECTOR('',#1845,10.);
#174=VECTOR('',#1848,10.);
#175=VECTOR('',#1851,10.);
#176=VECTOR('',#1854,10.);
#177=VECTOR('',#1855,10.);
#178=VECTOR('',#1858,10.);
#179=VECTOR('',#1861,6.);
#180=VECTOR('',#1864,6.);
#181=VECTOR('',#1867,10.);
#182=VECTOR('',#1868,10.);
#183=VECTOR('',#1869,10.);
#184=VECTOR('',#1872,10.);
#185=VECTOR('',#1873,10.);
#186=VECTOR('',#1876,10.);
#187=VECTOR('',#1879,10.);
#188=VECTOR('',#1886,10.);
#189=VECTOR('',#1889,10.);
#190=VECTOR('',#1896,10.);
#191=VECTOR('',#1899,10.);
#192=VECTOR('',#1900,10.);
#193=VECTOR('',#1901,10.);
#194=VECTOR('',#1902,10.);
#195=VECTOR('',#1903,10.);
#196=VECTOR('',#1906,10.);
#197=VECTOR('',#1907,10.);
#198=VECTOR('',#1908,10.);
#199=VECTOR('',#1909,10.);
#200=VECTOR('',#1910,10.);
#201=VECTOR('',#1931,10.);
#202=VECTOR('',#1940,10.);
#203=VECTOR('',#1943,10.);
#204=VECTOR('',#1944,10.);
#205=VECTOR('',#1951,10.);
#206=VECTOR('',#1952,10.);
#207=VECTOR('',#1955,10.);
#208=VECTOR('',#1960,10.);
#209=VECTOR('',#1961,10.);
#210=VECTOR('',#1962,10.);
#211=VECTOR('',#1963,10.);
#212=VECTOR('',#1966,10.);
#213=VECTOR('',#1967,10.);
#214=VECTOR('',#1968,10.);
#215=VECTOR('',#1969,10.);
#216=VECTOR('',#1974,10.);
#217=VECTOR('',#1987,10.);
#218=VECTOR('',#1988,10.);
#219=VECTOR('',#1989,10.);
#220=VECTOR('',#1996,10.);
#221=VECTOR('',#2015,2.25);
#222=VECTOR('',#2016,10.);
#223=VECTOR('',#2021,10.);
#224=VECTOR('',#2030,2.25);
#225=VECTOR('',#2031,10.);
#226=VECTOR('',#2036,10.);
#227=VECTOR('',#2039,10.);
#228=VECTOR('',#2042,10.);
#229=VECTOR('',#2045,10.);
#230=VECTOR('',#2050,10.);
#231=VECTOR('',#2055,10.);
#232=VECTOR('',#2058,10.);
#233=VECTOR('',#2059,10.);
#234=VECTOR('',#2060,10.);
#235=VECTOR('',#2061,10.);
#236=VECTOR('',#2062,10.);
#237=VECTOR('',#2063,10.);
#238=VECTOR('',#2066,10.);
#239=VECTOR('',#2073,1.3);
#240=VECTOR('',#2078,1.3);
#241=VECTOR('',#2083,1.3);
#242=VECTOR('',#2088,1.3);
#243=VECTOR('',#2093,1.99999999999999);
#244=VECTOR('',#2104,1.99999999999999);
#245=VECTOR('',#2115,1.99999999999999);
#246=VECTOR('',#2126,1.99999999999999);
#247=VECTOR('',#2135,1.09999999999999);
#248=VECTOR('',#2138,1.09999999999999);
#249=VECTOR('',#2141,1.09999999999999);
#250=VECTOR('',#2144,1.09999999999999);
#251=VECTOR('',#2147,3.00000000000001);
#252=VECTOR('',#2152,10.);
#253=VECTOR('',#2153,10.);
#254=VECTOR('',#2154,10.);
#255=VECTOR('',#2157,10.);
#256=VECTOR('',#2158,10.);
#257=VECTOR('',#2161,10.);
#258=VECTOR('',#2162,10.);
#259=VECTOR('',#2165,10.);
#260=VECTOR('',#2172,1.99999999999999);
#261=VECTOR('',#2181,1.99999999999999);
#262=VECTOR('',#2190,1.99999999999999);
#263=VECTOR('',#2199,1.99999999999999);
#264=VECTOR('',#2208,1.09999999999999);
#265=VECTOR('',#2211,1.09999999999999);
#266=VECTOR('',#2214,1.09999999999999);
#267=VECTOR('',#2217,1.09999999999999);
#268=VECTOR('',#2220,3.00000000000001);
#269=CYLINDRICAL_SURFACE('',#1596,2.25);
#270=CYLINDRICAL_SURFACE('',#1602,2.25);
#271=CYLINDRICAL_SURFACE('',#1611,17.);
#272=CYLINDRICAL_SURFACE('',#1617,8.1);
#273=CYLINDRICAL_SURFACE('',#1620,6.);
#274=CYLINDRICAL_SURFACE('',#1622,14.);
#275=CYLINDRICAL_SURFACE('',#1627,6.);
#276=CYLINDRICAL_SURFACE('',#1631,14.);
#277=CYLINDRICAL_SURFACE('',#1634,5.87872250572458);
#278=CYLINDRICAL_SURFACE('',#1637,12.4);
#279=CYLINDRICAL_SURFACE('',#1642,5.87872250572457);
#280=CYLINDRICAL_SURFACE('',#1652,6.5);
#281=CYLINDRICAL_SURFACE('',#1653,6.5);
#282=CYLINDRICAL_SURFACE('',#1654,17.);
#283=CYLINDRICAL_SURFACE('',#1672,8.1);
#284=CYLINDRICAL_SURFACE('',#1683,2.25);
#285=CYLINDRICAL_SURFACE('',#1689,2.25);
#286=CYLINDRICAL_SURFACE('',#1702,1.3);
#287=CYLINDRICAL_SURFACE('',#1704,1.3);
#288=CYLINDRICAL_SURFACE('',#1706,1.3);
#289=CYLINDRICAL_SURFACE('',#1708,1.3);
#290=CYLINDRICAL_SURFACE('',#1710,1.99999999999999);
#291=CYLINDRICAL_SURFACE('',#1715,1.99999999999999);
#292=CYLINDRICAL_SURFACE('',#1720,1.99999999999999);
#293=CYLINDRICAL_SURFACE('',#1725,1.99999999999999);
#294=CYLINDRICAL_SURFACE('',#1730,1.09999999999999);
#295=CYLINDRICAL_SURFACE('',#1731,1.09999999999999);
#296=CYLINDRICAL_SURFACE('',#1732,1.09999999999999);
#297=CYLINDRICAL_SURFACE('',#1733,1.09999999999999);
#298=CYLINDRICAL_SURFACE('',#1734,3.00000000000001);
#299=CYLINDRICAL_SURFACE('',#1742,1.99999999999999);
#300=CYLINDRICAL_SURFACE('',#1746,1.99999999999999);
#301=CYLINDRICAL_SURFACE('',#1750,1.99999999999999);
#302=CYLINDRICAL_SURFACE('',#1754,1.99999999999999);
#303=CYLINDRICAL_SURFACE('',#1758,1.09999999999999);
#304=CYLINDRICAL_SURFACE('',#1759,1.09999999999999);
#305=CYLINDRICAL_SURFACE('',#1760,1.09999999999999);
#306=CYLINDRICAL_SURFACE('',#1761,1.09999999999999);
#307=CYLINDRICAL_SURFACE('',#1762,3.00000000000001);
#308=FACE_BOUND('',#431,.T.);
#309=FACE_BOUND('',#434,.T.);
#310=FACE_BOUND('',#456,.T.);
#311=FACE_BOUND('',#457,.T.);
#312=FACE_BOUND('',#458,.T.);
#313=FACE_BOUND('',#459,.T.);
#314=FACE_BOUND('',#460,.T.);
#315=FACE_BOUND('',#468,.T.);
#316=FACE_BOUND('',#469,.T.);
#317=FACE_BOUND('',#470,.T.);
#318=FACE_BOUND('',#471,.T.);
#319=FACE_BOUND('',#472,.T.);
#320=FACE_BOUND('',#476,.T.);
#321=FACE_BOUND('',#477,.T.);
#322=FACE_BOUND('',#478,.T.);
#323=FACE_BOUND('',#479,.T.);
#324=FACE_BOUND('',#480,.T.);
#325=FACE_BOUND('',#482,.T.);
#326=FACE_BOUND('',#485,.T.);
#327=FACE_BOUND('',#495,.T.);
#328=FACE_BOUND('',#504,.T.);
#329=FACE_BOUND('',#507,.T.);
#330=FACE_BOUND('',#510,.T.);
#331=FACE_BOUND('',#513,.T.);
#332=FACE_BOUND('',#521,.T.);
#333=FACE_BOUND('',#522,.T.);
#334=FACE_BOUND('',#525,.T.);
#335=FACE_BOUND('',#526,.T.);
#336=FACE_BOUND('',#528,.T.);
#337=FACE_BOUND('',#530,.T.);
#338=FACE_BOUND('',#531,.T.);
#339=FACE_BOUND('',#532,.T.);
#340=FACE_BOUND('',#533,.T.);
#341=FACE_BOUND('',#534,.T.);
#342=FACE_BOUND('',#537,.T.);
#343=FACE_BOUND('',#540,.T.);
#344=FACE_BOUND('',#543,.T.);
#345=FACE_BOUND('',#546,.T.);
#346=FACE_OUTER_BOUND('',#430,.T.);
#347=FACE_OUTER_BOUND('',#432,.T.);
#348=FACE_OUTER_BOUND('',#433,.T.);
#349=FACE_OUTER_BOUND('',#435,.T.);
#350=FACE_OUTER_BOUND('',#436,.T.);
#351=FACE_OUTER_BOUND('',#437,.T.);
#352=FACE_OUTER_BOUND('',#438,.T.);
#353=FACE_OUTER_BOUND('',#439,.T.);
#354=FACE_OUTER_BOUND('',#440,.T.);
#355=FACE_OUTER_BOUND('',#441,.T.);
#356=FACE_OUTER_BOUND('',#442,.T.);
#357=FACE_OUTER_BOUND('',#443,.T.);
#358=FACE_OUTER_BOUND('',#444,.T.);
#359=FACE_OUTER_BOUND('',#445,.T.);
#360=FACE_OUTER_BOUND('',#446,.T.);
#361=FACE_OUTER_BOUND('',#447,.T.);
#362=FACE_OUTER_BOUND('',#448,.T.);
#363=FACE_OUTER_BOUND('',#449,.T.);
#364=FACE_OUTER_BOUND('',#450,.T.);
#365=FACE_OUTER_BOUND('',#451,.T.);
#366=FACE_OUTER_BOUND('',#452,.T.);
#367=FACE_OUTER_BOUND('',#453,.T.);
#368=FACE_OUTER_BOUND('',#454,.T.);
#369=FACE_OUTER_BOUND('',#455,.T.);
#370=FACE_OUTER_BOUND('',#461,.T.);
#371=FACE_OUTER_BOUND('',#462,.T.);
#372=FACE_OUTER_BOUND('',#463,.T.);
#373=FACE_OUTER_BOUND('',#464,.T.);
#374=FACE_OUTER_BOUND('',#465,.T.);
#375=FACE_OUTER_BOUND('',#466,.T.);
#376=FACE_OUTER_BOUND('',#467,.T.);
#377=FACE_OUTER_BOUND('',#473,.T.);
#378=FACE_OUTER_BOUND('',#474,.T.);
#379=FACE_OUTER_BOUND('',#475,.T.);
#380=FACE_OUTER_BOUND('',#481,.T.);
#381=FACE_OUTER_BOUND('',#483,.T.);
#382=FACE_OUTER_BOUND('',#484,.T.);
#383=FACE_OUTER_BOUND('',#486,.T.);
#384=FACE_OUTER_BOUND('',#487,.T.);
#385=FACE_OUTER_BOUND('',#488,.T.);
#386=FACE_OUTER_BOUND('',#489,.T.);
#387=FACE_OUTER_BOUND('',#490,.T.);
#388=FACE_OUTER_BOUND('',#491,.T.);
#389=FACE_OUTER_BOUND('',#492,.T.);
#390=FACE_OUTER_BOUND('',#493,.T.);
#391=FACE_OUTER_BOUND('',#494,.T.);
#392=FACE_OUTER_BOUND('',#496,.T.);
#393=FACE_OUTER_BOUND('',#497,.T.);
#394=FACE_OUTER_BOUND('',#498,.T.);
#395=FACE_OUTER_BOUND('',#499,.T.);
#396=FACE_OUTER_BOUND('',#500,.T.);
#397=FACE_OUTER_BOUND('',#501,.T.);
#398=FACE_OUTER_BOUND('',#502,.T.);
#399=FACE_OUTER_BOUND('',#503,.T.);
#400=FACE_OUTER_BOUND('',#505,.T.);
#401=FACE_OUTER_BOUND('',#506,.T.);
#402=FACE_OUTER_BOUND('',#508,.T.);
#403=FACE_OUTER_BOUND('',#509,.T.);
#404=FACE_OUTER_BOUND('',#511,.T.);
#405=FACE_OUTER_BOUND('',#512,.T.);
#406=FACE_OUTER_BOUND('',#514,.T.);
#407=FACE_OUTER_BOUND('',#515,.T.);
#408=FACE_OUTER_BOUND('',#516,.T.);
#409=FACE_OUTER_BOUND('',#517,.T.);
#410=FACE_OUTER_BOUND('',#518,.T.);
#411=FACE_OUTER_BOUND('',#519,.T.);
#412=FACE_OUTER_BOUND('',#520,.T.);
#413=FACE_OUTER_BOUND('',#523,.T.);
#414=FACE_OUTER_BOUND('',#524,.T.);
#415=FACE_OUTER_BOUND('',#527,.T.);
#416=FACE_OUTER_BOUND('',#529,.T.);
#417=FACE_OUTER_BOUND('',#535,.T.);
#418=FACE_OUTER_BOUND('',#536,.T.);
#419=FACE_OUTER_BOUND('',#538,.T.);
#420=FACE_OUTER_BOUND('',#539,.T.);
#421=FACE_OUTER_BOUND('',#541,.T.);
#422=FACE_OUTER_BOUND('',#542,.T.);
#423=FACE_OUTER_BOUND('',#544,.T.);
#424=FACE_OUTER_BOUND('',#545,.T.);
#425=FACE_OUTER_BOUND('',#547,.T.);
#426=FACE_OUTER_BOUND('',#548,.T.);
#427=FACE_OUTER_BOUND('',#549,.T.);
#428=FACE_OUTER_BOUND('',#550,.T.);
#429=FACE_OUTER_BOUND('',#551,.T.);
#430=EDGE_LOOP('',(#1006));
#431=EDGE_LOOP('',(#1007));
#432=EDGE_LOOP('',(#1008,#1009,#1010,#1011,#1012,#1013,#1014,#1015,#1016,
#1017));
#433=EDGE_LOOP('',(#1018));
#434=EDGE_LOOP('',(#1019));
#435=EDGE_LOOP('',(#1020,#1021,#1022,#1023,#1024,#1025,#1026,#1027,#1028,
#1029));
#436=EDGE_LOOP('',(#1030,#1031,#1032));
#437=EDGE_LOOP('',(#1033,#1034,#1035));
#438=EDGE_LOOP('',(#1036,#1037,#1038));
#439=EDGE_LOOP('',(#1039,#1040,#1041));
#440=EDGE_LOOP('',(#1042,#1043,#1044,#1045,#1046,#1047,#1048,#1049,#1050,
#1051,#1052,#1053,#1054,#1055,#1056,#1057,#1058,#1059,#1060,#1061,#1062,
#1063,#1064));
#441=EDGE_LOOP('',(#1065,#1066,#1067,#1068));
#442=EDGE_LOOP('',(#1069,#1070,#1071,#1072,#1073));
#443=EDGE_LOOP('',(#1074,#1075,#1076,#1077,#1078,#1079,#1080));
#444=EDGE_LOOP('',(#1081,#1082,#1083,#1084));
#445=EDGE_LOOP('',(#1085,#1086,#1087,#1088));
#446=EDGE_LOOP('',(#1089,#1090,#1091,#1092,#1093));
#447=EDGE_LOOP('',(#1094,#1095,#1096,#1097));
#448=EDGE_LOOP('',(#1098,#1099,#1100,#1101));
#449=EDGE_LOOP('',(#1102,#1103,#1104,#1105,#1106,#1107,#1108));
#450=EDGE_LOOP('',(#1109,#1110,#1111,#1112));
#451=EDGE_LOOP('',(#1113,#1114,#1115,#1116));
#452=EDGE_LOOP('',(#1117,#1118,#1119,#1120,#1121,#1122,#1123,#1124));
#453=EDGE_LOOP('',(#1125,#1126,#1127,#1128,#1129,#1130,#1131,#1132));
#454=EDGE_LOOP('',(#1133,#1134,#1135,#1136));
#455=EDGE_LOOP('',(#1137,#1138,#1139,#1140,#1141,#1142));
#456=EDGE_LOOP('',(#1143));
#457=EDGE_LOOP('',(#1144));
#458=EDGE_LOOP('',(#1145));
#459=EDGE_LOOP('',(#1146));
#460=EDGE_LOOP('',(#1147));
#461=EDGE_LOOP('',(#1148,#1149,#1150,#1151,#1152,#1153));
#462=EDGE_LOOP('',(#1154,#1155,#1156,#1157));
#463=EDGE_LOOP('',(#1158,#1159,#1160,#1161));
#464=EDGE_LOOP('',(#1162,#1163,#1164,#1165,#1166,#1167,#1168,#1169,#1170,
#1171,#1172,#1173,#1174,#1175,#1176,#1177,#1178,#1179,#1180,#1181,#1182,
#1183,#1184));
#465=EDGE_LOOP('',(#1185,#1186,#1187,#1188));
#466=EDGE_LOOP('',(#1189,#1190,#1191,#1192,#1193,#1194,#1195,#1196,#1197,
#1198,#1199,#1200,#1201,#1202));
#467=EDGE_LOOP('',(#1203,#1204,#1205,#1206,#1207,#1208,#1209,#1210));
#468=EDGE_LOOP('',(#1211));
#469=EDGE_LOOP('',(#1212));
#470=EDGE_LOOP('',(#1213));
#471=EDGE_LOOP('',(#1214));
#472=EDGE_LOOP('',(#1215));
#473=EDGE_LOOP('',(#1216,#1217,#1218,#1219));
#474=EDGE_LOOP('',(#1220,#1221,#1222,#1223));
#475=EDGE_LOOP('',(#1224,#1225,#1226,#1227));
#476=EDGE_LOOP('',(#1228));
#477=EDGE_LOOP('',(#1229));
#478=EDGE_LOOP('',(#1230));
#479=EDGE_LOOP('',(#1231));
#480=EDGE_LOOP('',(#1232));
#481=EDGE_LOOP('',(#1233));
#482=EDGE_LOOP('',(#1234));
#483=EDGE_LOOP('',(#1235,#1236,#1237,#1238,#1239,#1240,#1241,#1242,#1243,
#1244));
#484=EDGE_LOOP('',(#1245));
#485=EDGE_LOOP('',(#1246));
#486=EDGE_LOOP('',(#1247,#1248,#1249,#1250,#1251,#1252,#1253,#1254,#1255,
#1256));
#487=EDGE_LOOP('',(#1257,#1258,#1259));
#488=EDGE_LOOP('',(#1260,#1261,#1262,#1263));
#489=EDGE_LOOP('',(#1264,#1265,#1266));
#490=EDGE_LOOP('',(#1267,#1268,#1269));
#491=EDGE_LOOP('',(#1270,#1271,#1272,#1273,#1274,#1275));
#492=EDGE_LOOP('',(#1276,#1277,#1278));
#493=EDGE_LOOP('',(#1279,#1280,#1281,#1282,#1283,#1284,#1285,#1286));
#494=EDGE_LOOP('',(#1287,#1288,#1289,#1290,#1291,#1292,#1293,#1294));
#495=EDGE_LOOP('',(#1295,#1296,#1297,#1298));
#496=EDGE_LOOP('',(#1299,#1300,#1301,#1302,#1303,#1304));
#497=EDGE_LOOP('',(#1305,#1306,#1307,#1308));
#498=EDGE_LOOP('',(#1309,#1310,#1311,#1312));
#499=EDGE_LOOP('',(#1313,#1314,#1315,#1316));
#500=EDGE_LOOP('',(#1317,#1318,#1319,#1320));
#501=EDGE_LOOP('',(#1321,#1322,#1323,#1324));
#502=EDGE_LOOP('',(#1325,#1326,#1327,#1328));
#503=EDGE_LOOP('',(#1329));
#504=EDGE_LOOP('',(#1330));
#505=EDGE_LOOP('',(#1331,#1332,#1333,#1334));
#506=EDGE_LOOP('',(#1335));
#507=EDGE_LOOP('',(#1336));
#508=EDGE_LOOP('',(#1337,#1338,#1339,#1340));
#509=EDGE_LOOP('',(#1341));
#510=EDGE_LOOP('',(#1342));
#511=EDGE_LOOP('',(#1343,#1344,#1345,#1346));
#512=EDGE_LOOP('',(#1347));
#513=EDGE_LOOP('',(#1348));
#514=EDGE_LOOP('',(#1349,#1350,#1351,#1352));
#515=EDGE_LOOP('',(#1353,#1354,#1355,#1356));
#516=EDGE_LOOP('',(#1357,#1358,#1359,#1360));
#517=EDGE_LOOP('',(#1361,#1362,#1363,#1364));
#518=EDGE_LOOP('',(#1365,#1366,#1367,#1368));
#519=EDGE_LOOP('',(#1369,#1370,#1371,#1372));
#520=EDGE_LOOP('',(#1373,#1374,#1375,#1376));
#521=EDGE_LOOP('',(#1377));
#522=EDGE_LOOP('',(#1378));
#523=EDGE_LOOP('',(#1379,#1380,#1381,#1382));
#524=EDGE_LOOP('',(#1383,#1384,#1385,#1386));
#525=EDGE_LOOP('',(#1387));
#526=EDGE_LOOP('',(#1388));
#527=EDGE_LOOP('',(#1389,#1390,#1391,#1392));
#528=EDGE_LOOP('',(#1393,#1394,#1395,#1396));
#529=EDGE_LOOP('',(#1397,#1398,#1399,#1400));
#530=EDGE_LOOP('',(#1401));
#531=EDGE_LOOP('',(#1402));
#532=EDGE_LOOP('',(#1403));
#533=EDGE_LOOP('',(#1404));
#534=EDGE_LOOP('',(#1405));
#535=EDGE_LOOP('',(#1406,#1407,#1408,#1409));
#536=EDGE_LOOP('',(#1410));
#537=EDGE_LOOP('',(#1411));
#538=EDGE_LOOP('',(#1412,#1413,#1414,#1415));
#539=EDGE_LOOP('',(#1416));
#540=EDGE_LOOP('',(#1417));
#541=EDGE_LOOP('',(#1418,#1419,#1420,#1421));
#542=EDGE_LOOP('',(#1422));
#543=EDGE_LOOP('',(#1423));
#544=EDGE_LOOP('',(#1424,#1425,#1426,#1427));
#545=EDGE_LOOP('',(#1428));
#546=EDGE_LOOP('',(#1429));
#547=EDGE_LOOP('',(#1430,#1431,#1432,#1433));
#548=EDGE_LOOP('',(#1434,#1435,#1436,#1437));
#549=EDGE_LOOP('',(#1438,#1439,#1440,#1441));
#550=EDGE_LOOP('',(#1442,#1443,#1444,#1445));
#551=EDGE_LOOP('',(#1446,#1447,#1448,#1449));
#552=CIRCLE('',#1594,2.25);
#553=CIRCLE('',#1595,1.3);
#554=CIRCLE('',#1597,2.25);
#555=CIRCLE('',#1598,2.25);
#556=CIRCLE('',#1600,2.25);
#557=CIRCLE('',#1601,1.3);
#558=CIRCLE('',#1603,2.25);
#559=CIRCLE('',#1604,2.25);
#560=CIRCLE('',#1608,17.);
#561=CIRCLE('',#1610,17.);
#562=CIRCLE('',#1612,17.);
#563=CIRCLE('',#1613,17.);
#564=CIRCLE('',#1614,17.);
#565=CIRCLE('',#1615,17.);
#566=CIRCLE('',#1616,17.);
#567=CIRCLE('',#1618,8.1);
#568=CIRCLE('',#1619,8.1);
#569=CIRCLE('',#1623,14.);
#570=CIRCLE('',#1624,14.);
#571=CIRCLE('',#1632,14.);
#572=CIRCLE('',#1633,14.);
#573=CIRCLE('',#1635,5.87872250572458);
#574=CIRCLE('',#1636,5.87872250572458);
#575=CIRCLE('',#1638,12.4);
#576=CIRCLE('',#1639,12.4);
#577=CIRCLE('',#1643,5.87872250572457);
#578=CIRCLE('',#1644,5.87872250572457);
#579=CIRCLE('',#1646,3.00000000000001);
#580=CIRCLE('',#1647,1.09999999999999);
#581=CIRCLE('',#1648,1.09999999999999);
#582=CIRCLE('',#1649,1.09999999999999);
#583=CIRCLE('',#1650,1.09999999999999);
#584=CIRCLE('',#1655,17.);
#585=CIRCLE('',#1656,17.);
#586=CIRCLE('',#1657,17.);
#587=CIRCLE('',#1658,17.);
#588=CIRCLE('',#1659,17.);
#589=CIRCLE('',#1660,17.);
#590=CIRCLE('',#1661,17.);
#591=CIRCLE('',#1664,8.1);
#592=CIRCLE('',#1666,1.99999999999999);
#593=CIRCLE('',#1667,1.99999999999999);
#594=CIRCLE('',#1668,1.99999999999999);
#595=CIRCLE('',#1669,1.99999999999999);
#596=CIRCLE('',#1670,3.00000000000001);
#597=CIRCLE('',#1673,8.1);
#598=CIRCLE('',#1675,3.00000000000001);
#599=CIRCLE('',#1676,1.09999999999999);
#600=CIRCLE('',#1677,1.09999999999999);
#601=CIRCLE('',#1678,1.09999999999999);
#602=CIRCLE('',#1679,1.09999999999999);
#603=CIRCLE('',#1681,2.25);
#604=CIRCLE('',#1682,1.3);
#605=CIRCLE('',#1684,2.25);
#606=CIRCLE('',#1685,2.25);
#607=CIRCLE('',#1687,2.25);
#608=CIRCLE('',#1688,1.3);
#609=CIRCLE('',#1690,2.25);
#610=CIRCLE('',#1691,2.25);
#611=CIRCLE('',#1703,1.3);
#612=CIRCLE('',#1705,1.3);
#613=CIRCLE('',#1707,1.3);
#614=CIRCLE('',#1709,1.3);
#615=CIRCLE('',#1711,1.99999999999999);
#616=CIRCLE('',#1712,1.99999999999999);
#617=CIRCLE('',#1714,1.09999999999999);
#618=CIRCLE('',#1716,1.99999999999999);
#619=CIRCLE('',#1717,1.99999999999999);
#620=CIRCLE('',#1719,1.09999999999999);
#621=CIRCLE('',#1721,1.99999999999999);
#622=CIRCLE('',#1722,1.99999999999999);
#623=CIRCLE('',#1724,1.09999999999999);
#624=CIRCLE('',#1726,1.99999999999999);
#625=CIRCLE('',#1727,1.99999999999999);
#626=CIRCLE('',#1729,1.09999999999999);
#627=CIRCLE('',#1735,3.00000000000001);
#628=CIRCLE('',#1743,1.99999999999999);
#629=CIRCLE('',#1745,1.09999999999999);
#630=CIRCLE('',#1747,1.99999999999999);
#631=CIRCLE('',#1749,1.09999999999999);
#632=CIRCLE('',#1751,1.99999999999999);
#633=CIRCLE('',#1753,1.09999999999999);
#634=CIRCLE('',#1755,1.99999999999999);
#635=CIRCLE('',#1757,1.09999999999999);
#636=VERTEX_POINT('',#2223);
#637=VERTEX_POINT('',#2225);
#638=VERTEX_POINT('',#2228);
#639=VERTEX_POINT('',#2230);
#640=VERTEX_POINT('',#2235);
#641=VERTEX_POINT('',#2237);
#642=VERTEX_POINT('',#2239);
#643=VERTEX_POINT('',#2251);
#644=VERTEX_POINT('',#2253);
#645=VERTEX_POINT('',#2260);
#646=VERTEX_POINT('',#2262);
#647=VERTEX_POINT('',#2265);
#648=VERTEX_POINT('',#2267);
#649=VERTEX_POINT('',#2272);
#650=VERTEX_POINT('',#2274);
#651=VERTEX_POINT('',#2276);
#652=VERTEX_POINT('',#2287);
#653=VERTEX_POINT('',#2289);
#654=VERTEX_POINT('',#2296);
#655=VERTEX_POINT('',#2300);
#656=VERTEX_POINT('',#2308);
#657=VERTEX_POINT('',#2310);
#658=VERTEX_POINT('',#2312);
#659=VERTEX_POINT('',#2314);
#660=VERTEX_POINT('',#2316);
#661=VERTEX_POINT('',#2318);
#662=VERTEX_POINT('',#2329);
#663=VERTEX_POINT('',#2340);
#664=VERTEX_POINT('',#2342);
#665=VERTEX_POINT('',#2344);
#666=VERTEX_POINT('',#2346);
#667=VERTEX_POINT('',#2351);
#668=VERTEX_POINT('',#2352);
#669=VERTEX_POINT('',#2354);
#670=VERTEX_POINT('',#2356);
#671=VERTEX_POINT('',#2360);
#672=VERTEX_POINT('',#2361);
#673=VERTEX_POINT('',#2369);
#674=VERTEX_POINT('',#2373);
#675=VERTEX_POINT('',#2375);
#676=VERTEX_POINT('',#2377);
#677=VERTEX_POINT('',#2379);
#678=VERTEX_POINT('',#2381);
#679=VERTEX_POINT('',#2394);
#680=VERTEX_POINT('',#2400);
#681=VERTEX_POINT('',#2401);
#682=VERTEX_POINT('',#2412);
#683=VERTEX_POINT('',#2414);
#684=VERTEX_POINT('',#2421);
#685=VERTEX_POINT('',#2425);
#686=VERTEX_POINT('',#2427);
#687=VERTEX_POINT('',#2431);
#688=VERTEX_POINT('',#2435);
#689=VERTEX_POINT('',#2446);
#690=VERTEX_POINT('',#2448);
#691=VERTEX_POINT('',#2450);
#692=VERTEX_POINT('',#2454);
#693=VERTEX_POINT('',#2455);
#694=VERTEX_POINT('',#2457);
#695=VERTEX_POINT('',#2459);
#696=VERTEX_POINT('',#2463);
#697=VERTEX_POINT('',#2465);
#698=VERTEX_POINT('',#2469);
#699=VERTEX_POINT('',#2473);
#700=VERTEX_POINT('',#2477);
#701=VERTEX_POINT('',#2481);
#702=VERTEX_POINT('',#2488);
#703=VERTEX_POINT('',#2490);
#704=VERTEX_POINT('',#2492);
#705=VERTEX_POINT('',#2494);
#706=VERTEX_POINT('',#2496);
#707=VERTEX_POINT('',#2513);
#708=VERTEX_POINT('',#2515);
#709=VERTEX_POINT('',#2517);
#710=VERTEX_POINT('',#2519);
#711=VERTEX_POINT('',#2521);
#712=VERTEX_POINT('',#2533);
#713=VERTEX_POINT('',#2535);
#714=VERTEX_POINT('',#2537);
#715=VERTEX_POINT('',#2542);
#716=VERTEX_POINT('',#2547);
#717=VERTEX_POINT('',#2549);
#718=VERTEX_POINT('',#2554);
#719=VERTEX_POINT('',#2559);
#720=VERTEX_POINT('',#2561);
#721=VERTEX_POINT('',#2563);
#722=VERTEX_POINT('',#2574);
#723=VERTEX_POINT('',#2576);
#724=VERTEX_POINT('',#2578);
#725=VERTEX_POINT('',#2582);
#726=VERTEX_POINT('',#2583);
#727=VERTEX_POINT('',#2585);
#728=VERTEX_POINT('',#2587);
#729=VERTEX_POINT('',#2593);
#730=VERTEX_POINT('',#2595);
#731=VERTEX_POINT('',#2600);
#732=VERTEX_POINT('',#2602);
#733=VERTEX_POINT('',#2604);
#734=VERTEX_POINT('',#2606);
#735=VERTEX_POINT('',#2608);
#736=VERTEX_POINT('',#2611);
#737=VERTEX_POINT('',#2613);
#738=VERTEX_POINT('',#2620);
#739=VERTEX_POINT('',#2622);
#740=VERTEX_POINT('',#2624);
#741=VERTEX_POINT('',#2626);
#742=VERTEX_POINT('',#2628);
#743=VERTEX_POINT('',#2631);
#744=VERTEX_POINT('',#2633);
#745=VERTEX_POINT('',#2637);
#746=VERTEX_POINT('',#2640);
#747=VERTEX_POINT('',#2644);
#748=VERTEX_POINT('',#2646);
#749=VERTEX_POINT('',#2650);
#750=VERTEX_POINT('',#2653);
#751=VERTEX_POINT('',#2671);
#752=VERTEX_POINT('',#2672);
#753=VERTEX_POINT('',#2674);
#754=VERTEX_POINT('',#2676);
#755=VERTEX_POINT('',#2683);
#756=VERTEX_POINT('',#2687);
#757=VERTEX_POINT('',#2691);
#758=VERTEX_POINT('',#2695);
#759=VERTEX_POINT('',#2699);
#760=VERTEX_POINT('',#2701);
#761=VERTEX_POINT('',#2705);
#762=VERTEX_POINT('',#2708);
#763=VERTEX_POINT('',#2710);
#764=VERTEX_POINT('',#2714);
#765=VERTEX_POINT('',#2717);
#766=VERTEX_POINT('',#2719);
#767=VERTEX_POINT('',#2723);
#768=VERTEX_POINT('',#2726);
#769=VERTEX_POINT('',#2728);
#770=VERTEX_POINT('',#2732);
#771=VERTEX_POINT('',#2743);
#772=VERTEX_POINT('',#2747);
#773=VERTEX_POINT('',#2748);
#774=VERTEX_POINT('',#2753);
#775=VERTEX_POINT('',#2757);
#776=VERTEX_POINT('',#2765);
#777=VERTEX_POINT('',#2769);
#778=VERTEX_POINT('',#2772);
#779=VERTEX_POINT('',#2776);
#780=VERTEX_POINT('',#2779);
#781=VERTEX_POINT('',#2783);
#782=VERTEX_POINT('',#2786);
#783=VERTEX_POINT('',#2790);
#784=EDGE_CURVE('',#636,#636,#552,.T.);
#785=EDGE_CURVE('',#637,#637,#553,.T.);
#786=EDGE_CURVE('',#636,#638,#37,.T.);
#787=EDGE_CURVE('',#639,#638,#17,.T.);
#788=EDGE_CURVE('',#640,#639,#38,.T.);
#789=EDGE_CURVE('',#641,#640,#554,.T.);
#790=EDGE_CURVE('',#642,#641,#18,.T.);
#791=EDGE_CURVE('',#643,#642,#555,.T.);
#792=EDGE_CURVE('',#644,#643,#39,.T.);
#793=EDGE_CURVE('',#638,#644,#19,.T.);
#794=EDGE_CURVE('',#645,#645,#556,.T.);
#795=EDGE_CURVE('',#646,#646,#557,.T.);
#796=EDGE_CURVE('',#645,#647,#40,.T.);
#797=EDGE_CURVE('',#648,#647,#20,.T.);
#798=EDGE_CURVE('',#649,#648,#41,.T.);
#799=EDGE_CURVE('',#650,#649,#558,.T.);
#800=EDGE_CURVE('',#651,#650,#21,.T.);
#801=EDGE_CURVE('',#652,#651,#559,.T.);
#802=EDGE_CURVE('',#653,#652,#42,.T.);
#803=EDGE_CURVE('',#647,#653,#22,.T.);
#804=EDGE_CURVE('',#654,#649,#43,.T.);
#805=EDGE_CURVE('',#654,#650,#44,.T.);
#806=EDGE_CURVE('',#642,#655,#45,.T.);
#807=EDGE_CURVE('',#643,#655,#46,.T.);
#808=EDGE_CURVE('',#648,#654,#560,.T.);
#809=EDGE_CURVE('',#655,#644,#561,.T.);
#810=EDGE_CURVE('',#656,#641,#47,.T.);
#811=EDGE_CURVE('',#657,#656,#562,.T.);
#812=EDGE_CURVE('',#657,#658,#48,.T.);
#813=EDGE_CURVE('',#658,#659,#563,.T.);
#814=EDGE_CURVE('',#660,#659,#49,.T.);
#815=EDGE_CURVE('',#661,#660,#23,.T.);
#816=EDGE_CURVE('',#661,#662,#24,.T.);
#817=EDGE_CURVE('',#662,#663,#50,.T.);
#818=EDGE_CURVE('',#663,#664,#564,.T.);
#819=EDGE_CURVE('',#664,#665,#51,.T.);
#820=EDGE_CURVE('',#666,#665,#565,.T.);
#821=EDGE_CURVE('',#651,#666,#52,.T.);
#822=EDGE_CURVE('',#639,#653,#566,.T.);
#823=EDGE_CURVE('',#667,#668,#53,.T.);
#824=EDGE_CURVE('',#668,#669,#567,.T.);
#825=EDGE_CURVE('',#669,#670,#54,.T.);
#826=EDGE_CURVE('',#667,#670,#568,.T.);
#827=EDGE_CURVE('',#671,#672,#25,.T.);
#828=EDGE_CURVE('',#672,#661,#55,.T.);
#829=EDGE_CURVE('',#660,#673,#56,.T.);
#830=EDGE_CURVE('',#673,#671,#15,.T.);
#831=EDGE_CURVE('',#674,#671,#57,.T.);
#832=EDGE_CURVE('',#675,#674,#569,.F.);
#833=EDGE_CURVE('',#675,#676,#58,.T.);
#834=EDGE_CURVE('',#676,#677,#570,.T.);
#835=EDGE_CURVE('',#677,#678,#59,.T.);
#836=EDGE_CURVE('',#678,#672,#26,.T.);
#837=EDGE_CURVE('',#679,#673,#60,.T.);
#838=EDGE_CURVE('',#679,#674,#61,.T.);
#839=EDGE_CURVE('',#679,#659,#62,.T.);
#840=EDGE_CURVE('',#680,#681,#27,.T.);
#841=EDGE_CURVE('',#681,#682,#63,.T.);
#842=EDGE_CURVE('',#682,#683,#28,.T.);
#843=EDGE_CURVE('',#683,#684,#16,.T.);
#844=EDGE_CURVE('',#684,#680,#64,.T.);
#845=EDGE_CURVE('',#684,#685,#65,.T.);
#846=EDGE_CURVE('',#686,#685,#66,.T.);
#847=EDGE_CURVE('',#686,#680,#67,.T.);
#848=EDGE_CURVE('',#687,#683,#68,.T.);
#849=EDGE_CURVE('',#687,#685,#69,.T.);
#850=EDGE_CURVE('',#682,#688,#29,.T.);
#851=EDGE_CURVE('',#688,#689,#70,.T.);
#852=EDGE_CURVE('',#689,#690,#571,.T.);
#853=EDGE_CURVE('',#690,#691,#71,.T.);
#854=EDGE_CURVE('',#687,#691,#572,.F.);
#855=EDGE_CURVE('',#692,#693,#573,.T.);
#856=EDGE_CURVE('',#694,#693,#72,.T.);
#857=EDGE_CURVE('',#695,#694,#574,.T.);
#858=EDGE_CURVE('',#695,#692,#73,.T.);
#859=EDGE_CURVE('',#696,#692,#575,.T.);
#860=EDGE_CURVE('',#697,#695,#576,.T.);
#861=EDGE_CURVE('',#697,#696,#74,.T.);
#862=EDGE_CURVE('',#663,#698,#75,.T.);
#863=EDGE_CURVE('',#662,#678,#76,.T.);
#864=EDGE_CURVE('',#670,#677,#77,.T.);
#865=EDGE_CURVE('',#669,#699,#78,.T.);
#866=EDGE_CURVE('',#698,#699,#79,.T.);
#867=EDGE_CURVE('',#694,#700,#80,.T.);
#868=EDGE_CURVE('',#693,#668,#81,.T.);
#869=EDGE_CURVE('',#689,#667,#82,.T.);
#870=EDGE_CURVE('',#688,#701,#83,.T.);
#871=EDGE_CURVE('',#700,#701,#84,.T.);
#872=EDGE_CURVE('',#699,#696,#577,.T.);
#873=EDGE_CURVE('',#698,#697,#578,.T.);
#874=EDGE_CURVE('',#702,#702,#579,.T.);
#875=EDGE_CURVE('',#703,#703,#580,.T.);
#876=EDGE_CURVE('',#704,#704,#581,.T.);
#877=EDGE_CURVE('',#705,#705,#582,.T.);
#878=EDGE_CURVE('',#706,#706,#583,.T.);
#879=EDGE_CURVE('',#676,#690,#85,.T.);
#880=EDGE_CURVE('',#701,#681,#30,.T.);
#881=EDGE_CURVE('',#686,#707,#584,.T.);
#882=EDGE_CURVE('',#707,#708,#86,.T.);
#883=EDGE_CURVE('',#709,#708,#585,.T.);
#884=EDGE_CURVE('',#710,#709,#87,.T.);
#885=EDGE_CURVE('',#710,#711,#31,.T.);
#886=EDGE_CURVE('',#712,#711,#88,.T.);
#887=EDGE_CURVE('',#713,#712,#586,.T.);
#888=EDGE_CURVE('',#713,#714,#32,.T.);
#889=EDGE_CURVE('',#714,#715,#33,.T.);
#890=EDGE_CURVE('',#716,#715,#587,.T.);
#891=EDGE_CURVE('',#716,#717,#34,.T.);
#892=EDGE_CURVE('',#717,#718,#35,.T.);
#893=EDGE_CURVE('',#719,#718,#588,.T.);
#894=EDGE_CURVE('',#720,#719,#89,.T.);
#895=EDGE_CURVE('',#720,#721,#36,.T.);
#896=EDGE_CURVE('',#722,#721,#90,.T.);
#897=EDGE_CURVE('',#723,#722,#589,.T.);
#898=EDGE_CURVE('',#723,#724,#91,.T.);
#899=EDGE_CURVE('',#724,#700,#590,.T.);
#900=EDGE_CURVE('',#725,#726,#92,.T.);
#901=EDGE_CURVE('',#727,#726,#93,.T.);
#902=EDGE_CURVE('',#727,#728,#94,.T.);
#903=EDGE_CURVE('',#725,#728,#95,.T.);
#904=EDGE_CURVE('',#726,#707,#96,.T.);
#905=EDGE_CURVE('',#691,#675,#97,.T.);
#906=EDGE_CURVE('',#658,#729,#98,.T.);
#907=EDGE_CURVE('',#729,#730,#99,.T.);
#908=EDGE_CURVE('',#730,#727,#591,.T.);
#909=EDGE_CURVE('',#724,#664,#100,.T.);
#910=EDGE_CURVE('',#731,#731,#592,.T.);
#911=EDGE_CURVE('',#732,#732,#593,.T.);
#912=EDGE_CURVE('',#733,#733,#594,.T.);
#913=EDGE_CURVE('',#734,#734,#595,.T.);
#914=EDGE_CURVE('',#735,#735,#596,.T.);
#915=EDGE_CURVE('',#729,#736,#101,.T.);
#916=EDGE_CURVE('',#737,#736,#102,.T.);
#917=EDGE_CURVE('',#730,#737,#103,.T.);
#918=EDGE_CURVE('',#728,#737,#597,.T.);
#919=EDGE_CURVE('',#736,#725,#104,.T.);
#920=EDGE_CURVE('',#738,#738,#598,.T.);
#921=EDGE_CURVE('',#739,#739,#599,.T.);
#922=EDGE_CURVE('',#740,#740,#600,.T.);
#923=EDGE_CURVE('',#741,#741,#601,.T.);
#924=EDGE_CURVE('',#742,#742,#602,.T.);
#925=EDGE_CURVE('',#743,#743,#603,.T.);
#926=EDGE_CURVE('',#744,#744,#604,.T.);
#927=EDGE_CURVE('',#743,#717,#105,.T.);
#928=EDGE_CURVE('',#745,#716,#106,.T.);
#929=EDGE_CURVE('',#721,#745,#605,.T.);
#930=EDGE_CURVE('',#746,#720,#606,.T.);
#931=EDGE_CURVE('',#718,#746,#107,.T.);
#932=EDGE_CURVE('',#747,#747,#607,.T.);
#933=EDGE_CURVE('',#748,#748,#608,.T.);
#934=EDGE_CURVE('',#747,#714,#108,.T.);
#935=EDGE_CURVE('',#749,#713,#109,.T.);
#936=EDGE_CURVE('',#711,#749,#609,.T.);
#937=EDGE_CURVE('',#750,#710,#610,.T.);
#938=EDGE_CURVE('',#715,#750,#110,.T.);
#939=EDGE_CURVE('',#712,#749,#111,.T.);
#940=EDGE_CURVE('',#750,#745,#112,.T.);
#941=EDGE_CURVE('',#746,#719,#113,.T.);
#942=EDGE_CURVE('',#722,#709,#114,.T.);
#943=EDGE_CURVE('',#708,#657,#115,.T.);
#944=EDGE_CURVE('',#656,#666,#116,.T.);
#945=EDGE_CURVE('',#665,#723,#117,.T.);
#946=EDGE_CURVE('',#751,#752,#118,.T.);
#947=EDGE_CURVE('',#752,#753,#119,.T.);
#948=EDGE_CURVE('',#753,#754,#120,.T.);
#949=EDGE_CURVE('',#754,#751,#121,.T.);
#950=EDGE_CURVE('',#652,#640,#122,.T.);
#951=EDGE_CURVE('',#755,#755,#611,.T.);
#952=EDGE_CURVE('',#755,#748,#123,.T.);
#953=EDGE_CURVE('',#756,#756,#612,.T.);
#954=EDGE_CURVE('',#756,#744,#124,.T.);
#955=EDGE_CURVE('',#757,#757,#613,.T.);
#956=EDGE_CURVE('',#757,#637,#125,.T.);
#957=EDGE_CURVE('',#758,#758,#614,.T.);
#958=EDGE_CURVE('',#758,#646,#126,.T.);
#959=EDGE_CURVE('',#759,#759,#615,.T.);
#960=EDGE_CURVE('',#759,#760,#127,.T.);
#961=EDGE_CURVE('',#760,#760,#616,.T.);
#962=EDGE_CURVE('',#761,#761,#617,.T.);
#963=EDGE_CURVE('',#762,#762,#618,.T.);
#964=EDGE_CURVE('',#762,#763,#128,.T.);
#965=EDGE_CURVE('',#763,#763,#619,.T.);
#966=EDGE_CURVE('',#764,#764,#620,.T.);
#967=EDGE_CURVE('',#765,#765,#621,.T.);
#968=EDGE_CURVE('',#765,#766,#129,.T.);
#969=EDGE_CURVE('',#766,#766,#622,.T.);
#970=EDGE_CURVE('',#767,#767,#623,.T.);
#971=EDGE_CURVE('',#768,#768,#624,.T.);
#972=EDGE_CURVE('',#768,#769,#130,.T.);
#973=EDGE_CURVE('',#769,#769,#625,.T.);
#974=EDGE_CURVE('',#770,#770,#626,.T.);
#975=EDGE_CURVE('',#742,#770,#131,.T.);
#976=EDGE_CURVE('',#741,#761,#132,.T.);
#977=EDGE_CURVE('',#740,#764,#133,.T.);
#978=EDGE_CURVE('',#739,#767,#134,.T.);
#979=EDGE_CURVE('',#738,#771,#135,.T.);
#980=EDGE_CURVE('',#771,#771,#627,.T.);
#981=EDGE_CURVE('',#772,#773,#136,.T.);
#982=EDGE_CURVE('',#772,#751,#137,.T.);
#983=EDGE_CURVE('',#773,#754,#138,.T.);
#984=EDGE_CURVE('',#773,#774,#139,.T.);
#985=EDGE_CURVE('',#774,#753,#140,.T.);
#986=EDGE_CURVE('',#774,#775,#141,.T.);
#987=EDGE_CURVE('',#775,#752,#142,.T.);
#988=EDGE_CURVE('',#775,#772,#143,.T.);
#989=EDGE_CURVE('',#731,#776,#144,.T.);
#990=EDGE_CURVE('',#776,#776,#628,.T.);
#991=EDGE_CURVE('',#777,#777,#629,.T.);
#992=EDGE_CURVE('',#732,#778,#145,.T.);
#993=EDGE_CURVE('',#778,#778,#630,.T.);
#994=EDGE_CURVE('',#779,#779,#631,.T.);
#995=EDGE_CURVE('',#733,#780,#146,.T.);
#996=EDGE_CURVE('',#780,#780,#632,.T.);
#997=EDGE_CURVE('',#781,#781,#633,.T.);
#998=EDGE_CURVE('',#734,#782,#147,.T.);
#999=EDGE_CURVE('',#782,#782,#634,.T.);
#1000=EDGE_CURVE('',#783,#783,#635,.T.);
#1001=EDGE_CURVE('',#783,#706,#148,.T.);
#1002=EDGE_CURVE('',#777,#705,#149,.T.);
#1003=EDGE_CURVE('',#779,#704,#150,.T.);
#1004=EDGE_CURVE('',#781,#703,#151,.T.);
#1005=EDGE_CURVE('',#735,#702,#152,.T.);
#1006=ORIENTED_EDGE('',*,*,#784,.T.);
#1007=ORIENTED_EDGE('',*,*,#785,.F.);
#1008=ORIENTED_EDGE('',*,*,#784,.F.);
#1009=ORIENTED_EDGE('',*,*,#786,.T.);
#1010=ORIENTED_EDGE('',*,*,#787,.F.);
#1011=ORIENTED_EDGE('',*,*,#788,.F.);
#1012=ORIENTED_EDGE('',*,*,#789,.F.);
#1013=ORIENTED_EDGE('',*,*,#790,.F.);
#1014=ORIENTED_EDGE('',*,*,#791,.F.);
#1015=ORIENTED_EDGE('',*,*,#792,.F.);
#1016=ORIENTED_EDGE('',*,*,#793,.F.);
#1017=ORIENTED_EDGE('',*,*,#786,.F.);
#1018=ORIENTED_EDGE('',*,*,#794,.T.);
#1019=ORIENTED_EDGE('',*,*,#795,.F.);
#1020=ORIENTED_EDGE('',*,*,#794,.F.);
#1021=ORIENTED_EDGE('',*,*,#796,.T.);
#1022=ORIENTED_EDGE('',*,*,#797,.F.);
#1023=ORIENTED_EDGE('',*,*,#798,.F.);
#1024=ORIENTED_EDGE('',*,*,#799,.F.);
#1025=ORIENTED_EDGE('',*,*,#800,.F.);
#1026=ORIENTED_EDGE('',*,*,#801,.F.);
#1027=ORIENTED_EDGE('',*,*,#802,.F.);
#1028=ORIENTED_EDGE('',*,*,#803,.F.);
#1029=ORIENTED_EDGE('',*,*,#796,.F.);
#1030=ORIENTED_EDGE('',*,*,#799,.T.);
#1031=ORIENTED_EDGE('',*,*,#804,.F.);
#1032=ORIENTED_EDGE('',*,*,#805,.T.);
#1033=ORIENTED_EDGE('',*,*,#791,.T.);
#1034=ORIENTED_EDGE('',*,*,#806,.T.);
#1035=ORIENTED_EDGE('',*,*,#807,.F.);
#1036=ORIENTED_EDGE('',*,*,#798,.T.);
#1037=ORIENTED_EDGE('',*,*,#808,.T.);
#1038=ORIENTED_EDGE('',*,*,#804,.T.);
#1039=ORIENTED_EDGE('',*,*,#792,.T.);
#1040=ORIENTED_EDGE('',*,*,#807,.T.);
#1041=ORIENTED_EDGE('',*,*,#809,.T.);
#1042=ORIENTED_EDGE('',*,*,#787,.T.);
#1043=ORIENTED_EDGE('',*,*,#793,.T.);
#1044=ORIENTED_EDGE('',*,*,#809,.F.);
#1045=ORIENTED_EDGE('',*,*,#806,.F.);
#1046=ORIENTED_EDGE('',*,*,#790,.T.);
#1047=ORIENTED_EDGE('',*,*,#810,.F.);
#1048=ORIENTED_EDGE('',*,*,#811,.F.);
#1049=ORIENTED_EDGE('',*,*,#812,.T.);
#1050=ORIENTED_EDGE('',*,*,#813,.T.);
#1051=ORIENTED_EDGE('',*,*,#814,.F.);
#1052=ORIENTED_EDGE('',*,*,#815,.F.);
#1053=ORIENTED_EDGE('',*,*,#816,.T.);
#1054=ORIENTED_EDGE('',*,*,#817,.T.);
#1055=ORIENTED_EDGE('',*,*,#818,.T.);
#1056=ORIENTED_EDGE('',*,*,#819,.T.);
#1057=ORIENTED_EDGE('',*,*,#820,.F.);
#1058=ORIENTED_EDGE('',*,*,#821,.F.);
#1059=ORIENTED_EDGE('',*,*,#800,.T.);
#1060=ORIENTED_EDGE('',*,*,#805,.F.);
#1061=ORIENTED_EDGE('',*,*,#808,.F.);
#1062=ORIENTED_EDGE('',*,*,#797,.T.);
#1063=ORIENTED_EDGE('',*,*,#803,.T.);
#1064=ORIENTED_EDGE('',*,*,#822,.F.);
#1065=ORIENTED_EDGE('',*,*,#823,.T.);
#1066=ORIENTED_EDGE('',*,*,#824,.T.);
#1067=ORIENTED_EDGE('',*,*,#825,.T.);
#1068=ORIENTED_EDGE('',*,*,#826,.F.);
#1069=ORIENTED_EDGE('',*,*,#827,.T.);
#1070=ORIENTED_EDGE('',*,*,#828,.T.);
#1071=ORIENTED_EDGE('',*,*,#815,.T.);
#1072=ORIENTED_EDGE('',*,*,#829,.T.);
#1073=ORIENTED_EDGE('',*,*,#830,.T.);
#1074=ORIENTED_EDGE('',*,*,#827,.F.);
#1075=ORIENTED_EDGE('',*,*,#831,.F.);
#1076=ORIENTED_EDGE('',*,*,#832,.F.);
#1077=ORIENTED_EDGE('',*,*,#833,.T.);
#1078=ORIENTED_EDGE('',*,*,#834,.T.);
#1079=ORIENTED_EDGE('',*,*,#835,.T.);
#1080=ORIENTED_EDGE('',*,*,#836,.T.);
#1081=ORIENTED_EDGE('',*,*,#830,.F.);
#1082=ORIENTED_EDGE('',*,*,#837,.F.);
#1083=ORIENTED_EDGE('',*,*,#838,.T.);
#1084=ORIENTED_EDGE('',*,*,#831,.T.);
#1085=ORIENTED_EDGE('',*,*,#829,.F.);
#1086=ORIENTED_EDGE('',*,*,#814,.T.);
#1087=ORIENTED_EDGE('',*,*,#839,.F.);
#1088=ORIENTED_EDGE('',*,*,#837,.T.);
#1089=ORIENTED_EDGE('',*,*,#840,.T.);
#1090=ORIENTED_EDGE('',*,*,#841,.T.);
#1091=ORIENTED_EDGE('',*,*,#842,.T.);
#1092=ORIENTED_EDGE('',*,*,#843,.T.);
#1093=ORIENTED_EDGE('',*,*,#844,.T.);
#1094=ORIENTED_EDGE('',*,*,#844,.F.);
#1095=ORIENTED_EDGE('',*,*,#845,.T.);
#1096=ORIENTED_EDGE('',*,*,#846,.F.);
#1097=ORIENTED_EDGE('',*,*,#847,.T.);
#1098=ORIENTED_EDGE('',*,*,#843,.F.);
#1099=ORIENTED_EDGE('',*,*,#848,.F.);
#1100=ORIENTED_EDGE('',*,*,#849,.T.);
#1101=ORIENTED_EDGE('',*,*,#845,.F.);
#1102=ORIENTED_EDGE('',*,*,#842,.F.);
#1103=ORIENTED_EDGE('',*,*,#850,.T.);
#1104=ORIENTED_EDGE('',*,*,#851,.T.);
#1105=ORIENTED_EDGE('',*,*,#852,.T.);
#1106=ORIENTED_EDGE('',*,*,#853,.T.);
#1107=ORIENTED_EDGE('',*,*,#854,.F.);
#1108=ORIENTED_EDGE('',*,*,#848,.T.);
#1109=ORIENTED_EDGE('',*,*,#855,.T.);
#1110=ORIENTED_EDGE('',*,*,#856,.F.);
#1111=ORIENTED_EDGE('',*,*,#857,.F.);
#1112=ORIENTED_EDGE('',*,*,#858,.T.);
#1113=ORIENTED_EDGE('',*,*,#859,.T.);
#1114=ORIENTED_EDGE('',*,*,#858,.F.);
#1115=ORIENTED_EDGE('',*,*,#860,.F.);
#1116=ORIENTED_EDGE('',*,*,#861,.T.);
#1117=ORIENTED_EDGE('',*,*,#862,.F.);
#1118=ORIENTED_EDGE('',*,*,#817,.F.);
#1119=ORIENTED_EDGE('',*,*,#863,.T.);
#1120=ORIENTED_EDGE('',*,*,#835,.F.);
#1121=ORIENTED_EDGE('',*,*,#864,.F.);
#1122=ORIENTED_EDGE('',*,*,#825,.F.);
#1123=ORIENTED_EDGE('',*,*,#865,.T.);
#1124=ORIENTED_EDGE('',*,*,#866,.F.);
#1125=ORIENTED_EDGE('',*,*,#867,.F.);
#1126=ORIENTED_EDGE('',*,*,#856,.T.);
#1127=ORIENTED_EDGE('',*,*,#868,.T.);
#1128=ORIENTED_EDGE('',*,*,#823,.F.);
#1129=ORIENTED_EDGE('',*,*,#869,.F.);
#1130=ORIENTED_EDGE('',*,*,#851,.F.);
#1131=ORIENTED_EDGE('',*,*,#870,.T.);
#1132=ORIENTED_EDGE('',*,*,#871,.F.);
#1133=ORIENTED_EDGE('',*,*,#872,.T.);
#1134=ORIENTED_EDGE('',*,*,#861,.F.);
#1135=ORIENTED_EDGE('',*,*,#873,.F.);
#1136=ORIENTED_EDGE('',*,*,#866,.T.);
#1137=ORIENTED_EDGE('',*,*,#859,.F.);
#1138=ORIENTED_EDGE('',*,*,#872,.F.);
#1139=ORIENTED_EDGE('',*,*,#865,.F.);
#1140=ORIENTED_EDGE('',*,*,#824,.F.);
#1141=ORIENTED_EDGE('',*,*,#868,.F.);
#1142=ORIENTED_EDGE('',*,*,#855,.F.);
#1143=ORIENTED_EDGE('',*,*,#874,.F.);
#1144=ORIENTED_EDGE('',*,*,#875,.F.);
#1145=ORIENTED_EDGE('',*,*,#876,.F.);
#1146=ORIENTED_EDGE('',*,*,#877,.F.);
#1147=ORIENTED_EDGE('',*,*,#878,.F.);
#1148=ORIENTED_EDGE('',*,*,#869,.T.);
#1149=ORIENTED_EDGE('',*,*,#826,.T.);
#1150=ORIENTED_EDGE('',*,*,#864,.T.);
#1151=ORIENTED_EDGE('',*,*,#834,.F.);
#1152=ORIENTED_EDGE('',*,*,#879,.T.);
#1153=ORIENTED_EDGE('',*,*,#852,.F.);
#1154=ORIENTED_EDGE('',*,*,#828,.F.);
#1155=ORIENTED_EDGE('',*,*,#836,.F.);
#1156=ORIENTED_EDGE('',*,*,#863,.F.);
#1157=ORIENTED_EDGE('',*,*,#816,.F.);
#1158=ORIENTED_EDGE('',*,*,#841,.F.);
#1159=ORIENTED_EDGE('',*,*,#880,.F.);
#1160=ORIENTED_EDGE('',*,*,#870,.F.);
#1161=ORIENTED_EDGE('',*,*,#850,.F.);
#1162=ORIENTED_EDGE('',*,*,#840,.F.);
#1163=ORIENTED_EDGE('',*,*,#847,.F.);
#1164=ORIENTED_EDGE('',*,*,#881,.T.);
#1165=ORIENTED_EDGE('',*,*,#882,.T.);
#1166=ORIENTED_EDGE('',*,*,#883,.F.);
#1167=ORIENTED_EDGE('',*,*,#884,.F.);
#1168=ORIENTED_EDGE('',*,*,#885,.T.);
#1169=ORIENTED_EDGE('',*,*,#886,.F.);
#1170=ORIENTED_EDGE('',*,*,#887,.F.);
#1171=ORIENTED_EDGE('',*,*,#888,.T.);
#1172=ORIENTED_EDGE('',*,*,#889,.T.);
#1173=ORIENTED_EDGE('',*,*,#890,.F.);
#1174=ORIENTED_EDGE('',*,*,#891,.T.);
#1175=ORIENTED_EDGE('',*,*,#892,.T.);
#1176=ORIENTED_EDGE('',*,*,#893,.F.);
#1177=ORIENTED_EDGE('',*,*,#894,.F.);
#1178=ORIENTED_EDGE('',*,*,#895,.T.);
#1179=ORIENTED_EDGE('',*,*,#896,.F.);
#1180=ORIENTED_EDGE('',*,*,#897,.F.);
#1181=ORIENTED_EDGE('',*,*,#898,.T.);
#1182=ORIENTED_EDGE('',*,*,#899,.T.);
#1183=ORIENTED_EDGE('',*,*,#871,.T.);
#1184=ORIENTED_EDGE('',*,*,#880,.T.);
#1185=ORIENTED_EDGE('',*,*,#900,.T.);
#1186=ORIENTED_EDGE('',*,*,#901,.F.);
#1187=ORIENTED_EDGE('',*,*,#902,.T.);
#1188=ORIENTED_EDGE('',*,*,#903,.F.);
#1189=ORIENTED_EDGE('',*,*,#904,.T.);
#1190=ORIENTED_EDGE('',*,*,#881,.F.);
#1191=ORIENTED_EDGE('',*,*,#846,.T.);
#1192=ORIENTED_EDGE('',*,*,#849,.F.);
#1193=ORIENTED_EDGE('',*,*,#854,.T.);
#1194=ORIENTED_EDGE('',*,*,#905,.T.);
#1195=ORIENTED_EDGE('',*,*,#832,.T.);
#1196=ORIENTED_EDGE('',*,*,#838,.F.);
#1197=ORIENTED_EDGE('',*,*,#839,.T.);
#1198=ORIENTED_EDGE('',*,*,#813,.F.);
#1199=ORIENTED_EDGE('',*,*,#906,.T.);
#1200=ORIENTED_EDGE('',*,*,#907,.T.);
#1201=ORIENTED_EDGE('',*,*,#908,.T.);
#1202=ORIENTED_EDGE('',*,*,#901,.T.);
#1203=ORIENTED_EDGE('',*,*,#867,.T.);
#1204=ORIENTED_EDGE('',*,*,#899,.F.);
#1205=ORIENTED_EDGE('',*,*,#909,.T.);
#1206=ORIENTED_EDGE('',*,*,#818,.F.);
#1207=ORIENTED_EDGE('',*,*,#862,.T.);
#1208=ORIENTED_EDGE('',*,*,#873,.T.);
#1209=ORIENTED_EDGE('',*,*,#860,.T.);
#1210=ORIENTED_EDGE('',*,*,#857,.T.);
#1211=ORIENTED_EDGE('',*,*,#910,.T.);
#1212=ORIENTED_EDGE('',*,*,#911,.T.);
#1213=ORIENTED_EDGE('',*,*,#912,.T.);
#1214=ORIENTED_EDGE('',*,*,#913,.T.);
#1215=ORIENTED_EDGE('',*,*,#914,.T.);
#1216=ORIENTED_EDGE('',*,*,#915,.T.);
#1217=ORIENTED_EDGE('',*,*,#916,.F.);
#1218=ORIENTED_EDGE('',*,*,#917,.F.);
#1219=ORIENTED_EDGE('',*,*,#907,.F.);
#1220=ORIENTED_EDGE('',*,*,#908,.F.);
#1221=ORIENTED_EDGE('',*,*,#917,.T.);
#1222=ORIENTED_EDGE('',*,*,#918,.F.);
#1223=ORIENTED_EDGE('',*,*,#902,.F.);
#1224=ORIENTED_EDGE('',*,*,#919,.T.);
#1225=ORIENTED_EDGE('',*,*,#903,.T.);
#1226=ORIENTED_EDGE('',*,*,#918,.T.);
#1227=ORIENTED_EDGE('',*,*,#916,.T.);
#1228=ORIENTED_EDGE('',*,*,#920,.F.);
#1229=ORIENTED_EDGE('',*,*,#921,.F.);
#1230=ORIENTED_EDGE('',*,*,#922,.F.);
#1231=ORIENTED_EDGE('',*,*,#923,.F.);
#1232=ORIENTED_EDGE('',*,*,#924,.F.);
#1233=ORIENTED_EDGE('',*,*,#925,.F.);
#1234=ORIENTED_EDGE('',*,*,#926,.F.);
#1235=ORIENTED_EDGE('',*,*,#925,.T.);
#1236=ORIENTED_EDGE('',*,*,#927,.T.);
#1237=ORIENTED_EDGE('',*,*,#891,.F.);
#1238=ORIENTED_EDGE('',*,*,#928,.F.);
#1239=ORIENTED_EDGE('',*,*,#929,.F.);
#1240=ORIENTED_EDGE('',*,*,#895,.F.);
#1241=ORIENTED_EDGE('',*,*,#930,.F.);
#1242=ORIENTED_EDGE('',*,*,#931,.F.);
#1243=ORIENTED_EDGE('',*,*,#892,.F.);
#1244=ORIENTED_EDGE('',*,*,#927,.F.);
#1245=ORIENTED_EDGE('',*,*,#932,.F.);
#1246=ORIENTED_EDGE('',*,*,#933,.F.);
#1247=ORIENTED_EDGE('',*,*,#932,.T.);
#1248=ORIENTED_EDGE('',*,*,#934,.T.);
#1249=ORIENTED_EDGE('',*,*,#888,.F.);
#1250=ORIENTED_EDGE('',*,*,#935,.F.);
#1251=ORIENTED_EDGE('',*,*,#936,.F.);
#1252=ORIENTED_EDGE('',*,*,#885,.F.);
#1253=ORIENTED_EDGE('',*,*,#937,.F.);
#1254=ORIENTED_EDGE('',*,*,#938,.F.);
#1255=ORIENTED_EDGE('',*,*,#889,.F.);
#1256=ORIENTED_EDGE('',*,*,#934,.F.);
#1257=ORIENTED_EDGE('',*,*,#935,.T.);
#1258=ORIENTED_EDGE('',*,*,#887,.T.);
#1259=ORIENTED_EDGE('',*,*,#939,.T.);
#1260=ORIENTED_EDGE('',*,*,#928,.T.);
#1261=ORIENTED_EDGE('',*,*,#890,.T.);
#1262=ORIENTED_EDGE('',*,*,#938,.T.);
#1263=ORIENTED_EDGE('',*,*,#940,.T.);
#1264=ORIENTED_EDGE('',*,*,#931,.T.);
#1265=ORIENTED_EDGE('',*,*,#941,.T.);
#1266=ORIENTED_EDGE('',*,*,#893,.T.);
#1267=ORIENTED_EDGE('',*,*,#936,.T.);
#1268=ORIENTED_EDGE('',*,*,#939,.F.);
#1269=ORIENTED_EDGE('',*,*,#886,.T.);
#1270=ORIENTED_EDGE('',*,*,#929,.T.);
#1271=ORIENTED_EDGE('',*,*,#940,.F.);
#1272=ORIENTED_EDGE('',*,*,#937,.T.);
#1273=ORIENTED_EDGE('',*,*,#884,.T.);
#1274=ORIENTED_EDGE('',*,*,#942,.F.);
#1275=ORIENTED_EDGE('',*,*,#896,.T.);
#1276=ORIENTED_EDGE('',*,*,#930,.T.);
#1277=ORIENTED_EDGE('',*,*,#894,.T.);
#1278=ORIENTED_EDGE('',*,*,#941,.F.);
#1279=ORIENTED_EDGE('',*,*,#882,.F.);
#1280=ORIENTED_EDGE('',*,*,#904,.F.);
#1281=ORIENTED_EDGE('',*,*,#900,.F.);
#1282=ORIENTED_EDGE('',*,*,#919,.F.);
#1283=ORIENTED_EDGE('',*,*,#915,.F.);
#1284=ORIENTED_EDGE('',*,*,#906,.F.);
#1285=ORIENTED_EDGE('',*,*,#812,.F.);
#1286=ORIENTED_EDGE('',*,*,#943,.F.);
#1287=ORIENTED_EDGE('',*,*,#883,.T.);
#1288=ORIENTED_EDGE('',*,*,#943,.T.);
#1289=ORIENTED_EDGE('',*,*,#811,.T.);
#1290=ORIENTED_EDGE('',*,*,#944,.T.);
#1291=ORIENTED_EDGE('',*,*,#820,.T.);
#1292=ORIENTED_EDGE('',*,*,#945,.T.);
#1293=ORIENTED_EDGE('',*,*,#897,.T.);
#1294=ORIENTED_EDGE('',*,*,#942,.T.);
#1295=ORIENTED_EDGE('',*,*,#946,.T.);
#1296=ORIENTED_EDGE('',*,*,#947,.T.);
#1297=ORIENTED_EDGE('',*,*,#948,.T.);
#1298=ORIENTED_EDGE('',*,*,#949,.T.);
#1299=ORIENTED_EDGE('',*,*,#789,.T.);
#1300=ORIENTED_EDGE('',*,*,#950,.F.);
#1301=ORIENTED_EDGE('',*,*,#801,.T.);
#1302=ORIENTED_EDGE('',*,*,#821,.T.);
#1303=ORIENTED_EDGE('',*,*,#944,.F.);
#1304=ORIENTED_EDGE('',*,*,#810,.T.);
#1305=ORIENTED_EDGE('',*,*,#788,.T.);
#1306=ORIENTED_EDGE('',*,*,#822,.T.);
#1307=ORIENTED_EDGE('',*,*,#802,.T.);
#1308=ORIENTED_EDGE('',*,*,#950,.T.);
#1309=ORIENTED_EDGE('',*,*,#951,.F.);
#1310=ORIENTED_EDGE('',*,*,#952,.T.);
#1311=ORIENTED_EDGE('',*,*,#933,.T.);
#1312=ORIENTED_EDGE('',*,*,#952,.F.);
#1313=ORIENTED_EDGE('',*,*,#953,.F.);
#1314=ORIENTED_EDGE('',*,*,#954,.T.);
#1315=ORIENTED_EDGE('',*,*,#926,.T.);
#1316=ORIENTED_EDGE('',*,*,#954,.F.);
#1317=ORIENTED_EDGE('',*,*,#955,.F.);
#1318=ORIENTED_EDGE('',*,*,#956,.T.);
#1319=ORIENTED_EDGE('',*,*,#785,.T.);
#1320=ORIENTED_EDGE('',*,*,#956,.F.);
#1321=ORIENTED_EDGE('',*,*,#957,.F.);
#1322=ORIENTED_EDGE('',*,*,#958,.T.);
#1323=ORIENTED_EDGE('',*,*,#795,.T.);
#1324=ORIENTED_EDGE('',*,*,#958,.F.);
#1325=ORIENTED_EDGE('',*,*,#959,.F.);
#1326=ORIENTED_EDGE('',*,*,#960,.T.);
#1327=ORIENTED_EDGE('',*,*,#961,.T.);
#1328=ORIENTED_EDGE('',*,*,#960,.F.);
#1329=ORIENTED_EDGE('',*,*,#961,.F.);
#1330=ORIENTED_EDGE('',*,*,#962,.F.);
#1331=ORIENTED_EDGE('',*,*,#963,.F.);
#1332=ORIENTED_EDGE('',*,*,#964,.T.);
#1333=ORIENTED_EDGE('',*,*,#965,.T.);
#1334=ORIENTED_EDGE('',*,*,#964,.F.);
#1335=ORIENTED_EDGE('',*,*,#965,.F.);
#1336=ORIENTED_EDGE('',*,*,#966,.F.);
#1337=ORIENTED_EDGE('',*,*,#967,.F.);
#1338=ORIENTED_EDGE('',*,*,#968,.T.);
#1339=ORIENTED_EDGE('',*,*,#969,.T.);
#1340=ORIENTED_EDGE('',*,*,#968,.F.);
#1341=ORIENTED_EDGE('',*,*,#969,.F.);
#1342=ORIENTED_EDGE('',*,*,#970,.F.);
#1343=ORIENTED_EDGE('',*,*,#971,.F.);
#1344=ORIENTED_EDGE('',*,*,#972,.T.);
#1345=ORIENTED_EDGE('',*,*,#973,.T.);
#1346=ORIENTED_EDGE('',*,*,#972,.F.);
#1347=ORIENTED_EDGE('',*,*,#973,.F.);
#1348=ORIENTED_EDGE('',*,*,#974,.F.);
#1349=ORIENTED_EDGE('',*,*,#924,.T.);
#1350=ORIENTED_EDGE('',*,*,#975,.T.);
#1351=ORIENTED_EDGE('',*,*,#974,.T.);
#1352=ORIENTED_EDGE('',*,*,#975,.F.);
#1353=ORIENTED_EDGE('',*,*,#923,.T.);
#1354=ORIENTED_EDGE('',*,*,#976,.T.);
#1355=ORIENTED_EDGE('',*,*,#962,.T.);
#1356=ORIENTED_EDGE('',*,*,#976,.F.);
#1357=ORIENTED_EDGE('',*,*,#922,.T.);
#1358=ORIENTED_EDGE('',*,*,#977,.T.);
#1359=ORIENTED_EDGE('',*,*,#966,.T.);
#1360=ORIENTED_EDGE('',*,*,#977,.F.);
#1361=ORIENTED_EDGE('',*,*,#921,.T.);
#1362=ORIENTED_EDGE('',*,*,#978,.T.);
#1363=ORIENTED_EDGE('',*,*,#970,.T.);
#1364=ORIENTED_EDGE('',*,*,#978,.F.);
#1365=ORIENTED_EDGE('',*,*,#920,.T.);
#1366=ORIENTED_EDGE('',*,*,#979,.T.);
#1367=ORIENTED_EDGE('',*,*,#980,.F.);
#1368=ORIENTED_EDGE('',*,*,#979,.F.);
#1369=ORIENTED_EDGE('',*,*,#981,.F.);
#1370=ORIENTED_EDGE('',*,*,#982,.T.);
#1371=ORIENTED_EDGE('',*,*,#949,.F.);
#1372=ORIENTED_EDGE('',*,*,#983,.F.);
#1373=ORIENTED_EDGE('',*,*,#984,.F.);
#1374=ORIENTED_EDGE('',*,*,#983,.T.);
#1375=ORIENTED_EDGE('',*,*,#948,.F.);
#1376=ORIENTED_EDGE('',*,*,#985,.F.);
#1377=ORIENTED_EDGE('',*,*,#951,.T.);
#1378=ORIENTED_EDGE('',*,*,#953,.T.);
#1379=ORIENTED_EDGE('',*,*,#986,.F.);
#1380=ORIENTED_EDGE('',*,*,#985,.T.);
#1381=ORIENTED_EDGE('',*,*,#947,.F.);
#1382=ORIENTED_EDGE('',*,*,#987,.F.);
#1383=ORIENTED_EDGE('',*,*,#988,.F.);
#1384=ORIENTED_EDGE('',*,*,#987,.T.);
#1385=ORIENTED_EDGE('',*,*,#946,.F.);
#1386=ORIENTED_EDGE('',*,*,#982,.F.);
#1387=ORIENTED_EDGE('',*,*,#955,.T.);
#1388=ORIENTED_EDGE('',*,*,#957,.T.);
#1389=ORIENTED_EDGE('',*,*,#898,.F.);
#1390=ORIENTED_EDGE('',*,*,#945,.F.);
#1391=ORIENTED_EDGE('',*,*,#819,.F.);
#1392=ORIENTED_EDGE('',*,*,#909,.F.);
#1393=ORIENTED_EDGE('',*,*,#879,.F.);
#1394=ORIENTED_EDGE('',*,*,#833,.F.);
#1395=ORIENTED_EDGE('',*,*,#905,.F.);
#1396=ORIENTED_EDGE('',*,*,#853,.F.);
#1397=ORIENTED_EDGE('',*,*,#981,.T.);
#1398=ORIENTED_EDGE('',*,*,#984,.T.);
#1399=ORIENTED_EDGE('',*,*,#986,.T.);
#1400=ORIENTED_EDGE('',*,*,#988,.T.);
#1401=ORIENTED_EDGE('',*,*,#980,.T.);
#1402=ORIENTED_EDGE('',*,*,#971,.T.);
#1403=ORIENTED_EDGE('',*,*,#967,.T.);
#1404=ORIENTED_EDGE('',*,*,#963,.T.);
#1405=ORIENTED_EDGE('',*,*,#959,.T.);
#1406=ORIENTED_EDGE('',*,*,#910,.F.);
#1407=ORIENTED_EDGE('',*,*,#989,.T.);
#1408=ORIENTED_EDGE('',*,*,#990,.T.);
#1409=ORIENTED_EDGE('',*,*,#989,.F.);
#1410=ORIENTED_EDGE('',*,*,#990,.F.);
#1411=ORIENTED_EDGE('',*,*,#991,.F.);
#1412=ORIENTED_EDGE('',*,*,#911,.F.);
#1413=ORIENTED_EDGE('',*,*,#992,.T.);
#1414=ORIENTED_EDGE('',*,*,#993,.T.);
#1415=ORIENTED_EDGE('',*,*,#992,.F.);
#1416=ORIENTED_EDGE('',*,*,#993,.F.);
#1417=ORIENTED_EDGE('',*,*,#994,.F.);
#1418=ORIENTED_EDGE('',*,*,#912,.F.);
#1419=ORIENTED_EDGE('',*,*,#995,.T.);
#1420=ORIENTED_EDGE('',*,*,#996,.T.);
#1421=ORIENTED_EDGE('',*,*,#995,.F.);
#1422=ORIENTED_EDGE('',*,*,#996,.F.);
#1423=ORIENTED_EDGE('',*,*,#997,.F.);
#1424=ORIENTED_EDGE('',*,*,#913,.F.);
#1425=ORIENTED_EDGE('',*,*,#998,.T.);
#1426=ORIENTED_EDGE('',*,*,#999,.T.);
#1427=ORIENTED_EDGE('',*,*,#998,.F.);
#1428=ORIENTED_EDGE('',*,*,#999,.F.);
#1429=ORIENTED_EDGE('',*,*,#1000,.F.);
#1430=ORIENTED_EDGE('',*,*,#1000,.T.);
#1431=ORIENTED_EDGE('',*,*,#1001,.T.);
#1432=ORIENTED_EDGE('',*,*,#878,.T.);
#1433=ORIENTED_EDGE('',*,*,#1001,.F.);
#1434=ORIENTED_EDGE('',*,*,#991,.T.);
#1435=ORIENTED_EDGE('',*,*,#1002,.T.);
#1436=ORIENTED_EDGE('',*,*,#877,.T.);
#1437=ORIENTED_EDGE('',*,*,#1002,.F.);
#1438=ORIENTED_EDGE('',*,*,#994,.T.);
#1439=ORIENTED_EDGE('',*,*,#1003,.T.);
#1440=ORIENTED_EDGE('',*,*,#876,.T.);
#1441=ORIENTED_EDGE('',*,*,#1003,.F.);
#1442=ORIENTED_EDGE('',*,*,#997,.T.);
#1443=ORIENTED_EDGE('',*,*,#1004,.T.);
#1444=ORIENTED_EDGE('',*,*,#875,.T.);
#1445=ORIENTED_EDGE('',*,*,#1004,.F.);
#1446=ORIENTED_EDGE('',*,*,#914,.F.);
#1447=ORIENTED_EDGE('',*,*,#1005,.T.);
#1448=ORIENTED_EDGE('',*,*,#874,.T.);
#1449=ORIENTED_EDGE('',*,*,#1005,.F.);
#1450=PLANE('',#1593);
#1451=PLANE('',#1599);
#1452=PLANE('',#1605);
#1453=PLANE('',#1606);
#1454=PLANE('',#1607);
#1455=PLANE('',#1609);
#1456=PLANE('',#1625);
#1457=PLANE('',#1626);
#1458=PLANE('',#1629);
#1459=PLANE('',#1630);
#1460=PLANE('',#1640);
#1461=PLANE('',#1641);
#1462=PLANE('',#1645);
#1463=PLANE('',#1651);
#1464=PLANE('',#1662);
#1465=PLANE('',#1663);
#1466=PLANE('',#1665);
#1467=PLANE('',#1671);
#1468=PLANE('',#1674);
#1469=PLANE('',#1680);
#1470=PLANE('',#1686);
#1471=PLANE('',#1692);
#1472=PLANE('',#1693);
#1473=PLANE('',#1694);
#1474=PLANE('',#1695);
#1475=PLANE('',#1696);
#1476=PLANE('',#1697);
#1477=PLANE('',#1698);
#1478=PLANE('',#1699);
#1479=PLANE('',#1700);
#1480=PLANE('',#1701);
#1481=PLANE('',#1713);
#1482=PLANE('',#1718);
#1483=PLANE('',#1723);
#1484=PLANE('',#1728);
#1485=PLANE('',#1736);
#1486=PLANE('',#1737);
#1487=PLANE('',#1738);
#1488=PLANE('',#1739);
#1489=PLANE('',#1740);
#1490=PLANE('',#1741);
#1491=PLANE('',#1744);
#1492=PLANE('',#1748);
#1493=PLANE('',#1752);
#1494=PLANE('',#1756);
#1495=ADVANCED_FACE('',(#346,#308),#1450,.F.);
#1496=ADVANCED_FACE('',(#347),#269,.F.);
#1497=ADVANCED_FACE('',(#348,#309),#1451,.F.);
#1498=ADVANCED_FACE('',(#349),#270,.F.);
#1499=ADVANCED_FACE('',(#350),#1452,.T.);
#1500=ADVANCED_FACE('',(#351),#1453,.T.);
#1501=ADVANCED_FACE('',(#352),#1454,.T.);
#1502=ADVANCED_FACE('',(#353),#1455,.T.);
#1503=ADVANCED_FACE('',(#354),#271,.T.);
#1504=ADVANCED_FACE('',(#355),#272,.F.);
#1505=ADVANCED_FACE('',(#356),#273,.T.);
#1506=ADVANCED_FACE('',(#357),#274,.F.);
#1507=ADVANCED_FACE('',(#358),#1456,.F.);
#1508=ADVANCED_FACE('',(#359),#1457,.T.);
#1509=ADVANCED_FACE('',(#360),#275,.T.);
#1510=ADVANCED_FACE('',(#361),#1458,.T.);
#1511=ADVANCED_FACE('',(#362),#1459,.F.);
#1512=ADVANCED_FACE('',(#363),#276,.F.);
#1513=ADVANCED_FACE('',(#364),#277,.F.);
#1514=ADVANCED_FACE('',(#365),#278,.T.);
#1515=ADVANCED_FACE('',(#366),#1460,.F.);
#1516=ADVANCED_FACE('',(#367),#1461,.F.);
#1517=ADVANCED_FACE('',(#368),#279,.F.);
#1518=ADVANCED_FACE('',(#369,#310,#311,#312,#313,#314),#1462,.T.);
#1519=ADVANCED_FACE('',(#370),#1463,.T.);
#1520=ADVANCED_FACE('',(#371),#280,.F.);
#1521=ADVANCED_FACE('',(#372),#281,.F.);
#1522=ADVANCED_FACE('',(#373),#282,.T.);
#1523=ADVANCED_FACE('',(#374),#1464,.T.);
#1524=ADVANCED_FACE('',(#375),#1465,.F.);
#1525=ADVANCED_FACE('',(#376,#315,#316,#317,#318,#319),#1466,.F.);
#1526=ADVANCED_FACE('',(#377),#1467,.T.);
#1527=ADVANCED_FACE('',(#378),#283,.F.);
#1528=ADVANCED_FACE('',(#379,#320,#321,#322,#323,#324),#1468,.F.);
#1529=ADVANCED_FACE('',(#380,#325),#1469,.T.);
#1530=ADVANCED_FACE('',(#381),#284,.F.);
#1531=ADVANCED_FACE('',(#382,#326),#1470,.T.);
#1532=ADVANCED_FACE('',(#383),#285,.F.);
#1533=ADVANCED_FACE('',(#384),#1471,.T.);
#1534=ADVANCED_FACE('',(#385),#1472,.T.);
#1535=ADVANCED_FACE('',(#386),#1473,.T.);
#1536=ADVANCED_FACE('',(#387),#1474,.T.);
#1537=ADVANCED_FACE('',(#388),#1475,.T.);
#1538=ADVANCED_FACE('',(#389),#1476,.T.);
#1539=ADVANCED_FACE('',(#390),#1477,.T.);
#1540=ADVANCED_FACE('',(#391,#327),#1478,.T.);
#1541=ADVANCED_FACE('',(#392),#1479,.T.);
#1542=ADVANCED_FACE('',(#393),#1480,.T.);
#1543=ADVANCED_FACE('',(#394),#286,.F.);
#1544=ADVANCED_FACE('',(#395),#287,.F.);
#1545=ADVANCED_FACE('',(#396),#288,.F.);
#1546=ADVANCED_FACE('',(#397),#289,.F.);
#1547=ADVANCED_FACE('',(#398),#290,.F.);
#1548=ADVANCED_FACE('',(#399,#328),#1481,.T.);
#1549=ADVANCED_FACE('',(#400),#291,.F.);
#1550=ADVANCED_FACE('',(#401,#329),#1482,.T.);
#1551=ADVANCED_FACE('',(#402),#292,.F.);
#1552=ADVANCED_FACE('',(#403,#330),#1483,.T.);
#1553=ADVANCED_FACE('',(#404),#293,.F.);
#1554=ADVANCED_FACE('',(#405,#331),#1484,.T.);
#1555=ADVANCED_FACE('',(#406),#294,.F.);
#1556=ADVANCED_FACE('',(#407),#295,.F.);
#1557=ADVANCED_FACE('',(#408),#296,.F.);
#1558=ADVANCED_FACE('',(#409),#297,.F.);
#1559=ADVANCED_FACE('',(#410),#298,.F.);
#1560=ADVANCED_FACE('',(#411),#1485,.T.);
#1561=ADVANCED_FACE('',(#412,#332,#333),#1486,.T.);
#1562=ADVANCED_FACE('',(#413),#1487,.T.);
#1563=ADVANCED_FACE('',(#414,#334,#335),#1488,.T.);
#1564=ADVANCED_FACE('',(#415,#336),#1489,.T.);
#1565=ADVANCED_FACE('',(#416,#337,#338,#339,#340,#341),#1490,.T.);
#1566=ADVANCED_FACE('',(#417),#299,.F.);
#1567=ADVANCED_FACE('',(#418,#342),#1491,.F.);
#1568=ADVANCED_FACE('',(#419),#300,.F.);
#1569=ADVANCED_FACE('',(#420,#343),#1492,.F.);
#1570=ADVANCED_FACE('',(#421),#301,.F.);
#1571=ADVANCED_FACE('',(#422,#344),#1493,.F.);
#1572=ADVANCED_FACE('',(#423),#302,.F.);
#1573=ADVANCED_FACE('',(#424,#345),#1494,.F.);
#1574=ADVANCED_FACE('',(#425),#303,.F.);
#1575=ADVANCED_FACE('',(#426),#304,.F.);
#1576=ADVANCED_FACE('',(#427),#305,.F.);
#1577=ADVANCED_FACE('',(#428),#306,.F.);
#1578=ADVANCED_FACE('',(#429),#307,.F.);
#1579=CLOSED_SHELL('',(#1495,#1496,#1497,#1498,#1499,#1500,#1501,#1502,
#1503,#1504,#1505,#1506,#1507,#1508,#1509,#1510,#1511,#1512,#1513,#1514,
#1515,#1516,#1517,#1518,#1519,#1520,#1521,#1522,#1523,#1524,#1525,#1526,
#1527,#1528,#1529,#1530,#1531,#1532,#1533,#1534,#1535,#1536,#1537,#1538,
#1539,#1540,#1541,#1542,#1543,#1544,#1545,#1546,#1547,#1548,#1549,#1550,
#1551,#1552,#1553,#1554,#1555,#1556,#1557,#1558,#1559,#1560,#1561,#1562,
#1563,#1564,#1565,#1566,#1567,#1568,#1569,#1570,#1571,#1572,#1573,#1574,
#1575,#1576,#1577,#1578));
#1580=DERIVED_UNIT_ELEMENT(#1582,1.);
#1581=DERIVED_UNIT_ELEMENT(#2807,-3.);
#1582=(
MASS_UNIT()
NAMED_UNIT(*)
SI_UNIT(.KILO.,.GRAM.)
);
#1583=DERIVED_UNIT((#1580,#1581));
#1584=MEASURE_REPRESENTATION_ITEM('density measure',
POSITIVE_RATIO_MEASURE(7850.),#1583);
#1585=PROPERTY_DEFINITION_REPRESENTATION(#1590,#1587);
#1586=PROPERTY_DEFINITION_REPRESENTATION(#1591,#1588);
#1587=REPRESENTATION('material name',(#1589),#2804);
#1588=REPRESENTATION('density',(#1584),#2804);
#1589=DESCRIPTIVE_REPRESENTATION_ITEM('\X2\92FC\X0\','\X2\92FC\X0\');
#1590=PROPERTY_DEFINITION('material property','material name',#2814);
#1591=PROPERTY_DEFINITION('material property','density of part',#2814);
#1592=AXIS2_PLACEMENT_3D('',#2221,#1763,#1764);
#1593=AXIS2_PLACEMENT_3D('',#2222,#1765,#1766);
#1594=AXIS2_PLACEMENT_3D('',#2224,#1767,#1768);
#1595=AXIS2_PLACEMENT_3D('',#2226,#1769,#1770);
#1596=AXIS2_PLACEMENT_3D('',#2227,#1771,#1772);
#1597=AXIS2_PLACEMENT_3D('',#2238,#1775,#1776);
#1598=AXIS2_PLACEMENT_3D('',#2252,#1777,#1778);
#1599=AXIS2_PLACEMENT_3D('',#2259,#1780,#1781);
#1600=AXIS2_PLACEMENT_3D('',#2261,#1782,#1783);
#1601=AXIS2_PLACEMENT_3D('',#2263,#1784,#1785);
#1602=AXIS2_PLACEMENT_3D('',#2264,#1786,#1787);
#1603=AXIS2_PLACEMENT_3D('',#2275,#1790,#1791);
#1604=AXIS2_PLACEMENT_3D('',#2288,#1792,#1793);
#1605=AXIS2_PLACEMENT_3D('',#2295,#1795,#1796);
#1606=AXIS2_PLACEMENT_3D('',#2299,#1799,#1800);
#1607=AXIS2_PLACEMENT_3D('',#2303,#1803,#1804);
#1608=AXIS2_PLACEMENT_3D('',#2304,#1805,#1806);
#1609=AXIS2_PLACEMENT_3D('',#2305,#1807,#1808);
#1610=AXIS2_PLACEMENT_3D('',#2306,#1809,#1810);
#1611=AXIS2_PLACEMENT_3D('',#2307,#1811,#1812);
#1612=AXIS2_PLACEMENT_3D('',#2311,#1814,#1815);
#1613=AXIS2_PLACEMENT_3D('',#2315,#1817,#1818);
#1614=AXIS2_PLACEMENT_3D('',#2343,#1821,#1822);
#1615=AXIS2_PLACEMENT_3D('',#2347,#1824,#1825);
#1616=AXIS2_PLACEMENT_3D('',#2349,#1827,#1828);
#1617=AXIS2_PLACEMENT_3D('',#2350,#1829,#1830);
#1618=AXIS2_PLACEMENT_3D('',#2355,#1832,#1833);
#1619=AXIS2_PLACEMENT_3D('',#2358,#1835,#1836);
#1620=AXIS2_PLACEMENT_3D('',#2359,#1837,#1838);
#1621=AXIS2_PLACEMENT_3D('',#2371,#1841,#1842);
#1622=AXIS2_PLACEMENT_3D('',#2372,#1843,#1844);
#1623=AXIS2_PLACEMENT_3D('',#2376,#1846,#1847);
#1624=AXIS2_PLACEMENT_3D('',#2380,#1849,#1850);
#1625=AXIS2_PLACEMENT_3D('',#2393,#1852,#1853);
#1626=AXIS2_PLACEMENT_3D('',#2397,#1856,#1857);
#1627=AXIS2_PLACEMENT_3D('',#2399,#1859,#1860);
#1628=AXIS2_PLACEMENT_3D('',#2422,#1862,#1863);
#1629=AXIS2_PLACEMENT_3D('',#2424,#1865,#1866);
#1630=AXIS2_PLACEMENT_3D('',#2430,#1870,#1871);
#1631=AXIS2_PLACEMENT_3D('',#2434,#1874,#1875);
#1632=AXIS2_PLACEMENT_3D('',#2449,#1877,#1878);
#1633=AXIS2_PLACEMENT_3D('',#2452,#1880,#1881);
#1634=AXIS2_PLACEMENT_3D('',#2453,#1882,#1883);
#1635=AXIS2_PLACEMENT_3D('',#2456,#1884,#1885);
#1636=AXIS2_PLACEMENT_3D('',#2460,#1887,#1888);
#1637=AXIS2_PLACEMENT_3D('',#2462,#1890,#1891);
#1638=AXIS2_PLACEMENT_3D('',#2464,#1892,#1893);
#1639=AXIS2_PLACEMENT_3D('',#2466,#1894,#1895);
#1640=AXIS2_PLACEMENT_3D('',#2468,#1897,#1898);
#1641=AXIS2_PLACEMENT_3D('',#2476,#1904,#1905);
#1642=AXIS2_PLACEMENT_3D('',#2484,#1911,#1912);
#1643=AXIS2_PLACEMENT_3D('',#2485,#1913,#1914);
#1644=AXIS2_PLACEMENT_3D('',#2486,#1915,#1916);
#1645=AXIS2_PLACEMENT_3D('',#2487,#1917,#1918);
#1646=AXIS2_PLACEMENT_3D('',#2489,#1919,#1920);
#1647=AXIS2_PLACEMENT_3D('',#2491,#1921,#1922);
#1648=AXIS2_PLACEMENT_3D('',#2493,#1923,#1924);
#1649=AXIS2_PLACEMENT_3D('',#2495,#1925,#1926);
#1650=AXIS2_PLACEMENT_3D('',#2497,#1927,#1928);
#1651=AXIS2_PLACEMENT_3D('',#2498,#1929,#1930);
#1652=AXIS2_PLACEMENT_3D('',#2500,#1932,#1933);
#1653=AXIS2_PLACEMENT_3D('',#2501,#1934,#1935);
#1654=AXIS2_PLACEMENT_3D('',#2512,#1936,#1937);
#1655=AXIS2_PLACEMENT_3D('',#2514,#1938,#1939);
#1656=AXIS2_PLACEMENT_3D('',#2518,#1941,#1942);
#1657=AXIS2_PLACEMENT_3D('',#2536,#1945,#1946);
#1658=AXIS2_PLACEMENT_3D('',#2548,#1947,#1948);
#1659=AXIS2_PLACEMENT_3D('',#2560,#1949,#1950);
#1660=AXIS2_PLACEMENT_3D('',#2577,#1953,#1954);
#1661=AXIS2_PLACEMENT_3D('',#2580,#1956,#1957);
#1662=AXIS2_PLACEMENT_3D('',#2581,#1958,#1959);
#1663=AXIS2_PLACEMENT_3D('',#2590,#1964,#1965);
#1664=AXIS2_PLACEMENT_3D('',#2597,#1970,#1971);
#1665=AXIS2_PLACEMENT_3D('',#2598,#1972,#1973);
#1666=AXIS2_PLACEMENT_3D('',#2601,#1975,#1976);
#1667=AXIS2_PLACEMENT_3D('',#2603,#1977,#1978);
#1668=AXIS2_PLACEMENT_3D('',#2605,#1979,#1980);
#1669=AXIS2_PLACEMENT_3D('',#2607,#1981,#1982);
#1670=AXIS2_PLACEMENT_3D('',#2609,#1983,#1984);
#1671=AXIS2_PLACEMENT_3D('',#2610,#1985,#1986);
#1672=AXIS2_PLACEMENT_3D('',#2616,#1990,#1991);
#1673=AXIS2_PLACEMENT_3D('',#2617,#1992,#1993);
#1674=AXIS2_PLACEMENT_3D('',#2618,#1994,#1995);
#1675=AXIS2_PLACEMENT_3D('',#2621,#1997,#1998);
#1676=AXIS2_PLACEMENT_3D('',#2623,#1999,#2000);
#1677=AXIS2_PLACEMENT_3D('',#2625,#2001,#2002);
#1678=AXIS2_PLACEMENT_3D('',#2627,#2003,#2004);
#1679=AXIS2_PLACEMENT_3D('',#2629,#2005,#2006);
#1680=AXIS2_PLACEMENT_3D('',#2630,#2007,#2008);
#1681=AXIS2_PLACEMENT_3D('',#2632,#2009,#2010);
#1682=AXIS2_PLACEMENT_3D('',#2634,#2011,#2012);
#1683=AXIS2_PLACEMENT_3D('',#2635,#2013,#2014);
#1684=AXIS2_PLACEMENT_3D('',#2639,#2017,#2018);
#1685=AXIS2_PLACEMENT_3D('',#2641,#2019,#2020);
#1686=AXIS2_PLACEMENT_3D('',#2643,#2022,#2023);
#1687=AXIS2_PLACEMENT_3D('',#2645,#2024,#2025);
#1688=AXIS2_PLACEMENT_3D('',#2647,#2026,#2027);
#1689=AXIS2_PLACEMENT_3D('',#2648,#2028,#2029);
#1690=AXIS2_PLACEMENT_3D('',#2652,#2032,#2033);
#1691=AXIS2_PLACEMENT_3D('',#2654,#2034,#2035);
#1692=AXIS2_PLACEMENT_3D('',#2656,#2037,#2038);
#1693=AXIS2_PLACEMENT_3D('',#2658,#2040,#2041);
#1694=AXIS2_PLACEMENT_3D('',#2660,#2043,#2044);
#1695=AXIS2_PLACEMENT_3D('',#2662,#2046,#2047);
#1696=AXIS2_PLACEMENT_3D('',#2663,#2048,#2049);
#1697=AXIS2_PLACEMENT_3D('',#2665,#2051,#2052);
#1698=AXIS2_PLACEMENT_3D('',#2666,#2053,#2054);
#1699=AXIS2_PLACEMENT_3D('',#2668,#2056,#2057);
#1700=AXIS2_PLACEMENT_3D('',#2679,#2064,#2065);
#1701=AXIS2_PLACEMENT_3D('',#2681,#2067,#2068);
#1702=AXIS2_PLACEMENT_3D('',#2682,#2069,#2070);
#1703=AXIS2_PLACEMENT_3D('',#2684,#2071,#2072);
#1704=AXIS2_PLACEMENT_3D('',#2686,#2074,#2075);
#1705=AXIS2_PLACEMENT_3D('',#2688,#2076,#2077);
#1706=AXIS2_PLACEMENT_3D('',#2690,#2079,#2080);
#1707=AXIS2_PLACEMENT_3D('',#2692,#2081,#2082);
#1708=AXIS2_PLACEMENT_3D('',#2694,#2084,#2085);
#1709=AXIS2_PLACEMENT_3D('',#2696,#2086,#2087);
#1710=AXIS2_PLACEMENT_3D('',#2698,#2089,#2090);
#1711=AXIS2_PLACEMENT_3D('',#2700,#2091,#2092);
#1712=AXIS2_PLACEMENT_3D('',#2703,#2094,#2095);
#1713=AXIS2_PLACEMENT_3D('',#2704,#2096,#2097);
#1714=AXIS2_PLACEMENT_3D('',#2706,#2098,#2099);
#1715=AXIS2_PLACEMENT_3D('',#2707,#2100,#2101);
#1716=AXIS2_PLACEMENT_3D('',#2709,#2102,#2103);
#1717=AXIS2_PLACEMENT_3D('',#2712,#2105,#2106);
#1718=AXIS2_PLACEMENT_3D('',#2713,#2107,#2108);
#1719=AXIS2_PLACEMENT_3D('',#2715,#2109,#2110);
#1720=AXIS2_PLACEMENT_3D('',#2716,#2111,#2112);
#1721=AXIS2_PLACEMENT_3D('',#2718,#2113,#2114);
#1722=AXIS2_PLACEMENT_3D('',#2721,#2116,#2117);
#1723=AXIS2_PLACEMENT_3D('',#2722,#2118,#2119);
#1724=AXIS2_PLACEMENT_3D('',#2724,#2120,#2121);
#1725=AXIS2_PLACEMENT_3D('',#2725,#2122,#2123);
#1726=AXIS2_PLACEMENT_3D('',#2727,#2124,#2125);
#1727=AXIS2_PLACEMENT_3D('',#2730,#2127,#2128);
#1728=AXIS2_PLACEMENT_3D('',#2731,#2129,#2130);
#1729=AXIS2_PLACEMENT_3D('',#2733,#2131,#2132);
#1730=AXIS2_PLACEMENT_3D('',#2734,#2133,#2134);
#1731=AXIS2_PLACEMENT_3D('',#2736,#2136,#2137);
#1732=AXIS2_PLACEMENT_3D('',#2738,#2139,#2140);
#1733=AXIS2_PLACEMENT_3D('',#2740,#2142,#2143);
#1734=AXIS2_PLACEMENT_3D('',#2742,#2145,#2146);
#1735=AXIS2_PLACEMENT_3D('',#2745,#2148,#2149);
#1736=AXIS2_PLACEMENT_3D('',#2746,#2150,#2151);
#1737=AXIS2_PLACEMENT_3D('',#2752,#2155,#2156);
#1738=AXIS2_PLACEMENT_3D('',#2756,#2159,#2160);
#1739=AXIS2_PLACEMENT_3D('',#2760,#2163,#2164);
#1740=AXIS2_PLACEMENT_3D('',#2762,#2166,#2167);
#1741=AXIS2_PLACEMENT_3D('',#2763,#2168,#2169);
#1742=AXIS2_PLACEMENT_3D('',#2764,#2170,#2171);
#1743=AXIS2_PLACEMENT_3D('',#2767,#2173,#2174);
#1744=AXIS2_PLACEMENT_3D('',#2768,#2175,#2176);
#1745=AXIS2_PLACEMENT_3D('',#2770,#2177,#2178);
#1746=AXIS2_PLACEMENT_3D('',#2771,#2179,#2180);
#1747=AXIS2_PLACEMENT_3D('',#2774,#2182,#2183);
#1748=AXIS2_PLACEMENT_3D('',#2775,#2184,#2185);
#1749=AXIS2_PLACEMENT_3D('',#2777,#2186,#2187);
#1750=AXIS2_PLACEMENT_3D('',#2778,#2188,#2189);
#1751=AXIS2_PLACEMENT_3D('',#2781,#2191,#2192);
#1752=AXIS2_PLACEMENT_3D('',#2782,#2193,#2194);
#1753=AXIS2_PLACEMENT_3D('',#2784,#2195,#2196);
#1754=AXIS2_PLACEMENT_3D('',#2785,#2197,#2198);
#1755=AXIS2_PLACEMENT_3D('',#2788,#2200,#2201);
#1756=AXIS2_PLACEMENT_3D('',#2789,#2202,#2203);
#1757=AXIS2_PLACEMENT_3D('',#2791,#2204,#2205);
#1758=AXIS2_PLACEMENT_3D('',#2792,#2206,#2207);
#1759=AXIS2_PLACEMENT_3D('',#2794,#2209,#2210);
#1760=AXIS2_PLACEMENT_3D('',#2796,#2212,#2213);
#1761=AXIS2_PLACEMENT_3D('',#2798,#2215,#2216);
#1762=AXIS2_PLACEMENT_3D('',#2800,#2218,#2219);
#1763=DIRECTION('axis',(0.,0.,1.));
#1764=DIRECTION('refdir',(1.,0.,0.));
#1765=DIRECTION('center_axis',(0.,-1.,0.));
#1766=DIRECTION('ref_axis',(1.,0.,0.));
#1767=DIRECTION('center_axis',(0.,1.,0.));
#1768=DIRECTION('ref_axis',(1.,0.,0.));
#1769=DIRECTION('center_axis',(0.,1.,0.));
#1770=DIRECTION('ref_axis',(1.,0.,0.));
#1771=DIRECTION('center_axis',(0.,-1.,0.));
#1772=DIRECTION('ref_axis',(1.,0.,0.));
#1773=DIRECTION('',(0.,1.,0.));
#1774=DIRECTION('',(0.,1.,0.));
#1775=DIRECTION('center_axis',(0.,-1.,0.));
#1776=DIRECTION('ref_axis',(1.,0.,0.));
#1777=DIRECTION('center_axis',(0.,-1.,0.));
#1778=DIRECTION('ref_axis',(1.,0.,0.));
#1779=DIRECTION('',(0.,-1.,0.));
#1780=DIRECTION('center_axis',(0.,-1.,0.));
#1781=DIRECTION('ref_axis',(1.,0.,0.));
#1782=DIRECTION('center_axis',(0.,1.,0.));
#1783=DIRECTION('ref_axis',(1.,0.,0.));
#1784=DIRECTION('center_axis',(0.,1.,0.));
#1785=DIRECTION('ref_axis',(1.,0.,0.));
#1786=DIRECTION('center_axis',(0.,-1.,0.));
#1787=DIRECTION('ref_axis',(1.,0.,0.));
#1788=DIRECTION('',(0.,1.,0.));
#1789=DIRECTION('',(0.,1.,0.));
#1790=DIRECTION('center_axis',(0.,-1.,0.));
#1791=DIRECTION('ref_axis',(1.,0.,0.));
#1792=DIRECTION('center_axis',(0.,-1.,0.));
#1793=DIRECTION('ref_axis',(1.,0.,0.));
#1794=DIRECTION('',(0.,-1.,0.));
#1795=DIRECTION('center_axis',(0.,1.,0.));
#1796=DIRECTION('ref_axis',(0.,0.,1.));
#1797=DIRECTION('',(0.,0.,-1.));
#1798=DIRECTION('',(1.,0.,0.));
#1799=DIRECTION('center_axis',(0.,1.,0.));
#1800=DIRECTION('ref_axis',(0.,0.,1.));
#1801=DIRECTION('',(-1.,0.,0.));
#1802=DIRECTION('',(0.,0.,-1.));
#1803=DIRECTION('center_axis',(1.,0.,0.));
#1804=DIRECTION('ref_axis',(0.,0.,-1.));
#1805=DIRECTION('center_axis',(1.,0.,0.));
#1806=DIRECTION('ref_axis',(0.,0.,-1.));
#1807=DIRECTION('center_axis',(1.,0.,0.));
#1808=DIRECTION('ref_axis',(0.,0.,-1.));
#1809=DIRECTION('center_axis',(1.,0.,0.));
#1810=DIRECTION('ref_axis',(0.,0.,-1.));
#1811=DIRECTION('center_axis',(1.,0.,0.));
#1812=DIRECTION('ref_axis',(0.,0.,-1.));
#1813=DIRECTION('',(-1.,0.,0.));
#1814=DIRECTION('center_axis',(1.,0.,0.));
#1815=DIRECTION('ref_axis',(0.,0.,-1.));
#1816=DIRECTION('',(-1.,0.,0.));
#1817=DIRECTION('center_axis',(1.,0.,0.));
#1818=DIRECTION('ref_axis',(0.,0.,-1.));
#1819=DIRECTION('',(1.,0.,0.));
#1820=DIRECTION('',(-1.,0.,0.));
#1821=DIRECTION('center_axis',(1.,0.,0.));
#1822=DIRECTION('ref_axis',(0.,0.,-1.));
#1823=DIRECTION('',(1.,0.,0.));
#1824=DIRECTION('center_axis',(1.,0.,0.));
#1825=DIRECTION('ref_axis',(0.,0.,-1.));
#1826=DIRECTION('',(1.,0.,0.));
#1827=DIRECTION('center_axis',(1.,0.,0.));
#1828=DIRECTION('ref_axis',(0.,0.,-1.));
#1829=DIRECTION('center_axis',(-1.,0.,0.));
#1830=DIRECTION('ref_axis',(0.,1.,0.));
#1831=DIRECTION('',(-1.,0.,0.));
#1832=DIRECTION('center_axis',(-1.,0.,0.));
#1833=DIRECTION('ref_axis',(0.,1.,0.));
#1834=DIRECTION('',(1.,0.,0.));
#1835=DIRECTION('center_axis',(-1.,0.,0.));
#1836=DIRECTION('ref_axis',(0.,1.,0.));
#1837=DIRECTION('center_axis',(0.,1.,0.));
#1838=DIRECTION('ref_axis',(0.,0.,1.));
#1839=DIRECTION('',(0.,1.,0.));
#1840=DIRECTION('',(0.,-1.,0.));
#1841=DIRECTION('center_axis',(0.,0.90630778703665,0.422618261740698));
#1842=DIRECTION('ref_axis',(0.,-0.422618261740698,0.90630778703665));
#1843=DIRECTION('center_axis',(-1.,0.,0.));
#1844=DIRECTION('ref_axis',(0.,0.930659665044005,0.365886031244949));
#1845=DIRECTION('',(-1.,0.,0.));
#1846=DIRECTION('center_axis',(1.,0.,0.));
#1847=DIRECTION('ref_axis',(0.,-1.,0.));
#1848=DIRECTION('',(-1.,0.,0.));
#1849=DIRECTION('center_axis',(-1.,0.,0.));
#1850=DIRECTION('ref_axis',(0.,-1.,0.));
#1851=DIRECTION('',(1.,0.,0.));
#1852=DIRECTION('center_axis',(0.,0.90630778703665,0.422618261740698));
#1853=DIRECTION('ref_axis',(0.,0.422618261740698,-0.90630778703665));
#1854=DIRECTION('',(-1.,0.,0.));
#1855=DIRECTION('',(0.,-0.422618261740698,0.90630778703665));
#1856=DIRECTION('center_axis',(0.,0.,-1.));
#1857=DIRECTION('ref_axis',(-1.,0.,0.));
#1858=DIRECTION('',(0.,1.,0.));
#1859=DIRECTION('center_axis',(0.,1.,0.));
#1860=DIRECTION('ref_axis',(0.,0.,1.));
#1861=DIRECTION('',(0.,1.,0.));
#1862=DIRECTION('center_axis',(0.,-0.90630778703665,0.4226182617407));
#1863=DIRECTION('ref_axis',(0.,0.4226182617407,0.90630778703665));
#1864=DIRECTION('',(0.,-1.,0.));
#1865=DIRECTION('center_axis',(0.,0.,-1.));
#1866=DIRECTION('ref_axis',(-1.,0.,0.));
#1867=DIRECTION('',(1.,0.,0.));
#1868=DIRECTION('',(0.,1.,0.));
#1869=DIRECTION('',(-1.,0.,0.));
#1870=DIRECTION('center_axis',(0.,-0.90630778703665,0.4226182617407));
#1871=DIRECTION('ref_axis',(0.,0.4226182617407,0.90630778703665));
#1872=DIRECTION('',(-1.,0.,0.));
#1873=DIRECTION('',(0.,-0.4226182617407,-0.90630778703665));
#1874=DIRECTION('center_axis',(-1.,0.,0.));
#1875=DIRECTION('ref_axis',(0.,-1.,0.));
#1876=DIRECTION('',(-1.,0.,0.));
#1877=DIRECTION('center_axis',(-1.,0.,0.));
#1878=DIRECTION('ref_axis',(0.,-1.,0.));
#1879=DIRECTION('',(1.,0.,0.));
#1880=DIRECTION('center_axis',(1.,0.,0.));
#1881=DIRECTION('ref_axis',(0.,-1.,0.));
#1882=DIRECTION('center_axis',(1.,0.,0.));
#1883=DIRECTION('ref_axis',(0.,0.803453605676943,0.595367368542079));
#1884=DIRECTION('center_axis',(1.,0.,0.));
#1885=DIRECTION('ref_axis',(0.,0.803453605676943,0.595367368542079));
#1886=DIRECTION('',(1.,0.,0.));
#1887=DIRECTION('center_axis',(1.,0.,0.));
#1888=DIRECTION('ref_axis',(0.,0.803453605676943,0.595367368542079));
#1889=DIRECTION('',(1.,0.,0.));
#1890=DIRECTION('center_axis',(1.,0.,0.));
#1891=DIRECTION('ref_axis',(0.,-1.,0.));
#1892=DIRECTION('center_axis',(-1.,0.,0.));
#1893=DIRECTION('ref_axis',(0.,-1.,0.));
#1894=DIRECTION('center_axis',(-1.,0.,0.));
#1895=DIRECTION('ref_axis',(0.,-1.,0.));
#1896=DIRECTION('',(1.,0.,0.));
#1897=DIRECTION('center_axis',(0.,-5.7667125977832E-15,1.));
#1898=DIRECTION('ref_axis',(0.,-1.,-5.7667125977832E-15));
#1899=DIRECTION('',(0.,-1.,-5.7667125977832E-15));
#1900=DIRECTION('',(0.,-1.,-5.7667125977832E-15));
#1901=DIRECTION('',(0.,1.,-6.55219091039887E-16));
#1902=DIRECTION('',(0.,1.,-6.55219091039887E-16));
#1903=DIRECTION('',(1.,0.,0.));
#1904=DIRECTION('center_axis',(0.,5.7667125977832E-15,1.));
#1905=DIRECTION('ref_axis',(0.,-1.,5.7667125977832E-15));
#1906=DIRECTION('',(0.,-1.,5.7667125977832E-15));
#1907=DIRECTION('',(0.,1.,-6.55219091039887E-16));
#1908=DIRECTION('',(0.,1.,-6.55219091039887E-16));
#1909=DIRECTION('',(0.,-1.,5.7667125977832E-15));
#1910=DIRECTION('',(1.,0.,0.));
#1911=DIRECTION('center_axis',(1.,0.,0.));
#1912=DIRECTION('ref_axis',(0.,-0.999999999999997,-7.67815799304322E-8));
#1913=DIRECTION('center_axis',(1.,0.,0.));
#1914=DIRECTION('ref_axis',(0.,-0.999999999999997,-7.67815799304322E-8));
#1915=DIRECTION('center_axis',(1.,0.,0.));
#1916=DIRECTION('ref_axis',(0.,-0.999999999999997,-7.67815799304322E-8));
#1917=DIRECTION('center_axis',(1.,0.,0.));
#1918=DIRECTION('ref_axis',(0.,1.,0.));
#1919=DIRECTION('center_axis',(1.,0.,0.));
#1920=DIRECTION('ref_axis',(0.,0.,-1.));
#1921=DIRECTION('center_axis',(1.,0.,0.));
#1922=DIRECTION('ref_axis',(0.,0.,-1.));
#1923=DIRECTION('center_axis',(1.,0.,0.));
#1924=DIRECTION('ref_axis',(0.,0.,-1.));
#1925=DIRECTION('center_axis',(1.,0.,0.));
#1926=DIRECTION('ref_axis',(0.,0.,-1.));
#1927=DIRECTION('center_axis',(1.,0.,0.));
#1928=DIRECTION('ref_axis',(0.,0.,-1.));
#1929=DIRECTION('center_axis',(1.,0.,0.));
#1930=DIRECTION('ref_axis',(0.,0.,-1.));
#1931=DIRECTION('',(0.,-1.,0.));
#1932=DIRECTION('center_axis',(0.,1.,0.));
#1933=DIRECTION('ref_axis',(1.,0.,0.));
#1934=DIRECTION('center_axis',(0.,1.,0.));
#1935=DIRECTION('ref_axis',(1.,0.,0.));
#1936=DIRECTION('center_axis',(1.,0.,0.));
#1937=DIRECTION('ref_axis',(0.,0.,-1.));
#1938=DIRECTION('center_axis',(1.,0.,0.));
#1939=DIRECTION('ref_axis',(0.,0.,-1.));
#1940=DIRECTION('',(1.,0.,0.));
#1941=DIRECTION('center_axis',(1.,0.,0.));
#1942=DIRECTION('ref_axis',(0.,0.,-1.));
#1943=DIRECTION('',(1.,0.,0.));
#1944=DIRECTION('',(1.,0.,0.));
#1945=DIRECTION('center_axis',(1.,0.,0.));
#1946=DIRECTION('ref_axis',(0.,0.,-1.));
#1947=DIRECTION('center_axis',(1.,0.,0.));
#1948=DIRECTION('ref_axis',(0.,0.,-1.));
#1949=DIRECTION('center_axis',(1.,0.,0.));
#1950=DIRECTION('ref_axis',(0.,0.,-1.));
#1951=DIRECTION('',(-1.,0.,0.));
#1952=DIRECTION('',(-1.,0.,0.));
#1953=DIRECTION('center_axis',(1.,0.,0.));
#1954=DIRECTION('ref_axis',(0.,0.,-1.));
#1955=DIRECTION('',(-1.,0.,0.));
#1956=DIRECTION('center_axis',(1.,0.,0.));
#1957=DIRECTION('ref_axis',(0.,0.,-1.));
#1958=DIRECTION('center_axis',(0.,1.,7.42811067273088E-17));
#1959=DIRECTION('ref_axis',(0.,-7.42811067273088E-17,1.));
#1960=DIRECTION('',(-1.,0.,0.));
#1961=DIRECTION('',(0.,7.42811067273088E-17,-1.));
#1962=DIRECTION('',(1.,0.,0.));
#1963=DIRECTION('',(0.,-7.42811067273088E-17,1.));
#1964=DIRECTION('center_axis',(1.,0.,0.));
#1965=DIRECTION('ref_axis',(0.,0.,-1.));
#1966=DIRECTION('',(0.,-1.,0.));
#1967=DIRECTION('',(0.,1.,0.));
#1968=DIRECTION('',(0.,-1.,0.));
#1969=DIRECTION('',(0.,7.42811067273088E-17,1.));
#1970=DIRECTION('center_axis',(1.,0.,0.));
#1971=DIRECTION('ref_axis',(0.,1.,0.));
#1972=DIRECTION('center_axis',(1.,0.,0.));
#1973=DIRECTION('ref_axis',(0.,0.,-1.));
#1974=DIRECTION('',(0.,1.,0.));
#1975=DIRECTION('center_axis',(1.,0.,0.));
#1976=DIRECTION('ref_axis',(0.,0.,-1.));
#1977=DIRECTION('center_axis',(1.,0.,0.));
#1978=DIRECTION('ref_axis',(0.,0.,-1.));
#1979=DIRECTION('center_axis',(1.,0.,0.));
#1980=DIRECTION('ref_axis',(0.,0.,-1.));
#1981=DIRECTION('center_axis',(1.,0.,0.));
#1982=DIRECTION('ref_axis',(0.,0.,-1.));
#1983=DIRECTION('center_axis',(1.,0.,0.));
#1984=DIRECTION('ref_axis',(0.,0.,-1.));
#1985=DIRECTION('center_axis',(0.,-1.,7.42811067273088E-17));
#1986=DIRECTION('ref_axis',(0.,-7.42811067273088E-17,-1.));
#1987=DIRECTION('',(1.,0.,0.));
#1988=DIRECTION('',(0.,-7.42811067273088E-17,-1.));
#1989=DIRECTION('',(1.,0.,0.));
#1990=DIRECTION('center_axis',(-1.,0.,0.));
#1991=DIRECTION('ref_axis',(0.,1.,0.));
#1992=DIRECTION('center_axis',(-1.,0.,0.));
#1993=DIRECTION('ref_axis',(0.,1.,0.));
#1994=DIRECTION('center_axis',(1.,0.,0.));
#1995=DIRECTION('ref_axis',(0.,1.,0.));
#1996=DIRECTION('',(0.,-1.,0.));
#1997=DIRECTION('center_axis',(-1.,0.,0.));
#1998=DIRECTION('ref_axis',(0.,0.,-1.));
#1999=DIRECTION('center_axis',(-1.,0.,0.));
#2000=DIRECTION('ref_axis',(0.,0.,-1.));
#2001=DIRECTION('center_axis',(-1.,0.,0.));
#2002=DIRECTION('ref_axis',(0.,0.,-1.));
#2003=DIRECTION('center_axis',(-1.,0.,0.));
#2004=DIRECTION('ref_axis',(0.,0.,-1.));
#2005=DIRECTION('center_axis',(-1.,0.,0.));
#2006=DIRECTION('ref_axis',(0.,0.,-1.));
#2007=DIRECTION('center_axis',(0.,-1.,0.));
#2008=DIRECTION('ref_axis',(1.,0.,0.));
#2009=DIRECTION('center_axis',(0.,1.,0.));
#2010=DIRECTION('ref_axis',(1.,0.,0.));
#2011=DIRECTION('center_axis',(0.,-1.,0.));
#2012=DIRECTION('ref_axis',(1.,0.,0.));
#2013=DIRECTION('center_axis',(0.,-1.,0.));
#2014=DIRECTION('ref_axis',(1.,0.,0.));
#2015=DIRECTION('',(0.,-1.,0.));
#2016=DIRECTION('',(0.,-1.,0.));
#2017=DIRECTION('center_axis',(0.,1.,0.));
#2018=DIRECTION('ref_axis',(1.,0.,0.));
#2019=DIRECTION('center_axis',(0.,1.,0.));
#2020=DIRECTION('ref_axis',(1.,0.,0.));
#2021=DIRECTION('',(0.,1.,0.));
#2022=DIRECTION('center_axis',(0.,-1.,0.));
#2023=DIRECTION('ref_axis',(1.,0.,0.));
#2024=DIRECTION('center_axis',(0.,1.,0.));
#2025=DIRECTION('ref_axis',(1.,0.,0.));
#2026=DIRECTION('center_axis',(0.,-1.,0.));
#2027=DIRECTION('ref_axis',(1.,0.,0.));
#2028=DIRECTION('center_axis',(0.,-1.,0.));
#2029=DIRECTION('ref_axis',(1.,0.,0.));
#2030=DIRECTION('',(0.,-1.,0.));
#2031=DIRECTION('',(0.,-1.,0.));
#2032=DIRECTION('center_axis',(0.,1.,0.));
#2033=DIRECTION('ref_axis',(1.,0.,0.));
#2034=DIRECTION('center_axis',(0.,1.,0.));
#2035=DIRECTION('ref_axis',(1.,0.,0.));
#2036=DIRECTION('',(0.,1.,0.));
#2037=DIRECTION('center_axis',(1.,0.,0.));
#2038=DIRECTION('ref_axis',(0.,0.,-1.));
#2039=DIRECTION('',(0.,0.,1.));
#2040=DIRECTION('center_axis',(1.,0.,0.));
#2041=DIRECTION('ref_axis',(0.,0.,-1.));
#2042=DIRECTION('',(0.,0.,1.));
#2043=DIRECTION('center_axis',(1.,0.,0.));
#2044=DIRECTION('ref_axis',(0.,0.,-1.));
#2045=DIRECTION('',(0.,0.,1.));
#2046=DIRECTION('center_axis',(0.,-1.,0.));
#2047=DIRECTION('ref_axis',(0.,0.,-1.));
#2048=DIRECTION('center_axis',(0.,-1.,0.));
#2049=DIRECTION('ref_axis',(0.,0.,-1.));
#2050=DIRECTION('',(0.,0.,-1.));
#2051=DIRECTION('center_axis',(0.,-1.,0.));
#2052=DIRECTION('ref_axis',(0.,0.,-1.));
#2053=DIRECTION('center_axis',(0.,0.,-1.));
#2054=DIRECTION('ref_axis',(0.,1.,0.));
#2055=DIRECTION('',(0.,1.,0.));
#2056=DIRECTION('center_axis',(1.,0.,0.));
#2057=DIRECTION('ref_axis',(0.,0.,-1.));
#2058=DIRECTION('',(0.,0.,1.));
#2059=DIRECTION('',(0.,-1.,0.));
#2060=DIRECTION('',(0.,0.,-1.));
#2061=DIRECTION('',(0.,-1.,0.));
#2062=DIRECTION('',(0.,0.,1.));
#2063=DIRECTION('',(0.,1.,0.));
#2064=DIRECTION('center_axis',(0.,1.,0.));
#2065=DIRECTION('ref_axis',(0.,0.,1.));
#2066=DIRECTION('',(0.,0.,-1.));
#2067=DIRECTION('center_axis',(1.,0.,0.));
#2068=DIRECTION('ref_axis',(0.,0.,-1.));
#2069=DIRECTION('center_axis',(0.,-1.,0.));
#2070=DIRECTION('ref_axis',(1.,0.,0.));
#2071=DIRECTION('center_axis',(0.,-1.,0.));
#2072=DIRECTION('ref_axis',(1.,0.,0.));
#2073=DIRECTION('',(0.,-1.,0.));
#2074=DIRECTION('center_axis',(0.,-1.,0.));
#2075=DIRECTION('ref_axis',(1.,0.,0.));
#2076=DIRECTION('center_axis',(0.,-1.,0.));
#2077=DIRECTION('ref_axis',(1.,0.,0.));
#2078=DIRECTION('',(0.,-1.,0.));
#2079=DIRECTION('center_axis',(0.,1.,0.));
#2080=DIRECTION('ref_axis',(1.,0.,0.));
#2081=DIRECTION('center_axis',(0.,1.,0.));
#2082=DIRECTION('ref_axis',(1.,0.,0.));
#2083=DIRECTION('',(0.,1.,0.));
#2084=DIRECTION('center_axis',(0.,1.,0.));
#2085=DIRECTION('ref_axis',(1.,0.,0.));
#2086=DIRECTION('center_axis',(0.,1.,0.));
#2087=DIRECTION('ref_axis',(1.,0.,0.));
#2088=DIRECTION('',(0.,1.,0.));
#2089=DIRECTION('center_axis',(-1.,0.,0.));
#2090=DIRECTION('ref_axis',(0.,0.,-1.));
#2091=DIRECTION('center_axis',(-1.,0.,0.));
#2092=DIRECTION('ref_axis',(0.,0.,-1.));
#2093=DIRECTION('',(-1.,0.,0.));
#2094=DIRECTION('center_axis',(-1.,0.,0.));
#2095=DIRECTION('ref_axis',(0.,0.,-1.));
#2096=DIRECTION('center_axis',(1.,0.,0.));
#2097=DIRECTION('ref_axis',(0.,0.,-1.));
#2098=DIRECTION('center_axis',(1.,0.,0.));
#2099=DIRECTION('ref_axis',(0.,0.,-1.));
#2100=DIRECTION('center_axis',(-1.,0.,0.));
#2101=DIRECTION('ref_axis',(0.,0.,-1.));
#2102=DIRECTION('center_axis',(-1.,0.,0.));
#2103=DIRECTION('ref_axis',(0.,0.,-1.));
#2104=DIRECTION('',(-1.,0.,0.));
#2105=DIRECTION('center_axis',(-1.,0.,0.));
#2106=DIRECTION('ref_axis',(0.,0.,-1.));
#2107=DIRECTION('center_axis',(1.,0.,0.));
#2108=DIRECTION('ref_axis',(0.,0.,-1.));
#2109=DIRECTION('center_axis',(1.,0.,0.));
#2110=DIRECTION('ref_axis',(0.,0.,-1.));
#2111=DIRECTION('center_axis',(-1.,0.,0.));
#2112=DIRECTION('ref_axis',(0.,0.,-1.));
#2113=DIRECTION('center_axis',(-1.,0.,0.));
#2114=DIRECTION('ref_axis',(0.,0.,-1.));
#2115=DIRECTION('',(-1.,0.,0.));
#2116=DIRECTION('center_axis',(-1.,0.,0.));
#2117=DIRECTION('ref_axis',(0.,0.,-1.));
#2118=DIRECTION('center_axis',(1.,0.,0.));
#2119=DIRECTION('ref_axis',(0.,0.,-1.));
#2120=DIRECTION('center_axis',(1.,0.,0.));
#2121=DIRECTION('ref_axis',(0.,0.,-1.));
#2122=DIRECTION('center_axis',(-1.,0.,0.));
#2123=DIRECTION('ref_axis',(0.,0.,-1.));
#2124=DIRECTION('center_axis',(-1.,0.,0.));
#2125=DIRECTION('ref_axis',(0.,0.,-1.));
#2126=DIRECTION('',(-1.,0.,0.));
#2127=DIRECTION('center_axis',(-1.,0.,0.));
#2128=DIRECTION('ref_axis',(0.,0.,-1.));
#2129=DIRECTION('center_axis',(1.,0.,0.));
#2130=DIRECTION('ref_axis',(0.,0.,-1.));
#2131=DIRECTION('center_axis',(1.,0.,0.));
#2132=DIRECTION('ref_axis',(0.,0.,-1.));
#2133=DIRECTION('center_axis',(1.,0.,0.));
#2134=DIRECTION('ref_axis',(0.,0.,-1.));
#2135=DIRECTION('',(1.,0.,0.));
#2136=DIRECTION('center_axis',(1.,0.,0.));
#2137=DIRECTION('ref_axis',(0.,0.,-1.));
#2138=DIRECTION('',(1.,0.,0.));
#2139=DIRECTION('center_axis',(1.,0.,0.));
#2140=DIRECTION('ref_axis',(0.,0.,-1.));
#2141=DIRECTION('',(1.,0.,0.));
#2142=DIRECTION('center_axis',(1.,0.,0.));
#2143=DIRECTION('ref_axis',(0.,0.,-1.));
#2144=DIRECTION('',(1.,0.,0.));
#2145=DIRECTION('center_axis',(1.,0.,0.));
#2146=DIRECTION('ref_axis',(0.,0.,-1.));
#2147=DIRECTION('',(1.,0.,0.));
#2148=DIRECTION('center_axis',(-1.,0.,0.));
#2149=DIRECTION('ref_axis',(0.,0.,-1.));
#2150=DIRECTION('center_axis',(0.,0.,-1.));
#2151=DIRECTION('ref_axis',(0.,1.,0.));
#2152=DIRECTION('',(0.,-1.,0.));
#2153=DIRECTION('',(1.,0.,0.));
#2154=DIRECTION('',(1.,0.,0.));
#2155=DIRECTION('center_axis',(0.,1.,0.));
#2156=DIRECTION('ref_axis',(0.,0.,1.));
#2157=DIRECTION('',(0.,0.,-1.));
#2158=DIRECTION('',(1.,0.,0.));
#2159=DIRECTION('center_axis',(0.,0.,1.));
#2160=DIRECTION('ref_axis',(0.,-1.,0.));
#2161=DIRECTION('',(0.,1.,0.));
#2162=DIRECTION('',(1.,0.,0.));
#2163=DIRECTION('center_axis',(0.,-1.,0.));
#2164=DIRECTION('ref_axis',(0.,0.,-1.));
#2165=DIRECTION('',(0.,0.,1.));
#2166=DIRECTION('center_axis',(0.,0.,1.));
#2167=DIRECTION('ref_axis',(0.,-1.,0.));
#2168=DIRECTION('center_axis',(1.,0.,0.));
#2169=DIRECTION('ref_axis',(0.,0.,-1.));
#2170=DIRECTION('center_axis',(1.,0.,0.));
#2171=DIRECTION('ref_axis',(0.,0.,-1.));
#2172=DIRECTION('',(1.,0.,0.));
#2173=DIRECTION('center_axis',(1.,0.,0.));
#2174=DIRECTION('ref_axis',(0.,0.,-1.));
#2175=DIRECTION('center_axis',(1.,0.,0.));
#2176=DIRECTION('ref_axis',(0.,0.,-1.));
#2177=DIRECTION('center_axis',(-1.,0.,0.));
#2178=DIRECTION('ref_axis',(0.,0.,-1.));
#2179=DIRECTION('center_axis',(1.,0.,0.));
#2180=DIRECTION('ref_axis',(0.,0.,-1.));
#2181=DIRECTION('',(1.,0.,0.));
#2182=DIRECTION('center_axis',(1.,0.,0.));
#2183=DIRECTION('ref_axis',(0.,0.,-1.));
#2184=DIRECTION('center_axis',(1.,0.,0.));
#2185=DIRECTION('ref_axis',(0.,0.,-1.));
#2186=DIRECTION('center_axis',(-1.,0.,0.));
#2187=DIRECTION('ref_axis',(0.,0.,-1.));
#2188=DIRECTION('center_axis',(1.,0.,0.));
#2189=DIRECTION('ref_axis',(0.,0.,-1.));
#2190=DIRECTION('',(1.,0.,0.));
#2191=DIRECTION('center_axis',(1.,0.,0.));
#2192=DIRECTION('ref_axis',(0.,0.,-1.));
#2193=DIRECTION('center_axis',(1.,0.,0.));
#2194=DIRECTION('ref_axis',(0.,0.,-1.));
#2195=DIRECTION('center_axis',(-1.,0.,0.));
#2196=DIRECTION('ref_axis',(0.,0.,-1.));
#2197=DIRECTION('center_axis',(1.,0.,0.));
#2198=DIRECTION('ref_axis',(0.,0.,-1.));
#2199=DIRECTION('',(1.,0.,0.));
#2200=DIRECTION('center_axis',(1.,0.,0.));
#2201=DIRECTION('ref_axis',(0.,0.,-1.));
#2202=DIRECTION('center_axis',(1.,0.,0.));
#2203=DIRECTION('ref_axis',(0.,0.,-1.));
#2204=DIRECTION('center_axis',(-1.,0.,0.));
#2205=DIRECTION('ref_axis',(0.,0.,-1.));
#2206=DIRECTION('center_axis',(1.,0.,0.));
#2207=DIRECTION('ref_axis',(0.,0.,-1.));
#2208=DIRECTION('',(1.,0.,0.));
#2209=DIRECTION('center_axis',(1.,0.,0.));
#2210=DIRECTION('ref_axis',(0.,0.,-1.));
#2211=DIRECTION('',(1.,0.,0.));
#2212=DIRECTION('center_axis',(1.,0.,0.));
#2213=DIRECTION('ref_axis',(0.,0.,-1.));
#2214=DIRECTION('',(1.,0.,0.));
#2215=DIRECTION('center_axis',(1.,0.,0.));
#2216=DIRECTION('ref_axis',(0.,0.,-1.));
#2217=DIRECTION('',(1.,0.,0.));
#2218=DIRECTION('center_axis',(1.,0.,0.));
#2219=DIRECTION('ref_axis',(0.,0.,-1.));
#2220=DIRECTION('',(1.,0.,0.));
#2221=CARTESIAN_POINT('',(0.,0.,0.));
#2222=CARTESIAN_POINT('Origin',(-9.5417,12.7,135.5));
#2223=CARTESIAN_POINT('',(-11.7917,12.7,135.5));
#2224=CARTESIAN_POINT('Origin',(-9.5417,12.7,135.5));
#2225=CARTESIAN_POINT('',(-10.8417,12.7,135.5));
#2226=CARTESIAN_POINT('Origin',(-9.5417,12.7,135.5));
#2227=CARTESIAN_POINT('Origin',(-9.5417,13.9,135.5));
#2228=CARTESIAN_POINT('',(-11.7917,15.,135.5));
#2229=CARTESIAN_POINT('',(-11.7917,13.9,135.5));
#2230=CARTESIAN_POINT('',(-11.64,15.4056888957418,136.312180466399));
#2231=CARTESIAN_POINT('Ctrl Pts',(-11.64,15.4056888957418,136.312180466399));
#2232=CARTESIAN_POINT('Ctrl Pts',(-11.7439425583184,15.2803965663619,136.043640801703));
#2233=CARTESIAN_POINT('Ctrl Pts',(-11.7917,15.1389667736572,135.760562700607));
#2234=CARTESIAN_POINT('Ctrl Pts',(-11.7917,15.,135.5));
#2235=CARTESIAN_POINT('',(-11.64,13.9,136.312180466399));
#2236=CARTESIAN_POINT('',(-11.64,13.9,136.312180466399));
#2237=CARTESIAN_POINT('',(-8.17484763639283,13.9,133.712763413506));
#2238=CARTESIAN_POINT('Origin',(-9.5417,13.9,135.5));
#2239=CARTESIAN_POINT('',(-10.9085523636072,13.9,133.712763413506));
#2240=CARTESIAN_POINT('Ctrl Pts',(-10.9085523636072,13.9,133.712763413506));
#2241=CARTESIAN_POINT('Ctrl Pts',(-10.7553699091122,13.8175114114962,133.59561171598));
#2242=CARTESIAN_POINT('Ctrl Pts',(-10.5784509035584,13.7425912973455,133.492480474538));
#2243=CARTESIAN_POINT('Ctrl Pts',(-10.1206638134219,13.6057518413259,133.306787226998));
#2244=CARTESIAN_POINT('Ctrl Pts',(-9.8249028840146,13.5623559900188,133.25));
#2245=CARTESIAN_POINT('Ctrl Pts',(-9.5417,13.5623559900188,133.25));
#2246=CARTESIAN_POINT('Ctrl Pts',(-9.2584971159854,13.5623559900188,133.25));
#2247=CARTESIAN_POINT('Ctrl Pts',(-8.96273618657809,13.6057518413259,133.306787226998));
#2248=CARTESIAN_POINT('Ctrl Pts',(-8.50494909644162,13.7425912973455,133.492480474538));
#2249=CARTESIAN_POINT('Ctrl Pts',(-8.32803009088778,13.8175114114962,133.59561171598));
#2250=CARTESIAN_POINT('Ctrl Pts',(-8.17484763639284,13.9,133.712763413506));
#2251=CARTESIAN_POINT('',(-11.64,13.9,134.687819533601));
#2252=CARTESIAN_POINT('Origin',(-9.5417,13.9,135.5));
#2253=CARTESIAN_POINT('',(-11.64,14.5377259372853,134.687819533601));
#2254=CARTESIAN_POINT('',(-11.64,13.9,134.687819533601));
#2255=CARTESIAN_POINT('Ctrl Pts',(-11.7917,15.,135.5));
#2256=CARTESIAN_POINT('Ctrl Pts',(-11.7917,14.8571094585273,135.232080234739));
#2257=CARTESIAN_POINT('Ctrl Pts',(-11.7417942484213,14.6971394699036,134.950808955656));
#2258=CARTESIAN_POINT('Ctrl Pts',(-11.64,14.5377259372853,134.687819533601));
#2259=CARTESIAN_POINT('Origin',(-9.5417,12.7,151.5));
#2260=CARTESIAN_POINT('',(-11.7917,12.7,151.5));
#2261=CARTESIAN_POINT('Origin',(-9.5417,12.7,151.5));
#2262=CARTESIAN_POINT('',(-10.8417,12.7,151.5));
#2263=CARTESIAN_POINT('Origin',(-9.5417,12.7,151.5));
#2264=CARTESIAN_POINT('Origin',(-9.5417,13.9,151.5));
#2265=CARTESIAN_POINT('',(-11.7917,15.,151.5));
#2266=CARTESIAN_POINT('',(-11.7917,13.9,151.5));
#2267=CARTESIAN_POINT('',(-11.64,14.5377259372853,152.312180466399));
#2268=CARTESIAN_POINT('Ctrl Pts',(-11.64,14.5377259372853,152.312180466399));
#2269=CARTESIAN_POINT('Ctrl Pts',(-11.7417942484213,14.6971394699036,152.049191044344));
#2270=CARTESIAN_POINT('Ctrl Pts',(-11.7917,14.8571094585274,151.767919765261));
#2271=CARTESIAN_POINT('Ctrl Pts',(-11.7917,15.,151.5));
#2272=CARTESIAN_POINT('',(-11.64,13.9,152.312180466399));
#2273=CARTESIAN_POINT('',(-11.64,13.9,152.312180466399));
#2274=CARTESIAN_POINT('',(-10.9085523636072,13.9,153.287236586494));
#2275=CARTESIAN_POINT('Origin',(-9.5417,13.9,151.5));
#2276=CARTESIAN_POINT('',(-8.17484763639281,13.9,153.287236586494));
#2277=CARTESIAN_POINT('Ctrl Pts',(-8.17484763639281,13.9,153.287236586494));
#2278=CARTESIAN_POINT('Ctrl Pts',(-8.32803009088776,13.8175114114962,153.40438828402));
#2279=CARTESIAN_POINT('Ctrl Pts',(-8.50494909644162,13.7425912973455,153.507519525462));
#2280=CARTESIAN_POINT('Ctrl Pts',(-8.9627361865781,13.6057518413259,153.693212773002));
#2281=CARTESIAN_POINT('Ctrl Pts',(-9.2584971159854,13.5623559900188,153.75));
#2282=CARTESIAN_POINT('Ctrl Pts',(-9.8249028840146,13.5623559900188,153.75));
#2283=CARTESIAN_POINT('Ctrl Pts',(-10.1206638134219,13.6057518413259,153.693212773002));
#2284=CARTESIAN_POINT('Ctrl Pts',(-10.5784509035584,13.7425912973455,153.507519525462));
#2285=CARTESIAN_POINT('Ctrl Pts',(-10.7553699091122,13.8175114114962,153.40438828402));
#2286=CARTESIAN_POINT('Ctrl Pts',(-10.9085523636072,13.9,153.287236586494));
#2287=CARTESIAN_POINT('',(-11.64,13.9,150.687819533601));
#2288=CARTESIAN_POINT('Origin',(-9.5417,13.9,151.5));
#2289=CARTESIAN_POINT('',(-11.64,15.4056888957418,150.687819533601));
#2290=CARTESIAN_POINT('',(-11.64,13.9,150.687819533601));
#2291=CARTESIAN_POINT('Ctrl Pts',(-11.7917,15.,151.5));
#2292=CARTESIAN_POINT('Ctrl Pts',(-11.7917,15.1389667736572,151.239437299393));
#2293=CARTESIAN_POINT('Ctrl Pts',(-11.7439425583184,15.2803965663619,150.956359198297));
#2294=CARTESIAN_POINT('Ctrl Pts',(-11.64,15.4056888957418,150.687819533601));
#2295=CARTESIAN_POINT('Origin',(-11.64,13.9,131.1));
#2296=CARTESIAN_POINT('',(-11.64,13.9,153.287236586494));
#2297=CARTESIAN_POINT('',(-11.64,13.9,137.3));
#2298=CARTESIAN_POINT('',(-49.45,13.9,153.287236586494));
#2299=CARTESIAN_POINT('Origin',(-11.64,13.9,131.1));
#2300=CARTESIAN_POINT('',(-11.64,13.9,133.712763413506));
#2301=CARTESIAN_POINT('',(-49.45,13.9,133.712763413506));
#2302=CARTESIAN_POINT('',(-11.64,13.9,137.3));
#2303=CARTESIAN_POINT('Origin',(-11.64,0.,143.5));
#2304=CARTESIAN_POINT('Origin',(-11.64,0.,143.5));
#2305=CARTESIAN_POINT('Origin',(-11.64,0.,143.5));
#2306=CARTESIAN_POINT('Origin',(-11.64,0.,143.5));
#2307=CARTESIAN_POINT('Origin',(-16.04,0.,143.5));
#2308=CARTESIAN_POINT('',(-4.64,13.9,133.712763413506));
#2309=CARTESIAN_POINT('',(-49.45,13.9,133.712763413506));
#2310=CARTESIAN_POINT('',(-4.64,11.6292734080853,131.1));
#2311=CARTESIAN_POINT('Origin',(-4.64,0.,143.5));
#2312=CARTESIAN_POINT('',(-18.04,11.6292734080853,131.1));
#2313=CARTESIAN_POINT('',(-16.04,11.6292734080853,131.1));
#2314=CARTESIAN_POINT('',(-18.04,15.708278072405,137.));
#2315=CARTESIAN_POINT('Origin',(-18.04,0.,143.5));
#2316=CARTESIAN_POINT('',(-23.2426512860841,15.708278072405,137.));
#2317=CARTESIAN_POINT('',(-49.45,15.708278072405,137.));
#2318=CARTESIAN_POINT('',(-29.1214266687799,16.9147864308284,141.800000000079));
#2319=CARTESIAN_POINT('Ctrl Pts',(-29.12142666878,16.9147864308206,141.80000000008));
#2320=CARTESIAN_POINT('Ctrl Pts',(-29.0442834917056,16.8768037560798,141.422077158114));
#2321=CARTESIAN_POINT('Ctrl Pts',(-28.9294627775555,16.8261384371798,141.047850706937));
#2322=CARTESIAN_POINT('Ctrl Pts',(-28.4717475761829,16.6422546781408,139.950861392226));
#2323=CARTESIAN_POINT('Ctrl Pts',(-28.0101586248062,16.4773540795958,139.281026967915));
#2324=CARTESIAN_POINT('Ctrl Pts',(-26.9525672875981,16.1704703266514,138.225840511162));
#2325=CARTESIAN_POINT('Ctrl Pts',(-26.2839455988273,16.0073917546764,137.766680598664));
#2326=CARTESIAN_POINT('Ctrl Pts',(-24.8099998326067,15.774366055973,137.153589666556));
#2327=CARTESIAN_POINT('Ctrl Pts',(-24.0039262925789,15.708278072405,137.));
#2328=CARTESIAN_POINT('Ctrl Pts',(-23.2426512860841,15.708278072405,137.));
#2329=CARTESIAN_POINT('',(-35.49,16.6358047596141,147.));
#2330=CARTESIAN_POINT('Ctrl Pts',(-29.12142666878,16.9147864308206,141.80000000008));
#2331=CARTESIAN_POINT('Ctrl Pts',(-29.2021796749382,16.9545464625324,142.195607320621));
#2332=CARTESIAN_POINT('Ctrl Pts',(-29.3215386362649,16.9798569388433,142.589754441079));
#2333=CARTESIAN_POINT('Ctrl Pts',(-29.805617908966,17.0166840860861,143.768556970745));
#2334=CARTESIAN_POINT('Ctrl Pts',(-30.303249694298,16.9804201468715,144.501328930076));
#2335=CARTESIAN_POINT('Ctrl Pts',(-31.4552646936435,16.8721344747557,145.661669632267));
#2336=CARTESIAN_POINT('Ctrl Pts',(-32.1871145854552,16.7931820849684,146.165445447176));
#2337=CARTESIAN_POINT('Ctrl Pts',(-33.7933396263203,16.6731999867044,146.834660471297));
#2338=CARTESIAN_POINT('Ctrl Pts',(-34.6680315784065,16.6358074202928,146.999987353563));
#2339=CARTESIAN_POINT('Ctrl Pts',(-35.49,16.635804759776,146.999999999231));
#2340=CARTESIAN_POINT('',(-49.45,16.6358047596141,147.));
#2341=CARTESIAN_POINT('',(-16.04,16.6358047596141,147.));
#2342=CARTESIAN_POINT('',(-49.45,11.6292734080853,155.9));
#2343=CARTESIAN_POINT('Origin',(-49.45,0.,143.5));
#2344=CARTESIAN_POINT('',(-4.64,11.6292734080853,155.9));
#2345=CARTESIAN_POINT('',(-16.04,11.6292734080853,155.9));
#2346=CARTESIAN_POINT('',(-4.64,13.9,153.287236586494));
#2347=CARTESIAN_POINT('Origin',(-4.64,0.,143.5));
#2348=CARTESIAN_POINT('',(-49.45,13.9,153.287236586494));
#2349=CARTESIAN_POINT('Origin',(-11.64,0.,143.5));
#2350=CARTESIAN_POINT('Origin',(-43.05,0.,143.5));
#2351=CARTESIAN_POINT('',(-43.05,-7.30479294709986,147.));
#2352=CARTESIAN_POINT('',(-45.05,-7.30479294709986,147.));
#2353=CARTESIAN_POINT('',(-43.05,-7.30479294709986,147.));
#2354=CARTESIAN_POINT('',(-45.05,7.30479294709987,147.));
#2355=CARTESIAN_POINT('Origin',(-45.05,0.,143.5));
#2356=CARTESIAN_POINT('',(-43.05,7.30479294709987,147.));
#2357=CARTESIAN_POINT('',(-43.05,7.30479294709987,147.));
#2358=CARTESIAN_POINT('Origin',(-43.05,0.,143.5));
#2359=CARTESIAN_POINT('Origin',(-23.2426512860841,0.,143.));
#2360=CARTESIAN_POINT('',(-27.5723255639031,13.2038742593533,138.846216104804));
#2361=CARTESIAN_POINT('',(-29.1214266688013,13.8964024121803,141.800000000184));
#2362=CARTESIAN_POINT('Ctrl Pts',(-27.5723255639031,13.2038742593533,138.846216104804));
#2363=CARTESIAN_POINT('Ctrl Pts',(-28.0614036769178,13.383552045436,139.356004042547));
#2364=CARTESIAN_POINT('Ctrl Pts',(-28.4861430933496,13.5708504346218,139.987966947596));
#2365=CARTESIAN_POINT('Ctrl Pts',(-28.9276856520513,13.787480366674,141.042261776652));
#2366=CARTESIAN_POINT('Ctrl Pts',(-29.0436478738148,13.8497887342714,141.418963279071));
#2367=CARTESIAN_POINT('Ctrl Pts',(-29.1214266688018,13.8964024121581,141.800000000186));
#2368=CARTESIAN_POINT('',(-29.1214266687637,0.,141.8));
#2369=CARTESIAN_POINT('',(-23.2426512860841,14.0647789676323,137.));
#2370=CARTESIAN_POINT('',(-23.2426512860841,0.,137.));
#2371=CARTESIAN_POINT('Origin',(-23.2426512860841,11.2669330187024,143.));
#2372=CARTESIAN_POINT('Origin',(-16.04,0.,143.5));
#2373=CARTESIAN_POINT('',(-18.04,13.2038742593533,138.846216104804));
#2374=CARTESIAN_POINT('',(-16.04,13.2038742593533,138.846216104804));
#2375=CARTESIAN_POINT('',(-18.04,6.4992307237087,155.9));
#2376=CARTESIAN_POINT('Origin',(-18.04,0.,143.5));
#2377=CARTESIAN_POINT('',(-43.05,6.4992307237087,155.9));
#2378=CARTESIAN_POINT('',(-16.04,6.4992307237087,155.9));
#2379=CARTESIAN_POINT('',(-43.05,13.555441711726,147.));
#2380=CARTESIAN_POINT('Origin',(-43.05,0.,143.5));
#2381=CARTESIAN_POINT('',(-35.49,13.555441711726,147.));
#2382=CARTESIAN_POINT('',(-16.04,13.555441711726,147.));
#2383=CARTESIAN_POINT('Ctrl Pts',(-35.49,13.5554417119246,146.999999999231));
#2384=CARTESIAN_POINT('Ctrl Pts',(-34.6651817182322,13.5554449883425,146.999987309719));
#2385=CARTESIAN_POINT('Ctrl Pts',(-33.7885135534989,13.6016745435687,146.833583387255));
#2386=CARTESIAN_POINT('Ctrl Pts',(-32.1800322081885,13.7489804262697,146.161554035765));
#2387=CARTESIAN_POINT('Ctrl Pts',(-31.4477339946838,13.8454771196155,145.656092555188));
#2388=CARTESIAN_POINT('Ctrl Pts',(-30.2967385166665,13.9769022706572,144.492754372566));
#2389=CARTESIAN_POINT('Ctrl Pts',(-29.8003655777647,14.0204073617182,143.759081490462));
#2390=CARTESIAN_POINT('Ctrl Pts',(-29.3195681875721,13.9750526840374,142.583364626772));
#2391=CARTESIAN_POINT('Ctrl Pts',(-29.2014714151093,13.9443740993045,142.192137570216));
#2392=CARTESIAN_POINT('Ctrl Pts',(-29.1214266688018,13.8964024121581,141.800000000186));
#2393=CARTESIAN_POINT('Origin',(-16.04,13.2038742593533,138.846216104804));
#2394=CARTESIAN_POINT('',(-18.04,14.0647789676323,137.));
#2395=CARTESIAN_POINT('',(-13.84,14.0647789676323,137.));
#2396=CARTESIAN_POINT('',(-18.04,11.1334760648599,143.286199361105));
#2397=CARTESIAN_POINT('Origin',(-11.64,12.,137.));
#2398=CARTESIAN_POINT('',(-18.04,6.,137.));
#2399=CARTESIAN_POINT('Origin',(-23.2426512860841,0.,143.));
#2400=CARTESIAN_POINT('',(-23.2426512860841,-15.708278072405,137.));
#2401=CARTESIAN_POINT('',(-29.1214266687799,-16.9147864308284,141.800000000079));
#2402=CARTESIAN_POINT('Ctrl Pts',(-23.2426512860841,-15.708278072405,137.));
#2403=CARTESIAN_POINT('Ctrl Pts',(-24.0039262925789,-15.708278072405,137.));
#2404=CARTESIAN_POINT('Ctrl Pts',(-24.8099998326067,-15.774366055973,137.153589666556));
#2405=CARTESIAN_POINT('Ctrl Pts',(-26.2839455988273,-16.0073917546764,137.766680598664));
#2406=CARTESIAN_POINT('Ctrl Pts',(-26.9525672875981,-16.1704703266514,138.225840511162));
#2407=CARTESIAN_POINT('Ctrl Pts',(-28.0101586248062,-16.4773540795958,139.281026967915));
#2408=CARTESIAN_POINT('Ctrl Pts',(-28.4717475761829,-16.6422546781408,139.950861392226));
#2409=CARTESIAN_POINT('Ctrl Pts',(-28.9294627775555,-16.8261384371798,141.047850706937));
#2410=CARTESIAN_POINT('Ctrl Pts',(-29.0442834917056,-16.8768037560798,141.422077158114));
#2411=CARTESIAN_POINT('Ctrl Pts',(-29.12142666878,-16.9147864308206,141.80000000008));
#2412=CARTESIAN_POINT('',(-29.1214266688013,-13.8964024121803,141.800000000184));
#2413=CARTESIAN_POINT('',(-29.1214266687637,0.,141.8));
#2414=CARTESIAN_POINT('',(-27.5723255639032,-13.2038742593533,138.846216104804));
#2415=CARTESIAN_POINT('Ctrl Pts',(-29.1214266688018,-13.8964024121581,141.800000000186));
#2416=CARTESIAN_POINT('Ctrl Pts',(-29.0436478738148,-13.8497887342714,141.418963279071));
#2417=CARTESIAN_POINT('Ctrl Pts',(-28.9276856520513,-13.787480366674,141.042261776652));
#2418=CARTESIAN_POINT('Ctrl Pts',(-28.4861430933497,-13.5708504346218,139.987966947596));
#2419=CARTESIAN_POINT('Ctrl Pts',(-28.0614036769179,-13.383552045436,139.356004042547));
#2420=CARTESIAN_POINT('Ctrl Pts',(-27.5723255639032,-13.2038742593533,138.846216104804));
#2421=CARTESIAN_POINT('',(-23.2426512860841,-14.0647789676324,137.));
#2422=CARTESIAN_POINT('Origin',(-23.2426512860841,-11.2669330187024,143.));
#2423=CARTESIAN_POINT('',(-23.2426512860841,0.,137.));
#2424=CARTESIAN_POINT('Origin',(-11.64,-17.,137.));
#2425=CARTESIAN_POINT('',(-18.04,-14.0647789676324,137.));
#2426=CARTESIAN_POINT('',(-13.84,-14.0647789676324,137.));
#2427=CARTESIAN_POINT('',(-18.04,-15.708278072405,137.));
#2428=CARTESIAN_POINT('',(-18.04,-8.5,137.));
#2429=CARTESIAN_POINT('',(-49.45,-15.708278072405,137.));
#2430=CARTESIAN_POINT('Origin',(-16.04,-23.4045041245886,116.97089476525));
#2431=CARTESIAN_POINT('',(-18.04,-13.2038742593533,138.846216104804));
#2432=CARTESIAN_POINT('',(-16.04,-13.2038742593533,138.846216104804));
#2433=CARTESIAN_POINT('',(-18.04,-16.2337909974776,132.348538691329));
#2434=CARTESIAN_POINT('Origin',(-16.04,0.,143.5));
#2435=CARTESIAN_POINT('',(-35.49,-13.555441711726,147.));
#2436=CARTESIAN_POINT('Ctrl Pts',(-29.1214266688018,-13.8964024121581,141.800000000186));
#2437=CARTESIAN_POINT('Ctrl Pts',(-29.2014714151093,-13.9443740993045,142.192137570216));
#2438=CARTESIAN_POINT('Ctrl Pts',(-29.3195681875721,-13.9750526840374,142.583364626772));
#2439=CARTESIAN_POINT('Ctrl Pts',(-29.8003655777647,-14.0204073617182,143.759081490462));
#2440=CARTESIAN_POINT('Ctrl Pts',(-30.2967385166665,-13.9769022706572,144.492754372566));
#2441=CARTESIAN_POINT('Ctrl Pts',(-31.4477339946838,-13.8454771196155,145.656092555188));
#2442=CARTESIAN_POINT('Ctrl Pts',(-32.1800322081885,-13.7489804262697,146.161554035765));
#2443=CARTESIAN_POINT('Ctrl Pts',(-33.7885135534989,-13.6016745435687,146.833583387255));
#2444=CARTESIAN_POINT('Ctrl Pts',(-34.6651817182322,-13.5554449883425,146.999987309719));
#2445=CARTESIAN_POINT('Ctrl Pts',(-35.49,-13.5554417119246,146.999999999231));
#2446=CARTESIAN_POINT('',(-43.05,-13.555441711726,147.));
#2447=CARTESIAN_POINT('',(-16.04,-13.5554417117259,147.));
#2448=CARTESIAN_POINT('',(-43.05,-6.4992307237087,155.9));
#2449=CARTESIAN_POINT('Origin',(-43.05,0.,143.5));
#2450=CARTESIAN_POINT('',(-18.04,-6.4992307237087,155.9));
#2451=CARTESIAN_POINT('',(-16.04,-6.4992307237087,155.9));
#2452=CARTESIAN_POINT('Origin',(-18.04,0.,143.5));
#2453=CARTESIAN_POINT('Origin',(-49.45,-18.2787225057246,143.500000451378));
#2454=CARTESIAN_POINT('',(-45.05,-12.4,143.5));
#2455=CARTESIAN_POINT('',(-45.05,-13.555441711726,147.));
#2456=CARTESIAN_POINT('Origin',(-45.05,-18.2787225057246,143.500000451378));
#2457=CARTESIAN_POINT('',(-49.45,-13.555441711726,147.));
#2458=CARTESIAN_POINT('',(-49.45,-13.555441711726,147.));
#2459=CARTESIAN_POINT('',(-49.45,-12.4,143.5));
#2460=CARTESIAN_POINT('Origin',(-49.45,-18.2787225057246,143.500000451378));
#2461=CARTESIAN_POINT('',(-49.45,-12.4,143.5));
#2462=CARTESIAN_POINT('Origin',(-49.45,0.,143.5));
#2463=CARTESIAN_POINT('',(-45.05,12.4,143.5));
#2464=CARTESIAN_POINT('Origin',(-45.05,0.,143.5));
#2465=CARTESIAN_POINT('',(-49.45,12.4,143.5));
#2466=CARTESIAN_POINT('Origin',(-49.45,0.,143.5));
#2467=CARTESIAN_POINT('',(-49.45,12.4,143.5));
#2468=CARTESIAN_POINT('Origin',(-49.45,16.6358047596141,147.));
#2469=CARTESIAN_POINT('',(-49.45,13.555441711726,147.));
#2470=CARTESIAN_POINT('',(-49.45,8.31790237980705,147.));
#2471=CARTESIAN_POINT('',(-35.49,16.6358047596141,147.));
#2472=CARTESIAN_POINT('',(-43.05,3.65239647354994,147.));
#2473=CARTESIAN_POINT('',(-45.05,13.5554417117259,147.));
#2474=CARTESIAN_POINT('',(-45.05,3.65239647354993,147.));
#2475=CARTESIAN_POINT('',(-49.45,13.555441711726,147.));
#2476=CARTESIAN_POINT('Origin',(-49.45,-13.555441711726,147.));
#2477=CARTESIAN_POINT('',(-49.45,-16.6358047596141,147.));
#2478=CARTESIAN_POINT('',(-49.45,-6.77772085586297,147.));
#2479=CARTESIAN_POINT('',(-45.05,-6.77772085586298,147.));
#2480=CARTESIAN_POINT('',(-43.05,-6.77772085586298,147.));
#2481=CARTESIAN_POINT('',(-35.49,-16.6358047596141,147.));
#2482=CARTESIAN_POINT('',(-35.49,-16.6358047596141,147.));
#2483=CARTESIAN_POINT('',(-16.04,-16.6358047596141,147.));
#2484=CARTESIAN_POINT('Origin',(-49.45,18.2787225057246,143.500000451378));
#2485=CARTESIAN_POINT('Origin',(-45.05,18.2787225057246,143.500000451378));
#2486=CARTESIAN_POINT('Origin',(-49.45,18.2787225057246,143.500000451378));
#2487=CARTESIAN_POINT('Origin',(-45.05,0.,139.05));
#2488=CARTESIAN_POINT('',(-45.05,-3.67394039744207E-16,146.5));
#2489=CARTESIAN_POINT('Origin',(-45.05,0.,143.5));
#2490=CARTESIAN_POINT('',(-45.05,-1.34711147906208E-16,150.6));
#2491=CARTESIAN_POINT('Origin',(-45.05,0.,149.5));
#2492=CARTESIAN_POINT('',(-45.05,-1.34711147906208E-16,138.6));
#2493=CARTESIAN_POINT('Origin',(-45.05,0.,137.5));
#2494=CARTESIAN_POINT('',(-45.05,6.,144.6));
#2495=CARTESIAN_POINT('Origin',(-45.05,6.,143.5));
#2496=CARTESIAN_POINT('',(-45.05,-6.,144.6));
#2497=CARTESIAN_POINT('Origin',(-45.05,-6.,143.5));
#2498=CARTESIAN_POINT('Origin',(-43.05,0.,143.5));
#2499=CARTESIAN_POINT('',(-43.05,5.81463670404265,155.9));
#2500=CARTESIAN_POINT('Origin',(-35.4901,0.,140.5));
#2501=CARTESIAN_POINT('Origin',(-35.4901,0.,140.5));
#2502=CARTESIAN_POINT('Ctrl Pts',(-35.49,-16.635804759776,146.999999999231));
#2503=CARTESIAN_POINT('Ctrl Pts',(-34.6680315784065,-16.6358074202928,146.999987353563));
#2504=CARTESIAN_POINT('Ctrl Pts',(-33.7933396263204,-16.6731999867044,146.834660471297));
#2505=CARTESIAN_POINT('Ctrl Pts',(-32.1871145854552,-16.7931820849684,146.165445447176));
#2506=CARTESIAN_POINT('Ctrl Pts',(-31.4552646936435,-16.8721344747557,145.661669632267));
#2507=CARTESIAN_POINT('Ctrl Pts',(-30.303249694298,-16.9804201468715,144.501328930076));
#2508=CARTESIAN_POINT('Ctrl Pts',(-29.805617908966,-17.0166840860861,143.768556970745));
#2509=CARTESIAN_POINT('Ctrl Pts',(-29.3215386362649,-16.9798569388433,142.589754441079));
#2510=CARTESIAN_POINT('Ctrl Pts',(-29.2021796749381,-16.9545464625324,142.195607320621));
#2511=CARTESIAN_POINT('Ctrl Pts',(-29.12142666878,-16.9147864308206,141.80000000008));
#2512=CARTESIAN_POINT('Origin',(-16.04,0.,143.5));
#2513=CARTESIAN_POINT('',(-18.04,-11.6292734080853,131.1));
#2514=CARTESIAN_POINT('Origin',(-18.04,0.,143.5));
#2515=CARTESIAN_POINT('',(-4.64,-11.6292734080853,131.1));
#2516=CARTESIAN_POINT('',(-16.04,-11.6292734080853,131.1));
#2517=CARTESIAN_POINT('',(-4.64,-13.9,133.712763413506));
#2518=CARTESIAN_POINT('Origin',(-4.64,0.,143.5));
#2519=CARTESIAN_POINT('',(-8.17484763639283,-13.9,133.712763413506));
#2520=CARTESIAN_POINT('',(-49.45,-13.9,133.712763413506));
#2521=CARTESIAN_POINT('',(-10.9085523636072,-13.9,133.712763413506));
#2522=CARTESIAN_POINT('Ctrl Pts',(-8.17484763639284,-13.9,133.712763413506));
#2523=CARTESIAN_POINT('Ctrl Pts',(-8.32803009088777,-13.8175114114962,133.59561171598));
#2524=CARTESIAN_POINT('Ctrl Pts',(-8.50494909644162,-13.7425912973455,133.492480474538));
#2525=CARTESIAN_POINT('Ctrl Pts',(-8.96273618657809,-13.6057518413259,133.306787226998));
#2526=CARTESIAN_POINT('Ctrl Pts',(-9.2584971159854,-13.5623559900188,133.25));
#2527=CARTESIAN_POINT('Ctrl Pts',(-9.5417,-13.5623559900188,133.25));
#2528=CARTESIAN_POINT('Ctrl Pts',(-9.8249028840146,-13.5623559900188,133.25));
#2529=CARTESIAN_POINT('Ctrl Pts',(-10.1206638134219,-13.6057518413259,133.306787226998));
#2530=CARTESIAN_POINT('Ctrl Pts',(-10.5784509035584,-13.7425912973455,133.492480474538));
#2531=CARTESIAN_POINT('Ctrl Pts',(-10.7553699091122,-13.8175114114962,133.59561171598));
#2532=CARTESIAN_POINT('Ctrl Pts',(-10.9085523636072,-13.9,133.712763413506));
#2533=CARTESIAN_POINT('',(-11.64,-13.9,133.712763413506));
#2534=CARTESIAN_POINT('',(-49.45,-13.9,133.712763413506));
#2535=CARTESIAN_POINT('',(-11.64,-14.5377259372853,134.687819533601));
#2536=CARTESIAN_POINT('Origin',(-11.64,0.,143.5));
#2537=CARTESIAN_POINT('',(-11.7917,-15.,135.5));
#2538=CARTESIAN_POINT('Ctrl Pts',(-11.64,-14.5377259372853,134.687819533601));
#2539=CARTESIAN_POINT('Ctrl Pts',(-11.7417942484213,-14.6971394699036,134.950808955656));
#2540=CARTESIAN_POINT('Ctrl Pts',(-11.7917,-14.8571094585273,135.232080234739));
#2541=CARTESIAN_POINT('Ctrl Pts',(-11.7917,-15.,135.5));
#2542=CARTESIAN_POINT('',(-11.64,-15.4056888957418,136.312180466399));
#2543=CARTESIAN_POINT('Ctrl Pts',(-11.7917,-15.,135.5));
#2544=CARTESIAN_POINT('Ctrl Pts',(-11.7917,-15.1389667736572,135.760562700607));
#2545=CARTESIAN_POINT('Ctrl Pts',(-11.7439425583184,-15.2803965663619,136.043640801703));
#2546=CARTESIAN_POINT('Ctrl Pts',(-11.64,-15.4056888957418,136.312180466399));
#2547=CARTESIAN_POINT('',(-11.64,-15.4056888957418,150.687819533601));
#2548=CARTESIAN_POINT('Origin',(-11.64,0.,143.5));
#2549=CARTESIAN_POINT('',(-11.7917,-15.,151.5));
#2550=CARTESIAN_POINT('Ctrl Pts',(-11.64,-15.4056888957418,150.687819533601));
#2551=CARTESIAN_POINT('Ctrl Pts',(-11.7439425583184,-15.2803965663619,150.956359198297));
#2552=CARTESIAN_POINT('Ctrl Pts',(-11.7917,-15.1389667736572,151.239437299393));
#2553=CARTESIAN_POINT('Ctrl Pts',(-11.7917,-15.,151.5));
#2554=CARTESIAN_POINT('',(-11.64,-14.5377259372853,152.312180466399));
#2555=CARTESIAN_POINT('Ctrl Pts',(-11.7917,-15.,151.5));
#2556=CARTESIAN_POINT('Ctrl Pts',(-11.7917,-14.8571094585274,151.767919765261));
#2557=CARTESIAN_POINT('Ctrl Pts',(-11.7417942484213,-14.6971394699036,152.049191044344));
#2558=CARTESIAN_POINT('Ctrl Pts',(-11.64,-14.5377259372853,152.312180466399));
#2559=CARTESIAN_POINT('',(-11.64,-13.9,153.287236586494));
#2560=CARTESIAN_POINT('Origin',(-11.64,0.,143.5));
#2561=CARTESIAN_POINT('',(-10.9085523636072,-13.9,153.287236586494));
#2562=CARTESIAN_POINT('',(-49.45,-13.9,153.287236586494));
#2563=CARTESIAN_POINT('',(-8.17484763639281,-13.9,153.287236586494));
#2564=CARTESIAN_POINT('Ctrl Pts',(-10.9085523636072,-13.9,153.287236586494));
#2565=CARTESIAN_POINT('Ctrl Pts',(-10.7553699091123,-13.8175114114962,153.40438828402));
#2566=CARTESIAN_POINT('Ctrl Pts',(-10.5784509035584,-13.7425912973455,153.507519525462));
#2567=CARTESIAN_POINT('Ctrl Pts',(-10.1206638134219,-13.6057518413259,153.693212773002));
#2568=CARTESIAN_POINT('Ctrl Pts',(-9.8249028840146,-13.5623559900188,153.75));
#2569=CARTESIAN_POINT('Ctrl Pts',(-9.2584971159854,-13.5623559900188,153.75));
#2570=CARTESIAN_POINT('Ctrl Pts',(-8.9627361865781,-13.6057518413259,153.693212773002));
#2571=CARTESIAN_POINT('Ctrl Pts',(-8.50494909644162,-13.7425912973455,153.507519525462));
#2572=CARTESIAN_POINT('Ctrl Pts',(-8.32803009088776,-13.8175114114962,153.40438828402));
#2573=CARTESIAN_POINT('Ctrl Pts',(-8.17484763639281,-13.9,153.287236586494));
#2574=CARTESIAN_POINT('',(-4.64,-13.9,153.287236586494));
#2575=CARTESIAN_POINT('',(-49.45,-13.9,153.287236586494));
#2576=CARTESIAN_POINT('',(-4.64,-11.6292734080853,155.9));
#2577=CARTESIAN_POINT('Origin',(-4.64,0.,143.5));
#2578=CARTESIAN_POINT('',(-49.45,-11.6292734080853,155.9));
#2579=CARTESIAN_POINT('',(-16.04,-11.6292734080853,155.9));
#2580=CARTESIAN_POINT('Origin',(-49.45,0.,143.5));
#2581=CARTESIAN_POINT('Origin',(-18.04,-8.1,128.553763015394));
#2582=CARTESIAN_POINT('',(-16.04,-8.1,131.1));
#2583=CARTESIAN_POINT('',(-18.04,-8.1,131.1));
#2584=CARTESIAN_POINT('',(-14.84,-8.1,131.1));
#2585=CARTESIAN_POINT('',(-18.04,-8.1,143.5));
#2586=CARTESIAN_POINT('',(-18.04,-8.1,136.026881507697));
#2587=CARTESIAN_POINT('',(-16.04,-8.1,143.5));
#2588=CARTESIAN_POINT('',(-18.04,-8.1,143.5));
#2589=CARTESIAN_POINT('',(-16.04,-8.1,143.5));
#2590=CARTESIAN_POINT('Origin',(-18.04,0.,143.5));
#2591=CARTESIAN_POINT('',(-18.04,-5.81463670404265,131.1));
#2592=CARTESIAN_POINT('',(-18.04,5.81463670404265,155.9));
#2593=CARTESIAN_POINT('',(-18.04,8.1,131.1));
#2594=CARTESIAN_POINT('',(-18.04,-5.81463670404265,131.1));
#2595=CARTESIAN_POINT('',(-18.04,8.1,143.5));
#2596=CARTESIAN_POINT('',(-18.04,8.1,143.5));
#2597=CARTESIAN_POINT('Origin',(-18.04,0.,143.5));
#2598=CARTESIAN_POINT('Origin',(-49.45,0.,143.5));
#2599=CARTESIAN_POINT('',(-49.45,5.81463670404265,155.9));
#2600=CARTESIAN_POINT('',(-49.45,6.,145.5));
#2601=CARTESIAN_POINT('Origin',(-49.45,6.,143.5));
#2602=CARTESIAN_POINT('',(-49.45,-2.4492935982947E-16,139.5));
#2603=CARTESIAN_POINT('Origin',(-49.45,0.,137.5));
#2604=CARTESIAN_POINT('',(-49.45,-2.4492935982947E-16,151.5));
#2605=CARTESIAN_POINT('Origin',(-49.45,0.,149.5));
#2606=CARTESIAN_POINT('',(-49.45,-6.,145.5));
#2607=CARTESIAN_POINT('Origin',(-49.45,-6.,143.5));
#2608=CARTESIAN_POINT('',(-49.45,-3.67394039744207E-16,146.5));
#2609=CARTESIAN_POINT('Origin',(-49.45,0.,143.5));
#2610=CARTESIAN_POINT('Origin',(-18.04,8.1,143.5));
#2611=CARTESIAN_POINT('',(-16.04,8.1,131.1));
#2612=CARTESIAN_POINT('',(-14.84,8.1,131.1));
#2613=CARTESIAN_POINT('',(-16.04,8.1,143.5));
#2614=CARTESIAN_POINT('',(-16.04,8.1,143.5));
#2615=CARTESIAN_POINT('',(-18.04,8.1,143.5));
#2616=CARTESIAN_POINT('Origin',(-18.04,0.,143.5));
#2617=CARTESIAN_POINT('Origin',(-16.04,0.,143.5));
#2618=CARTESIAN_POINT('Origin',(-16.04,0.,139.05));
#2619=CARTESIAN_POINT('',(-16.04,-5.81463670404265,131.1));
#2620=CARTESIAN_POINT('',(-16.04,3.67394039744207E-16,146.5));
#2621=CARTESIAN_POINT('Origin',(-16.04,0.,143.5));
#2622=CARTESIAN_POINT('',(-16.04,1.34711147906208E-16,150.6));
#2623=CARTESIAN_POINT('Origin',(-16.04,0.,149.5));
#2624=CARTESIAN_POINT('',(-16.04,1.34711147906208E-16,138.6));
#2625=CARTESIAN_POINT('Origin',(-16.04,0.,137.5));
#2626=CARTESIAN_POINT('',(-16.04,6.,144.6));
#2627=CARTESIAN_POINT('Origin',(-16.04,6.,143.5));
#2628=CARTESIAN_POINT('',(-16.04,-6.,144.6));
#2629=CARTESIAN_POINT('Origin',(-16.04,-6.,143.5));
#2630=CARTESIAN_POINT('Origin',(-9.5417,-12.7,151.5));
#2631=CARTESIAN_POINT('',(-11.7917,-12.7,151.5));
#2632=CARTESIAN_POINT('Origin',(-9.5417,-12.7,151.5));
#2633=CARTESIAN_POINT('',(-10.8417,-12.7,151.5));
#2634=CARTESIAN_POINT('Origin',(-9.5417,-12.7,151.5));
#2635=CARTESIAN_POINT('Origin',(-9.5417,-13.9,151.5));
#2636=CARTESIAN_POINT('',(-11.7917,-13.9,151.5));
#2637=CARTESIAN_POINT('',(-11.64,-13.9,150.687819533601));
#2638=CARTESIAN_POINT('',(-11.64,-13.9,150.687819533601));
#2639=CARTESIAN_POINT('Origin',(-9.5417,-13.9,151.5));
#2640=CARTESIAN_POINT('',(-11.64,-13.9,152.312180466399));
#2641=CARTESIAN_POINT('Origin',(-9.5417,-13.9,151.5));
#2642=CARTESIAN_POINT('',(-11.64,-13.9,152.312180466399));
#2643=CARTESIAN_POINT('Origin',(-9.5417,-12.7,135.5));
#2644=CARTESIAN_POINT('',(-11.7917,-12.7,135.5));
#2645=CARTESIAN_POINT('Origin',(-9.5417,-12.7,135.5));
#2646=CARTESIAN_POINT('',(-10.8417,-12.7,135.5));
#2647=CARTESIAN_POINT('Origin',(-9.5417,-12.7,135.5));
#2648=CARTESIAN_POINT('Origin',(-9.5417,-13.9,135.5));
#2649=CARTESIAN_POINT('',(-11.7917,-13.9,135.5));
#2650=CARTESIAN_POINT('',(-11.64,-13.9,134.687819533601));
#2651=CARTESIAN_POINT('',(-11.64,-13.9,134.687819533601));
#2652=CARTESIAN_POINT('Origin',(-9.5417,-13.9,135.5));
#2653=CARTESIAN_POINT('',(-11.64,-13.9,136.312180466399));
#2654=CARTESIAN_POINT('Origin',(-9.5417,-13.9,135.5));
#2655=CARTESIAN_POINT('',(-11.64,-13.9,136.312180466399));
#2656=CARTESIAN_POINT('Origin',(-11.64,0.,143.5));
#2657=CARTESIAN_POINT('',(-11.64,-13.9,149.7));
#2658=CARTESIAN_POINT('Origin',(-11.64,0.,143.5));
#2659=CARTESIAN_POINT('',(-11.64,-13.9,149.7));
#2660=CARTESIAN_POINT('Origin',(-11.64,0.,143.5));
#2661=CARTESIAN_POINT('',(-11.64,-13.9,149.7));
#2662=CARTESIAN_POINT('Origin',(-11.64,-13.9,155.9));
#2663=CARTESIAN_POINT('Origin',(-11.64,-13.9,155.9));
#2664=CARTESIAN_POINT('',(-4.64,-13.9,131.1));
#2665=CARTESIAN_POINT('Origin',(-11.64,-13.9,155.9));
#2666=CARTESIAN_POINT('Origin',(-11.64,-13.9,131.1));
#2667=CARTESIAN_POINT('',(-4.64,13.9,131.1));
#2668=CARTESIAN_POINT('Origin',(-4.64,0.,143.5));
#2669=CARTESIAN_POINT('',(-4.64,13.9,155.9));
#2670=CARTESIAN_POINT('',(-4.64,-13.9,155.9));
#2671=CARTESIAN_POINT('',(-4.64,11.5,153.5));
#2672=CARTESIAN_POINT('',(-4.64,11.5,133.5));
#2673=CARTESIAN_POINT('',(-4.64,11.5,153.5));
#2674=CARTESIAN_POINT('',(-4.64,-11.5,133.5));
#2675=CARTESIAN_POINT('',(-4.64,11.5,133.5));
#2676=CARTESIAN_POINT('',(-4.64,-11.5,153.5));
#2677=CARTESIAN_POINT('',(-4.64,-11.5,133.5));
#2678=CARTESIAN_POINT('',(-4.64,-11.5,153.5));
#2679=CARTESIAN_POINT('Origin',(-11.64,13.9,131.1));
#2680=CARTESIAN_POINT('',(-11.64,13.9,137.3));
#2681=CARTESIAN_POINT('Origin',(-11.64,0.,143.5));
#2682=CARTESIAN_POINT('Origin',(-9.5417,-11.5,135.5));
#2683=CARTESIAN_POINT('',(-10.8417,-11.5,135.5));
#2684=CARTESIAN_POINT('Origin',(-9.5417,-11.5,135.5));
#2685=CARTESIAN_POINT('',(-10.8417,-11.5,135.5));
#2686=CARTESIAN_POINT('Origin',(-9.5417,-11.5,151.5));
#2687=CARTESIAN_POINT('',(-10.8417,-11.5,151.5));
#2688=CARTESIAN_POINT('Origin',(-9.5417,-11.5,151.5));
#2689=CARTESIAN_POINT('',(-10.8417,-11.5,151.5));
#2690=CARTESIAN_POINT('Origin',(-9.5417,11.5,135.5));
#2691=CARTESIAN_POINT('',(-10.8417,11.5,135.5));
#2692=CARTESIAN_POINT('Origin',(-9.5417,11.5,135.5));
#2693=CARTESIAN_POINT('',(-10.8417,11.5,135.5));
#2694=CARTESIAN_POINT('Origin',(-9.5417,11.5,151.5));
#2695=CARTESIAN_POINT('',(-10.8417,11.5,151.5));
#2696=CARTESIAN_POINT('Origin',(-9.5417,11.5,151.5));
#2697=CARTESIAN_POINT('',(-10.8417,11.5,151.5));
#2698=CARTESIAN_POINT('Origin',(-11.64,6.,143.5));
#2699=CARTESIAN_POINT('',(-11.64,6.,145.5));
#2700=CARTESIAN_POINT('Origin',(-11.64,6.,143.5));
#2701=CARTESIAN_POINT('',(-13.04,6.,145.5));
#2702=CARTESIAN_POINT('',(-11.64,6.,145.5));
#2703=CARTESIAN_POINT('Origin',(-13.04,6.,143.5));
#2704=CARTESIAN_POINT('Origin',(-13.04,6.,143.5));
#2705=CARTESIAN_POINT('',(-13.04,6.,144.6));
#2706=CARTESIAN_POINT('Origin',(-13.04,6.,143.5));
#2707=CARTESIAN_POINT('Origin',(-11.64,0.,137.5));
#2708=CARTESIAN_POINT('',(-11.64,-2.4492935982947E-16,139.5));
#2709=CARTESIAN_POINT('Origin',(-11.64,0.,137.5));
#2710=CARTESIAN_POINT('',(-13.04,-2.4492935982947E-16,139.5));
#2711=CARTESIAN_POINT('',(-11.64,2.4492935982947E-16,139.5));
#2712=CARTESIAN_POINT('Origin',(-13.04,0.,137.5));
#2713=CARTESIAN_POINT('Origin',(-13.04,0.,137.5));
#2714=CARTESIAN_POINT('',(-13.04,-1.34711147906208E-16,138.6));
#2715=CARTESIAN_POINT('Origin',(-13.04,0.,137.5));
#2716=CARTESIAN_POINT('Origin',(-11.64,0.,149.5));
#2717=CARTESIAN_POINT('',(-11.64,-2.4492935982947E-16,151.5));
#2718=CARTESIAN_POINT('Origin',(-11.64,0.,149.5));
#2719=CARTESIAN_POINT('',(-13.04,-2.4492935982947E-16,151.5));
#2720=CARTESIAN_POINT('',(-11.64,2.4492935982947E-16,151.5));
#2721=CARTESIAN_POINT('Origin',(-13.04,0.,149.5));
#2722=CARTESIAN_POINT('Origin',(-13.04,0.,149.5));
#2723=CARTESIAN_POINT('',(-13.04,-1.34711147906208E-16,150.6));
#2724=CARTESIAN_POINT('Origin',(-13.04,0.,149.5));
#2725=CARTESIAN_POINT('Origin',(-11.64,-6.,143.5));
#2726=CARTESIAN_POINT('',(-11.64,-6.,145.5));
#2727=CARTESIAN_POINT('Origin',(-11.64,-6.,143.5));
#2728=CARTESIAN_POINT('',(-13.04,-6.,145.5));
#2729=CARTESIAN_POINT('',(-11.64,-6.,145.5));
#2730=CARTESIAN_POINT('Origin',(-13.04,-6.,143.5));
#2731=CARTESIAN_POINT('Origin',(-13.04,-6.,143.5));
#2732=CARTESIAN_POINT('',(-13.04,-6.,144.6));
#2733=CARTESIAN_POINT('Origin',(-13.04,-6.,143.5));
#2734=CARTESIAN_POINT('Origin',(-16.04,-6.,143.5));
#2735=CARTESIAN_POINT('',(-16.04,-6.,144.6));
#2736=CARTESIAN_POINT('Origin',(-16.04,6.,143.5));
#2737=CARTESIAN_POINT('',(-16.04,6.,144.6));
#2738=CARTESIAN_POINT('Origin',(-16.04,0.,137.5));
#2739=CARTESIAN_POINT('',(-16.04,-1.34711147906208E-16,138.6));
#2740=CARTESIAN_POINT('Origin',(-16.04,0.,149.5));
#2741=CARTESIAN_POINT('',(-16.04,-1.34711147906208E-16,150.6));
#2742=CARTESIAN_POINT('Origin',(-16.04,0.,143.5));
#2743=CARTESIAN_POINT('',(-11.64,3.67394039744207E-16,146.5));
#2744=CARTESIAN_POINT('',(-16.04,-3.67394039744207E-16,146.5));
#2745=CARTESIAN_POINT('Origin',(-11.64,0.,143.5));
#2746=CARTESIAN_POINT('Origin',(-11.64,-11.5,153.5));
#2747=CARTESIAN_POINT('',(-11.64,11.5,153.5));
#2748=CARTESIAN_POINT('',(-11.64,-11.5,153.5));
#2749=CARTESIAN_POINT('',(-11.64,-5.75,153.5));
#2750=CARTESIAN_POINT('',(-11.64,11.5,153.5));
#2751=CARTESIAN_POINT('',(-11.64,-11.5,153.5));
#2752=CARTESIAN_POINT('Origin',(-11.64,-11.5,133.5));
#2753=CARTESIAN_POINT('',(-11.64,-11.5,133.5));
#2754=CARTESIAN_POINT('',(-11.64,-11.5,138.5));
#2755=CARTESIAN_POINT('',(-11.64,-11.5,133.5));
#2756=CARTESIAN_POINT('Origin',(-11.64,11.5,133.5));
#2757=CARTESIAN_POINT('',(-11.64,11.5,133.5));
#2758=CARTESIAN_POINT('',(-11.64,5.75,133.5));
#2759=CARTESIAN_POINT('',(-11.64,11.5,133.5));
#2760=CARTESIAN_POINT('Origin',(-11.64,11.5,153.5));
#2761=CARTESIAN_POINT('',(-11.64,11.5,148.5));
#2762=CARTESIAN_POINT('Origin',(-11.64,13.9,155.9));
#2763=CARTESIAN_POINT('Origin',(-11.64,0.,143.5));
#2764=CARTESIAN_POINT('Origin',(-49.45,6.,143.5));
#2765=CARTESIAN_POINT('',(-48.05,6.,145.5));
#2766=CARTESIAN_POINT('',(-49.45,6.,145.5));
#2767=CARTESIAN_POINT('Origin',(-48.05,6.,143.5));
#2768=CARTESIAN_POINT('Origin',(-48.05,6.,143.5));
#2769=CARTESIAN_POINT('',(-48.05,6.,144.6));
#2770=CARTESIAN_POINT('Origin',(-48.05,6.,143.5));
#2771=CARTESIAN_POINT('Origin',(-49.45,0.,137.5));
#2772=CARTESIAN_POINT('',(-48.05,-2.4492935982947E-16,139.5));
#2773=CARTESIAN_POINT('',(-49.45,-2.4492935982947E-16,139.5));
#2774=CARTESIAN_POINT('Origin',(-48.05,0.,137.5));
#2775=CARTESIAN_POINT('Origin',(-48.05,0.,137.5));
#2776=CARTESIAN_POINT('',(-48.05,1.34711147906208E-16,138.6));
#2777=CARTESIAN_POINT('Origin',(-48.05,0.,137.5));
#2778=CARTESIAN_POINT('Origin',(-49.45,0.,149.5));
#2779=CARTESIAN_POINT('',(-48.05,-2.4492935982947E-16,151.5));
#2780=CARTESIAN_POINT('',(-49.45,-2.4492935982947E-16,151.5));
#2781=CARTESIAN_POINT('Origin',(-48.05,0.,149.5));
#2782=CARTESIAN_POINT('Origin',(-48.05,0.,149.5));
#2783=CARTESIAN_POINT('',(-48.05,1.34711147906208E-16,150.6));
#2784=CARTESIAN_POINT('Origin',(-48.05,0.,149.5));
#2785=CARTESIAN_POINT('Origin',(-49.45,-6.,143.5));
#2786=CARTESIAN_POINT('',(-48.05,-6.,145.5));
#2787=CARTESIAN_POINT('',(-49.45,-6.,145.5));
#2788=CARTESIAN_POINT('Origin',(-48.05,-6.,143.5));
#2789=CARTESIAN_POINT('Origin',(-48.05,-6.,143.5));
#2790=CARTESIAN_POINT('',(-48.05,-6.,144.6));
#2791=CARTESIAN_POINT('Origin',(-48.05,-6.,143.5));
#2792=CARTESIAN_POINT('Origin',(-49.45,-6.,143.5));
#2793=CARTESIAN_POINT('',(-49.45,-6.,144.6));
#2794=CARTESIAN_POINT('Origin',(-49.45,6.,143.5));
#2795=CARTESIAN_POINT('',(-49.45,6.,144.6));
#2796=CARTESIAN_POINT('Origin',(-49.45,0.,137.5));
#2797=CARTESIAN_POINT('',(-49.45,-1.34711147906208E-16,138.6));
#2798=CARTESIAN_POINT('Origin',(-49.45,0.,149.5));
#2799=CARTESIAN_POINT('',(-49.45,-1.34711147906208E-16,150.6));
#2800=CARTESIAN_POINT('Origin',(-49.45,0.,143.5));
#2801=CARTESIAN_POINT('',(-49.45,-3.67394039744207E-16,146.5));
#2802=UNCERTAINTY_MEASURE_WITH_UNIT(LENGTH_MEASURE(0.01),#2806,
'DISTANCE_ACCURACY_VALUE',
'Maximum model space distance between geometric entities at asserted c
onnectivities');
#2803=UNCERTAINTY_MEASURE_WITH_UNIT(LENGTH_MEASURE(0.01),#2806,
'DISTANCE_ACCURACY_VALUE',
'Maximum model space distance between geometric entities at asserted c
onnectivities');
#2804=(
GEOMETRIC_REPRESENTATION_CONTEXT(3)
GLOBAL_UNCERTAINTY_ASSIGNED_CONTEXT((#2802))
GLOBAL_UNIT_ASSIGNED_CONTEXT((#2806,#2808,#2809))
REPRESENTATION_CONTEXT('','3D')
);
#2805=(
GEOMETRIC_REPRESENTATION_CONTEXT(3)
GLOBAL_UNCERTAINTY_ASSIGNED_CONTEXT((#2803))
GLOBAL_UNIT_ASSIGNED_CONTEXT((#2806,#2808,#2809))
REPRESENTATION_CONTEXT('','3D')
);
#2806=(
LENGTH_UNIT()
NAMED_UNIT(*)
SI_UNIT(.MILLI.,.METRE.)
);
#2807=(
LENGTH_UNIT()
NAMED_UNIT(*)
SI_UNIT($,.METRE.)
);
#2808=(
NAMED_UNIT(*)
PLANE_ANGLE_UNIT()
SI_UNIT($,.RADIAN.)
);
#2809=(
NAMED_UNIT(*)
SI_UNIT($,.STERADIAN.)
SOLID_ANGLE_UNIT()
);
#2810=SHAPE_DEFINITION_REPRESENTATION(#2811,#2812);
#2811=PRODUCT_DEFINITION_SHAPE('',$,#2814);
#2812=SHAPE_REPRESENTATION('',(#1592),#2804);
#2813=PRODUCT_DEFINITION_CONTEXT('part definition',#2818,'design');
#2814=PRODUCT_DEFINITION('2026-09-20-16-40-36-570','roll_pitch_link',#2815,
#2813);
#2815=PRODUCT_DEFINITION_FORMATION('',$,#2820);
#2816=PRODUCT_RELATED_PRODUCT_CATEGORY('roll_pitch_link',
'roll_pitch_link',(#2820));
#2817=APPLICATION_PROTOCOL_DEFINITION('international standard',
'automotive_design',2009,#2818);
#2818=APPLICATION_CONTEXT(
'Core Data for Automotive Mechanical Design Process');
#2819=PRODUCT_CONTEXT('part definition',#2818,'mechanical');
#2820=PRODUCT('2026-09-20-16-40-36-570','roll_pitch_link',$,(#2819));
#2821=PRESENTATION_STYLE_ASSIGNMENT((#2822));
#2822=SURFACE_STYLE_USAGE(.BOTH.,#2823);
#2823=SURFACE_SIDE_STYLE('',(#2824));
#2824=SURFACE_STYLE_FILL_AREA(#2825);
#2825=FILL_AREA_STYLE('\X2\92FC\X0\ - \X2\30B530C630F3\X0\',(#2826));
#2826=FILL_AREA_STYLE_COLOUR('\X2\92FC\X0\ - \X2\30B530C630F3\X0\',#2827);
#2827=COLOUR_RGB('\X2\92FC\X0\ - \X2\30B530C630F3\X0\',0.627450980392157,
0.627450980392157,0.627450980392157);
ENDSEC;
END-ISO-10303-21;
