ISO-10303-21;
HEADER;
/* Generated by software containing ST-Developer
 * from STEP Tools, Inc. (www.steptools.com) 
 */

FILE_DESCRIPTION(
/* description */ (''),
/* implementation_level */ '2;1');

FILE_NAME(
/* name */ 'roll_servo_cradle.step',
/* time_stamp */ '2026-09-20T16:40:35+09:00',
/* author */ (''),
/* organization */ (''),
/* preprocessor_version */ 'ST-DEVELOPER v20.2',
/* originating_system */ 'Autodesk Translation Framework v15.15.0.0',
/* authorisation */ '');

FILE_SCHEMA (('AUTOMOTIVE_DESIGN { 1 0 10303 214 3 1 1 }'));
ENDSEC;

DATA;
#10=MECHANICAL_DESIGN_GEOMETRIC_PRESENTATION_REPRESENTATION('',(#13),#2063);
#11=SHAPE_REPRESENTATION_RELATIONSHIP('SRR','None',#2070,#12);
#12=ADVANCED_BREP_SHAPE_REPRESENTATION('',(#14),#2062);
#13=STYLED_ITEM('',(#2079),#14);
#14=MANIFOLD_SOLID_BREP('\X2\30DC30C730A3\X0\2',#953);
#15=(
BOUNDED_SURFACE()
B_SPLINE_SURFACE(3,2,((#1864,#1865,#1866),(#1867,#1868,#1869),(#1870,#1871,
#1872),(#1873,#1874,#1875),(#1876,#1877,#1878),(#1879,#1880,#1881),(#1882,
#1883,#1884),(#1885,#1886,#1887),(#1888,#1889,#1890),(#1891,#1892,#1893),
(#1894,#1895,#1896),(#1897,#1898,#1899),(#1900,#1901,#1902),(#1903,#1904,
#1905),(#1906,#1907,#1908),(#1909,#1910,#1911),(#1912,#1913,#1914),(#1915,
#1916,#1917),(#1918,#1919,#1920),(#1921,#1922,#1923),(#1924,#1925,#1926),
(#1927,#1928,#1929)),.UNSPECIFIED.,.T.,.F.,.F.)
B_SPLINE_SURFACE_WITH_KNOTS((4,3,3,3,3,3,3,4),(3,3),(-3.14159265358979,
-2.6105465656785,-1.6564992512837,-0.313412877576558,0.260904581265222,
1.07859946669061,2.48533017345074,3.14159265358979),(0.,0.610865238198016),
 .UNSPECIFIED.)
GEOMETRIC_REPRESENTATION_ITEM()
RATIONAL_B_SPLINE_SURFACE(((1.,0.953716950748227,1.),(1.,0.953716950748227,
1.),(1.,0.953716950748227,1.),(1.,0.953716950748227,1.),(1.,0.953716950748227,
1.),(1.,0.953716950748227,1.),(1.,0.953716950748227,1.),(1.,0.953716950748227,
1.),(1.,0.953716950748227,1.),(1.,0.953716950748227,1.),(1.,0.953716950748227,
1.),(1.,0.953716950748227,1.),(1.,0.953716950748227,1.),(1.,0.953716950748227,
1.),(1.,0.953716950748227,1.),(1.,0.953716950748227,1.),(1.,0.953716950748227,
1.),(1.,0.953716950748227,1.),(1.,0.953716950748227,1.),(1.,0.953716950748227,
1.),(1.,0.953716950748227,1.),(1.,0.953716950748227,1.)))
REPRESENTATION_ITEM('')
SURFACE()
);
#16=(
BOUNDED_SURFACE()
B_SPLINE_SURFACE(3,2,((#1948,#1949,#1950),(#1951,#1952,#1953),(#1954,#1955,
#1956),(#1957,#1958,#1959),(#1960,#1961,#1962),(#1963,#1964,#1965),(#1966,
#1967,#1968),(#1969,#1970,#1971),(#1972,#1973,#1974),(#1975,#1976,#1977),
(#1978,#1979,#1980),(#1981,#1982,#1983),(#1984,#1985,#1986),(#1987,#1988,
#1989),(#1990,#1991,#1992),(#1993,#1994,#1995),(#1996,#1997,#1998),(#1999,
#2000,#2001),(#2002,#2003,#2004),(#2005,#2006,#2007),(#2008,#2009,#2010),
(#2011,#2012,#2013)),.UNSPECIFIED.,.T.,.F.,.F.)
B_SPLINE_SURFACE_WITH_KNOTS((4,3,3,3,3,3,3,4),(3,3),(-3.14159265358979,
-2.6105465656785,-1.6564992512837,-0.313412877576558,0.260904581265222,
1.07859946669061,2.48533017345074,3.14159265358979),(0.,0.610865238198016),
 .UNSPECIFIED.)
GEOMETRIC_REPRESENTATION_ITEM()
RATIONAL_B_SPLINE_SURFACE(((1.,0.953716950748227,1.),(1.,0.953716950748227,
1.),(1.,0.953716950748227,1.),(1.,0.953716950748227,1.),(1.,0.953716950748227,
1.),(1.,0.953716950748227,1.),(1.,0.953716950748227,1.),(1.,0.953716950748227,
1.),(1.,0.953716950748227,1.),(1.,0.953716950748227,1.),(1.,0.953716950748227,
1.),(1.,0.953716950748227,1.),(1.,0.953716950748227,1.),(1.,0.953716950748227,
1.),(1.,0.953716950748227,1.),(1.,0.953716950748227,1.),(1.,0.953716950748227,
1.),(1.,0.953716950748227,1.),(1.,0.953716950748227,1.),(1.,0.953716950748227,
1.),(1.,0.953716950748227,1.),(1.,0.953716950748227,1.)))
REPRESENTATION_ITEM('')
SURFACE()
);
#17=ELLIPSE('',#973,5.56057372040853,2.35000000000001);
#18=ELLIPSE('',#982,5.56057372040854,2.35000000000001);
#19=ELLIPSE('',#993,43.7747292883225,18.5);
#20=ELLIPSE('',#994,18.2616424808099,15.);
#21=ELLIPSE('',#1019,18.2616424808099,15.);
#22=ELLIPSE('',#1022,16.8689937128677,15.);
#23=ELLIPSE('',#1024,43.7747292883224,18.5);
#24=ELLIPSE('',#1026,11.0337791896249,10.);
#25=ELLIPSE('',#1030,23.662015831525,10.);
#26=ELLIPSE('',#1032,23.662015831525,10.);
#27=ELLIPSE('',#1033,11.0337791896249,10.);
#28=B_SPLINE_CURVE_WITH_KNOTS('',3,(#1319,#1320,#1321,#1322,#1323,#1324,
#1325,#1326),.UNSPECIFIED.,.F.,.F.,(4,2,2,4),(0.00865058043631192,0.0892080776172037,
0.178416155234407,0.252860682474032),.UNSPECIFIED.);
#29=B_SPLINE_CURVE_WITH_KNOTS('',3,(#1334,#1335,#1336,#1337,#1338,#1339,
#1340,#1341,#1342,#1343),.UNSPECIFIED.,.F.,.F.,(4,2,2,2,4),(2.23219594076796,
2.28373584039386,2.33527574001977,2.43835553927157,2.51287576862369),
 .UNSPECIFIED.);
#30=B_SPLINE_CURVE_WITH_KNOTS('',3,(#1347,#1348,#1349,#1350,#1351,#1352,
#1353,#1354,#1355,#1356,#1357,#1358,#1359,#1360,#1361,#1362,#1363,#1364,
#1365,#1366,#1367,#1368,#1369,#1370),.UNSPECIFIED.,.F.,.F.,(4,2,2,2,2,2,
2,2,2,2,2,4),(0.444737056591602,0.472522266970303,0.533172247924841,0.567162938812519,
0.60441064796092,0.641658357109321,0.678906066257722,0.716153775406123,
0.750144466293801,0.810794447248339,0.88664099145616,0.962487535663981),
 .UNSPECIFIED.);
#31=B_SPLINE_CURVE_WITH_KNOTS('',3,(#1372,#1373,#1374,#1375,#1376,#1377),
 .UNSPECIFIED.,.F.,.F.,(4,2,4),(0.32082917855466,0.396675722762482,0.444737056591602),
 .UNSPECIFIED.);
#32=B_SPLINE_CURVE_WITH_KNOTS('',3,(#1381,#1382,#1383,#1384,#1385,#1386,
#1387,#1388,#1389,#1390),.UNSPECIFIED.,.F.,.F.,(4,2,2,2,4),(0.463385485733592,
0.537905715085708,0.640985514337514,0.692525413963417,0.74406531358932),
 .UNSPECIFIED.);
#33=B_SPLINE_CURVE_WITH_KNOTS('',3,(#1407,#1408,#1409,#1410,#1411,#1412,
#1413,#1414,#1415,#1416),.UNSPECIFIED.,.F.,.F.,(4,2,2,2,4),(0.744065313589292,
0.795605213215193,0.847145112841094,0.950224912092896,1.02474514144503),
 .UNSPECIFIED.);
#34=B_SPLINE_CURVE_WITH_KNOTS('',3,(#1420,#1421,#1422,#1423,#1424,#1425),
 .UNSPECIFIED.,.F.,.F.,(4,2,4),(0.196921300517731,0.244982634346824,0.320829178554638),
 .UNSPECIFIED.);
#35=B_SPLINE_CURVE_WITH_KNOTS('',3,(#1427,#1428,#1429,#1430,#1431,#1432,
#1433,#1434,#1435,#1436,#1437,#1438,#1439,#1440,#1441,#1442,#1443,#1444,
#1445,#1446,#1447,#1448,#1449,#1450,#1451),.UNSPECIFIED.,.F.,.F.,(4,2,2,
2,2,2,3,2,2,2,2,4),(-0.320829178554639,-0.244982634346824,-0.16913609013901,
-0.108486109184475,-0.0744954182967978,-0.0372477091483989,0.,0.0372477091483989,
0.0744954182967978,0.108486109184475,0.16913609013901,0.196921300517731),
 .UNSPECIFIED.);
#36=B_SPLINE_CURVE_WITH_KNOTS('',3,(#1455,#1456,#1457,#1458,#1459,#1460,
#1461,#1462,#1463,#1464),.UNSPECIFIED.,.F.,.F.,(4,2,2,2,4),(1.95151611291214,
2.02603634226427,2.12911614151608,2.18065604114198,2.23219594076788),
 .UNSPECIFIED.);
#37=B_SPLINE_CURVE_WITH_KNOTS('',3,(#1472,#1473,#1474,#1475,#1476,#1477,
#1478,#1479),.UNSPECIFIED.,.F.,.F.,(4,2,2,4),(0.526537176845065,0.600981704084693,
0.690189781701896,0.770747278882796),.UNSPECIFIED.);
#38=B_SPLINE_CURVE_WITH_KNOTS('',3,(#1593,#1594,#1595,#1596,#1597,#1598,
#1599,#1600,#1601,#1602,#1603,#1604,#1605,#1606),.UNSPECIFIED.,.F.,.F.,
(4,2,2,2,2,2,4),(9.85838737836436,10.203705360401,10.3919147440903,10.5801241277796,
10.7683335114688,10.9565428951581,11.3018608771947),.UNSPECIFIED.);
#39=B_SPLINE_CURVE_WITH_KNOTS('',3,(#1609,#1610,#1611,#1612),
 .UNSPECIFIED.,.F.,.F.,(4,4),(3.51254484690492,3.66722797613723),
 .UNSPECIFIED.);
#40=B_SPLINE_CURVE_WITH_KNOTS('',3,(#1616,#1617,#1618,#1619,#1620,#1621),
 .UNSPECIFIED.,.F.,.F.,(4,2,4),(0.,0.205361151958642,0.452884675562658),
 .UNSPECIFIED.);
#41=B_SPLINE_CURVE_WITH_KNOTS('',3,(#1625,#1626,#1627,#1628),
 .UNSPECIFIED.,.F.,.F.,(4,4),(0.,0.453303977922223),.UNSPECIFIED.);
#42=B_SPLINE_CURVE_WITH_KNOTS('',3,(#1633,#1634,#1635,#1636,#1637,#1638),
 .UNSPECIFIED.,.F.,.F.,(4,2,4),(0.,0.205361151958654,0.45288467467804),
 .UNSPECIFIED.);
#43=B_SPLINE_CURVE_WITH_KNOTS('',3,(#1642,#1643,#1644,#1645,#1646,#1647,
#1648,#1649,#1650,#1651),.UNSPECIFIED.,.F.,.F.,(4,2,2,2,4),(0.,0.102660828086467,
0.205323032624572,0.410686250450578,0.452806126043448),.UNSPECIFIED.);
#44=B_SPLINE_CURVE_WITH_KNOTS('',3,(#1654,#1655,#1656,#1657),
 .UNSPECIFIED.,.F.,.F.,(4,4),(2.50768784317633,2.66237097312293),
 .UNSPECIFIED.);
#45=B_SPLINE_CURVE_WITH_KNOTS('',3,(#1662,#1663,#1664,#1665,#1666,#1667,
#1668,#1669,#1670,#1671,#1672,#1673,#1674,#1675,#1676,#1677,#1678,#1679,
#1680,#1681,#1682,#1683,#1684,#1685,#1686,#1687),.UNSPECIFIED.,.F.,.F.,
(4,2,2,2,2,2,2,2,2,2,2,2,4),(0.,0.113222448138513,0.226444896277027,0.339664638093438,
0.452884379909849,0.56610412172626,0.679323863542671,0.792546311681184,
0.905768759819698,1.01899120795821,1.13221365609672,1.24543339791314,1.35865313972955),
 .UNSPECIFIED.);
#46=B_SPLINE_CURVE_WITH_KNOTS('',3,(#1688,#1689,#1690,#1691,#1692,#1693,
#1694,#1695,#1696,#1697),.UNSPECIFIED.,.F.,.F.,(4,2,2,2,4),(1.35865313972955,
1.47187288154596,1.58509262336237,1.69831507150088,1.8115375196394),
 .UNSPECIFIED.);
#47=B_SPLINE_CURVE_WITH_KNOTS('',3,(#1700,#1701,#1702,#1703,#1704,#1705,
#1706,#1707,#1708,#1709,#1710,#1711,#1712,#1713,#1714,#1715,#1716,#1717,
#1718,#1719,#1720,#1721,#1722,#1723,#1724,#1725),.UNSPECIFIED.,.F.,.F.,
(4,2,2,2,2,2,2,2,2,2,2,2,4),(0.,0.0769336533851053,0.153867306770211,0.233543015621669,
0.313218724473127,0.391257891496908,0.469297058520689,0.545102666516434,
0.620908274512178,0.695983244801011,0.771058215089844,0.849827632614531,
0.928597050139218),.UNSPECIFIED.);
#48=B_SPLINE_CURVE_WITH_KNOTS('',3,(#1726,#1727,#1728,#1729,#1730,#1731,
#1732,#1733,#1734,#1735),.UNSPECIFIED.,.F.,.F.,(4,2,2,2,4),(0.928597050139218,
1.00983095851377,1.09106486688833,1.16643316419116,1.241801461494),
 .UNSPECIFIED.);
#49=B_SPLINE_CURVE_WITH_KNOTS('',3,(#1738,#1739,#1740,#1741,#1742,#1743,
#1744,#1745,#1746,#1747,#1748,#1749,#1750,#1751,#1752,#1753,#1754,#1755,
#1756,#1757,#1758,#1759,#1760,#1761,#1762,#1763),.UNSPECIFIED.,.F.,.F.,
(4,2,2,2,2,2,2,2,2,2,2,2,4),(0.,0.0758056079957441,0.151611215991488,0.229650383015269,
0.307689550039051,0.387365258890509,0.467040967741967,0.543974621127072,
0.620908274512177,0.696276571815012,0.771644869117847,0.852878777492401,
0.934112685866955),.UNSPECIFIED.);
#50=B_SPLINE_CURVE_WITH_KNOTS('',3,(#1764,#1765,#1766,#1767,#1768,#1769,
#1770,#1771,#1772,#1773),.UNSPECIFIED.,.F.,.F.,(4,2,2,2,4),(0.934112685866955,
1.01288210339164,1.09165152091633,1.16672649120516,1.24180146149399),
 .UNSPECIFIED.);
#51=B_SPLINE_CURVE_WITH_KNOTS('',3,(#1776,#1777,#1778,#1779,#1780,#1781,
#1782,#1783,#1784,#1785,#1786,#1787,#1788,#1789,#1790,#1791,#1792,#1793,
#1794,#1795,#1796,#1797,#1798,#1799,#1800,#1801),.UNSPECIFIED.,.F.,.F.,
(4,2,2,2,2,2,2,2,2,2,2,2,4),(0.,0.075400791433485,0.15080158286697,0.226202023179594,
0.301602463492218,0.377002903804842,0.452403344117466,0.527804135550951,
0.603204926984436,0.678605718417921,0.754006509851406,0.82940695016403,
0.904807390476654),.UNSPECIFIED.);
#52=B_SPLINE_CURVE_WITH_KNOTS('',3,(#1802,#1803,#1804,#1805,#1806,#1807,
#1808,#1809,#1810,#1811),.UNSPECIFIED.,.F.,.F.,(4,2,2,2,4),(0.904807390476654,
0.980207830789278,1.0556082711019,1.13100906253539,1.20640985396887),
 .UNSPECIFIED.);
#53=B_SPLINE_CURVE_WITH_KNOTS('',3,(#1814,#1815,#1816,#1817,#1818,#1819,
#1820,#1821,#1822,#1823,#1824,#1825,#1826,#1827,#1828,#1829,#1830,#1831,
#1832,#1833,#1834,#1835,#1836,#1837,#1838,#1839),.UNSPECIFIED.,.F.,.F.,
(4,2,2,2,2,2,2,2,2,2,2,2,4),(0.,0.075400791433485,0.15080158286697,0.226202023179594,
0.301602463492218,0.377002903804842,0.452403344117466,0.527804135550951,
0.603204926984436,0.678605718417921,0.754006509851406,0.82940695016403,
0.904807390476654),.UNSPECIFIED.);
#54=B_SPLINE_CURVE_WITH_KNOTS('',3,(#1840,#1841,#1842,#1843,#1844,#1845,
#1846,#1847,#1848,#1849),.UNSPECIFIED.,.F.,.F.,(4,2,2,2,4),(0.904807390476654,
0.980207830789278,1.0556082711019,1.13100906253539,1.20640985396887),
 .UNSPECIFIED.);
#55=B_SPLINE_CURVE_WITH_KNOTS('',3,(#1857,#1858,#1859,#1860,#1861,#1862,
#1863),.UNSPECIFIED.,.F.,.F.,(4,3,4),(1.00005458588243,1.07859946669061,
2.14153806770647),.UNSPECIFIED.);
#56=B_SPLINE_CURVE_WITH_KNOTS('',3,(#1930,#1931,#1932,#1933,#1934,#1935,
#1936,#1937,#1938,#1939),.UNSPECIFIED.,.F.,.F.,(4,2,2,2,4),(0.083335543608762,
0.0971471833448689,0.207616127854901,0.324615764748743,0.361674184088318),
 .UNSPECIFIED.);
#57=B_SPLINE_CURVE_WITH_KNOTS('',3,(#1941,#1942,#1943,#1944,#1945,#1946,
#1947),.UNSPECIFIED.,.F.,.F.,(4,3,4),(1.00005458588242,1.07859946669061,
2.14153806770648),.UNSPECIFIED.);
#58=B_SPLINE_CURVE_WITH_KNOTS('',3,(#2014,#2015,#2016,#2017,#2018,#2019,
#2020,#2021,#2022,#2023),.UNSPECIFIED.,.F.,.F.,(4,2,2,2,4),(0.0833355436087604,
0.0971471833448708,0.207616127854914,0.324615764748766,0.361674184088335),
 .UNSPECIFIED.);
#59=FACE_BOUND('',#154,.T.);
#60=FACE_BOUND('',#158,.T.);
#61=FACE_BOUND('',#165,.T.);
#62=FACE_BOUND('',#166,.T.);
#63=FACE_BOUND('',#168,.T.);
#64=FACE_BOUND('',#174,.T.);
#65=FACE_BOUND('',#175,.T.);
#66=FACE_BOUND('',#176,.T.);
#67=FACE_BOUND('',#178,.T.);
#68=FACE_BOUND('',#179,.T.);
#69=FACE_BOUND('',#181,.T.);
#70=FACE_BOUND('',#182,.T.);
#71=FACE_BOUND('',#190,.T.);
#72=FACE_BOUND('',#191,.T.);
#73=FACE_BOUND('',#192,.T.);
#74=FACE_BOUND('',#193,.T.);
#75=FACE_BOUND('',#194,.T.);
#76=FACE_BOUND('',#195,.T.);
#77=FACE_BOUND('',#208,.T.);
#78=FACE_BOUND('',#211,.T.);
#79=FACE_BOUND('',#214,.T.);
#80=FACE_BOUND('',#217,.T.);
#81=PLANE('',#970);
#82=PLANE('',#978);
#83=PLANE('',#992);
#84=PLANE('',#995);
#85=PLANE('',#997);
#86=PLANE('',#1001);
#87=PLANE('',#1010);
#88=PLANE('',#1014);
#89=PLANE('',#1016);
#90=PLANE('',#1021);
#91=PLANE('',#1023);
#92=PLANE('',#1025);
#93=PLANE('',#1034);
#94=PLANE('',#1035);
#95=PLANE('',#1036);
#96=PLANE('',#1037);
#97=PLANE('',#1038);
#98=PLANE('',#1039);
#99=PLANE('',#1042);
#100=PLANE('',#1046);
#101=PLANE('',#1050);
#102=PLANE('',#1053);
#103=PLANE('',#1057);
#104=FACE_OUTER_BOUND('',#152,.T.);
#105=FACE_OUTER_BOUND('',#153,.T.);
#106=FACE_OUTER_BOUND('',#155,.T.);
#107=FACE_OUTER_BOUND('',#156,.T.);
#108=FACE_OUTER_BOUND('',#157,.T.);
#109=FACE_OUTER_BOUND('',#159,.T.);
#110=FACE_OUTER_BOUND('',#160,.T.);
#111=FACE_OUTER_BOUND('',#161,.T.);
#112=FACE_OUTER_BOUND('',#162,.T.);
#113=FACE_OUTER_BOUND('',#163,.T.);
#114=FACE_OUTER_BOUND('',#164,.T.);
#115=FACE_OUTER_BOUND('',#167,.T.);
#116=FACE_OUTER_BOUND('',#169,.T.);
#117=FACE_OUTER_BOUND('',#170,.T.);
#118=FACE_OUTER_BOUND('',#171,.T.);
#119=FACE_OUTER_BOUND('',#172,.T.);
#120=FACE_OUTER_BOUND('',#173,.T.);
#121=FACE_OUTER_BOUND('',#177,.T.);
#122=FACE_OUTER_BOUND('',#180,.T.);
#123=FACE_OUTER_BOUND('',#183,.T.);
#124=FACE_OUTER_BOUND('',#184,.T.);
#125=FACE_OUTER_BOUND('',#185,.T.);
#126=FACE_OUTER_BOUND('',#186,.T.);
#127=FACE_OUTER_BOUND('',#187,.T.);
#128=FACE_OUTER_BOUND('',#188,.T.);
#129=FACE_OUTER_BOUND('',#189,.T.);
#130=FACE_OUTER_BOUND('',#196,.T.);
#131=FACE_OUTER_BOUND('',#197,.T.);
#132=FACE_OUTER_BOUND('',#198,.T.);
#133=FACE_OUTER_BOUND('',#199,.T.);
#134=FACE_OUTER_BOUND('',#200,.T.);
#135=FACE_OUTER_BOUND('',#201,.T.);
#136=FACE_OUTER_BOUND('',#202,.T.);
#137=FACE_OUTER_BOUND('',#203,.T.);
#138=FACE_OUTER_BOUND('',#204,.T.);
#139=FACE_OUTER_BOUND('',#205,.T.);
#140=FACE_OUTER_BOUND('',#206,.T.);
#141=FACE_OUTER_BOUND('',#207,.T.);
#142=FACE_OUTER_BOUND('',#209,.T.);
#143=FACE_OUTER_BOUND('',#210,.T.);
#144=FACE_OUTER_BOUND('',#212,.T.);
#145=FACE_OUTER_BOUND('',#213,.T.);
#146=FACE_OUTER_BOUND('',#215,.T.);
#147=FACE_OUTER_BOUND('',#216,.T.);
#148=FACE_OUTER_BOUND('',#218,.T.);
#149=FACE_OUTER_BOUND('',#219,.T.);
#150=FACE_OUTER_BOUND('',#220,.T.);
#151=FACE_OUTER_BOUND('',#221,.T.);
#152=EDGE_LOOP('',(#608,#609,#610,#611));
#153=EDGE_LOOP('',(#612,#613));
#154=EDGE_LOOP('',(#614));
#155=EDGE_LOOP('',(#615,#616,#617,#618,#619,#620,#621,#622,#623,#624,#625,
#626,#627));
#156=EDGE_LOOP('',(#628,#629,#630,#631));
#157=EDGE_LOOP('',(#632,#633));
#158=EDGE_LOOP('',(#634));
#159=EDGE_LOOP('',(#635,#636,#637,#638,#639,#640,#641,#642,#643,#644,#645,
#646,#647));
#160=EDGE_LOOP('',(#648,#649,#650,#651));
#161=EDGE_LOOP('',(#652,#653,#654,#655));
#162=EDGE_LOOP('',(#656,#657,#658,#659,#660,#661));
#163=EDGE_LOOP('',(#662,#663,#664,#665,#666,#667,#668));
#164=EDGE_LOOP('',(#669,#670,#671,#672));
#165=EDGE_LOOP('',(#673));
#166=EDGE_LOOP('',(#674));
#167=EDGE_LOOP('',(#675,#676,#677,#678,#679,#680,#681,#682,#683,#684,#685,
#686));
#168=EDGE_LOOP('',(#687,#688,#689,#690));
#169=EDGE_LOOP('',(#691,#692,#693,#694));
#170=EDGE_LOOP('',(#695,#696,#697,#698));
#171=EDGE_LOOP('',(#699,#700,#701,#702));
#172=EDGE_LOOP('',(#703,#704,#705,#706,#707,#708));
#173=EDGE_LOOP('',(#709,#710,#711,#712,#713,#714,#715,#716));
#174=EDGE_LOOP('',(#717));
#175=EDGE_LOOP('',(#718));
#176=EDGE_LOOP('',(#719));
#177=EDGE_LOOP('',(#720,#721,#722,#723,#724,#725));
#178=EDGE_LOOP('',(#726));
#179=EDGE_LOOP('',(#727));
#180=EDGE_LOOP('',(#728,#729,#730,#731));
#181=EDGE_LOOP('',(#732));
#182=EDGE_LOOP('',(#733));
#183=EDGE_LOOP('',(#734,#735,#736,#737));
#184=EDGE_LOOP('',(#738,#739,#740,#741));
#185=EDGE_LOOP('',(#742,#743,#744,#745,#746,#747));
#186=EDGE_LOOP('',(#748,#749,#750,#751,#752,#753,#754));
#187=EDGE_LOOP('',(#755,#756,#757,#758,#759,#760));
#188=EDGE_LOOP('',(#761,#762,#763,#764));
#189=EDGE_LOOP('',(#765,#766,#767,#768,#769,#770,#771,#772,#773,#774,#775,
#776,#777,#778,#779,#780));
#190=EDGE_LOOP('',(#781,#782,#783,#784));
#191=EDGE_LOOP('',(#785,#786));
#192=EDGE_LOOP('',(#787,#788));
#193=EDGE_LOOP('',(#789,#790));
#194=EDGE_LOOP('',(#791,#792));
#195=EDGE_LOOP('',(#793,#794));
#196=EDGE_LOOP('',(#795,#796,#797,#798));
#197=EDGE_LOOP('',(#799,#800,#801,#802));
#198=EDGE_LOOP('',(#803,#804));
#199=EDGE_LOOP('',(#805,#806,#807,#808));
#200=EDGE_LOOP('',(#809,#810));
#201=EDGE_LOOP('',(#811,#812,#813,#814));
#202=EDGE_LOOP('',(#815,#816,#817,#818,#819,#820));
#203=EDGE_LOOP('',(#821,#822,#823,#824,#825,#826));
#204=EDGE_LOOP('',(#827,#828,#829,#830,#831,#832));
#205=EDGE_LOOP('',(#833,#834,#835,#836));
#206=EDGE_LOOP('',(#837,#838,#839,#840,#841));
#207=EDGE_LOOP('',(#842));
#208=EDGE_LOOP('',(#843));
#209=EDGE_LOOP('',(#844,#845,#846,#847,#848));
#210=EDGE_LOOP('',(#849));
#211=EDGE_LOOP('',(#850));
#212=EDGE_LOOP('',(#851,#852,#853,#854,#855));
#213=EDGE_LOOP('',(#856));
#214=EDGE_LOOP('',(#857));
#215=EDGE_LOOP('',(#858,#859,#860,#861,#862));
#216=EDGE_LOOP('',(#863));
#217=EDGE_LOOP('',(#864));
#218=EDGE_LOOP('',(#865,#866,#867,#868));
#219=EDGE_LOOP('',(#869,#870,#871,#872));
#220=EDGE_LOOP('',(#873,#874,#875,#876,#877));
#221=EDGE_LOOP('',(#878,#879,#880,#881));
#222=LINE('',#1308,#283);
#223=LINE('',#1313,#284);
#224=LINE('',#1317,#285);
#225=LINE('',#1332,#286);
#226=LINE('',#1345,#287);
#227=LINE('',#1379,#288);
#228=LINE('',#1391,#289);
#229=LINE('',#1396,#290);
#230=LINE('',#1401,#291);
#231=LINE('',#1405,#292);
#232=LINE('',#1418,#293);
#233=LINE('',#1453,#294);
#234=LINE('',#1466,#295);
#235=LINE('',#1480,#296);
#236=LINE('',#1485,#297);
#237=LINE('',#1491,#298);
#238=LINE('',#1496,#299);
#239=LINE('',#1500,#300);
#240=LINE('',#1502,#301);
#241=LINE('',#1506,#302);
#242=LINE('',#1508,#303);
#243=LINE('',#1513,#304);
#244=LINE('',#1515,#305);
#245=LINE('',#1518,#306);
#246=LINE('',#1524,#307);
#247=LINE('',#1526,#308);
#248=LINE('',#1528,#309);
#249=LINE('',#1531,#310);
#250=LINE('',#1533,#311);
#251=LINE('',#1534,#312);
#252=LINE('',#1536,#313);
#253=LINE('',#1545,#314);
#254=LINE('',#1556,#315);
#255=LINE('',#1558,#316);
#256=LINE('',#1562,#317);
#257=LINE('',#1563,#318);
#258=LINE('',#1566,#319);
#259=LINE('',#1569,#320);
#260=LINE('',#1572,#321);
#261=LINE('',#1575,#322);
#262=LINE('',#1578,#323);
#263=LINE('',#1582,#324);
#264=LINE('',#1584,#325);
#265=LINE('',#1587,#326);
#266=LINE('',#1590,#327);
#267=LINE('',#1614,#328);
#268=LINE('',#1623,#329);
#269=LINE('',#1629,#330);
#270=LINE('',#1631,#331);
#271=LINE('',#1640,#332);
#272=LINE('',#1653,#333);
#273=LINE('',#1658,#334);
#274=LINE('',#1659,#335);
#275=LINE('',#2025,#336);
#276=LINE('',#2031,#337);
#277=LINE('',#2038,#338);
#278=LINE('',#2045,#339);
#279=LINE('',#2050,#340);
#280=LINE('',#2054,#341);
#281=LINE('',#2056,#342);
#282=LINE('',#2058,#343);
#283=VECTOR('',#1064,1.);
#284=VECTOR('',#1069,10.);
#285=VECTOR('',#1074,10.);
#286=VECTOR('',#1079,10.);
#287=VECTOR('',#1080,10.);
#288=VECTOR('',#1081,10.);
#289=VECTOR('',#1082,10.);
#290=VECTOR('',#1087,1.);
#291=VECTOR('',#1092,10.);
#292=VECTOR('',#1097,10.);
#293=VECTOR('',#1098,10.);
#294=VECTOR('',#1099,10.);
#295=VECTOR('',#1100,10.);
#296=VECTOR('',#1105,10.);
#297=VECTOR('',#1110,1.);
#298=VECTOR('',#1117,1.);
#299=VECTOR('',#1124,1.1);
#300=VECTOR('',#1129,10.);
#301=VECTOR('',#1130,10.);
#302=VECTOR('',#1133,10.);
#303=VECTOR('',#1134,10.);
#304=VECTOR('',#1139,10.);
#305=VECTOR('',#1140,10.);
#306=VECTOR('',#1143,10.);
#307=VECTOR('',#1150,10.);
#308=VECTOR('',#1151,10.);
#309=VECTOR('',#1152,10.);
#310=VECTOR('',#1155,10.);
#311=VECTOR('',#1156,10.);
#312=VECTOR('',#1157,10.);
#313=VECTOR('',#1160,10.);
#314=VECTOR('',#1175,1.1);
#315=VECTOR('',#1188,10.);
#316=VECTOR('',#1189,10.);
#317=VECTOR('',#1192,10.);
#318=VECTOR('',#1193,10.);
#319=VECTOR('',#1196,10.);
#320=VECTOR('',#1199,10.);
#321=VECTOR('',#1202,10.);
#322=VECTOR('',#1207,10.);
#323=VECTOR('',#1210,10.);
#324=VECTOR('',#1215,10.);
#325=VECTOR('',#1216,10.);
#326=VECTOR('',#1219,10.);
#327=VECTOR('',#1222,10.);
#328=VECTOR('',#1229,10.);
#329=VECTOR('',#1230,10.);
#330=VECTOR('',#1231,10.);
#331=VECTOR('',#1232,10.);
#332=VECTOR('',#1233,10.);
#333=VECTOR('',#1234,10.);
#334=VECTOR('',#1235,10.);
#335=VECTOR('',#1236,10.);
#336=VECTOR('',#1253,10.);
#337=VECTOR('',#1262,2.);
#338=VECTOR('',#1271,2.);
#339=VECTOR('',#1280,2.);
#340=VECTOR('',#1287,2.);
#341=VECTOR('',#1294,1.1);
#342=VECTOR('',#1297,1.1);
#343=VECTOR('',#1300,3.);
#344=CIRCLE('',#968,1.);
#345=CIRCLE('',#969,1.);
#346=CIRCLE('',#971,2.35000000000001);
#347=CIRCLE('',#974,2.35000000000001);
#348=CIRCLE('',#976,1.);
#349=CIRCLE('',#977,1.);
#350=CIRCLE('',#979,2.35000000000001);
#351=CIRCLE('',#981,2.35000000000001);
#352=CIRCLE('',#984,1.);
#353=CIRCLE('',#985,1.);
#354=CIRCLE('',#987,1.);
#355=CIRCLE('',#988,1.);
#356=CIRCLE('',#990,1.1);
#357=CIRCLE('',#991,1.1);
#358=CIRCLE('',#996,18.5);
#359=CIRCLE('',#998,8.1);
#360=CIRCLE('',#999,15.);
#361=CIRCLE('',#1000,15.);
#362=CIRCLE('',#1002,8.1);
#363=CIRCLE('',#1004,8.1);
#364=CIRCLE('',#1006,8.1);
#365=CIRCLE('',#1008,1.1);
#366=CIRCLE('',#1009,1.1);
#367=CIRCLE('',#1011,3.);
#368=CIRCLE('',#1012,1.1);
#369=CIRCLE('',#1013,1.1);
#370=CIRCLE('',#1015,18.5);
#371=CIRCLE('',#1017,18.5);
#372=CIRCLE('',#1041,2.);
#373=CIRCLE('',#1043,1.1);
#374=CIRCLE('',#1045,2.);
#375=CIRCLE('',#1047,1.1);
#376=CIRCLE('',#1049,2.);
#377=CIRCLE('',#1052,2.);
#378=VERTEX_POINT('',#1305);
#379=VERTEX_POINT('',#1307);
#380=VERTEX_POINT('',#1311);
#381=VERTEX_POINT('',#1312);
#382=VERTEX_POINT('',#1316);
#383=VERTEX_POINT('',#1318);
#384=VERTEX_POINT('',#1327);
#385=VERTEX_POINT('',#1329);
#386=VERTEX_POINT('',#1331);
#387=VERTEX_POINT('',#1333);
#388=VERTEX_POINT('',#1344);
#389=VERTEX_POINT('',#1346);
#390=VERTEX_POINT('',#1371);
#391=VERTEX_POINT('',#1378);
#392=VERTEX_POINT('',#1380);
#393=VERTEX_POINT('',#1393);
#394=VERTEX_POINT('',#1395);
#395=VERTEX_POINT('',#1399);
#396=VERTEX_POINT('',#1400);
#397=VERTEX_POINT('',#1404);
#398=VERTEX_POINT('',#1406);
#399=VERTEX_POINT('',#1417);
#400=VERTEX_POINT('',#1419);
#401=VERTEX_POINT('',#1426);
#402=VERTEX_POINT('',#1452);
#403=VERTEX_POINT('',#1454);
#404=VERTEX_POINT('',#1465);
#405=VERTEX_POINT('',#1467);
#406=VERTEX_POINT('',#1469);
#407=VERTEX_POINT('',#1471);
#408=VERTEX_POINT('',#1482);
#409=VERTEX_POINT('',#1484);
#410=VERTEX_POINT('',#1488);
#411=VERTEX_POINT('',#1490);
#412=VERTEX_POINT('',#1494);
#413=VERTEX_POINT('',#1499);
#414=VERTEX_POINT('',#1501);
#415=VERTEX_POINT('',#1503);
#416=VERTEX_POINT('',#1505);
#417=VERTEX_POINT('',#1507);
#418=VERTEX_POINT('',#1511);
#419=VERTEX_POINT('',#1512);
#420=VERTEX_POINT('',#1514);
#421=VERTEX_POINT('',#1516);
#422=VERTEX_POINT('',#1521);
#423=VERTEX_POINT('',#1523);
#424=VERTEX_POINT('',#1525);
#425=VERTEX_POINT('',#1527);
#426=VERTEX_POINT('',#1530);
#427=VERTEX_POINT('',#1532);
#428=VERTEX_POINT('',#1543);
#429=VERTEX_POINT('',#1548);
#430=VERTEX_POINT('',#1550);
#431=VERTEX_POINT('',#1552);
#432=VERTEX_POINT('',#1555);
#433=VERTEX_POINT('',#1557);
#434=VERTEX_POINT('',#1559);
#435=VERTEX_POINT('',#1561);
#436=VERTEX_POINT('',#1565);
#437=VERTEX_POINT('',#1567);
#438=VERTEX_POINT('',#1571);
#439=VERTEX_POINT('',#1577);
#440=VERTEX_POINT('',#1581);
#441=VERTEX_POINT('',#1583);
#442=VERTEX_POINT('',#1585);
#443=VERTEX_POINT('',#1589);
#444=VERTEX_POINT('',#1608);
#445=VERTEX_POINT('',#1613);
#446=VERTEX_POINT('',#1615);
#447=VERTEX_POINT('',#1622);
#448=VERTEX_POINT('',#1624);
#449=VERTEX_POINT('',#1630);
#450=VERTEX_POINT('',#1632);
#451=VERTEX_POINT('',#1639);
#452=VERTEX_POINT('',#1641);
#453=VERTEX_POINT('',#1652);
#454=VERTEX_POINT('',#1660);
#455=VERTEX_POINT('',#1661);
#456=VERTEX_POINT('',#1698);
#457=VERTEX_POINT('',#1699);
#458=VERTEX_POINT('',#1736);
#459=VERTEX_POINT('',#1737);
#460=VERTEX_POINT('',#1774);
#461=VERTEX_POINT('',#1775);
#462=VERTEX_POINT('',#1812);
#463=VERTEX_POINT('',#1813);
#464=VERTEX_POINT('',#1853);
#465=VERTEX_POINT('',#2030);
#466=VERTEX_POINT('',#2034);
#467=VERTEX_POINT('',#2037);
#468=VERTEX_POINT('',#2041);
#469=VERTEX_POINT('',#2044);
#470=VERTEX_POINT('',#2049);
#471=EDGE_CURVE('',#378,#378,#344,.T.);
#472=EDGE_CURVE('',#378,#379,#222,.T.);
#473=EDGE_CURVE('',#379,#379,#345,.T.);
#474=EDGE_CURVE('',#380,#381,#223,.T.);
#475=EDGE_CURVE('',#380,#381,#346,.T.);
#476=EDGE_CURVE('',#382,#381,#224,.T.);
#477=EDGE_CURVE('',#383,#382,#28,.T.);
#478=EDGE_CURVE('',#384,#383,#17,.T.);
#479=EDGE_CURVE('',#385,#384,#347,.T.);
#480=EDGE_CURVE('',#386,#385,#225,.T.);
#481=EDGE_CURVE('',#387,#386,#29,.T.);
#482=EDGE_CURVE('',#388,#387,#226,.T.);
#483=EDGE_CURVE('',#389,#388,#30,.T.);
#484=EDGE_CURVE('',#390,#389,#31,.T.);
#485=EDGE_CURVE('',#391,#390,#227,.T.);
#486=EDGE_CURVE('',#392,#391,#32,.T.);
#487=EDGE_CURVE('',#380,#392,#228,.T.);
#488=EDGE_CURVE('',#393,#393,#348,.T.);
#489=EDGE_CURVE('',#393,#394,#229,.T.);
#490=EDGE_CURVE('',#394,#394,#349,.T.);
#491=EDGE_CURVE('',#395,#396,#230,.T.);
#492=EDGE_CURVE('',#395,#396,#350,.T.);
#493=EDGE_CURVE('',#397,#396,#231,.T.);
#494=EDGE_CURVE('',#398,#397,#33,.T.);
#495=EDGE_CURVE('',#399,#398,#232,.T.);
#496=EDGE_CURVE('',#400,#399,#34,.T.);
#497=EDGE_CURVE('',#401,#400,#35,.T.);
#498=EDGE_CURVE('',#402,#401,#233,.T.);
#499=EDGE_CURVE('',#403,#402,#36,.T.);
#500=EDGE_CURVE('',#404,#403,#234,.T.);
#501=EDGE_CURVE('',#405,#404,#351,.T.);
#502=EDGE_CURVE('',#406,#405,#18,.T.);
#503=EDGE_CURVE('',#407,#406,#37,.T.);
#504=EDGE_CURVE('',#395,#407,#235,.T.);
#505=EDGE_CURVE('',#408,#408,#352,.T.);
#506=EDGE_CURVE('',#408,#409,#236,.T.);
#507=EDGE_CURVE('',#409,#409,#353,.T.);
#508=EDGE_CURVE('',#410,#410,#354,.T.);
#509=EDGE_CURVE('',#410,#411,#237,.T.);
#510=EDGE_CURVE('',#411,#411,#355,.T.);
#511=EDGE_CURVE('',#412,#412,#356,.T.);
#512=EDGE_CURVE('',#412,#389,#238,.T.);
#513=EDGE_CURVE('',#388,#390,#357,.T.);
#514=EDGE_CURVE('',#413,#405,#239,.T.);
#515=EDGE_CURVE('',#414,#413,#240,.T.);
#516=EDGE_CURVE('',#415,#414,#19,.T.);
#517=EDGE_CURVE('',#415,#416,#241,.T.);
#518=EDGE_CURVE('',#417,#416,#242,.T.);
#519=EDGE_CURVE('',#417,#406,#20,.T.);
#520=EDGE_CURVE('',#418,#419,#243,.T.);
#521=EDGE_CURVE('',#418,#420,#244,.T.);
#522=EDGE_CURVE('',#420,#421,#358,.T.);
#523=EDGE_CURVE('',#421,#419,#245,.T.);
#524=EDGE_CURVE('',#392,#397,#359,.T.);
#525=EDGE_CURVE('',#407,#422,#360,.T.);
#526=EDGE_CURVE('',#422,#423,#246,.T.);
#527=EDGE_CURVE('',#423,#424,#247,.T.);
#528=EDGE_CURVE('',#424,#425,#248,.T.);
#529=EDGE_CURVE('',#425,#382,#361,.T.);
#530=EDGE_CURVE('',#419,#426,#249,.T.);
#531=EDGE_CURVE('',#426,#427,#250,.T.);
#532=EDGE_CURVE('',#427,#418,#251,.T.);
#533=EDGE_CURVE('',#385,#404,#252,.T.);
#534=EDGE_CURVE('',#403,#386,#362,.T.);
#535=EDGE_CURVE('',#387,#402,#363,.T.);
#536=EDGE_CURVE('',#398,#391,#364,.T.);
#537=EDGE_CURVE('',#428,#428,#365,.T.);
#538=EDGE_CURVE('',#428,#400,#253,.T.);
#539=EDGE_CURVE('',#399,#401,#366,.T.);
#540=EDGE_CURVE('',#429,#429,#367,.T.);
#541=EDGE_CURVE('',#430,#430,#368,.T.);
#542=EDGE_CURVE('',#431,#431,#369,.T.);
#543=EDGE_CURVE('',#423,#432,#254,.T.);
#544=EDGE_CURVE('',#432,#433,#255,.T.);
#545=EDGE_CURVE('',#433,#434,#370,.T.);
#546=EDGE_CURVE('',#434,#435,#256,.T.);
#547=EDGE_CURVE('',#424,#435,#257,.T.);
#548=EDGE_CURVE('',#426,#436,#258,.T.);
#549=EDGE_CURVE('',#436,#437,#371,.T.);
#550=EDGE_CURVE('',#427,#437,#259,.T.);
#551=EDGE_CURVE('',#438,#425,#260,.T.);
#552=EDGE_CURVE('',#383,#438,#21,.T.);
#553=EDGE_CURVE('',#422,#417,#261,.T.);
#554=EDGE_CURVE('',#384,#439,#262,.T.);
#555=EDGE_CURVE('',#413,#439,#22,.T.);
#556=EDGE_CURVE('',#440,#438,#263,.T.);
#557=EDGE_CURVE('',#441,#440,#264,.T.);
#558=EDGE_CURVE('',#442,#441,#23,.T.);
#559=EDGE_CURVE('',#439,#442,#265,.T.);
#560=EDGE_CURVE('',#435,#443,#266,.T.);
#561=EDGE_CURVE('',#443,#440,#24,.T.);
#562=EDGE_CURVE('',#442,#414,#38,.T.);
#563=EDGE_CURVE('',#441,#444,#39,.T.);
#564=EDGE_CURVE('',#445,#444,#267,.T.);
#565=EDGE_CURVE('',#445,#446,#40,.T.);
#566=EDGE_CURVE('',#446,#447,#268,.T.);
#567=EDGE_CURVE('',#447,#448,#41,.T.);
#568=EDGE_CURVE('',#434,#448,#269,.T.);
#569=EDGE_CURVE('',#433,#449,#270,.T.);
#570=EDGE_CURVE('',#449,#450,#42,.T.);
#571=EDGE_CURVE('',#450,#451,#271,.T.);
#572=EDGE_CURVE('',#451,#452,#43,.T.);
#573=EDGE_CURVE('',#452,#453,#272,.T.);
#574=EDGE_CURVE('',#453,#415,#44,.T.);
#575=EDGE_CURVE('',#437,#420,#273,.T.);
#576=EDGE_CURVE('',#421,#436,#274,.T.);
#577=EDGE_CURVE('',#454,#455,#45,.T.);
#578=EDGE_CURVE('',#455,#454,#46,.T.);
#579=EDGE_CURVE('',#456,#457,#47,.T.);
#580=EDGE_CURVE('',#457,#456,#48,.T.);
#581=EDGE_CURVE('',#458,#459,#49,.T.);
#582=EDGE_CURVE('',#459,#458,#50,.T.);
#583=EDGE_CURVE('',#460,#461,#51,.T.);
#584=EDGE_CURVE('',#461,#460,#52,.T.);
#585=EDGE_CURVE('',#462,#463,#53,.T.);
#586=EDGE_CURVE('',#463,#462,#54,.T.);
#587=EDGE_CURVE('',#444,#443,#25,.T.);
#588=EDGE_CURVE('',#464,#453,#26,.T.);
#589=EDGE_CURVE('',#416,#464,#27,.T.);
#590=EDGE_CURVE('',#446,#447,#55,.T.);
#591=EDGE_CURVE('',#448,#445,#56,.T.);
#592=EDGE_CURVE('',#451,#450,#57,.T.);
#593=EDGE_CURVE('',#452,#449,#58,.T.);
#594=EDGE_CURVE('',#464,#432,#275,.T.);
#595=EDGE_CURVE('',#463,#465,#276,.T.);
#596=EDGE_CURVE('',#465,#465,#372,.T.);
#597=EDGE_CURVE('',#466,#466,#373,.T.);
#598=EDGE_CURVE('',#461,#467,#277,.T.);
#599=EDGE_CURVE('',#467,#467,#374,.T.);
#600=EDGE_CURVE('',#468,#468,#375,.T.);
#601=EDGE_CURVE('',#459,#469,#278,.T.);
#602=EDGE_CURVE('',#469,#469,#376,.T.);
#603=EDGE_CURVE('',#457,#470,#279,.T.);
#604=EDGE_CURVE('',#470,#470,#377,.T.);
#605=EDGE_CURVE('',#466,#431,#280,.T.);
#606=EDGE_CURVE('',#468,#430,#281,.T.);
#607=EDGE_CURVE('',#455,#429,#282,.T.);
#608=ORIENTED_EDGE('',*,*,#471,.F.);
#609=ORIENTED_EDGE('',*,*,#472,.T.);
#610=ORIENTED_EDGE('',*,*,#473,.T.);
#611=ORIENTED_EDGE('',*,*,#472,.F.);
#612=ORIENTED_EDGE('',*,*,#474,.T.);
#613=ORIENTED_EDGE('',*,*,#475,.F.);
#614=ORIENTED_EDGE('',*,*,#471,.T.);
#615=ORIENTED_EDGE('',*,*,#475,.T.);
#616=ORIENTED_EDGE('',*,*,#476,.F.);
#617=ORIENTED_EDGE('',*,*,#477,.F.);
#618=ORIENTED_EDGE('',*,*,#478,.F.);
#619=ORIENTED_EDGE('',*,*,#479,.F.);
#620=ORIENTED_EDGE('',*,*,#480,.F.);
#621=ORIENTED_EDGE('',*,*,#481,.F.);
#622=ORIENTED_EDGE('',*,*,#482,.F.);
#623=ORIENTED_EDGE('',*,*,#483,.F.);
#624=ORIENTED_EDGE('',*,*,#484,.F.);
#625=ORIENTED_EDGE('',*,*,#485,.F.);
#626=ORIENTED_EDGE('',*,*,#486,.F.);
#627=ORIENTED_EDGE('',*,*,#487,.F.);
#628=ORIENTED_EDGE('',*,*,#488,.F.);
#629=ORIENTED_EDGE('',*,*,#489,.T.);
#630=ORIENTED_EDGE('',*,*,#490,.T.);
#631=ORIENTED_EDGE('',*,*,#489,.F.);
#632=ORIENTED_EDGE('',*,*,#491,.T.);
#633=ORIENTED_EDGE('',*,*,#492,.F.);
#634=ORIENTED_EDGE('',*,*,#488,.T.);
#635=ORIENTED_EDGE('',*,*,#492,.T.);
#636=ORIENTED_EDGE('',*,*,#493,.F.);
#637=ORIENTED_EDGE('',*,*,#494,.F.);
#638=ORIENTED_EDGE('',*,*,#495,.F.);
#639=ORIENTED_EDGE('',*,*,#496,.F.);
#640=ORIENTED_EDGE('',*,*,#497,.F.);
#641=ORIENTED_EDGE('',*,*,#498,.F.);
#642=ORIENTED_EDGE('',*,*,#499,.F.);
#643=ORIENTED_EDGE('',*,*,#500,.F.);
#644=ORIENTED_EDGE('',*,*,#501,.F.);
#645=ORIENTED_EDGE('',*,*,#502,.F.);
#646=ORIENTED_EDGE('',*,*,#503,.F.);
#647=ORIENTED_EDGE('',*,*,#504,.F.);
#648=ORIENTED_EDGE('',*,*,#505,.T.);
#649=ORIENTED_EDGE('',*,*,#506,.T.);
#650=ORIENTED_EDGE('',*,*,#507,.T.);
#651=ORIENTED_EDGE('',*,*,#506,.F.);
#652=ORIENTED_EDGE('',*,*,#508,.T.);
#653=ORIENTED_EDGE('',*,*,#509,.T.);
#654=ORIENTED_EDGE('',*,*,#510,.T.);
#655=ORIENTED_EDGE('',*,*,#509,.F.);
#656=ORIENTED_EDGE('',*,*,#511,.T.);
#657=ORIENTED_EDGE('',*,*,#512,.T.);
#658=ORIENTED_EDGE('',*,*,#483,.T.);
#659=ORIENTED_EDGE('',*,*,#513,.T.);
#660=ORIENTED_EDGE('',*,*,#484,.T.);
#661=ORIENTED_EDGE('',*,*,#512,.F.);
#662=ORIENTED_EDGE('',*,*,#502,.T.);
#663=ORIENTED_EDGE('',*,*,#514,.F.);
#664=ORIENTED_EDGE('',*,*,#515,.F.);
#665=ORIENTED_EDGE('',*,*,#516,.F.);
#666=ORIENTED_EDGE('',*,*,#517,.T.);
#667=ORIENTED_EDGE('',*,*,#518,.F.);
#668=ORIENTED_EDGE('',*,*,#519,.T.);
#669=ORIENTED_EDGE('',*,*,#520,.F.);
#670=ORIENTED_EDGE('',*,*,#521,.T.);
#671=ORIENTED_EDGE('',*,*,#522,.T.);
#672=ORIENTED_EDGE('',*,*,#523,.T.);
#673=ORIENTED_EDGE('',*,*,#473,.F.);
#674=ORIENTED_EDGE('',*,*,#490,.F.);
#675=ORIENTED_EDGE('',*,*,#487,.T.);
#676=ORIENTED_EDGE('',*,*,#524,.T.);
#677=ORIENTED_EDGE('',*,*,#493,.T.);
#678=ORIENTED_EDGE('',*,*,#491,.F.);
#679=ORIENTED_EDGE('',*,*,#504,.T.);
#680=ORIENTED_EDGE('',*,*,#525,.T.);
#681=ORIENTED_EDGE('',*,*,#526,.T.);
#682=ORIENTED_EDGE('',*,*,#527,.T.);
#683=ORIENTED_EDGE('',*,*,#528,.T.);
#684=ORIENTED_EDGE('',*,*,#529,.T.);
#685=ORIENTED_EDGE('',*,*,#476,.T.);
#686=ORIENTED_EDGE('',*,*,#474,.F.);
#687=ORIENTED_EDGE('',*,*,#520,.T.);
#688=ORIENTED_EDGE('',*,*,#530,.T.);
#689=ORIENTED_EDGE('',*,*,#531,.T.);
#690=ORIENTED_EDGE('',*,*,#532,.T.);
#691=ORIENTED_EDGE('',*,*,#480,.T.);
#692=ORIENTED_EDGE('',*,*,#533,.T.);
#693=ORIENTED_EDGE('',*,*,#500,.T.);
#694=ORIENTED_EDGE('',*,*,#534,.T.);
#695=ORIENTED_EDGE('',*,*,#481,.T.);
#696=ORIENTED_EDGE('',*,*,#534,.F.);
#697=ORIENTED_EDGE('',*,*,#499,.T.);
#698=ORIENTED_EDGE('',*,*,#535,.F.);
#699=ORIENTED_EDGE('',*,*,#486,.T.);
#700=ORIENTED_EDGE('',*,*,#536,.F.);
#701=ORIENTED_EDGE('',*,*,#494,.T.);
#702=ORIENTED_EDGE('',*,*,#524,.F.);
#703=ORIENTED_EDGE('',*,*,#537,.T.);
#704=ORIENTED_EDGE('',*,*,#538,.T.);
#705=ORIENTED_EDGE('',*,*,#496,.T.);
#706=ORIENTED_EDGE('',*,*,#539,.T.);
#707=ORIENTED_EDGE('',*,*,#497,.T.);
#708=ORIENTED_EDGE('',*,*,#538,.F.);
#709=ORIENTED_EDGE('',*,*,#485,.T.);
#710=ORIENTED_EDGE('',*,*,#513,.F.);
#711=ORIENTED_EDGE('',*,*,#482,.T.);
#712=ORIENTED_EDGE('',*,*,#535,.T.);
#713=ORIENTED_EDGE('',*,*,#498,.T.);
#714=ORIENTED_EDGE('',*,*,#539,.F.);
#715=ORIENTED_EDGE('',*,*,#495,.T.);
#716=ORIENTED_EDGE('',*,*,#536,.T.);
#717=ORIENTED_EDGE('',*,*,#540,.F.);
#718=ORIENTED_EDGE('',*,*,#541,.F.);
#719=ORIENTED_EDGE('',*,*,#542,.F.);
#720=ORIENTED_EDGE('',*,*,#527,.F.);
#721=ORIENTED_EDGE('',*,*,#543,.T.);
#722=ORIENTED_EDGE('',*,*,#544,.T.);
#723=ORIENTED_EDGE('',*,*,#545,.T.);
#724=ORIENTED_EDGE('',*,*,#546,.T.);
#725=ORIENTED_EDGE('',*,*,#547,.F.);
#726=ORIENTED_EDGE('',*,*,#505,.F.);
#727=ORIENTED_EDGE('',*,*,#508,.F.);
#728=ORIENTED_EDGE('',*,*,#531,.F.);
#729=ORIENTED_EDGE('',*,*,#548,.T.);
#730=ORIENTED_EDGE('',*,*,#549,.T.);
#731=ORIENTED_EDGE('',*,*,#550,.F.);
#732=ORIENTED_EDGE('',*,*,#510,.F.);
#733=ORIENTED_EDGE('',*,*,#507,.F.);
#734=ORIENTED_EDGE('',*,*,#477,.T.);
#735=ORIENTED_EDGE('',*,*,#529,.F.);
#736=ORIENTED_EDGE('',*,*,#551,.F.);
#737=ORIENTED_EDGE('',*,*,#552,.F.);
#738=ORIENTED_EDGE('',*,*,#503,.T.);
#739=ORIENTED_EDGE('',*,*,#519,.F.);
#740=ORIENTED_EDGE('',*,*,#553,.F.);
#741=ORIENTED_EDGE('',*,*,#525,.F.);
#742=ORIENTED_EDGE('',*,*,#479,.T.);
#743=ORIENTED_EDGE('',*,*,#554,.T.);
#744=ORIENTED_EDGE('',*,*,#555,.F.);
#745=ORIENTED_EDGE('',*,*,#514,.T.);
#746=ORIENTED_EDGE('',*,*,#501,.T.);
#747=ORIENTED_EDGE('',*,*,#533,.F.);
#748=ORIENTED_EDGE('',*,*,#478,.T.);
#749=ORIENTED_EDGE('',*,*,#552,.T.);
#750=ORIENTED_EDGE('',*,*,#556,.F.);
#751=ORIENTED_EDGE('',*,*,#557,.F.);
#752=ORIENTED_EDGE('',*,*,#558,.F.);
#753=ORIENTED_EDGE('',*,*,#559,.F.);
#754=ORIENTED_EDGE('',*,*,#554,.F.);
#755=ORIENTED_EDGE('',*,*,#551,.T.);
#756=ORIENTED_EDGE('',*,*,#528,.F.);
#757=ORIENTED_EDGE('',*,*,#547,.T.);
#758=ORIENTED_EDGE('',*,*,#560,.T.);
#759=ORIENTED_EDGE('',*,*,#561,.T.);
#760=ORIENTED_EDGE('',*,*,#556,.T.);
#761=ORIENTED_EDGE('',*,*,#562,.T.);
#762=ORIENTED_EDGE('',*,*,#515,.T.);
#763=ORIENTED_EDGE('',*,*,#555,.T.);
#764=ORIENTED_EDGE('',*,*,#559,.T.);
#765=ORIENTED_EDGE('',*,*,#562,.F.);
#766=ORIENTED_EDGE('',*,*,#558,.T.);
#767=ORIENTED_EDGE('',*,*,#563,.T.);
#768=ORIENTED_EDGE('',*,*,#564,.F.);
#769=ORIENTED_EDGE('',*,*,#565,.T.);
#770=ORIENTED_EDGE('',*,*,#566,.T.);
#771=ORIENTED_EDGE('',*,*,#567,.T.);
#772=ORIENTED_EDGE('',*,*,#568,.F.);
#773=ORIENTED_EDGE('',*,*,#545,.F.);
#774=ORIENTED_EDGE('',*,*,#569,.T.);
#775=ORIENTED_EDGE('',*,*,#570,.T.);
#776=ORIENTED_EDGE('',*,*,#571,.T.);
#777=ORIENTED_EDGE('',*,*,#572,.T.);
#778=ORIENTED_EDGE('',*,*,#573,.T.);
#779=ORIENTED_EDGE('',*,*,#574,.T.);
#780=ORIENTED_EDGE('',*,*,#516,.T.);
#781=ORIENTED_EDGE('',*,*,#575,.F.);
#782=ORIENTED_EDGE('',*,*,#549,.F.);
#783=ORIENTED_EDGE('',*,*,#576,.F.);
#784=ORIENTED_EDGE('',*,*,#522,.F.);
#785=ORIENTED_EDGE('',*,*,#577,.F.);
#786=ORIENTED_EDGE('',*,*,#578,.F.);
#787=ORIENTED_EDGE('',*,*,#579,.F.);
#788=ORIENTED_EDGE('',*,*,#580,.F.);
#789=ORIENTED_EDGE('',*,*,#581,.F.);
#790=ORIENTED_EDGE('',*,*,#582,.F.);
#791=ORIENTED_EDGE('',*,*,#583,.F.);
#792=ORIENTED_EDGE('',*,*,#584,.F.);
#793=ORIENTED_EDGE('',*,*,#585,.F.);
#794=ORIENTED_EDGE('',*,*,#586,.F.);
#795=ORIENTED_EDGE('',*,*,#561,.F.);
#796=ORIENTED_EDGE('',*,*,#587,.F.);
#797=ORIENTED_EDGE('',*,*,#563,.F.);
#798=ORIENTED_EDGE('',*,*,#557,.T.);
#799=ORIENTED_EDGE('',*,*,#574,.F.);
#800=ORIENTED_EDGE('',*,*,#588,.F.);
#801=ORIENTED_EDGE('',*,*,#589,.F.);
#802=ORIENTED_EDGE('',*,*,#517,.F.);
#803=ORIENTED_EDGE('',*,*,#566,.F.);
#804=ORIENTED_EDGE('',*,*,#590,.T.);
#805=ORIENTED_EDGE('',*,*,#565,.F.);
#806=ORIENTED_EDGE('',*,*,#591,.F.);
#807=ORIENTED_EDGE('',*,*,#567,.F.);
#808=ORIENTED_EDGE('',*,*,#590,.F.);
#809=ORIENTED_EDGE('',*,*,#571,.F.);
#810=ORIENTED_EDGE('',*,*,#592,.F.);
#811=ORIENTED_EDGE('',*,*,#570,.F.);
#812=ORIENTED_EDGE('',*,*,#593,.F.);
#813=ORIENTED_EDGE('',*,*,#572,.F.);
#814=ORIENTED_EDGE('',*,*,#592,.T.);
#815=ORIENTED_EDGE('',*,*,#588,.T.);
#816=ORIENTED_EDGE('',*,*,#573,.F.);
#817=ORIENTED_EDGE('',*,*,#593,.T.);
#818=ORIENTED_EDGE('',*,*,#569,.F.);
#819=ORIENTED_EDGE('',*,*,#544,.F.);
#820=ORIENTED_EDGE('',*,*,#594,.F.);
#821=ORIENTED_EDGE('',*,*,#553,.T.);
#822=ORIENTED_EDGE('',*,*,#518,.T.);
#823=ORIENTED_EDGE('',*,*,#589,.T.);
#824=ORIENTED_EDGE('',*,*,#594,.T.);
#825=ORIENTED_EDGE('',*,*,#543,.F.);
#826=ORIENTED_EDGE('',*,*,#526,.F.);
#827=ORIENTED_EDGE('',*,*,#587,.T.);
#828=ORIENTED_EDGE('',*,*,#560,.F.);
#829=ORIENTED_EDGE('',*,*,#546,.F.);
#830=ORIENTED_EDGE('',*,*,#568,.T.);
#831=ORIENTED_EDGE('',*,*,#591,.T.);
#832=ORIENTED_EDGE('',*,*,#564,.T.);
#833=ORIENTED_EDGE('',*,*,#576,.T.);
#834=ORIENTED_EDGE('',*,*,#548,.F.);
#835=ORIENTED_EDGE('',*,*,#530,.F.);
#836=ORIENTED_EDGE('',*,*,#523,.F.);
#837=ORIENTED_EDGE('',*,*,#585,.T.);
#838=ORIENTED_EDGE('',*,*,#595,.T.);
#839=ORIENTED_EDGE('',*,*,#596,.T.);
#840=ORIENTED_EDGE('',*,*,#595,.F.);
#841=ORIENTED_EDGE('',*,*,#586,.T.);
#842=ORIENTED_EDGE('',*,*,#596,.F.);
#843=ORIENTED_EDGE('',*,*,#597,.F.);
#844=ORIENTED_EDGE('',*,*,#583,.T.);
#845=ORIENTED_EDGE('',*,*,#598,.T.);
#846=ORIENTED_EDGE('',*,*,#599,.T.);
#847=ORIENTED_EDGE('',*,*,#598,.F.);
#848=ORIENTED_EDGE('',*,*,#584,.T.);
#849=ORIENTED_EDGE('',*,*,#599,.F.);
#850=ORIENTED_EDGE('',*,*,#600,.F.);
#851=ORIENTED_EDGE('',*,*,#581,.T.);
#852=ORIENTED_EDGE('',*,*,#601,.T.);
#853=ORIENTED_EDGE('',*,*,#602,.T.);
#854=ORIENTED_EDGE('',*,*,#601,.F.);
#855=ORIENTED_EDGE('',*,*,#582,.T.);
#856=ORIENTED_EDGE('',*,*,#602,.F.);
#857=ORIENTED_EDGE('',*,*,#537,.F.);
#858=ORIENTED_EDGE('',*,*,#579,.T.);
#859=ORIENTED_EDGE('',*,*,#603,.T.);
#860=ORIENTED_EDGE('',*,*,#604,.T.);
#861=ORIENTED_EDGE('',*,*,#603,.F.);
#862=ORIENTED_EDGE('',*,*,#580,.T.);
#863=ORIENTED_EDGE('',*,*,#604,.F.);
#864=ORIENTED_EDGE('',*,*,#511,.F.);
#865=ORIENTED_EDGE('',*,*,#597,.T.);
#866=ORIENTED_EDGE('',*,*,#605,.T.);
#867=ORIENTED_EDGE('',*,*,#542,.T.);
#868=ORIENTED_EDGE('',*,*,#605,.F.);
#869=ORIENTED_EDGE('',*,*,#600,.T.);
#870=ORIENTED_EDGE('',*,*,#606,.T.);
#871=ORIENTED_EDGE('',*,*,#541,.T.);
#872=ORIENTED_EDGE('',*,*,#606,.F.);
#873=ORIENTED_EDGE('',*,*,#577,.T.);
#874=ORIENTED_EDGE('',*,*,#607,.T.);
#875=ORIENTED_EDGE('',*,*,#540,.T.);
#876=ORIENTED_EDGE('',*,*,#607,.F.);
#877=ORIENTED_EDGE('',*,*,#578,.T.);
#878=ORIENTED_EDGE('',*,*,#575,.T.);
#879=ORIENTED_EDGE('',*,*,#521,.F.);
#880=ORIENTED_EDGE('',*,*,#532,.F.);
#881=ORIENTED_EDGE('',*,*,#550,.T.);
#882=CYLINDRICAL_SURFACE('',#967,1.);
#883=CYLINDRICAL_SURFACE('',#972,2.35000000000001);
#884=CYLINDRICAL_SURFACE('',#975,1.);
#885=CYLINDRICAL_SURFACE('',#980,2.35000000000001);
#886=CYLINDRICAL_SURFACE('',#983,1.);
#887=CYLINDRICAL_SURFACE('',#986,1.);
#888=CYLINDRICAL_SURFACE('',#989,1.1);
#889=CYLINDRICAL_SURFACE('',#1003,8.1);
#890=CYLINDRICAL_SURFACE('',#1005,8.1);
#891=CYLINDRICAL_SURFACE('',#1007,1.1);
#892=CYLINDRICAL_SURFACE('',#1018,15.);
#893=CYLINDRICAL_SURFACE('',#1020,15.);
#894=CYLINDRICAL_SURFACE('',#1027,15.);
#895=CYLINDRICAL_SURFACE('',#1028,18.5);
#896=CYLINDRICAL_SURFACE('',#1029,10.);
#897=CYLINDRICAL_SURFACE('',#1031,10.);
#898=CYLINDRICAL_SURFACE('',#1040,2.);
#899=CYLINDRICAL_SURFACE('',#1044,2.);
#900=CYLINDRICAL_SURFACE('',#1048,2.);
#901=CYLINDRICAL_SURFACE('',#1051,2.);
#902=CYLINDRICAL_SURFACE('',#1054,1.1);
#903=CYLINDRICAL_SURFACE('',#1055,1.1);
#904=CYLINDRICAL_SURFACE('',#1056,3.);
#905=ADVANCED_FACE('',(#104),#882,.F.);
#906=ADVANCED_FACE('',(#105,#59),#81,.F.);
#907=ADVANCED_FACE('',(#106),#883,.F.);
#908=ADVANCED_FACE('',(#107),#884,.F.);
#909=ADVANCED_FACE('',(#108,#60),#82,.F.);
#910=ADVANCED_FACE('',(#109),#885,.F.);
#911=ADVANCED_FACE('',(#110),#886,.F.);
#912=ADVANCED_FACE('',(#111),#887,.F.);
#913=ADVANCED_FACE('',(#112),#888,.F.);
#914=ADVANCED_FACE('',(#113),#83,.F.);
#915=ADVANCED_FACE('',(#114,#61,#62),#84,.T.);
#916=ADVANCED_FACE('',(#115,#63),#85,.F.);
#917=ADVANCED_FACE('',(#116),#86,.F.);
#918=ADVANCED_FACE('',(#117),#889,.F.);
#919=ADVANCED_FACE('',(#118),#890,.F.);
#920=ADVANCED_FACE('',(#119),#891,.F.);
#921=ADVANCED_FACE('',(#120,#64,#65,#66),#87,.F.);
#922=ADVANCED_FACE('',(#121,#67,#68),#88,.T.);
#923=ADVANCED_FACE('',(#122,#69,#70),#89,.T.);
#924=ADVANCED_FACE('',(#123),#892,.T.);
#925=ADVANCED_FACE('',(#124),#893,.T.);
#926=ADVANCED_FACE('',(#125),#90,.T.);
#927=ADVANCED_FACE('',(#126),#91,.T.);
#928=ADVANCED_FACE('',(#127),#92,.T.);
#929=ADVANCED_FACE('',(#128),#894,.T.);
#930=ADVANCED_FACE('',(#129,#71,#72,#73,#74,#75,#76),#895,.F.);
#931=ADVANCED_FACE('',(#130),#896,.F.);
#932=ADVANCED_FACE('',(#131),#897,.F.);
#933=ADVANCED_FACE('',(#132),#93,.F.);
#934=ADVANCED_FACE('',(#133),#15,.T.);
#935=ADVANCED_FACE('',(#134),#94,.T.);
#936=ADVANCED_FACE('',(#135),#16,.F.);
#937=ADVANCED_FACE('',(#136),#95,.F.);
#938=ADVANCED_FACE('',(#137),#96,.T.);
#939=ADVANCED_FACE('',(#138),#97,.F.);
#940=ADVANCED_FACE('',(#139),#98,.T.);
#941=ADVANCED_FACE('',(#140),#898,.F.);
#942=ADVANCED_FACE('',(#141,#77),#99,.T.);
#943=ADVANCED_FACE('',(#142),#899,.F.);
#944=ADVANCED_FACE('',(#143,#78),#100,.T.);
#945=ADVANCED_FACE('',(#144),#900,.F.);
#946=ADVANCED_FACE('',(#145,#79),#101,.T.);
#947=ADVANCED_FACE('',(#146),#901,.F.);
#948=ADVANCED_FACE('',(#147,#80),#102,.T.);
#949=ADVANCED_FACE('',(#148),#902,.F.);
#950=ADVANCED_FACE('',(#149),#903,.F.);
#951=ADVANCED_FACE('',(#150),#904,.F.);
#952=ADVANCED_FACE('',(#151),#103,.T.);
#953=CLOSED_SHELL('',(#905,#906,#907,#908,#909,#910,#911,#912,#913,#914,
#915,#916,#917,#918,#919,#920,#921,#922,#923,#924,#925,#926,#927,#928,#929,
#930,#931,#932,#933,#934,#935,#936,#937,#938,#939,#940,#941,#942,#943,#944,
#945,#946,#947,#948,#949,#950,#951,#952));
#954=DERIVED_UNIT_ELEMENT(#956,1.);
#955=DERIVED_UNIT_ELEMENT(#2065,-3.);
#956=(
MASS_UNIT()
NAMED_UNIT(*)
SI_UNIT(.KILO.,.GRAM.)
);
#957=DERIVED_UNIT((#954,#955));
#958=MEASURE_REPRESENTATION_ITEM('density measure',
POSITIVE_RATIO_MEASURE(7850.),#957);
#959=PROPERTY_DEFINITION_REPRESENTATION(#964,#961);
#960=PROPERTY_DEFINITION_REPRESENTATION(#965,#962);
#961=REPRESENTATION('material name',(#963),#2062);
#962=REPRESENTATION('density',(#958),#2062);
#963=DESCRIPTIVE_REPRESENTATION_ITEM('\X2\92FC\X0\','\X2\92FC\X0\');
#964=PROPERTY_DEFINITION('material property','material name',#2072);
#965=PROPERTY_DEFINITION('material property','density of part',#2072);
#966=AXIS2_PLACEMENT_3D('',#1303,#1058,#1059);
#967=AXIS2_PLACEMENT_3D('',#1304,#1060,#1061);
#968=AXIS2_PLACEMENT_3D('',#1306,#1062,#1063);
#969=AXIS2_PLACEMENT_3D('',#1309,#1065,#1066);
#970=AXIS2_PLACEMENT_3D('',#1310,#1067,#1068);
#971=AXIS2_PLACEMENT_3D('',#1314,#1070,#1071);
#972=AXIS2_PLACEMENT_3D('',#1315,#1072,#1073);
#973=AXIS2_PLACEMENT_3D('',#1328,#1075,#1076);
#974=AXIS2_PLACEMENT_3D('',#1330,#1077,#1078);
#975=AXIS2_PLACEMENT_3D('',#1392,#1083,#1084);
#976=AXIS2_PLACEMENT_3D('',#1394,#1085,#1086);
#977=AXIS2_PLACEMENT_3D('',#1397,#1088,#1089);
#978=AXIS2_PLACEMENT_3D('',#1398,#1090,#1091);
#979=AXIS2_PLACEMENT_3D('',#1402,#1093,#1094);
#980=AXIS2_PLACEMENT_3D('',#1403,#1095,#1096);
#981=AXIS2_PLACEMENT_3D('',#1468,#1101,#1102);
#982=AXIS2_PLACEMENT_3D('',#1470,#1103,#1104);
#983=AXIS2_PLACEMENT_3D('',#1481,#1106,#1107);
#984=AXIS2_PLACEMENT_3D('',#1483,#1108,#1109);
#985=AXIS2_PLACEMENT_3D('',#1486,#1111,#1112);
#986=AXIS2_PLACEMENT_3D('',#1487,#1113,#1114);
#987=AXIS2_PLACEMENT_3D('',#1489,#1115,#1116);
#988=AXIS2_PLACEMENT_3D('',#1492,#1118,#1119);
#989=AXIS2_PLACEMENT_3D('',#1493,#1120,#1121);
#990=AXIS2_PLACEMENT_3D('',#1495,#1122,#1123);
#991=AXIS2_PLACEMENT_3D('',#1497,#1125,#1126);
#992=AXIS2_PLACEMENT_3D('',#1498,#1127,#1128);
#993=AXIS2_PLACEMENT_3D('',#1504,#1131,#1132);
#994=AXIS2_PLACEMENT_3D('',#1509,#1135,#1136);
#995=AXIS2_PLACEMENT_3D('',#1510,#1137,#1138);
#996=AXIS2_PLACEMENT_3D('',#1517,#1141,#1142);
#997=AXIS2_PLACEMENT_3D('',#1519,#1144,#1145);
#998=AXIS2_PLACEMENT_3D('',#1520,#1146,#1147);
#999=AXIS2_PLACEMENT_3D('',#1522,#1148,#1149);
#1000=AXIS2_PLACEMENT_3D('',#1529,#1153,#1154);
#1001=AXIS2_PLACEMENT_3D('',#1535,#1158,#1159);
#1002=AXIS2_PLACEMENT_3D('',#1537,#1161,#1162);
#1003=AXIS2_PLACEMENT_3D('',#1538,#1163,#1164);
#1004=AXIS2_PLACEMENT_3D('',#1539,#1165,#1166);
#1005=AXIS2_PLACEMENT_3D('',#1540,#1167,#1168);
#1006=AXIS2_PLACEMENT_3D('',#1541,#1169,#1170);
#1007=AXIS2_PLACEMENT_3D('',#1542,#1171,#1172);
#1008=AXIS2_PLACEMENT_3D('',#1544,#1173,#1174);
#1009=AXIS2_PLACEMENT_3D('',#1546,#1176,#1177);
#1010=AXIS2_PLACEMENT_3D('',#1547,#1178,#1179);
#1011=AXIS2_PLACEMENT_3D('',#1549,#1180,#1181);
#1012=AXIS2_PLACEMENT_3D('',#1551,#1182,#1183);
#1013=AXIS2_PLACEMENT_3D('',#1553,#1184,#1185);
#1014=AXIS2_PLACEMENT_3D('',#1554,#1186,#1187);
#1015=AXIS2_PLACEMENT_3D('',#1560,#1190,#1191);
#1016=AXIS2_PLACEMENT_3D('',#1564,#1194,#1195);
#1017=AXIS2_PLACEMENT_3D('',#1568,#1197,#1198);
#1018=AXIS2_PLACEMENT_3D('',#1570,#1200,#1201);
#1019=AXIS2_PLACEMENT_3D('',#1573,#1203,#1204);
#1020=AXIS2_PLACEMENT_3D('',#1574,#1205,#1206);
#1021=AXIS2_PLACEMENT_3D('',#1576,#1208,#1209);
#1022=AXIS2_PLACEMENT_3D('',#1579,#1211,#1212);
#1023=AXIS2_PLACEMENT_3D('',#1580,#1213,#1214);
#1024=AXIS2_PLACEMENT_3D('',#1586,#1217,#1218);
#1025=AXIS2_PLACEMENT_3D('',#1588,#1220,#1221);
#1026=AXIS2_PLACEMENT_3D('',#1591,#1223,#1224);
#1027=AXIS2_PLACEMENT_3D('',#1592,#1225,#1226);
#1028=AXIS2_PLACEMENT_3D('',#1607,#1227,#1228);
#1029=AXIS2_PLACEMENT_3D('',#1850,#1237,#1238);
#1030=AXIS2_PLACEMENT_3D('',#1851,#1239,#1240);
#1031=AXIS2_PLACEMENT_3D('',#1852,#1241,#1242);
#1032=AXIS2_PLACEMENT_3D('',#1854,#1243,#1244);
#1033=AXIS2_PLACEMENT_3D('',#1855,#1245,#1246);
#1034=AXIS2_PLACEMENT_3D('',#1856,#1247,#1248);
#1035=AXIS2_PLACEMENT_3D('',#1940,#1249,#1250);
#1036=AXIS2_PLACEMENT_3D('',#2024,#1251,#1252);
#1037=AXIS2_PLACEMENT_3D('',#2026,#1254,#1255);
#1038=AXIS2_PLACEMENT_3D('',#2027,#1256,#1257);
#1039=AXIS2_PLACEMENT_3D('',#2028,#1258,#1259);
#1040=AXIS2_PLACEMENT_3D('',#2029,#1260,#1261);
#1041=AXIS2_PLACEMENT_3D('',#2032,#1263,#1264);
#1042=AXIS2_PLACEMENT_3D('',#2033,#1265,#1266);
#1043=AXIS2_PLACEMENT_3D('',#2035,#1267,#1268);
#1044=AXIS2_PLACEMENT_3D('',#2036,#1269,#1270);
#1045=AXIS2_PLACEMENT_3D('',#2039,#1272,#1273);
#1046=AXIS2_PLACEMENT_3D('',#2040,#1274,#1275);
#1047=AXIS2_PLACEMENT_3D('',#2042,#1276,#1277);
#1048=AXIS2_PLACEMENT_3D('',#2043,#1278,#1279);
#1049=AXIS2_PLACEMENT_3D('',#2046,#1281,#1282);
#1050=AXIS2_PLACEMENT_3D('',#2047,#1283,#1284);
#1051=AXIS2_PLACEMENT_3D('',#2048,#1285,#1286);
#1052=AXIS2_PLACEMENT_3D('',#2051,#1288,#1289);
#1053=AXIS2_PLACEMENT_3D('',#2052,#1290,#1291);
#1054=AXIS2_PLACEMENT_3D('',#2053,#1292,#1293);
#1055=AXIS2_PLACEMENT_3D('',#2055,#1295,#1296);
#1056=AXIS2_PLACEMENT_3D('',#2057,#1298,#1299);
#1057=AXIS2_PLACEMENT_3D('',#2059,#1301,#1302);
#1058=DIRECTION('axis',(0.,0.,1.));
#1059=DIRECTION('refdir',(1.,0.,0.));
#1060=DIRECTION('center_axis',(1.,0.,0.));
#1061=DIRECTION('ref_axis',(0.,-1.,0.));
#1062=DIRECTION('center_axis',(-1.,2.22044604925033E-16,0.));
#1063=DIRECTION('ref_axis',(0.,-1.,0.));
#1064=DIRECTION('',(-1.,0.,0.));
#1065=DIRECTION('center_axis',(-1.,2.22044604925033E-16,0.));
#1066=DIRECTION('ref_axis',(0.,-1.,0.));
#1067=DIRECTION('center_axis',(-1.,2.22044604925033E-16,0.));
#1068=DIRECTION('ref_axis',(0.,0.,1.));
#1069=DIRECTION('',(2.22044604925033E-16,1.,0.));
#1070=DIRECTION('center_axis',(-1.,2.22044604925033E-16,0.));
#1071=DIRECTION('ref_axis',(0.,-1.,0.));
#1072=DIRECTION('center_axis',(1.,0.,0.));
#1073=DIRECTION('ref_axis',(0.,1.83697019872103E-16,1.));
#1074=DIRECTION('',(-1.,0.,0.));
#1075=DIRECTION('center_axis',(-0.422618261740689,-0.38302222155949,-0.821393804843275));
#1076=DIRECTION('ref_axis',(0.906307787036655,-0.178606195156725,-0.383022221559479));
#1077=DIRECTION('center_axis',(-1.,-1.79068229778252E-16,0.));
#1078=DIRECTION('ref_axis',(0.,-1.,0.));
#1079=DIRECTION('',(1.,0.,0.));
#1080=DIRECTION('',(1.,0.,0.));
#1081=DIRECTION('',(1.,0.,0.));
#1082=DIRECTION('',(1.,0.,0.));
#1083=DIRECTION('center_axis',(1.,0.,0.));
#1084=DIRECTION('ref_axis',(0.,-1.,0.));
#1085=DIRECTION('center_axis',(-1.,2.22044604925033E-16,0.));
#1086=DIRECTION('ref_axis',(0.,-1.,0.));
#1087=DIRECTION('',(-1.,0.,0.));
#1088=DIRECTION('center_axis',(-1.,2.22044604925033E-16,0.));
#1089=DIRECTION('ref_axis',(0.,-1.,0.));
#1090=DIRECTION('center_axis',(-1.,2.22044604925033E-16,0.));
#1091=DIRECTION('ref_axis',(0.,0.,1.));
#1092=DIRECTION('',(2.22044604925033E-16,1.,0.));
#1093=DIRECTION('center_axis',(-1.,2.22044604925033E-16,0.));
#1094=DIRECTION('ref_axis',(0.,-1.,0.));
#1095=DIRECTION('center_axis',(1.,0.,0.));
#1096=DIRECTION('ref_axis',(0.,1.83697019872103E-16,1.));
#1097=DIRECTION('',(-1.,0.,0.));
#1098=DIRECTION('',(-1.,0.,0.));
#1099=DIRECTION('',(-1.,0.,0.));
#1100=DIRECTION('',(-1.,0.,0.));
#1101=DIRECTION('center_axis',(-1.,-1.79068229778252E-16,0.));
#1102=DIRECTION('ref_axis',(0.,-1.,0.));
#1103=DIRECTION('center_axis',(-0.422618261740688,0.383022221559491,-0.821393804843275));
#1104=DIRECTION('ref_axis',(-0.906307787036655,-0.178606195156725,0.383022221559478));
#1105=DIRECTION('',(1.,0.,0.));
#1106=DIRECTION('center_axis',(-1.,0.,0.));
#1107=DIRECTION('ref_axis',(0.,-1.,0.));
#1108=DIRECTION('center_axis',(-1.,0.,0.));
#1109=DIRECTION('ref_axis',(0.,-1.,0.));
#1110=DIRECTION('',(1.,0.,0.));
#1111=DIRECTION('center_axis',(1.,1.77635683940025E-15,0.));
#1112=DIRECTION('ref_axis',(0.,-1.,0.));
#1113=DIRECTION('center_axis',(-1.,0.,0.));
#1114=DIRECTION('ref_axis',(0.,-1.,0.));
#1115=DIRECTION('center_axis',(-1.,0.,0.));
#1116=DIRECTION('ref_axis',(0.,-1.,0.));
#1117=DIRECTION('',(1.,0.,0.));
#1118=DIRECTION('center_axis',(1.,1.77635683940025E-15,0.));
#1119=DIRECTION('ref_axis',(0.,-1.,0.));
#1120=DIRECTION('center_axis',(0.,0.,1.));
#1121=DIRECTION('ref_axis',(1.,0.,0.));
#1122=DIRECTION('center_axis',(0.,0.,1.));
#1123=DIRECTION('ref_axis',(1.,0.,0.));
#1124=DIRECTION('',(0.,0.,-1.));
#1125=DIRECTION('center_axis',(0.,0.,-1.));
#1126=DIRECTION('ref_axis',(1.,0.,0.));
#1127=DIRECTION('center_axis',(-0.422618261740688,0.383022221559491,-0.821393804843275));
#1128=DIRECTION('ref_axis',(-0.906307787036656,-0.178606195156726,0.383022221559478));
#1129=DIRECTION('',(1.62290931058898E-16,-0.90630778703665,-0.422618261740699));
#1130=DIRECTION('',(0.889205382094485,-1.1554445874059E-15,-0.457508238673578));
#1131=DIRECTION('center_axis',(0.422618261740688,-0.383022221559491,0.821393804843275));
#1132=DIRECTION('ref_axis',(-0.906307787036656,-0.178606195156725,0.383022221559478));
#1133=DIRECTION('',(7.7715611723761E-16,-0.90630778703665,-0.422618261740699));
#1134=DIRECTION('',(-0.889205382094486,-1.14785422113365E-15,0.457508238673578));
#1135=DIRECTION('center_axis',(0.422618261740688,-0.383022221559491,0.821393804843275));
#1136=DIRECTION('ref_axis',(0.60862459062917,-0.551601205869229,-0.570361479559312));
#1137=DIRECTION('center_axis',(-1.,2.22044604925033E-16,0.));
#1138=DIRECTION('ref_axis',(2.22044604925033E-16,1.,0.));
#1139=DIRECTION('',(2.22044604925033E-16,1.,0.));
#1140=DIRECTION('',(0.,0.,1.));
#1141=DIRECTION('center_axis',(1.,-2.22044604925033E-16,0.));
#1142=DIRECTION('ref_axis',(0.,-1.,0.));
#1143=DIRECTION('',(0.,0.,-1.));
#1144=DIRECTION('center_axis',(0.,0.,1.));
#1145=DIRECTION('ref_axis',(1.,0.,0.));
#1146=DIRECTION('center_axis',(0.,0.,1.));
#1147=DIRECTION('ref_axis',(1.,0.,0.));
#1148=DIRECTION('center_axis',(0.,0.,-1.));
#1149=DIRECTION('ref_axis',(1.,0.,0.));
#1150=DIRECTION('',(-1.,-1.29087637597281E-15,0.));
#1151=DIRECTION('',(0.,1.,0.));
#1152=DIRECTION('',(1.,-1.29087637597281E-15,0.));
#1153=DIRECTION('center_axis',(0.,0.,-1.));
#1154=DIRECTION('ref_axis',(1.,0.,0.));
#1155=DIRECTION('',(-1.,4.48916266478868E-15,0.));
#1156=DIRECTION('',(1.77635683940025E-15,-1.,0.));
#1157=DIRECTION('',(1.,3.76510417046793E-15,0.));
#1158=DIRECTION('center_axis',(0.,0.,1.));
#1159=DIRECTION('ref_axis',(1.,0.,0.));
#1160=DIRECTION('',(1.79068229778252E-16,-1.,0.));
#1161=DIRECTION('center_axis',(0.,0.,1.));
#1162=DIRECTION('ref_axis',(1.,0.,0.));
#1163=DIRECTION('center_axis',(0.,0.,-1.));
#1164=DIRECTION('ref_axis',(1.,0.,0.));
#1165=DIRECTION('center_axis',(0.,0.,-1.));
#1166=DIRECTION('ref_axis',(1.,0.,0.));
#1167=DIRECTION('center_axis',(0.,0.,-1.));
#1168=DIRECTION('ref_axis',(-1.,-2.11938173928883E-14,0.));
#1169=DIRECTION('center_axis',(0.,0.,-1.));
#1170=DIRECTION('ref_axis',(1.,0.,0.));
#1171=DIRECTION('center_axis',(0.,0.,1.));
#1172=DIRECTION('ref_axis',(1.,0.,0.));
#1173=DIRECTION('center_axis',(0.,0.,1.));
#1174=DIRECTION('ref_axis',(1.,0.,0.));
#1175=DIRECTION('',(0.,0.,-1.));
#1176=DIRECTION('center_axis',(0.,0.,-1.));
#1177=DIRECTION('ref_axis',(1.,0.,0.));
#1178=DIRECTION('center_axis',(0.,0.,1.));
#1179=DIRECTION('ref_axis',(1.,0.,0.));
#1180=DIRECTION('center_axis',(0.,0.,-1.));
#1181=DIRECTION('ref_axis',(1.,0.,0.));
#1182=DIRECTION('center_axis',(0.,0.,-1.));
#1183=DIRECTION('ref_axis',(1.,0.,0.));
#1184=DIRECTION('center_axis',(0.,0.,-1.));
#1185=DIRECTION('ref_axis',(1.,0.,0.));
#1186=DIRECTION('center_axis',(-1.,0.,0.));
#1187=DIRECTION('ref_axis',(0.,1.,0.));
#1188=DIRECTION('',(0.,0.,1.));
#1189=DIRECTION('',(0.,1.,0.));
#1190=DIRECTION('center_axis',(1.,0.,0.));
#1191=DIRECTION('ref_axis',(0.,-1.,0.));
#1192=DIRECTION('',(0.,1.,0.));
#1193=DIRECTION('',(0.,0.,1.));
#1194=DIRECTION('center_axis',(1.,1.77635683940025E-15,0.));
#1195=DIRECTION('ref_axis',(1.77635683940025E-15,-1.,0.));
#1196=DIRECTION('',(0.,0.,1.));
#1197=DIRECTION('center_axis',(-1.,-1.77635683940025E-15,0.));
#1198=DIRECTION('ref_axis',(0.,-1.,0.));
#1199=DIRECTION('',(0.,0.,1.));
#1200=DIRECTION('center_axis',(0.,0.,1.));
#1201=DIRECTION('ref_axis',(1.,0.,0.));
#1202=DIRECTION('',(0.,0.,-1.));
#1203=DIRECTION('center_axis',(0.422618261740689,0.38302222155949,0.821393804843275));
#1204=DIRECTION('ref_axis',(0.608624590629172,0.551601205869227,-0.570361479559312));
#1205=DIRECTION('center_axis',(0.,0.,1.));
#1206=DIRECTION('ref_axis',(1.,0.,0.));
#1207=DIRECTION('',(0.,0.,1.));
#1208=DIRECTION('center_axis',(1.,1.79068229778252E-16,0.));
#1209=DIRECTION('ref_axis',(1.79068229778252E-16,-1.,0.));
#1210=DIRECTION('',(1.62290931058898E-16,-0.906307787036651,0.422618261740698));
#1211=DIRECTION('center_axis',(-1.,-1.79068229778252E-16,0.));
#1212=DIRECTION('ref_axis',(0.,7.74684839713602E-17,1.));
#1213=DIRECTION('center_axis',(0.422618261740689,0.38302222155949,0.821393804843275));
#1214=DIRECTION('ref_axis',(-0.906307787036655,0.178606195156728,0.383022221559478));
#1215=DIRECTION('',(0.889205382094485,-1.14785422113365E-15,-0.457508238673579));
#1216=DIRECTION('',(3.11701874052923E-15,0.90630778703665,-0.422618261740699));
#1217=DIRECTION('center_axis',(0.422618261740689,0.38302222155949,0.821393804843275));
#1218=DIRECTION('ref_axis',(0.906307787036655,-0.178606195156725,-0.383022221559479));
#1219=DIRECTION('',(-0.889205382094485,1.19796859633774E-15,0.457508238673578));
#1220=DIRECTION('center_axis',(1.29087637597281E-15,1.,0.));
#1221=DIRECTION('ref_axis',(1.,-1.29087637597281E-15,0.));
#1222=DIRECTION('',(1.,-1.29087637597281E-15,0.));
#1223=DIRECTION('center_axis',(-1.29087637597281E-15,-1.,0.));
#1224=DIRECTION('ref_axis',(1.37750983026074E-16,0.,1.));
#1225=DIRECTION('center_axis',(-0.889205382094486,1.17670659187182E-15,
0.457508238673579));
#1226=DIRECTION('ref_axis',(0.457508238673578,-5.18310488883806E-16,0.889205382094486));
#1227=DIRECTION('center_axis',(1.,0.,0.));
#1228=DIRECTION('ref_axis',(0.,-1.,0.));
#1229=DIRECTION('',(1.,0.,0.));
#1230=DIRECTION('',(-1.,0.,0.));
#1231=DIRECTION('',(1.,0.,0.));
#1232=DIRECTION('',(1.,0.,0.));
#1233=DIRECTION('',(1.,0.,0.));
#1234=DIRECTION('',(1.,0.,0.));
#1235=DIRECTION('',(1.,0.,0.));
#1236=DIRECTION('',(-1.,0.,0.));
#1237=DIRECTION('center_axis',(3.11701874052923E-15,0.90630778703665,-0.422618261740699));
#1238=DIRECTION('ref_axis',(-1.,3.50348398959566E-15,1.37750983026074E-16));
#1239=DIRECTION('center_axis',(0.,0.,-1.));
#1240=DIRECTION('ref_axis',(3.50348398959566E-15,1.,-4.69200524811585E-17));
#1241=DIRECTION('center_axis',(-7.7715611723761E-16,0.90630778703665,0.422618261740699));
#1242=DIRECTION('ref_axis',(-1.,-9.21731237650041E-16,1.37750983026074E-16));
#1243=DIRECTION('center_axis',(0.,0.,-1.));
#1244=DIRECTION('ref_axis',(9.21731237650041E-16,-1.,-4.69200524811585E-17));
#1245=DIRECTION('center_axis',(-1.29087637597281E-15,1.,0.));
#1246=DIRECTION('ref_axis',(1.37750983026074E-16,0.,1.));
#1247=DIRECTION('center_axis',(-2.51893920782033E-15,-0.910899826023518,
-0.412627564457739));
#1248=DIRECTION('ref_axis',(1.,-2.826956726894E-15,1.36043220857514E-16));
#1249=DIRECTION('center_axis',(1.67221075237329E-16,-0.910899826023518,
0.412627564457739));
#1250=DIRECTION('ref_axis',(1.,2.45203974948377E-16,1.36043220857514E-16));
#1251=DIRECTION('center_axis',(0.,0.,-1.));
#1252=DIRECTION('ref_axis',(0.,1.,0.));
#1253=DIRECTION('',(-1.,-1.29087637597281E-15,0.));
#1254=DIRECTION('center_axis',(1.29087637597281E-15,-1.,0.));
#1255=DIRECTION('ref_axis',(-1.,-1.29087637597281E-15,0.));
#1256=DIRECTION('center_axis',(0.,0.,-1.));
#1257=DIRECTION('ref_axis',(0.,1.,0.));
#1258=DIRECTION('center_axis',(-4.48916266478868E-15,-1.,0.));
#1259=DIRECTION('ref_axis',(-1.,4.48916266478868E-15,0.));
#1260=DIRECTION('center_axis',(0.,0.,-1.));
#1261=DIRECTION('ref_axis',(-1.,0.,0.));
#1262=DIRECTION('',(0.,0.,-1.));
#1263=DIRECTION('center_axis',(0.,0.,-1.));
#1264=DIRECTION('ref_axis',(-1.,0.,0.));
#1265=DIRECTION('center_axis',(0.,0.,1.));
#1266=DIRECTION('ref_axis',(-1.,0.,0.));
#1267=DIRECTION('center_axis',(0.,0.,1.));
#1268=DIRECTION('ref_axis',(1.,0.,0.));
#1269=DIRECTION('center_axis',(0.,0.,-1.));
#1270=DIRECTION('ref_axis',(-1.,0.,0.));
#1271=DIRECTION('',(0.,0.,-1.));
#1272=DIRECTION('center_axis',(0.,0.,-1.));
#1273=DIRECTION('ref_axis',(-1.,0.,0.));
#1274=DIRECTION('center_axis',(0.,0.,1.));
#1275=DIRECTION('ref_axis',(-1.,0.,0.));
#1276=DIRECTION('center_axis',(0.,0.,1.));
#1277=DIRECTION('ref_axis',(1.,0.,0.));
#1278=DIRECTION('center_axis',(0.,0.,-1.));
#1279=DIRECTION('ref_axis',(-1.,0.,0.));
#1280=DIRECTION('',(0.,0.,-1.));
#1281=DIRECTION('center_axis',(0.,0.,-1.));
#1282=DIRECTION('ref_axis',(-1.,0.,0.));
#1283=DIRECTION('center_axis',(0.,0.,1.));
#1284=DIRECTION('ref_axis',(-1.,0.,0.));
#1285=DIRECTION('center_axis',(0.,0.,-1.));
#1286=DIRECTION('ref_axis',(-1.,0.,0.));
#1287=DIRECTION('',(0.,0.,-1.));
#1288=DIRECTION('center_axis',(0.,0.,-1.));
#1289=DIRECTION('ref_axis',(-1.,0.,0.));
#1290=DIRECTION('center_axis',(0.,0.,1.));
#1291=DIRECTION('ref_axis',(-1.,0.,0.));
#1292=DIRECTION('center_axis',(0.,0.,1.));
#1293=DIRECTION('ref_axis',(1.,0.,0.));
#1294=DIRECTION('',(0.,0.,-1.));
#1295=DIRECTION('center_axis',(0.,0.,1.));
#1296=DIRECTION('ref_axis',(1.,0.,0.));
#1297=DIRECTION('',(0.,0.,-1.));
#1298=DIRECTION('center_axis',(0.,0.,1.));
#1299=DIRECTION('ref_axis',(1.,0.,0.));
#1300=DIRECTION('',(0.,0.,-1.));
#1301=DIRECTION('center_axis',(-3.76510417046793E-15,1.,0.));
#1302=DIRECTION('ref_axis',(1.,3.76510417046793E-15,0.));
#1303=CARTESIAN_POINT('',(0.,0.,0.));
#1304=CARTESIAN_POINT('Origin',(-19.0417,7.99999999999991,126.));
#1305=CARTESIAN_POINT('',(-16.6417,8.99999999999991,126.));
#1306=CARTESIAN_POINT('Origin',(-16.6417,7.99999999999991,126.));
#1307=CARTESIAN_POINT('',(-19.0417,8.99999999999991,126.));
#1308=CARTESIAN_POINT('',(-19.0417,8.99999999999991,126.));
#1309=CARTESIAN_POINT('Origin',(-19.0417,7.99999999999991,126.));
#1310=CARTESIAN_POINT('Origin',(-16.6417,-9.43689570931383E-14,126.175));
#1311=CARTESIAN_POINT('',(-16.6417,6.7661037320746,124.));
#1312=CARTESIAN_POINT('',(-16.6417,9.23389626792521,124.));
#1313=CARTESIAN_POINT('',(-16.6417,3.38305186603725,124.));
#1314=CARTESIAN_POINT('Origin',(-16.6417,7.99999999999991,126.));
#1315=CARTESIAN_POINT('Origin',(-19.0417,7.99999999999991,126.));
#1316=CARTESIAN_POINT('',(24.7792627236174,9.23389626792521,124.));
#1317=CARTESIAN_POINT('',(-19.0417,9.23389626792521,124.));
#1318=CARTESIAN_POINT('',(23.8169664595742,10.3483990413821,125.913270867435));
#1319=CARTESIAN_POINT('Ctrl Pts',(23.8169664595742,10.3483990413821,125.913270867435));
#1320=CARTESIAN_POINT('Ctrl Pts',(23.8264618931419,10.3384353991232,125.643481383354));
#1321=CARTESIAN_POINT('Ctrl Pts',(23.8830045671896,10.2795546770233,125.369669656716));
#1322=CARTESIAN_POINT('Ctrl Pts',(24.0770794592527,10.0695245222461,124.84810389813));
#1323=CARTESIAN_POINT('Ctrl Pts',(24.2216667283478,9.9090247822823,124.605525559039));
#1324=CARTESIAN_POINT('Ctrl Pts',(24.4936967994461,9.59014985050237,124.256386415757));
#1325=CARTESIAN_POINT('Ctrl Pts',(24.6335016648742,9.4204952930782,124.115121920367));
#1326=CARTESIAN_POINT('Ctrl Pts',(24.7792627236174,9.23389626792521,124.));
#1327=CARTESIAN_POINT('',(26.0827047484067,5.81381478769443,126.862029127986));
#1328=CARTESIAN_POINT('Origin',(25.7767735023153,7.99999999999991,126.));
#1329=CARTESIAN_POINT('',(26.0827047484067,6.7661037320746,124.));
#1330=CARTESIAN_POINT('Origin',(26.0827047484067,7.99999999999991,126.));
#1331=CARTESIAN_POINT('',(17.4113708827512,6.7661037320746,124.));
#1332=CARTESIAN_POINT('',(-19.0417,6.7661037320746,124.));
#1333=CARTESIAN_POINT('',(18.7623933831213,5.65000000000067,126.));
#1334=CARTESIAN_POINT('Ctrl Pts',(18.762393383122,5.6499999999999,126.));
#1335=CARTESIAN_POINT('Ctrl Pts',(18.762393383122,5.6499999999999,125.82820033458));
#1336=CARTESIAN_POINT('Ctrl Pts',(18.7439262237056,5.66914873406646,125.65557217529));
#1337=CARTESIAN_POINT('Ctrl Pts',(18.6704702716839,5.74315496635314,125.323133223325));
#1338=CARTESIAN_POINT('Ctrl Pts',(18.6154118048007,5.79799845135621,125.163334710276));
#1339=CARTESIAN_POINT('Ctrl Pts',(18.401410844265,6.00177971829253,124.721376005614));
#1340=CARTESIAN_POINT('Ctrl Pts',(18.1892005377413,6.1915387998513,124.478204457822));
#1341=CARTESIAN_POINT('Ctrl Pts',(17.7882077880998,6.50597475980339,124.176875808812));
#1342=CARTESIAN_POINT('Ctrl Pts',(17.605711249553,6.63819977685648,124.078910106498));
#1343=CARTESIAN_POINT('Ctrl Pts',(17.4113708827512,6.7661037320746,124.));
#1344=CARTESIAN_POINT('',(14.0011326807307,5.6499999999999,126.));
#1345=CARTESIAN_POINT('',(-19.0417,5.6499999999999,126.));
#1346=CARTESIAN_POINT('',(11.8583,6.,127.233896267926));
#1347=CARTESIAN_POINT('Ctrl Pts',(11.8583,6.00000000000001,127.233896267926));
#1348=CARTESIAN_POINT('Ctrl Pts',(11.8583,6.05043201598533,127.315640604619));
#1349=CARTESIAN_POINT('Ctrl Pts',(11.8617954549299,6.10515356898893,127.393040234011));
#1350=CARTESIAN_POINT('Ctrl Pts',(11.8891539975833,6.2881475735663,127.622522900146));
#1351=CARTESIAN_POINT('Ctrl Pts',(11.9445169803236,6.46026382600776,127.784280925679));
#1352=CARTESIAN_POINT('Ctrl Pts',(12.0919387689915,6.68462763731736,127.949956292412));
#1353=CARTESIAN_POINT('Ctrl Pts',(12.172608504764,6.77720446924662,128.008332631734));
#1354=CARTESIAN_POINT('Ctrl Pts',(12.3442681619492,6.92011072674741,128.088946827431));
#1355=CARTESIAN_POINT('Ctrl Pts',(12.4565236259501,6.9875460586704,128.121290804549));
#1356=CARTESIAN_POINT('Ctrl Pts',(12.701492890255,7.07753289820145,128.161941684689));
#1357=CARTESIAN_POINT('Ctrl Pts',(12.8341409695053,7.1,128.170829334609));
#1358=CARTESIAN_POINT('Ctrl Pts',(13.0824590304947,7.1,128.170829334609));
#1359=CARTESIAN_POINT('Ctrl Pts',(13.215107109745,7.07753289820145,128.161941684689));
#1360=CARTESIAN_POINT('Ctrl Pts',(13.4600763740499,6.9875460586704,128.121290804549));
#1361=CARTESIAN_POINT('Ctrl Pts',(13.5723318380508,6.92011072674741,128.088946827431));
#1362=CARTESIAN_POINT('Ctrl Pts',(13.743991495236,6.77720446924662,128.008332631734));
#1363=CARTESIAN_POINT('Ctrl Pts',(13.8246612310085,6.68462763731736,127.949956292412));
#1364=CARTESIAN_POINT('Ctrl Pts',(13.9720830196764,6.46026382600776,127.784280925679));
#1365=CARTESIAN_POINT('Ctrl Pts',(14.0274460024167,6.2881475735663,127.622522900146));
#1366=CARTESIAN_POINT('Ctrl Pts',(14.0696729253123,6.00570293389526,127.26832468968));
#1367=CARTESIAN_POINT('Ctrl Pts',(14.0544897231195,5.87115805159482,127.030953149027));
#1368=CARTESIAN_POINT('Ctrl Pts',(14.0185622496229,5.69327922120587,126.523325877754));
#1369=CARTESIAN_POINT('Ctrl Pts',(14.0011326807307,5.6499999999999,126.252821814026));
#1370=CARTESIAN_POINT('Ctrl Pts',(14.0011326807307,5.6499999999999,126.));
#1371=CARTESIAN_POINT('',(11.9154673192693,5.6499999999999,126.));
#1372=CARTESIAN_POINT('Ctrl Pts',(11.9154673192693,5.6499999999999,126.));
#1373=CARTESIAN_POINT('Ctrl Pts',(11.9154673192693,5.6499999999999,126.252821814026));
#1374=CARTESIAN_POINT('Ctrl Pts',(11.8980377503771,5.69327922120587,126.523325877754));
#1375=CARTESIAN_POINT('Ctrl Pts',(11.8686910144731,5.83857647008775,126.937972442565));
#1376=CARTESIAN_POINT('Ctrl Pts',(11.8583,5.91276546324788,127.092499395239));
#1377=CARTESIAN_POINT('Ctrl Pts',(11.8583,6.00000000000002,127.233896267926));
#1378=CARTESIAN_POINT('',(7.1542066168787,5.65000000000067,126.));
#1379=CARTESIAN_POINT('',(-19.0417,5.6499999999999,126.));
#1380=CARTESIAN_POINT('',(8.50522911724885,6.7661037320746,124.));
#1381=CARTESIAN_POINT('Ctrl Pts',(8.50522911724885,6.7661037320746,124.));
#1382=CARTESIAN_POINT('Ctrl Pts',(8.31088875044701,6.63819977685648,124.078910106498));
#1383=CARTESIAN_POINT('Ctrl Pts',(8.12839221190017,6.50597475980339,124.176875808812));
#1384=CARTESIAN_POINT('Ctrl Pts',(7.72739946225873,6.1915387998513,124.478204457822));
#1385=CARTESIAN_POINT('Ctrl Pts',(7.51518915573496,6.00177971829253,124.721376005614));
#1386=CARTESIAN_POINT('Ctrl Pts',(7.30118819519932,5.79799845135621,125.163334710276));
#1387=CARTESIAN_POINT('Ctrl Pts',(7.24612972831614,5.74315496635314,125.323133223325));
#1388=CARTESIAN_POINT('Ctrl Pts',(7.17267377629444,5.66914873406646,125.65557217529));
#1389=CARTESIAN_POINT('Ctrl Pts',(7.15420661687795,5.6499999999999,125.82820033458));
#1390=CARTESIAN_POINT('Ctrl Pts',(7.15420661687795,5.6499999999999,126.));
#1391=CARTESIAN_POINT('',(-19.0417,6.7661037320746,124.));
#1392=CARTESIAN_POINT('Origin',(-19.0417,-8.00000000000009,126.));
#1393=CARTESIAN_POINT('',(-16.6417,-7.0000000000001,126.));
#1394=CARTESIAN_POINT('Origin',(-16.6417,-8.00000000000009,126.));
#1395=CARTESIAN_POINT('',(-19.0417,-7.0000000000001,126.));
#1396=CARTESIAN_POINT('',(-19.0417,-7.0000000000001,126.));
#1397=CARTESIAN_POINT('Origin',(-19.0417,-8.00000000000009,126.));
#1398=CARTESIAN_POINT('Origin',(-16.6417,-9.43689570931383E-14,126.175));
#1399=CARTESIAN_POINT('',(-16.6417,-9.23389626792541,124.));
#1400=CARTESIAN_POINT('',(-16.6417,-6.76610373207479,124.));
#1401=CARTESIAN_POINT('',(-16.6417,-4.61694813396275,124.));
#1402=CARTESIAN_POINT('Origin',(-16.6417,-8.00000000000009,126.));
#1403=CARTESIAN_POINT('Origin',(-19.0417,-8.00000000000009,126.));
#1404=CARTESIAN_POINT('',(8.50522911724913,-6.76610373207479,124.));
#1405=CARTESIAN_POINT('',(-19.0417,-6.76610373207479,124.));
#1406=CARTESIAN_POINT('',(7.15420661687761,-5.64999999999955,126.));
#1407=CARTESIAN_POINT('Ctrl Pts',(7.15420661687814,-5.65000000000009,126.));
#1408=CARTESIAN_POINT('Ctrl Pts',(7.15420661687814,-5.65000000000009,125.82820033458));
#1409=CARTESIAN_POINT('Ctrl Pts',(7.17267377629462,-5.66914873406665,125.65557217529));
#1410=CARTESIAN_POINT('Ctrl Pts',(7.24612972831633,-5.74315496635332,125.323133223325));
#1411=CARTESIAN_POINT('Ctrl Pts',(7.3011881951995,-5.79799845135639,125.163334710276));
#1412=CARTESIAN_POINT('Ctrl Pts',(7.51518915573514,-6.00177971829269,124.721376005614));
#1413=CARTESIAN_POINT('Ctrl Pts',(7.72739946225889,-6.19153879985144,124.478204457822));
#1414=CARTESIAN_POINT('Ctrl Pts',(8.12839221190036,-6.50597475980353,124.176875808812));
#1415=CARTESIAN_POINT('Ctrl Pts',(8.31088875044726,-6.63819977685666,124.078910106498));
#1416=CARTESIAN_POINT('Ctrl Pts',(8.50522911724914,-6.76610373207479,124.));
#1417=CARTESIAN_POINT('',(11.9154673192693,-5.65000000000009,126.));
#1418=CARTESIAN_POINT('',(-19.0417,-5.65000000000009,126.));
#1419=CARTESIAN_POINT('',(11.8583,-6.,127.233896267925));
#1420=CARTESIAN_POINT('Ctrl Pts',(11.8583,-6.00000000000001,127.233896267925));
#1421=CARTESIAN_POINT('Ctrl Pts',(11.8583,-5.91276546324793,127.092499395239));
#1422=CARTESIAN_POINT('Ctrl Pts',(11.8686910144731,-5.83857647008787,126.937972442565));
#1423=CARTESIAN_POINT('Ctrl Pts',(11.898037750377,-5.69327922120605,126.523325877754));
#1424=CARTESIAN_POINT('Ctrl Pts',(11.9154673192693,-5.65000000000009,126.252821814026));
#1425=CARTESIAN_POINT('Ctrl Pts',(11.9154673192693,-5.65000000000009,126.));
#1426=CARTESIAN_POINT('',(14.0011326807307,-5.65000000000009,126.));
#1427=CARTESIAN_POINT('Ctrl Pts',(14.0011326807307,-5.65000000000009,126.));
#1428=CARTESIAN_POINT('Ctrl Pts',(14.0011326807307,-5.65000000000009,126.252821814026));
#1429=CARTESIAN_POINT('Ctrl Pts',(14.018562249623,-5.69327922120605,126.523325877754));
#1430=CARTESIAN_POINT('Ctrl Pts',(14.0544897231195,-5.87115805159497,127.030953149027));
#1431=CARTESIAN_POINT('Ctrl Pts',(14.0696729253123,-6.00570293389539,127.26832468968));
#1432=CARTESIAN_POINT('Ctrl Pts',(14.0274460024167,-6.28814757356639,127.622522900146));
#1433=CARTESIAN_POINT('Ctrl Pts',(13.9720830196763,-6.46026382600783,127.784280925679));
#1434=CARTESIAN_POINT('Ctrl Pts',(13.8246612310085,-6.68462763731741,127.949956292412));
#1435=CARTESIAN_POINT('Ctrl Pts',(13.7439914952359,-6.77720446924665,128.008332631734));
#1436=CARTESIAN_POINT('Ctrl Pts',(13.5723318380508,-6.92011072674742,128.088946827431));
#1437=CARTESIAN_POINT('Ctrl Pts',(13.4600763740498,-6.98754605867041,128.121290804549));
#1438=CARTESIAN_POINT('Ctrl Pts',(13.215107109745,-7.07753289820145,128.161941684689));
#1439=CARTESIAN_POINT('Ctrl Pts',(13.0824590304947,-7.1,128.170829334609));
#1440=CARTESIAN_POINT('Ctrl Pts',(12.9583,-7.1,128.170829334609));
#1441=CARTESIAN_POINT('Ctrl Pts',(12.8341409695053,-7.1,128.170829334609));
#1442=CARTESIAN_POINT('Ctrl Pts',(12.701492890255,-7.07753289820145,128.161941684689));
#1443=CARTESIAN_POINT('Ctrl Pts',(12.4565236259502,-6.98754605867041,128.121290804549));
#1444=CARTESIAN_POINT('Ctrl Pts',(12.3442681619492,-6.92011072674742,128.088946827431));
#1445=CARTESIAN_POINT('Ctrl Pts',(12.1726085047641,-6.77720446924665,128.008332631734));
#1446=CARTESIAN_POINT('Ctrl Pts',(12.0919387689915,-6.68462763731741,127.949956292412));
#1447=CARTESIAN_POINT('Ctrl Pts',(11.9445169803237,-6.46026382600783,127.784280925679));
#1448=CARTESIAN_POINT('Ctrl Pts',(11.8891539975833,-6.28814757356639,127.622522900146));
#1449=CARTESIAN_POINT('Ctrl Pts',(11.8617954549299,-6.10515356898899,127.393040234011));
#1450=CARTESIAN_POINT('Ctrl Pts',(11.8583,-6.05043201598536,127.315640604619));
#1451=CARTESIAN_POINT('Ctrl Pts',(11.8583,-6.00000000000001,127.233896267925));
#1452=CARTESIAN_POINT('',(18.7623933831224,-5.64999999999955,126.));
#1453=CARTESIAN_POINT('',(-19.0417,-5.65000000000009,126.));
#1454=CARTESIAN_POINT('',(17.4113708827509,-6.76610373207479,124.));
#1455=CARTESIAN_POINT('Ctrl Pts',(17.4113708827509,-6.76610373207479,124.));
#1456=CARTESIAN_POINT('Ctrl Pts',(17.6057112495528,-6.63819977685665,124.078910106498));
#1457=CARTESIAN_POINT('Ctrl Pts',(17.7882077880996,-6.50597475980353,124.176875808812));
#1458=CARTESIAN_POINT('Ctrl Pts',(18.1892005377411,-6.19153879985144,124.478204457822));
#1459=CARTESIAN_POINT('Ctrl Pts',(18.4014108442649,-6.00177971829269,124.721376005614));
#1460=CARTESIAN_POINT('Ctrl Pts',(18.6154118048005,-5.79799845135639,125.163334710276));
#1461=CARTESIAN_POINT('Ctrl Pts',(18.6704702716837,-5.74315496635332,125.323133223325));
#1462=CARTESIAN_POINT('Ctrl Pts',(18.7439262237054,-5.66914873406665,125.65557217529));
#1463=CARTESIAN_POINT('Ctrl Pts',(18.7623933831219,-5.65000000000009,125.82820033458));
#1464=CARTESIAN_POINT('Ctrl Pts',(18.7623933831219,-5.65000000000009,126.));
#1465=CARTESIAN_POINT('',(26.0827047484067,-6.76610373207479,124.));
#1466=CARTESIAN_POINT('',(-19.0417,-6.76610373207479,124.));
#1467=CARTESIAN_POINT('',(26.0827047484067,-5.81381478769461,126.862029127986));
#1468=CARTESIAN_POINT('Origin',(26.0827047484067,-8.00000000000009,126.));
#1469=CARTESIAN_POINT('',(23.8169664595741,-10.3483990413822,125.913270867435));
#1470=CARTESIAN_POINT('Origin',(25.7767735023152,-8.00000000000009,126.));
#1471=CARTESIAN_POINT('',(24.7792627236173,-9.23389626792541,124.));
#1472=CARTESIAN_POINT('Ctrl Pts',(24.7792627236173,-9.23389626792541,124.));
#1473=CARTESIAN_POINT('Ctrl Pts',(24.6335016648741,-9.42049529307839,124.115121920367));
#1474=CARTESIAN_POINT('Ctrl Pts',(24.4936967994459,-9.59014985050256,124.256386415757));
#1475=CARTESIAN_POINT('Ctrl Pts',(24.2216667283476,-9.90902478228249,124.605525559039));
#1476=CARTESIAN_POINT('Ctrl Pts',(24.0770794592526,-10.0695245222463,124.84810389813));
#1477=CARTESIAN_POINT('Ctrl Pts',(23.8830045671894,-10.2795546770235,125.369669656716));
#1478=CARTESIAN_POINT('Ctrl Pts',(23.8264618931417,-10.3384353991234,125.643481383354));
#1479=CARTESIAN_POINT('Ctrl Pts',(23.816966459574,-10.3483990413823,125.913270867435));
#1480=CARTESIAN_POINT('',(-19.0417,-9.2338962679254,124.));
#1481=CARTESIAN_POINT('Origin',(-42.0417,7.99999999999991,126.));
#1482=CARTESIAN_POINT('',(-44.4417,8.99999999999991,126.));
#1483=CARTESIAN_POINT('Origin',(-44.4417,7.99999999999991,126.));
#1484=CARTESIAN_POINT('',(-42.0417,8.99999999999991,126.));
#1485=CARTESIAN_POINT('',(-42.0417,8.99999999999991,126.));
#1486=CARTESIAN_POINT('Origin',(-42.0417,7.99999999999991,126.));
#1487=CARTESIAN_POINT('Origin',(-42.0417,-8.00000000000009,126.));
#1488=CARTESIAN_POINT('',(-44.4417,-7.0000000000001,126.));
#1489=CARTESIAN_POINT('Origin',(-44.4417,-8.00000000000009,126.));
#1490=CARTESIAN_POINT('',(-42.0417,-7.0000000000001,126.));
#1491=CARTESIAN_POINT('',(-42.0417,-7.0000000000001,126.));
#1492=CARTESIAN_POINT('Origin',(-42.0417,-8.00000000000009,126.));
#1493=CARTESIAN_POINT('Origin',(12.9583,6.,126.));
#1494=CARTESIAN_POINT('',(11.8583,6.,129.));
#1495=CARTESIAN_POINT('Origin',(12.9583,6.,129.));
#1496=CARTESIAN_POINT('',(11.8583,6.,126.));
#1497=CARTESIAN_POINT('Origin',(12.9583,6.,126.));
#1498=CARTESIAN_POINT('Origin',(37.5044258127383,-7.12587754749411,120.373573695338));
#1499=CARTESIAN_POINT('',(26.0827047484067,-5.74533332339246,126.893962559232));
#1500=CARTESIAN_POINT('',(26.0827047484067,-0.280017047315963,129.442481393006));
#1501=CARTESIAN_POINT('',(18.2679763821785,-5.74533332339245,130.914746376492));
#1502=CARTESIAN_POINT('',(37.7663188021748,-5.74533332339247,120.882584541602));
#1503=CARTESIAN_POINT('',(8.73252213099786,-10.7866263657785,133.47007346508));
#1504=CARTESIAN_POINT('Origin',(-10.7033889331583,-3.90687205011131E-14,
148.5));
#1505=CARTESIAN_POINT('',(8.73252213099787,-12.4,132.717744983977));
#1506=CARTESIAN_POINT('',(8.73252213099787,-12.7959604018121,132.533105616286));
#1507=CARTESIAN_POINT('',(21.3986791384018,-12.4,126.200835280202));
#1508=CARTESIAN_POINT('',(30.843943812447,-12.4,121.341118400566));
#1509=CARTESIAN_POINT('Origin',(12.9582999999981,0.,136.325739873108));
#1510=CARTESIAN_POINT('Origin',(-19.0417,-9.99999999999991,126.));
#1511=CARTESIAN_POINT('',(-19.0417,-9.99999999999991,124.));
#1512=CARTESIAN_POINT('',(-19.0417,9.99999999999991,124.));
#1513=CARTESIAN_POINT('',(-19.0417,9.99999999999991,124.));
#1514=CARTESIAN_POINT('',(-19.0417,-9.99999999999991,132.935617583727));
#1515=CARTESIAN_POINT('',(-19.0417,-9.99999999999991,126.));
#1516=CARTESIAN_POINT('',(-19.0417,9.99999999999991,132.935617583727));
#1517=CARTESIAN_POINT('Origin',(-19.0417,-3.90687205011131E-14,148.5));
#1518=CARTESIAN_POINT('',(-19.0417,9.99999999999991,126.));
#1519=CARTESIAN_POINT('Origin',(-9.17949762579664,-4.66293670342566E-14,
124.));
#1520=CARTESIAN_POINT('Origin',(12.9583,0.,124.));
#1521=CARTESIAN_POINT('',(21.3986791384018,-12.4,124.));
#1522=CARTESIAN_POINT('Origin',(12.9582999999981,0.,124.));
#1523=CARTESIAN_POINT('',(-44.4417,-12.4000000000001,124.));
#1524=CARTESIAN_POINT('',(26.0827047484067,-12.4,124.));
#1525=CARTESIAN_POINT('',(-44.4417,12.4,124.));
#1526=CARTESIAN_POINT('',(-44.4417,-12.4000000000001,124.));
#1527=CARTESIAN_POINT('',(21.3986791384019,12.3999999999999,124.));
#1528=CARTESIAN_POINT('',(-44.4417,12.4,124.));
#1529=CARTESIAN_POINT('Origin',(12.9582999999981,0.,124.));
#1530=CARTESIAN_POINT('',(-42.0417,10.,124.));
#1531=CARTESIAN_POINT('',(-42.0417,10.,124.));
#1532=CARTESIAN_POINT('',(-42.0417,-9.99999999999999,124.));
#1533=CARTESIAN_POINT('',(-42.0417,-9.99999999999999,124.));
#1534=CARTESIAN_POINT('',(-19.0417,-9.99999999999991,124.));
#1535=CARTESIAN_POINT('Origin',(-9.17949762579664,-4.66293670342566E-14,
124.));
#1536=CARTESIAN_POINT('',(26.0827047484067,-12.4,124.));
#1537=CARTESIAN_POINT('Origin',(12.9583,0.,124.));
#1538=CARTESIAN_POINT('Origin',(12.9583,0.,126.));
#1539=CARTESIAN_POINT('Origin',(12.9583,0.,126.));
#1540=CARTESIAN_POINT('Origin',(12.9583,0.,126.));
#1541=CARTESIAN_POINT('Origin',(12.9583,0.,126.));
#1542=CARTESIAN_POINT('Origin',(12.9583,-6.,126.));
#1543=CARTESIAN_POINT('',(11.8583,-6.,129.));
#1544=CARTESIAN_POINT('Origin',(12.9583,-6.,129.));
#1545=CARTESIAN_POINT('',(11.8583,-6.,126.));
#1546=CARTESIAN_POINT('Origin',(12.9583,-6.,126.));
#1547=CARTESIAN_POINT('Origin',(-9.17949762579664,-4.66293670342566E-14,
126.));
#1548=CARTESIAN_POINT('',(9.9583,-3.67394039744206E-16,126.));
#1549=CARTESIAN_POINT('Origin',(12.9583,0.,126.));
#1550=CARTESIAN_POINT('',(5.8583,-1.34711147906209E-16,126.));
#1551=CARTESIAN_POINT('Origin',(6.9583,2.72995212546176E-32,126.));
#1552=CARTESIAN_POINT('',(17.8583,-1.34711147906209E-16,126.));
#1553=CARTESIAN_POINT('Origin',(18.9583,-2.72995212546176E-32,126.));
#1554=CARTESIAN_POINT('Origin',(-44.4417,-12.4000000000001,126.));
#1555=CARTESIAN_POINT('',(-44.4417,-12.4000000000001,134.));
#1556=CARTESIAN_POINT('',(-44.4417,-12.4000000000001,126.));
#1557=CARTESIAN_POINT('',(-44.4417,-11.4891252930761,134.));
#1558=CARTESIAN_POINT('',(-44.4417,-12.4000000000001,134.));
#1559=CARTESIAN_POINT('',(-44.4417,11.489125293076,134.));
#1560=CARTESIAN_POINT('Origin',(-44.4417,-3.90687205011131E-14,148.5));
#1561=CARTESIAN_POINT('',(-44.4417,12.4,134.));
#1562=CARTESIAN_POINT('',(-44.4417,-0.45543735346203,134.));
#1563=CARTESIAN_POINT('',(-44.4417,12.4,126.));
#1564=CARTESIAN_POINT('Origin',(-42.0417,10.,126.));
#1565=CARTESIAN_POINT('',(-42.0417,10.,132.935617583727));
#1566=CARTESIAN_POINT('',(-42.0417,10.,126.));
#1567=CARTESIAN_POINT('',(-42.0417,-9.99999999999999,132.935617583727));
#1568=CARTESIAN_POINT('Origin',(-42.0417,-3.90687205011131E-14,148.5));
#1569=CARTESIAN_POINT('',(-42.0417,-9.99999999999999,126.));
#1570=CARTESIAN_POINT('Origin',(12.9582999999981,0.,124.));
#1571=CARTESIAN_POINT('',(21.3986791384019,12.3999999999999,126.200835280202));
#1572=CARTESIAN_POINT('',(21.3986791384019,12.3999999999999,124.));
#1573=CARTESIAN_POINT('Origin',(12.9582999999981,0.,136.325739873108));
#1574=CARTESIAN_POINT('Origin',(12.9582999999981,0.,124.));
#1575=CARTESIAN_POINT('',(21.3986791384018,-12.4,124.));
#1576=CARTESIAN_POINT('Origin',(26.0827047484067,12.3999999999999,126.));
#1577=CARTESIAN_POINT('',(26.0827047484067,5.74533332339226,126.893962559232));
#1578=CARTESIAN_POINT('',(26.0827047484067,10.4653002273723,124.693005845668));
#1579=CARTESIAN_POINT('Origin',(26.0827047484067,-9.84335896432827E-14,
111.311413005773));
#1580=CARTESIAN_POINT('Origin',(37.5044258127383,7.12587754749389,120.373573695338));
#1581=CARTESIAN_POINT('',(8.7325221309979,12.3999999999999,132.717744983977));
#1582=CARTESIAN_POINT('',(2.9626066064268,12.3999999999999,135.686444839036));
#1583=CARTESIAN_POINT('',(8.73252213099789,10.7866263657784,133.47007346508));
#1584=CARTESIAN_POINT('',(8.7325221309979,12.795960401812,132.533105616286));
#1585=CARTESIAN_POINT('',(18.2679763821786,5.74533332339227,130.914746376492));
#1586=CARTESIAN_POINT('Origin',(-10.7033889331583,-3.90687205011131E-14,
148.5));
#1587=CARTESIAN_POINT('',(37.7663188021748,5.74533332339225,120.882584541602));
#1588=CARTESIAN_POINT('Origin',(-44.4417,12.4,126.));
#1589=CARTESIAN_POINT('',(6.82887371640159,12.3999999999999,134.));
#1590=CARTESIAN_POINT('',(-44.4417,12.4,134.));
#1591=CARTESIAN_POINT('Origin',(12.9587047484049,12.3999999999999,142.717744983977));
#1592=CARTESIAN_POINT('Origin',(31.4270448760644,-1.05505881808909E-13,
108.561677468953));
#1593=CARTESIAN_POINT('Ctrl Pts',(18.2679763821785,5.74533332339227,130.914746376492));
#1594=CARTESIAN_POINT('Ctrl Pts',(19.2911051319232,5.08152521855521,130.69787155019));
#1595=CARTESIAN_POINT('Ctrl Pts',(20.2370418778337,4.34134382096089,130.495869776329));
#1596=CARTESIAN_POINT('Ctrl Pts',(21.412655676163,3.03090978572312,130.243900085459));
#1597=CARTESIAN_POINT('Ctrl Pts',(21.8168723253683,2.47977404051331,130.157026393344));
#1598=CARTESIAN_POINT('Ctrl Pts',(22.3865104041337,1.27942863712444,130.034436618228));
#1599=CARTESIAN_POINT('Ctrl Pts',(22.546173595004,0.627364612297606,130.));
#1600=CARTESIAN_POINT('Ctrl Pts',(22.546173595004,-0.627364612297703,130.));
#1601=CARTESIAN_POINT('Ctrl Pts',(22.3865104041337,-1.27942863712454,130.034436618228));
#1602=CARTESIAN_POINT('Ctrl Pts',(21.8168723253684,-2.47977404051342,130.157026393344));
#1603=CARTESIAN_POINT('Ctrl Pts',(21.4126556761631,-3.03090978572324,130.243900085459));
#1604=CARTESIAN_POINT('Ctrl Pts',(20.2370418778338,-4.34134382096103,130.495869776329));
#1605=CARTESIAN_POINT('Ctrl Pts',(19.2911051319232,-5.08152521855536,130.697871550191));
#1606=CARTESIAN_POINT('Ctrl Pts',(18.2679763821785,-5.74533332339244,130.914746376492));
#1607=CARTESIAN_POINT('Origin',(-44.4417,-3.90687205011131E-14,148.5));
#1608=CARTESIAN_POINT('',(7.36016432466876,11.489125293076,134.));
#1609=CARTESIAN_POINT('Ctrl Pts',(8.73252213099789,10.7866263657784,133.47007346508));
#1610=CARTESIAN_POINT('Ctrl Pts',(8.25178537379453,10.9955358914129,133.620002940253));
#1611=CARTESIAN_POINT('Ctrl Pts',(7.79153614758843,11.2336189294933,133.797548646594));
#1612=CARTESIAN_POINT('Ctrl Pts',(7.36016432466876,11.489125293076,134.));
#1613=CARTESIAN_POINT('',(-8.20346624191873,11.489125293076,134.));
#1614=CARTESIAN_POINT('',(-44.4417,11.489125293076,134.));
#1615=CARTESIAN_POINT('',(-8.20346624191864,7.63360994246819,131.648353218565));
#1616=CARTESIAN_POINT('Ctrl Pts',(-8.20346624191869,11.4891253000018,134.000000005488));
#1617=CARTESIAN_POINT('Ctrl Pts',(-8.2034662419187,10.952596164457,133.574879283577));
#1618=CARTESIAN_POINT('Ctrl Pts',(-8.20346624191871,10.3928848329458,133.179865013956));
#1619=CARTESIAN_POINT('Ctrl Pts',(-8.20346624191873,9.11312087297705,132.379150694195));
#1620=CARTESIAN_POINT('Ctrl Pts',(-8.20346624191874,8.38517372442695,131.988803314201));
#1621=CARTESIAN_POINT('Ctrl Pts',(-8.20346624191875,7.6336099424682,131.648353218565));
#1622=CARTESIAN_POINT('',(-10.8833337580814,7.63360994246819,131.648353218565));
#1623=CARTESIAN_POINT('',(-44.4417,7.63360994246829,131.648353218565));
#1624=CARTESIAN_POINT('',(-10.8833337580812,11.489125293076,134.));
#1625=CARTESIAN_POINT('Ctrl Pts',(-10.8833337580812,7.6336099424682,131.648353218565));
#1626=CARTESIAN_POINT('Ctrl Pts',(-10.8833337580812,9.00999165788527,132.271838939795));
#1627=CARTESIAN_POINT('Ctrl Pts',(-10.8833337580812,10.3048176103829,133.06160969894));
#1628=CARTESIAN_POINT('Ctrl Pts',(-10.8833337580813,11.4891253000018,134.000000005488));
#1629=CARTESIAN_POINT('',(-44.4417,11.489125293076,134.));
#1630=CARTESIAN_POINT('',(-10.8833337580813,-11.4891252930761,134.));
#1631=CARTESIAN_POINT('',(-44.4417,-11.4891252930761,134.));
#1632=CARTESIAN_POINT('',(-10.8833337580814,-7.63360994246827,131.648353218565));
#1633=CARTESIAN_POINT('Ctrl Pts',(-10.8833337580813,-11.4891252930761,134.));
#1634=CARTESIAN_POINT('Ctrl Pts',(-10.8833337580813,-10.9525961573283,133.574879278345));
#1635=CARTESIAN_POINT('Ctrl Pts',(-10.8833337580813,-10.3928848256283,133.179865008992));
#1636=CARTESIAN_POINT('Ctrl Pts',(-10.8833337580813,-9.11312086777688,132.379150691406));
#1637=CARTESIAN_POINT('Ctrl Pts',(-10.8833337580813,-8.385173721741,131.988803312984));
#1638=CARTESIAN_POINT('Ctrl Pts',(-10.8833337580813,-7.63360994246828,131.648353218565));
#1639=CARTESIAN_POINT('',(-8.20346624191864,-7.63360994246828,131.648353218565));
#1640=CARTESIAN_POINT('',(-44.4417,-7.6336099424683,131.648353218565));
#1641=CARTESIAN_POINT('',(-8.20346624191868,-11.4891252930761,134.));
#1642=CARTESIAN_POINT('Ctrl Pts',(-8.20346624191874,-7.63360994246828,131.648353218565));
#1643=CARTESIAN_POINT('Ctrl Pts',(-8.20346624191873,-7.94532237727959,131.789555510093));
#1644=CARTESIAN_POINT('Ctrl Pts',(-8.20346624191878,-8.25305699350427,131.939379450301));
#1645=CARTESIAN_POINT('Ctrl Pts',(-8.20346624191877,-8.85986416758915,132.255926840807));
#1646=CARTESIAN_POINT('Ctrl Pts',(-8.20346624191877,-9.1588198128874,132.422589589601));
#1647=CARTESIAN_POINT('Ctrl Pts',(-8.20346624191876,-10.0414126628397,132.947230719134));
#1648=CARTESIAN_POINT('Ctrl Pts',(-8.20346624191874,-10.6099774932109,133.329404159268));
#1649=CARTESIAN_POINT('Ctrl Pts',(-8.20346624191874,-11.2680504397309,133.826869750076));
#1650=CARTESIAN_POINT('Ctrl Pts',(-8.20346624191869,-11.3790823748605,133.912807112069));
#1651=CARTESIAN_POINT('Ctrl Pts',(-8.20346624191869,-11.4891252930761,134.));
#1652=CARTESIAN_POINT('',(7.36016432466877,-11.4891252930761,134.));
#1653=CARTESIAN_POINT('',(-44.4417,-11.4891252930761,134.));
#1654=CARTESIAN_POINT('Ctrl Pts',(7.36016432466877,-11.4891252930761,134.));
#1655=CARTESIAN_POINT('Ctrl Pts',(7.79151297714869,-11.2336326536044,133.797559520941));
#1656=CARTESIAN_POINT('Ctrl Pts',(8.25170808178762,-10.9955694795176,133.620027045649));
#1657=CARTESIAN_POINT('Ctrl Pts',(8.73252213099786,-10.7866263657785,133.47007346508));
#1658=CARTESIAN_POINT('',(-44.4417,-10.,132.935617583727));
#1659=CARTESIAN_POINT('',(-44.4417,10.,132.935617583727));
#1660=CARTESIAN_POINT('',(12.9583,-3.,130.244863736471));
#1661=CARTESIAN_POINT('',(9.9583,-2.53085958911175E-16,130.));
#1662=CARTESIAN_POINT('Ctrl Pts',(12.9583,-3.,130.244863736471));
#1663=CARTESIAN_POINT('Ctrl Pts',(13.3357081604617,-3.,130.244863736471));
#1664=CARTESIAN_POINT('Ctrl Pts',(13.7378078328679,-2.924438190382,130.231949609738));
#1665=CARTESIAN_POINT('Ctrl Pts',(14.4767430810866,-2.6180722152966,130.185533002814));
#1666=CARTESIAN_POINT('Ctrl Pts',(14.8136369584384,-2.38730372868092,130.152725797398));
#1667=CARTESIAN_POINT('Ctrl Pts',(15.3455973709601,-1.85534331615917,130.091323037478));
#1668=CARTESIAN_POINT('Ctrl Pts',(15.576370844713,-1.51844670555431,130.058705089251));
#1669=CARTESIAN_POINT('Ctrl Pts',(15.8827404425666,-0.779502082033987,130.012722891652));
#1670=CARTESIAN_POINT('Ctrl Pts',(15.9583,-0.377399139388037,130.));
#1671=CARTESIAN_POINT('Ctrl Pts',(15.9583,0.377399139388037,130.));
#1672=CARTESIAN_POINT('Ctrl Pts',(15.8827404425666,0.779502082033986,130.012722891652));
#1673=CARTESIAN_POINT('Ctrl Pts',(15.576370844713,1.51844670555431,130.058705089251));
#1674=CARTESIAN_POINT('Ctrl Pts',(15.3455973709601,1.85534331615917,130.091323037478));
#1675=CARTESIAN_POINT('Ctrl Pts',(14.8136369584384,2.38730372868092,130.152725797398));
#1676=CARTESIAN_POINT('Ctrl Pts',(14.4767430810866,2.6180722152966,130.185533002814));
#1677=CARTESIAN_POINT('Ctrl Pts',(13.7378078328679,2.924438190382,130.231949609738));
#1678=CARTESIAN_POINT('Ctrl Pts',(13.3357081604617,3.,130.244863736471));
#1679=CARTESIAN_POINT('Ctrl Pts',(12.5808918395383,3.,130.244863736471));
#1680=CARTESIAN_POINT('Ctrl Pts',(12.1787921671321,2.924438190382,130.231949609738));
#1681=CARTESIAN_POINT('Ctrl Pts',(11.4398569189134,2.61807221529661,130.185533002814));
#1682=CARTESIAN_POINT('Ctrl Pts',(11.1029630415616,2.38730372868092,130.152725797398));
#1683=CARTESIAN_POINT('Ctrl Pts',(10.5710026290399,1.85534331615917,130.091323037478));
#1684=CARTESIAN_POINT('Ctrl Pts',(10.340229155287,1.51844670555431,130.058705089251));
#1685=CARTESIAN_POINT('Ctrl Pts',(10.0338595574334,0.779502082033989,130.012722891652));
#1686=CARTESIAN_POINT('Ctrl Pts',(9.9583,0.377399139388039,130.));
#1687=CARTESIAN_POINT('Ctrl Pts',(9.9583,9.0205620750794E-16,130.));
#1688=CARTESIAN_POINT('Ctrl Pts',(9.9583,-1.38777878078145E-16,130.));
#1689=CARTESIAN_POINT('Ctrl Pts',(9.9583,-0.377399139388038,130.));
#1690=CARTESIAN_POINT('Ctrl Pts',(10.0338595574334,-0.779502082033989,130.012722891652));
#1691=CARTESIAN_POINT('Ctrl Pts',(10.340229155287,-1.51844670555431,130.058705089251));
#1692=CARTESIAN_POINT('Ctrl Pts',(10.5710026290399,-1.85534331615917,130.091323037478));
#1693=CARTESIAN_POINT('Ctrl Pts',(11.1029630415616,-2.38730372868092,130.152725797398));
#1694=CARTESIAN_POINT('Ctrl Pts',(11.4398569189134,-2.61807221529661,130.185533002814));
#1695=CARTESIAN_POINT('Ctrl Pts',(12.1787921671321,-2.924438190382,130.231949609738));
#1696=CARTESIAN_POINT('Ctrl Pts',(12.5808918395383,-3.,130.244863736471));
#1697=CARTESIAN_POINT('Ctrl Pts',(12.9583,-3.,130.244863736471));
#1698=CARTESIAN_POINT('',(12.9583,8.,131.819172682388));
#1699=CARTESIAN_POINT('',(14.9583,6.,131.));
#1700=CARTESIAN_POINT('Ctrl Pts',(12.9583,8.,131.819172682388));
#1701=CARTESIAN_POINT('Ctrl Pts',(12.7018544887163,8.,131.819172682388));
#1702=CARTESIAN_POINT('Ctrl Pts',(12.4310512030298,7.94761768647595,131.793763044206));
#1703=CARTESIAN_POINT('Ctrl Pts',(11.9388727604617,7.74125656430719,131.69714528289));
#1704=CARTESIAN_POINT('Ctrl Pts',(11.7173229177585,7.58745004250472,131.626459906863));
#1705=CARTESIAN_POINT('Ctrl Pts',(11.3646754939619,7.23480261870809,131.47219983252));
#1706=CARTESIAN_POINT('Ctrl Pts',(11.2115187341414,7.009716804881,131.377393686002));
#1707=CARTESIAN_POINT('Ctrl Pts',(11.0083098318203,6.51798767062437,131.184238007364));
#1708=CARTESIAN_POINT('Ctrl Pts',(10.9583,6.25122971259469,131.086135901461));
#1709=CARTESIAN_POINT('Ctrl Pts',(10.9583,5.75393055442952,130.915633332947));
#1710=CARTESIAN_POINT('Ctrl Pts',(11.0065390556028,5.48835267413272,130.830981276238));
#1711=CARTESIAN_POINT('Ctrl Pts',(11.208857950717,4.99471080789012,130.685143793987));
#1712=CARTESIAN_POINT('Ctrl Pts',(11.3630849224268,4.76678795282702,130.623684972265));
#1713=CARTESIAN_POINT('Ctrl Pts',(11.719907508394,4.40996536685978,130.532386293519));
#1714=CARTESIAN_POINT('Ctrl Pts',(11.9437856754908,4.25586840581574,130.495871360649));
#1715=CARTESIAN_POINT('Ctrl Pts',(12.4366474576028,4.05086862534232,130.448641957083));
#1716=CARTESIAN_POINT('Ctrl Pts',(12.7056146400142,4.,130.437608131812));
#1717=CARTESIAN_POINT('Ctrl Pts',(13.2085499009628,4.,130.437608131812));
#1718=CARTESIAN_POINT('Ctrl Pts',(13.475099994656,4.04990036881109,130.448435372029));
#1719=CARTESIAN_POINT('Ctrl Pts',(13.964302068644,4.25130606084608,130.494804210371));
#1720=CARTESIAN_POINT('Ctrl Pts',(14.1869391164946,4.40277667445961,130.530653593989));
#1721=CARTESIAN_POINT('Ctrl Pts',(14.5464123251416,4.75714264848586,130.621111370897));
#1722=CARTESIAN_POINT('Ctrl Pts',(14.7032864054527,4.98636856813932,130.682779649939));
#1723=CARTESIAN_POINT('Ctrl Pts',(14.9091570770955,5.48368340904862,130.829504002077));
#1724=CARTESIAN_POINT('Ctrl Pts',(14.9583,5.75162796276,130.914843872946));
#1725=CARTESIAN_POINT('Ctrl Pts',(14.9583,6.,131.));
#1726=CARTESIAN_POINT('Ctrl Pts',(14.9583,6.,131.));
#1727=CARTESIAN_POINT('Ctrl Pts',(14.9583,6.25614295433417,131.087820441486));
#1728=CARTESIAN_POINT('Ctrl Pts',(14.9063394931627,6.52776685609642,131.187859020442));
#1729=CARTESIAN_POINT('Ctrl Pts',(14.6957343227763,7.02699446064264,131.384413118919));
#1730=CARTESIAN_POINT('Ctrl Pts',(14.5371371759452,7.25472238534146,131.480663929217));
#1731=CARTESIAN_POINT('Ctrl Pts',(14.1789384799583,7.60242403404282,131.633271050594));
#1732=CARTESIAN_POINT('Ctrl Pts',(13.9599033791053,7.75082648867135,131.701584962292));
#1733=CARTESIAN_POINT('Ctrl Pts',(13.4752806449291,7.94970084698609,131.794781781264));
#1734=CARTESIAN_POINT('Ctrl Pts',(13.2095276576761,8.,131.819172682388));
#1735=CARTESIAN_POINT('Ctrl Pts',(12.9583,8.,131.819172682388));
#1736=CARTESIAN_POINT('',(12.9583,-4.,130.437608131812));
#1737=CARTESIAN_POINT('',(14.9583,-6.,131.));
#1738=CARTESIAN_POINT('Ctrl Pts',(12.9583,-4.,130.437608131812));
#1739=CARTESIAN_POINT('Ctrl Pts',(12.7056146400142,-4.,130.437608131812));
#1740=CARTESIAN_POINT('Ctrl Pts',(12.4366474576028,-4.05086862534232,130.448641957083));
#1741=CARTESIAN_POINT('Ctrl Pts',(11.9437856754908,-4.25586840581574,130.495871360649));
#1742=CARTESIAN_POINT('Ctrl Pts',(11.719907508394,-4.40996536685978,130.532386293519));
#1743=CARTESIAN_POINT('Ctrl Pts',(11.3630849224268,-4.76678795282702,130.623684972265));
#1744=CARTESIAN_POINT('Ctrl Pts',(11.208857950717,-4.99471080789011,130.685143793987));
#1745=CARTESIAN_POINT('Ctrl Pts',(11.0065390556028,-5.48835267413271,130.830981276238));
#1746=CARTESIAN_POINT('Ctrl Pts',(10.9583,-5.75393055442952,130.915633332947));
#1747=CARTESIAN_POINT('Ctrl Pts',(10.9583,-6.25122971259469,131.086135901461));
#1748=CARTESIAN_POINT('Ctrl Pts',(11.0083098318203,-6.51798767062438,131.184238007364));
#1749=CARTESIAN_POINT('Ctrl Pts',(11.2115187341415,-7.009716804881,131.377393686002));
#1750=CARTESIAN_POINT('Ctrl Pts',(11.3646754939619,-7.23480261870809,131.47219983252));
#1751=CARTESIAN_POINT('Ctrl Pts',(11.7173229177585,-7.58745004250472,131.626459906863));
#1752=CARTESIAN_POINT('Ctrl Pts',(11.9388727604617,-7.7412565643072,131.69714528289));
#1753=CARTESIAN_POINT('Ctrl Pts',(12.4310512030298,-7.94761768647595,131.793763044205));
#1754=CARTESIAN_POINT('Ctrl Pts',(12.7018544887163,-8.,131.819172682388));
#1755=CARTESIAN_POINT('Ctrl Pts',(13.2095276576761,-8.,131.819172682388));
#1756=CARTESIAN_POINT('Ctrl Pts',(13.4752806449291,-7.94970084698609,131.794781781264));
#1757=CARTESIAN_POINT('Ctrl Pts',(13.9599033791053,-7.75082648867135,131.701584962292));
#1758=CARTESIAN_POINT('Ctrl Pts',(14.1789384799583,-7.60242403404283,131.633271050594));
#1759=CARTESIAN_POINT('Ctrl Pts',(14.5371371759452,-7.25472238534146,131.480663929217));
#1760=CARTESIAN_POINT('Ctrl Pts',(14.6957343227763,-7.02699446064264,131.384413118919));
#1761=CARTESIAN_POINT('Ctrl Pts',(14.9063394931627,-6.52776685609642,131.187859020442));
#1762=CARTESIAN_POINT('Ctrl Pts',(14.9583,-6.25614295433417,131.087820441486));
#1763=CARTESIAN_POINT('Ctrl Pts',(14.9583,-5.99999999999999,131.));
#1764=CARTESIAN_POINT('Ctrl Pts',(14.9583,-5.99999999999999,131.));
#1765=CARTESIAN_POINT('Ctrl Pts',(14.9583,-5.75162796275999,130.914843872946));
#1766=CARTESIAN_POINT('Ctrl Pts',(14.9091570770955,-5.48368340904862,130.829504002077));
#1767=CARTESIAN_POINT('Ctrl Pts',(14.7032864054527,-4.98636856813932,130.682779649939));
#1768=CARTESIAN_POINT('Ctrl Pts',(14.5464123251416,-4.75714264848586,130.621111370897));
#1769=CARTESIAN_POINT('Ctrl Pts',(14.1869391164946,-4.40277667445961,130.530653593989));
#1770=CARTESIAN_POINT('Ctrl Pts',(13.964302068644,-4.25130606084608,130.494804210371));
#1771=CARTESIAN_POINT('Ctrl Pts',(13.475099994656,-4.04990036881109,130.448435372029));
#1772=CARTESIAN_POINT('Ctrl Pts',(13.2085499009628,-4.,130.437608131812));
#1773=CARTESIAN_POINT('Ctrl Pts',(12.9583,-4.,130.437608131812));
#1774=CARTESIAN_POINT('',(6.9583,2.,130.10842584225));
#1775=CARTESIAN_POINT('',(8.9583,-3.30631497031952E-16,130.));
#1776=CARTESIAN_POINT('Ctrl Pts',(6.9583,2.,130.10842584225));
#1777=CARTESIAN_POINT('Ctrl Pts',(6.70696402855505,2.,130.10842584225));
#1778=CARTESIAN_POINT('Ctrl Pts',(6.43901047163885,1.94973019494493,130.102742640576));
#1779=CARTESIAN_POINT('Ctrl Pts',(5.94631049301772,1.74556201486984,130.082249339812));
#1780=CARTESIAN_POINT('Ctrl Pts',(5.72154721873286,1.59167434347904,130.067738873757));
#1781=CARTESIAN_POINT('Ctrl Pts',(5.36662648290728,1.23675360765346,130.040527698208));
#1782=CARTESIAN_POINT('Ctrl Pts',(5.21273816555515,1.01198997212347,130.026054318611));
#1783=CARTESIAN_POINT('Ctrl Pts',(5.00856950676733,0.519288778792791,130.005645945169));
#1784=CARTESIAN_POINT('Ctrl Pts',(4.9583,0.25133480104208,130.));
#1785=CARTESIAN_POINT('Ctrl Pts',(4.9583,-0.25133480104208,130.));
#1786=CARTESIAN_POINT('Ctrl Pts',(5.00856950676733,-0.519288778792792,130.005645945169));
#1787=CARTESIAN_POINT('Ctrl Pts',(5.21273816555515,-1.01198997212347,130.026054318611));
#1788=CARTESIAN_POINT('Ctrl Pts',(5.36662648290728,-1.23675360765346,130.040527698208));
#1789=CARTESIAN_POINT('Ctrl Pts',(5.72154721873286,-1.59167434347904,130.067738873757));
#1790=CARTESIAN_POINT('Ctrl Pts',(5.94631049301772,-1.74556201486984,130.082249339812));
#1791=CARTESIAN_POINT('Ctrl Pts',(6.43901047163885,-1.94973019494493,130.102742640576));
#1792=CARTESIAN_POINT('Ctrl Pts',(6.70696402855505,-2.,130.10842584225));
#1793=CARTESIAN_POINT('Ctrl Pts',(7.20963597144495,-2.,130.10842584225));
#1794=CARTESIAN_POINT('Ctrl Pts',(7.47758952836115,-1.94973019494493,130.102742640576));
#1795=CARTESIAN_POINT('Ctrl Pts',(7.97028950698228,-1.74556201486984,130.082249339812));
#1796=CARTESIAN_POINT('Ctrl Pts',(8.19505278126715,-1.59167434347905,130.067738873757));
#1797=CARTESIAN_POINT('Ctrl Pts',(8.54997351709273,-1.23675360765346,130.040527698208));
#1798=CARTESIAN_POINT('Ctrl Pts',(8.70386183444485,-1.01198997212347,130.026054318611));
#1799=CARTESIAN_POINT('Ctrl Pts',(8.90803049323267,-0.51928877879279,130.005645945169));
#1800=CARTESIAN_POINT('Ctrl Pts',(8.9583,-0.251334801042079,130.));
#1801=CARTESIAN_POINT('Ctrl Pts',(8.9583,-2.77555756156289E-16,130.));
#1802=CARTESIAN_POINT('Ctrl Pts',(8.9583,-4.16333634234434E-16,130.));
#1803=CARTESIAN_POINT('Ctrl Pts',(8.9583,0.251334801042079,130.));
#1804=CARTESIAN_POINT('Ctrl Pts',(8.90803049323267,0.51928877879279,130.005645945169));
#1805=CARTESIAN_POINT('Ctrl Pts',(8.70386183444485,1.01198997212347,130.026054318611));
#1806=CARTESIAN_POINT('Ctrl Pts',(8.54997351709273,1.23675360765346,130.040527698208));
#1807=CARTESIAN_POINT('Ctrl Pts',(8.19505278126715,1.59167434347905,130.067738873757));
#1808=CARTESIAN_POINT('Ctrl Pts',(7.97028950698229,1.74556201486984,130.082249339812));
#1809=CARTESIAN_POINT('Ctrl Pts',(7.47758952836115,1.94973019494493,130.102742640576));
#1810=CARTESIAN_POINT('Ctrl Pts',(7.20963597144495,2.,130.10842584225));
#1811=CARTESIAN_POINT('Ctrl Pts',(6.9583,2.,130.10842584225));
#1812=CARTESIAN_POINT('',(18.9583,2.,130.10842584225));
#1813=CARTESIAN_POINT('',(20.9583,-2.95937027512416E-16,130.));
#1814=CARTESIAN_POINT('Ctrl Pts',(18.9583,2.,130.10842584225));
#1815=CARTESIAN_POINT('Ctrl Pts',(18.706964028555,2.,130.10842584225));
#1816=CARTESIAN_POINT('Ctrl Pts',(18.4390104716389,1.94973019494493,130.102742640576));
#1817=CARTESIAN_POINT('Ctrl Pts',(17.9463104930177,1.74556201486984,130.082249339812));
#1818=CARTESIAN_POINT('Ctrl Pts',(17.7215472187329,1.59167434347905,130.067738873757));
#1819=CARTESIAN_POINT('Ctrl Pts',(17.3666264829073,1.23675360765346,130.040527698208));
#1820=CARTESIAN_POINT('Ctrl Pts',(17.2127381655551,1.01198997212347,130.026054318611));
#1821=CARTESIAN_POINT('Ctrl Pts',(17.0085695067673,0.519288778792792,130.005645945169));
#1822=CARTESIAN_POINT('Ctrl Pts',(16.9583,0.25133480104208,130.));
#1823=CARTESIAN_POINT('Ctrl Pts',(16.9583,-0.25133480104208,130.));
#1824=CARTESIAN_POINT('Ctrl Pts',(17.0085695067673,-0.519288778792792,130.005645945169));
#1825=CARTESIAN_POINT('Ctrl Pts',(17.2127381655552,-1.01198997212347,130.026054318611));
#1826=CARTESIAN_POINT('Ctrl Pts',(17.3666264829073,-1.23675360765346,130.040527698208));
#1827=CARTESIAN_POINT('Ctrl Pts',(17.7215472187329,-1.59167434347904,130.067738873757));
#1828=CARTESIAN_POINT('Ctrl Pts',(17.9463104930177,-1.74556201486984,130.082249339812));
#1829=CARTESIAN_POINT('Ctrl Pts',(18.4390104716389,-1.94973019494493,130.102742640576));
#1830=CARTESIAN_POINT('Ctrl Pts',(18.706964028555,-2.,130.10842584225));
#1831=CARTESIAN_POINT('Ctrl Pts',(19.209635971445,-2.,130.10842584225));
#1832=CARTESIAN_POINT('Ctrl Pts',(19.4775895283612,-1.94973019494493,130.102742640576));
#1833=CARTESIAN_POINT('Ctrl Pts',(19.9702895069823,-1.74556201486984,130.082249339812));
#1834=CARTESIAN_POINT('Ctrl Pts',(20.1950527812671,-1.59167434347905,130.067738873757));
#1835=CARTESIAN_POINT('Ctrl Pts',(20.5499735170927,-1.23675360765346,130.040527698208));
#1836=CARTESIAN_POINT('Ctrl Pts',(20.7038618344449,-1.01198997212347,130.026054318611));
#1837=CARTESIAN_POINT('Ctrl Pts',(20.9080304932327,-0.519288778792793,130.005645945169));
#1838=CARTESIAN_POINT('Ctrl Pts',(20.9583,-0.25133480104208,130.));
#1839=CARTESIAN_POINT('Ctrl Pts',(20.9583,-6.93889390390723E-17,130.));
#1840=CARTESIAN_POINT('Ctrl Pts',(20.9583,-4.85722573273506E-16,130.));
#1841=CARTESIAN_POINT('Ctrl Pts',(20.9583,0.251334801042079,130.));
#1842=CARTESIAN_POINT('Ctrl Pts',(20.9080304932327,0.519288778792793,130.005645945169));
#1843=CARTESIAN_POINT('Ctrl Pts',(20.7038618344449,1.01198997212347,130.026054318611));
#1844=CARTESIAN_POINT('Ctrl Pts',(20.5499735170927,1.23675360765346,130.040527698208));
#1845=CARTESIAN_POINT('Ctrl Pts',(20.1950527812671,1.59167434347904,130.067738873757));
#1846=CARTESIAN_POINT('Ctrl Pts',(19.9702895069823,1.74556201486984,130.082249339812));
#1847=CARTESIAN_POINT('Ctrl Pts',(19.4775895283612,1.94973019494493,130.102742640576));
#1848=CARTESIAN_POINT('Ctrl Pts',(19.209635971445,2.,130.10842584225));
#1849=CARTESIAN_POINT('Ctrl Pts',(18.9583,2.,130.10842584225));
#1850=CARTESIAN_POINT('Origin',(12.9587047484049,16.6261826174069,140.747043664719));
#1851=CARTESIAN_POINT('Origin',(12.958704748405,31.0952644493762,134.));
#1852=CARTESIAN_POINT('Origin',(12.9587047484049,-16.626182617407,140.747043664719));
#1853=CARTESIAN_POINT('',(6.82887371640159,-12.4,134.));
#1854=CARTESIAN_POINT('Origin',(12.9587047484049,-31.0952644493763,134.));
#1855=CARTESIAN_POINT('Origin',(12.9587047484049,-12.4,142.717744983977));
#1856=CARTESIAN_POINT('Origin',(-9.51945078592296,7.09739000265889,132.832090544801));
#1857=CARTESIAN_POINT('Ctrl Pts',(-8.20346624191864,7.63360994246818,131.648353218565));
#1858=CARTESIAN_POINT('Ctrl Pts',(-8.25963868492332,7.64119160510629,131.63161624854));
#1859=CARTESIAN_POINT('Ctrl Pts',(-8.31663477578186,7.64823111337711,131.616076116441));
#1860=CARTESIAN_POINT('Ctrl Pts',(-8.37471755576705,7.65477869039981,131.601621951754));
#1861=CARTESIAN_POINT('Ctrl Pts',(-9.16074496156766,7.74338627741186,131.406015447134));
#1862=CARTESIAN_POINT('Ctrl Pts',(-10.121245122043,7.73646996830476,131.42128360977));
#1863=CARTESIAN_POINT('Ctrl Pts',(-10.8833337580794,7.63360994246845,131.648353218564));
#1864=CARTESIAN_POINT('Ctrl Pts',(-12.1934,14.7615946673504,139.759582104858));
#1865=CARTESIAN_POINT('Ctrl Pts',(-12.1934,12.005751490716,135.10526918432));
#1866=CARTESIAN_POINT('Ctrl Pts',(-12.1934,7.07869270021129,132.873365949097));
#1867=CARTESIAN_POINT('Ctrl Pts',(-12.1934,14.4674008780849,139.933775795871));
#1868=CARTESIAN_POINT('Ctrl Pts',(-12.1934,11.7664807612571,135.372221820784));
#1869=CARTESIAN_POINT('Ctrl Pts',(-12.1934,6.93761665284311,133.184799692436));
#1870=CARTESIAN_POINT('Ctrl Pts',(-12.0079699521892,14.1978615943822,140.093371424379));
#1871=CARTESIAN_POINT('Ctrl Pts',(-12.0079699521892,11.5472617859334,135.616802858999));
#1872=CARTESIAN_POINT('Ctrl Pts',(-12.0079699521892,6.80836328943879,133.470134159591));
#1873=CARTESIAN_POINT('Ctrl Pts',(-11.7456377888059,14.0020446367593,140.209315675603));
#1874=CARTESIAN_POINT('Ctrl Pts',(-11.7456377888059,11.388001910299,135.794487959803));
#1875=CARTESIAN_POINT('Ctrl Pts',(-11.7456377888059,6.71446231872803,133.677426122735));
#1876=CARTESIAN_POINT('Ctrl Pts',(-11.274346686861,13.6502509849731,140.417614548371));
#1877=CARTESIAN_POINT('Ctrl Pts',(-11.274346686861,11.1018846408214,136.113706944915));
#1878=CARTESIAN_POINT('Ctrl Pts',(-11.2743466868611,6.54576515483777,134.049835119309));
#1879=CARTESIAN_POINT('Ctrl Pts',(-10.5314988019518,13.4642458458826,140.527749170201));
#1880=CARTESIAN_POINT('Ctrl Pts',(-10.5314988019518,10.9506048146076,136.282488761826));
#1881=CARTESIAN_POINT('Ctrl Pts',(-10.5314988019518,6.4565692888116,134.24674028475));
#1882=CARTESIAN_POINT('Ctrl Pts',(-9.75348773009792,13.4349421519279,140.545100041622));
#1883=CARTESIAN_POINT('Ctrl Pts',(-9.75348773009793,10.9267718293977,136.30907905246));
#1884=CARTESIAN_POINT('Ctrl Pts',(-9.75348773009794,6.44251715900037,134.277761194895));
#1885=CARTESIAN_POINT('Ctrl Pts',(-8.65822122346449,13.3936890699727,140.569526208569));
#1886=CARTESIAN_POINT('Ctrl Pts',(-8.65822122346449,10.8932202882979,136.346512266185));
#1887=CARTESIAN_POINT('Ctrl Pts',(-8.65822122346451,6.42273488637482,134.32143173522));
#1888=CARTESIAN_POINT('Ctrl Pts',(-7.52447593851994,13.6518833988499,140.416647987523));
#1889=CARTESIAN_POINT('Ctrl Pts',(-7.52447593851995,11.1032122992335,136.112225685949));
#1890=CARTESIAN_POINT('Ctrl Pts',(-7.52447593851997,6.54654795347531,134.04810704488));
#1891=CARTESIAN_POINT('Ctrl Pts',(-7.06550164193429,14.2727413545411,140.049034724285));
#1892=CARTESIAN_POINT('Ctrl Pts',(-7.0655016419343,11.6081622382498,135.548856661215));
#1893=CARTESIAN_POINT('Ctrl Pts',(-7.06550164193431,6.84427071160928,133.390866395085));
#1894=CARTESIAN_POINT('Ctrl Pts',(-6.86923954230387,14.5382265611478,139.891839536163));
#1895=CARTESIAN_POINT('Ctrl Pts',(-6.86923954230388,11.8240839924239,135.307954308984));
#1896=CARTESIAN_POINT('Ctrl Pts',(-6.8692395423039,6.97158000551488,133.109823576673));
#1897=CARTESIAN_POINT('Ctrl Pts',(-6.84550157184591,14.897078405038,139.679361470701));
#1898=CARTESIAN_POINT('Ctrl Pts',(-6.84550157184592,12.1159417596108,134.982330691757));
#1899=CARTESIAN_POINT('Ctrl Pts',(-6.84550157184593,7.14366181544436,132.729942773187));
#1900=CARTESIAN_POINT('Ctrl Pts',(-7.01524654022539,15.1758041844071,139.514326469759));
#1901=CARTESIAN_POINT('Ctrl Pts',(-7.0152465402254,12.3426322030602,134.729413790151));
#1902=CARTESIAN_POINT('Ctrl Pts',(-7.01524654022542,7.27732041969695,132.434883475536));
#1903=CARTESIAN_POINT('Ctrl Pts',(-7.25692401377898,15.5726450617259,139.279354897662));
#1904=CARTESIAN_POINT('Ctrl Pts',(-7.25692401377899,12.6653868282759,134.369318770058));
#1905=CARTESIAN_POINT('Ctrl Pts',(-7.256924013779,7.46761927864308,132.014787455692));
#1906=CARTESIAN_POINT('Ctrl Pts',(-7.77004425769216,15.8207932093395,139.132425073417));
#1907=CARTESIAN_POINT('Ctrl Pts',(-7.77004425769217,12.8672081802549,134.144148135408));
#1908=CARTESIAN_POINT('Ctrl Pts',(-7.77004425769218,7.58661485606321,131.7520976596));
#1909=CARTESIAN_POINT('Ctrl Pts',(-8.37471755576702,15.9629390738463,139.048259758907));
#1910=CARTESIAN_POINT('Ctrl Pts',(-8.37471755576703,12.9828168230309,134.015164401974));
#1911=CARTESIAN_POINT('Ctrl Pts',(-8.37471755576705,7.65477869039982,131.601621951754));
#1912=CARTESIAN_POINT('Ctrl Pts',(-9.41497414917512,16.2074813303832,138.903465001747));
#1913=CARTESIAN_POINT('Ctrl Pts',(-9.41497414917513,13.1817054679992,133.793265767498));
#1914=CARTESIAN_POINT('Ctrl Pts',(-9.41497414917515,7.77204511894294,131.342749354383));
#1915=CARTESIAN_POINT('Ctrl Pts',(-10.7540718501202,16.1017471367284,138.966070774306));
#1916=CARTESIAN_POINT('Ctrl Pts',(-10.7540718501202,13.095710798609,133.88920940326));
#1917=CARTESIAN_POINT('Ctrl Pts',(-10.7540718501202,7.72134193397861,131.454679642956));
#1918=CARTESIAN_POINT('Ctrl Pts',(-11.5467260797649,15.6505216397125,139.23324376596));
#1919=CARTESIAN_POINT('Ctrl Pts',(-11.5467260797649,12.7287246222828,134.298653247634));
#1920=CARTESIAN_POINT('Ctrl Pts',(-11.5467260797649,7.50496377810495,131.932347257817));
#1921=CARTESIAN_POINT('Ctrl Pts',(-11.9165120154379,15.440017694394,139.357884259898));
#1922=CARTESIAN_POINT('Ctrl Pts',(-11.9165120154379,12.5575196737484,134.489665380586));
#1923=CARTESIAN_POINT('Ctrl Pts',(-11.916512015438,7.40401989130473,132.155186876022));
#1924=CARTESIAN_POINT('Ctrl Pts',(-12.1934,15.1251569836537,139.544314943889));
#1925=CARTESIAN_POINT('Ctrl Pts',(-12.1934,12.3014403318804,134.775371265339));
#1926=CARTESIAN_POINT('Ctrl Pts',(-12.1934,7.25303334378556,132.488498636344));
#1927=CARTESIAN_POINT('Ctrl Pts',(-12.1934,14.7615946673504,139.759582104858));
#1928=CARTESIAN_POINT('Ctrl Pts',(-12.1934,12.005751490716,135.10526918432));
#1929=CARTESIAN_POINT('Ctrl Pts',(-12.1934,7.07869270021129,132.873365949097));
#1930=CARTESIAN_POINT('Ctrl Pts',(-10.8833337580812,11.489125293076,134.));
#1931=CARTESIAN_POINT('Ctrl Pts',(-10.8427787089067,11.5104858514968,134.));
#1932=CARTESIAN_POINT('Ctrl Pts',(-10.801601640972,11.5308021808867,134.));
#1933=CARTESIAN_POINT('Ctrl Pts',(-10.4259342736701,11.7041831871203,134.));
#1934=CARTESIAN_POINT('Ctrl Pts',(-10.060087362006,11.7891580733959,134.));
#1935=CARTESIAN_POINT('Ctrl Pts',(-9.30330279959024,11.8263415476492,134.));
#1936=CARTESIAN_POINT('Ctrl Pts',(-8.90790950199745,11.770613153164,133.999999999964));
#1937=CARTESIAN_POINT('Ctrl Pts',(-8.42558862381593,11.5962041359802,133.999999999964));
#1938=CARTESIAN_POINT('Ctrl Pts',(-8.31248773680602,11.5465474897706,134.));
#1939=CARTESIAN_POINT('Ctrl Pts',(-8.20346624191872,11.489125293076,134.));
#1940=CARTESIAN_POINT('Origin',(-9.51945078592298,-7.09739000265898,132.832090544801));
#1941=CARTESIAN_POINT('Ctrl Pts',(-8.20346624191864,-7.63360994246827,131.648353218565));
#1942=CARTESIAN_POINT('Ctrl Pts',(-8.25963868492332,-7.64119160510638,131.63161624854));
#1943=CARTESIAN_POINT('Ctrl Pts',(-8.31663477578187,-7.6482311133772,131.616076116441));
#1944=CARTESIAN_POINT('Ctrl Pts',(-8.37471755576707,-7.65477869039991,131.601621951754));
#1945=CARTESIAN_POINT('Ctrl Pts',(-9.16074496156769,-7.74338627741195,131.406015447134));
#1946=CARTESIAN_POINT('Ctrl Pts',(-10.121245122043,-7.73646996830485,131.42128360977));
#1947=CARTESIAN_POINT('Ctrl Pts',(-10.8833337580794,-7.63360994246853,131.648353218564));
#1948=CARTESIAN_POINT('Ctrl Pts',(-12.1934,-14.7615946673505,139.759582104858));
#1949=CARTESIAN_POINT('Ctrl Pts',(-12.1934,-12.0057514907161,135.10526918432));
#1950=CARTESIAN_POINT('Ctrl Pts',(-12.1934,-7.07869270021138,132.873365949097));
#1951=CARTESIAN_POINT('Ctrl Pts',(-12.1934,-14.467400878085,139.933775795871));
#1952=CARTESIAN_POINT('Ctrl Pts',(-12.1934,-11.7664807612572,135.372221820784));
#1953=CARTESIAN_POINT('Ctrl Pts',(-12.1934,-6.9376166528432,133.184799692436));
#1954=CARTESIAN_POINT('Ctrl Pts',(-12.0079699521892,-14.1978615943823,140.093371424379));
#1955=CARTESIAN_POINT('Ctrl Pts',(-12.0079699521892,-11.5472617859335,135.616802858999));
#1956=CARTESIAN_POINT('Ctrl Pts',(-12.0079699521892,-6.80836328943887,133.470134159591));
#1957=CARTESIAN_POINT('Ctrl Pts',(-11.7456377888059,-14.0020446367594,140.209315675603));
#1958=CARTESIAN_POINT('Ctrl Pts',(-11.7456377888059,-11.388001910299,135.794487959803));
#1959=CARTESIAN_POINT('Ctrl Pts',(-11.7456377888059,-6.71446231872811,133.677426122735));
#1960=CARTESIAN_POINT('Ctrl Pts',(-11.2743466868611,-13.6502509849732,140.417614548371));
#1961=CARTESIAN_POINT('Ctrl Pts',(-11.2743466868611,-11.1018846408215,136.113706944915));
#1962=CARTESIAN_POINT('Ctrl Pts',(-11.2743466868611,-6.54576515483785,134.049835119309));
#1963=CARTESIAN_POINT('Ctrl Pts',(-10.5314988019518,-13.4642458458827,140.527749170201));
#1964=CARTESIAN_POINT('Ctrl Pts',(-10.5314988019518,-10.9506048146076,136.282488761826));
#1965=CARTESIAN_POINT('Ctrl Pts',(-10.5314988019518,-6.45656928881169,134.24674028475));
#1966=CARTESIAN_POINT('Ctrl Pts',(-9.75348773009796,-13.434942151928,140.545100041622));
#1967=CARTESIAN_POINT('Ctrl Pts',(-9.75348773009796,-10.9267718293978,136.30907905246));
#1968=CARTESIAN_POINT('Ctrl Pts',(-9.75348773009796,-6.44251715900046,134.277761194895));
#1969=CARTESIAN_POINT('Ctrl Pts',(-8.65822122346452,-13.3936890699728,140.569526208569));
#1970=CARTESIAN_POINT('Ctrl Pts',(-8.65822122346452,-10.893220288298,136.346512266185));
#1971=CARTESIAN_POINT('Ctrl Pts',(-8.65822122346452,-6.42273488637491,134.32143173522));
#1972=CARTESIAN_POINT('Ctrl Pts',(-7.52447593851998,-13.65188339885,140.416647987523));
#1973=CARTESIAN_POINT('Ctrl Pts',(-7.52447593851998,-11.1032122992335,136.112225685949));
#1974=CARTESIAN_POINT('Ctrl Pts',(-7.52447593851998,-6.5465479534754,134.04810704488));
#1975=CARTESIAN_POINT('Ctrl Pts',(-7.06550164193433,-14.2727413545412,140.049034724285));
#1976=CARTESIAN_POINT('Ctrl Pts',(-7.06550164193433,-11.6081622382499,135.548856661215));
#1977=CARTESIAN_POINT('Ctrl Pts',(-7.06550164193433,-6.84427071160938,133.390866395085));
#1978=CARTESIAN_POINT('Ctrl Pts',(-6.86923954230391,-14.5382265611479,139.891839536163));
#1979=CARTESIAN_POINT('Ctrl Pts',(-6.86923954230391,-11.824083992424,135.307954308984));
#1980=CARTESIAN_POINT('Ctrl Pts',(-6.86923954230391,-6.97158000551498,133.109823576673));
#1981=CARTESIAN_POINT('Ctrl Pts',(-6.84550157184595,-14.8970784050381,139.679361470701));
#1982=CARTESIAN_POINT('Ctrl Pts',(-6.84550157184595,-12.1159417596109,134.982330691757));
#1983=CARTESIAN_POINT('Ctrl Pts',(-6.84550157184595,-7.14366181544446,132.729942773187));
#1984=CARTESIAN_POINT('Ctrl Pts',(-7.01524654022543,-15.1758041844072,139.514326469759));
#1985=CARTESIAN_POINT('Ctrl Pts',(-7.01524654022544,-12.3426322030603,134.729413790151));
#1986=CARTESIAN_POINT('Ctrl Pts',(-7.01524654022544,-7.27732041969705,132.434883475536));
#1987=CARTESIAN_POINT('Ctrl Pts',(-7.25692401377902,-15.572645061726,139.279354897662));
#1988=CARTESIAN_POINT('Ctrl Pts',(-7.25692401377902,-12.665386828276,134.369318770058));
#1989=CARTESIAN_POINT('Ctrl Pts',(-7.25692401377902,-7.46761927864318,132.014787455692));
#1990=CARTESIAN_POINT('Ctrl Pts',(-7.7700442576922,-15.8207932093396,139.132425073417));
#1991=CARTESIAN_POINT('Ctrl Pts',(-7.7700442576922,-12.867208180255,134.144148135408));
#1992=CARTESIAN_POINT('Ctrl Pts',(-7.7700442576922,-7.58661485606331,131.7520976596));
#1993=CARTESIAN_POINT('Ctrl Pts',(-8.37471755576706,-15.9629390738464,139.048259758907));
#1994=CARTESIAN_POINT('Ctrl Pts',(-8.37471755576706,-12.982816823031,134.015164401974));
#1995=CARTESIAN_POINT('Ctrl Pts',(-8.37471755576707,-7.65477869039992,131.601621951754));
#1996=CARTESIAN_POINT('Ctrl Pts',(-9.41497414917516,-16.2074813303833,138.903465001747));
#1997=CARTESIAN_POINT('Ctrl Pts',(-9.41497414917517,-13.1817054679993,133.793265767498));
#1998=CARTESIAN_POINT('Ctrl Pts',(-9.41497414917517,-7.77204511894303,131.342749354383));
#1999=CARTESIAN_POINT('Ctrl Pts',(-10.7540718501202,-16.1017471367285,138.966070774306));
#2000=CARTESIAN_POINT('Ctrl Pts',(-10.7540718501202,-13.0957107986091,133.88920940326));
#2001=CARTESIAN_POINT('Ctrl Pts',(-10.7540718501202,-7.72134193397869,131.454679642956));
#2002=CARTESIAN_POINT('Ctrl Pts',(-11.5467260797649,-15.6505216397126,139.23324376596));
#2003=CARTESIAN_POINT('Ctrl Pts',(-11.5467260797649,-12.7287246222829,134.298653247634));
#2004=CARTESIAN_POINT('Ctrl Pts',(-11.5467260797649,-7.50496377810503,131.932347257817));
#2005=CARTESIAN_POINT('Ctrl Pts',(-11.916512015438,-15.4400176943941,139.357884259898));
#2006=CARTESIAN_POINT('Ctrl Pts',(-11.916512015438,-12.5575196737485,134.489665380586));
#2007=CARTESIAN_POINT('Ctrl Pts',(-11.916512015438,-7.40401989130482,132.155186876022));
#2008=CARTESIAN_POINT('Ctrl Pts',(-12.1934,-15.1251569836538,139.544314943889));
#2009=CARTESIAN_POINT('Ctrl Pts',(-12.1934,-12.3014403318805,134.775371265339));
#2010=CARTESIAN_POINT('Ctrl Pts',(-12.1934,-7.25303334378565,132.488498636344));
#2011=CARTESIAN_POINT('Ctrl Pts',(-12.1934,-14.7615946673505,139.759582104858));
#2012=CARTESIAN_POINT('Ctrl Pts',(-12.1934,-12.0057514907161,135.10526918432));
#2013=CARTESIAN_POINT('Ctrl Pts',(-12.1934,-7.07869270021138,132.873365949097));
#2014=CARTESIAN_POINT('Ctrl Pts',(-8.20346624191869,-11.4891252930761,134.));
#2015=CARTESIAN_POINT('Ctrl Pts',(-8.24402129109325,-11.5104858514969,134.));
#2016=CARTESIAN_POINT('Ctrl Pts',(-8.28519835902789,-11.5308021808868,134.));
#2017=CARTESIAN_POINT('Ctrl Pts',(-8.66086572632982,-11.7041831871204,134.));
#2018=CARTESIAN_POINT('Ctrl Pts',(-9.02671263799395,-11.789158073396,134.));
#2019=CARTESIAN_POINT('Ctrl Pts',(-9.78349720040966,-11.8263415476493,134.));
#2020=CARTESIAN_POINT('Ctrl Pts',(-10.1788904980025,-11.7706131531641,133.999999999964));
#2021=CARTESIAN_POINT('Ctrl Pts',(-10.661211376184,-11.5962041359803,133.999999999964));
#2022=CARTESIAN_POINT('Ctrl Pts',(-10.7743122631939,-11.5465474897707,134.));
#2023=CARTESIAN_POINT('Ctrl Pts',(-10.8833337580813,-11.4891252930761,134.));
#2024=CARTESIAN_POINT('Origin',(-44.4417,-12.4000000000001,134.));
#2025=CARTESIAN_POINT('',(-9.17949762579664,-12.4000000000001,134.));
#2026=CARTESIAN_POINT('Origin',(26.0827047484067,-12.4,126.));
#2027=CARTESIAN_POINT('Origin',(-44.4417,11.489125293076,134.));
#2028=CARTESIAN_POINT('Origin',(-19.0417,9.99999999999991,126.));
#2029=CARTESIAN_POINT('Origin',(18.9583,-2.72995212546176E-32,130.));
#2030=CARTESIAN_POINT('',(20.9583,2.44929359829471E-16,129.));
#2031=CARTESIAN_POINT('',(20.9583,-2.44929359829471E-16,130.));
#2032=CARTESIAN_POINT('Origin',(18.9583,-2.72995212546176E-32,129.));
#2033=CARTESIAN_POINT('Origin',(18.9583,0.,129.));
#2034=CARTESIAN_POINT('',(17.8583,-1.34711147906209E-16,129.));
#2035=CARTESIAN_POINT('Origin',(18.9583,-2.72995212546176E-32,129.));
#2036=CARTESIAN_POINT('Origin',(6.9583,2.72995212546176E-32,130.));
#2037=CARTESIAN_POINT('',(8.9583,2.44929359829471E-16,129.));
#2038=CARTESIAN_POINT('',(8.9583,-2.44929359829471E-16,130.));
#2039=CARTESIAN_POINT('Origin',(6.9583,2.72995212546176E-32,129.));
#2040=CARTESIAN_POINT('Origin',(6.9583,0.,129.));
#2041=CARTESIAN_POINT('',(5.8583,-1.34711147906209E-16,129.));
#2042=CARTESIAN_POINT('Origin',(6.9583,2.72995212546176E-32,129.));
#2043=CARTESIAN_POINT('Origin',(12.9583,-6.,130.));
#2044=CARTESIAN_POINT('',(14.9583,-6.,129.));
#2045=CARTESIAN_POINT('',(14.9583,-6.,130.));
#2046=CARTESIAN_POINT('Origin',(12.9583,-6.,129.));
#2047=CARTESIAN_POINT('Origin',(12.9583,-6.,129.));
#2048=CARTESIAN_POINT('Origin',(12.9583,6.,130.));
#2049=CARTESIAN_POINT('',(14.9583,6.,129.));
#2050=CARTESIAN_POINT('',(14.9583,6.,130.));
#2051=CARTESIAN_POINT('Origin',(12.9583,6.,129.));
#2052=CARTESIAN_POINT('Origin',(12.9583,6.,129.));
#2053=CARTESIAN_POINT('Origin',(18.9583,-2.72995212546176E-32,126.));
#2054=CARTESIAN_POINT('',(17.8583,-1.34711147906209E-16,126.));
#2055=CARTESIAN_POINT('Origin',(6.9583,2.72995212546176E-32,126.));
#2056=CARTESIAN_POINT('',(5.8583,-1.34711147906209E-16,126.));
#2057=CARTESIAN_POINT('Origin',(12.9583,0.,126.));
#2058=CARTESIAN_POINT('',(9.9583,-3.67394039744206E-16,126.));
#2059=CARTESIAN_POINT('Origin',(-42.0417,-9.99999999999999,126.));
#2060=UNCERTAINTY_MEASURE_WITH_UNIT(LENGTH_MEASURE(0.01),#2064,
'DISTANCE_ACCURACY_VALUE',
'Maximum model space distance between geometric entities at asserted c
onnectivities');
#2061=UNCERTAINTY_MEASURE_WITH_UNIT(LENGTH_MEASURE(0.01),#2064,
'DISTANCE_ACCURACY_VALUE',
'Maximum model space distance between geometric entities at asserted c
onnectivities');
#2062=(
GEOMETRIC_REPRESENTATION_CONTEXT(3)
GLOBAL_UNCERTAINTY_ASSIGNED_CONTEXT((#2060))
GLOBAL_UNIT_ASSIGNED_CONTEXT((#2064,#2066,#2067))
REPRESENTATION_CONTEXT('','3D')
);
#2063=(
GEOMETRIC_REPRESENTATION_CONTEXT(3)
GLOBAL_UNCERTAINTY_ASSIGNED_CONTEXT((#2061))
GLOBAL_UNIT_ASSIGNED_CONTEXT((#2064,#2066,#2067))
REPRESENTATION_CONTEXT('','3D')
);
#2064=(
LENGTH_UNIT()
NAMED_UNIT(*)
SI_UNIT(.MILLI.,.METRE.)
);
#2065=(
LENGTH_UNIT()
NAMED_UNIT(*)
SI_UNIT($,.METRE.)
);
#2066=(
NAMED_UNIT(*)
PLANE_ANGLE_UNIT()
SI_UNIT($,.RADIAN.)
);
#2067=(
NAMED_UNIT(*)
SI_UNIT($,.STERADIAN.)
SOLID_ANGLE_UNIT()
);
#2068=SHAPE_DEFINITION_REPRESENTATION(#2069,#2070);
#2069=PRODUCT_DEFINITION_SHAPE('',$,#2072);
#2070=SHAPE_REPRESENTATION('',(#966),#2062);
#2071=PRODUCT_DEFINITION_CONTEXT('part definition',#2076,'design');
#2072=PRODUCT_DEFINITION('2026-09-20-16-40-35-216','roll_servo_cradle',
#2073,#2071);
#2073=PRODUCT_DEFINITION_FORMATION('',$,#2078);
#2074=PRODUCT_RELATED_PRODUCT_CATEGORY('roll_servo_cradle',
'roll_servo_cradle',(#2078));
#2075=APPLICATION_PROTOCOL_DEFINITION('international standard',
'automotive_design',2009,#2076);
#2076=APPLICATION_CONTEXT(
'Core Data for Automotive Mechanical Design Process');
#2077=PRODUCT_CONTEXT('part definition',#2076,'mechanical');
#2078=PRODUCT('2026-09-20-16-40-35-216','roll_servo_cradle',$,(#2077));
#2079=PRESENTATION_STYLE_ASSIGNMENT((#2080));
#2080=SURFACE_STYLE_USAGE(.BOTH.,#2081);
#2081=SURFACE_SIDE_STYLE('',(#2082));
#2082=SURFACE_STYLE_FILL_AREA(#2083);
#2083=FILL_AREA_STYLE('\X2\92FC\X0\ - \X2\30B530C630F3\X0\',(#2084));
#2084=FILL_AREA_STYLE_COLOUR('\X2\92FC\X0\ - \X2\30B530C630F3\X0\',#2085);
#2085=COLOUR_RGB('\X2\92FC\X0\ - \X2\30B530C630F3\X0\',0.627450980392157,
0.627450980392157,0.627450980392157);
ENDSEC;
END-ISO-10303-21;
