ISO-10303-21;
HEADER;
FILE_DESCRIPTION (( 'STEP AP214' ),
    '1' );
FILE_NAME ('shoulder.step',
    '2026-08-30T03:52:14',
    ( '' ),
    ( '' ),
    'SwSTEP 2.0',
    'SolidWorks 2026',
    '' );
FILE_SCHEMA (( 'AUTOMOTIVE_DESIGN' ));
ENDSEC;

DATA;
#1 = CARTESIAN_POINT ( 'NONE',  ( -0.02085606485834023971, -0.001362285919360974040, 0.01703492102638928113 ) ) ;
#2 = AXIS2_PLACEMENT_3D ( 'NONE', #2074, #1195, #2089 ) ;
#3 = LINE ( 'NONE', #1945, #2174 ) ;
#4 = LINE ( 'NONE', #2402, #1349 ) ;
#5 = AXIS2_PLACEMENT_3D ( 'NONE', #1679, #2326, #2301 ) ;
#6 = VERTEX_POINT ( 'NONE', #486 ) ;
#7 = CARTESIAN_POINT ( 'NONE',  ( -0.01881958982472595535, 0.006768136321102469384, 0.02635124559013694856 ) ) ;
#8 = ORIENTED_EDGE ( 'NONE', *, *, #2369, .T. ) ;
#9 = LINE ( 'NONE', #1270, #2576 ) ;
#10 = EDGE_CURVE ( 'NONE', #600, #2187, #2626, .T. ) ;
#11 = DIRECTION ( 'NONE',  ( 0.000000000000000000, -1.000000000000000000, 0.000000000000000000 ) ) ;
#12 = EDGE_CURVE ( 'NONE', #49, #2176, #1225, .T. ) ;
#13 = CARTESIAN_POINT ( 'NONE',  ( -0.02113825272177754719, -0.0006403915672210391558, 0.01660496512767332608 ) ) ;
#14 = VECTOR ( 'NONE', #842, 1.000000000000000222 ) ;
#15 = VECTOR ( 'NONE', #2170, 1.000000000000000000 ) ;
#16 = CARTESIAN_POINT ( 'NONE',  ( -0.01884359353944899812, -0.006174471638233079186, 0.02250000000000000264 ) ) ;
#17 = DIRECTION ( 'NONE',  ( 0.000000000000000000, 0.000000000000000000, 1.000000000000000000 ) ) ;
#18 = VECTOR ( 'NONE', #516, 1.000000000000000000 ) ;
#19 = PRODUCT_DEFINITION ( 'UNKNOWN', '', #1179, #1445 ) ;
#20 = ORIENTED_EDGE ( 'NONE', *, *, #1329, .T. ) ;
#21 = ORIENTED_EDGE ( 'NONE', *, *, #1927, .T. ) ;
#22 = CARTESIAN_POINT ( 'NONE',  ( -0.01773316304859775400, 0.000000000000000000, 0.006999999999999999278 ) ) ;
#23 = AXIS2_PLACEMENT_3D ( 'NONE', #1940, #55, #2177 ) ;
#24 = AXIS2_PLACEMENT_3D ( 'NONE', #1182, #2046, #2487 ) ;
#25 = ORIENTED_EDGE ( 'NONE', *, *, #191, .F. ) ;
#26 = DIRECTION ( 'NONE',  ( 0.000000000000000000, -1.000000000000000000, 0.000000000000000000 ) ) ;
#27 = PLANE ( 'NONE',  #2760 ) ;
#28 = DIRECTION ( 'NONE',  ( 0.000000000000000000, 0.000000000000000000, 1.000000000000000000 ) ) ;
#29 = EDGE_CURVE ( 'NONE', #164, #1673, #198, .T. ) ;
#30 = EDGE_CURVE ( 'NONE', #2461, #2771, #2273, .T. ) ;
#31 = CARTESIAN_POINT ( 'NONE',  ( -0.02038918047914588597, 0.001886570201651505347, 0.01783539938110851805 ) ) ;
#32 = ADVANCED_FACE ( 'NONE', ( #1823 ), #987, .F. ) ;
#33 = VERTEX_POINT ( 'NONE', #1003 ) ;
#34 = CARTESIAN_POINT ( 'NONE',  ( -0.01887972503891469783, 0.002000000000000000042, 0.02673606797749980210 ) ) ;
#35 = CARTESIAN_POINT ( 'NONE',  ( -0.03269999999999999990, -0.01750000000000000167, 0.02450000000000000094 ) ) ;
#36 = CIRCLE ( 'NONE', #1597, 0.001000000000000000888 ) ;
#37 = ORIENTED_EDGE ( 'NONE', *, *, #2373, .F. ) ;
#38 = EDGE_LOOP ( 'NONE', ( #2183, #890 ) ) ;
#39 = DIRECTION ( 'NONE',  ( 0.000000000000000000, 1.000000000000000000, 0.000000000000000000 ) ) ;
#40 = ORIENTED_EDGE ( 'NONE', *, *, #1877, .F. ) ;
#41 = VERTEX_POINT ( 'NONE', #975 ) ;
#42 = DIRECTION ( 'NONE',  ( 0.000000000000000000, 0.000000000000000000, 1.000000000000000000 ) ) ;
#43 = LINE ( 'NONE', #1118, #2535 ) ;
#44 = CARTESIAN_POINT ( 'NONE',  ( -0.02092190885320796903, 0.001246969916279793908, 0.01693082070598690703 ) ) ;
#45 = EDGE_LOOP ( 'NONE', ( #2434, #2525, #604, #88, #2205, #885, #716, #1544, #940 ) ) ;
#46 = FACE_OUTER_BOUND ( 'NONE', #1784, .T. ) ;
#47 = CARTESIAN_POINT ( 'NONE',  ( -0.03400000000000000244, 0.002236067977499799856, 0.02249999999999999917 ) ) ;
#48 = VECTOR ( 'NONE', #991, 1.000000000000000000 ) ;
#49 = VERTEX_POINT ( 'NONE', #1849 ) ;
#50 = ORIENTED_EDGE ( 'NONE', *, *, #1715, .F. ) ;
#51 = CARTESIAN_POINT ( 'NONE',  ( -0.03869999999999999829, -0.01450000000000000074, 0.02450000000000000094 ) ) ;
#52 = AXIS2_PLACEMENT_3D ( 'NONE', #313, #1155, #133 ) ;
#53 = EDGE_LOOP ( 'NONE', ( #522, #1013 ) ) ;
#54 = ORIENTED_EDGE ( 'NONE', *, *, #1787, .F. ) ;
#55 = DIRECTION ( 'NONE',  ( -1.000000000000000000, 0.000000000000000000, 0.000000000000000000 ) ) ;
#56 = B_SPLINE_CURVE_WITH_KNOTS ( 'NONE', 3,
 ( #1287, #2154, #235, #34 ),
 .UNSPECIFIED., .F., .F.,
 ( 4, 4 ),
 ( 0.000000000000000000, 1.000000000000000000 ),
 .UNSPECIFIED. ) ;
#57 = EDGE_CURVE ( 'NONE', #33, #2007, #2100, .T. ) ;
#58 = ORIENTED_EDGE ( 'NONE', *, *, #2015, .F. ) ;
#59 = LINE ( 'NONE', #77, #672 ) ;
#60 = FACE_BOUND ( 'NONE', #1743, .T. ) ;
#61 = ORIENTED_EDGE ( 'NONE', *, *, #65, .T. ) ;
#62 = CARTESIAN_POINT ( 'NONE',  ( -0.02046400507023047113, -0.001832731384336129532, 0.03130109572587133626 ) ) ;
#63 = LINE ( 'NONE', #1732, #1708 ) ;
#64 = AXIS2_PLACEMENT_3D ( 'NONE', #1058, #1428, #2109 ) ;
#65 = EDGE_CURVE ( 'NONE', #424, #331, #2702, .T. ) ;
#66 = ORIENTED_EDGE ( 'NONE', *, *, #1682, .F. ) ;
#67 = ORIENTED_EDGE ( 'NONE', *, *, #1215, .F. ) ;
#68 = CARTESIAN_POINT ( 'NONE',  ( -0.03269999999999999990, 0.01450000000000000074, 0.01849999999999999908 ) ) ;
#69 = EDGE_CURVE ( 'NONE', #1600, #6, #1043, .T. ) ;
#70 = CIRCLE ( 'NONE', #1669, 0.01750000000000000167 ) ;
#71 = ADVANCED_FACE ( 'NONE', ( #1393 ), #2059, .F. ) ;
#72 = ORIENTED_EDGE ( 'NONE', *, *, #474, .F. ) ;
#73 = VERTEX_POINT ( 'NONE', #1233 ) ;
#74 = DIRECTION ( 'NONE',  ( 0.000000000000000000, 0.000000000000000000, 1.000000000000000000 ) ) ;
#75 = CIRCLE ( 'NONE', #294, 0.01400000000000000029 ) ;
#76 = ORIENTED_EDGE ( 'NONE', *, *, #1750, .F. ) ;
#77 = CARTESIAN_POINT ( 'NONE',  ( -0.03269999999999999990, 0.01750000000000000167, 0.01949999999999999997 ) ) ;
#78 = FACE_OUTER_BOUND ( 'NONE', #550, .T. ) ;
#79 = DIRECTION ( 'NONE',  ( 0.7421687203733229321, 0.000000000000000000, -0.6702130933512299160 ) ) ;
#80 = EDGE_LOOP ( 'NONE', ( #2028, #243 ) ) ;
#81 = CARTESIAN_POINT ( 'NONE',  ( -0.02043483751340730015, -0.001854799262084935209, 0.03124823081586998452 ) ) ;
#82 = CARTESIAN_POINT ( 'NONE',  ( -0.01886771474559510026, -0.002082992778020680089, 0.02233816301981850216 ) ) ;
#83 = ORIENTED_EDGE ( 'NONE', *, *, #1662, .F. ) ;
#84 = DIRECTION ( 'NONE',  ( 0.000000000000000000, 0.000000000000000000, 1.000000000000000000 ) ) ;
#85 = ORIENTED_EDGE ( 'NONE', *, *, #1906, .T. ) ;
#86 = CARTESIAN_POINT ( 'NONE',  ( -0.01700000000000000122, 1.692711725128499963E-18, 0.01849999999999999908 ) ) ;
#87 = EDGE_LOOP ( 'NONE', ( #2161, #2158, #1362, #2761 ) ) ;
#88 = ORIENTED_EDGE ( 'NONE', *, *, #2472, .F. ) ;
#89 = CARTESIAN_POINT ( 'NONE',  ( -0.01409999999999999969, -0.01750000000000000167, 0.01225829721387380021 ) ) ;
#90 = ORIENTED_EDGE ( 'NONE', *, *, #2013, .T. ) ;
#91 = CARTESIAN_POINT ( 'NONE',  ( -0.03502937140592270182, 0.01750000000000000167, 0.03319333243660159416 ) ) ;
#92 = ORIENTED_EDGE ( 'NONE', *, *, #1016, .F. ) ;
#93 = CARTESIAN_POINT ( 'NONE',  ( -0.02075695046828022333, -0.001518181480929248857, 0.03180535153143561333 ) ) ;
#94 = CYLINDRICAL_SURFACE ( 'NONE', #1204, 0.001000000000000000888 ) ;
#95 = EDGE_LOOP ( 'NONE', ( #1788, #1574, #1801, #125 ) ) ;
#96 = CARTESIAN_POINT ( 'NONE',  ( -0.01700000000000000122, 1.734723475976799968E-18, 0.02450000000000000094 ) ) ;
#97 = ORIENTED_EDGE ( 'NONE', *, *, #478, .F. ) ;
#98 = DIRECTION ( 'NONE',  ( 1.000000000000000000, 0.000000000000000000, 0.000000000000000000 ) ) ;
#99 = EDGE_LOOP ( 'NONE', ( #2175, #1828, #1466, #1206 ) ) ;
#100 = CIRCLE ( 'NONE', #2248, 0.002999999999999999195 ) ;
#101 = VERTEX_POINT ( 'NONE', #1223 ) ;
#102 = CARTESIAN_POINT ( 'NONE',  ( -0.03269999999999999990, 0.002000000000000000042, 0.02450000000000000094 ) ) ;
#103 = EDGE_CURVE ( 'NONE', #1963, #2176, #388, .T. ) ;
#104 = ORIENTED_EDGE ( 'NONE', *, *, #1251, .F. ) ;
#105 = PLANE ( 'NONE',  #805 ) ;
#106 = EDGE_CURVE ( 'NONE', #712, #527, #1434, .T. ) ;
#107 = EDGE_LOOP ( 'NONE', ( #1972, #1932, #2747, #1147 ) ) ;
#108 = CARTESIAN_POINT ( 'NONE',  ( -0.02087755416997920041, -0.001324453548270362662, 0.03199901247683140798 ) ) ;
#109 = CARTESIAN_POINT ( 'NONE',  ( -0.01700000000000000122, 0.002236067977499799856, 0.02249999999999999917 ) ) ;
#110 = ORIENTED_EDGE ( 'NONE', *, *, #1221, .T. ) ;
#111 = LINE ( 'NONE', #1994, #375 ) ;
#112 = VERTEX_POINT ( 'NONE', #2526 ) ;
#113 = CARTESIAN_POINT ( 'NONE',  ( -0.01884359353944890098, 0.002236067977499799856, 0.02249999999999999917 ) ) ;
#114 = AXIS2_PLACEMENT_3D ( 'NONE', #1724, #666, #1507 ) ;
#115 = ORIENTED_EDGE ( 'NONE', *, *, #1419, .T. ) ;
#116 = VECTOR ( 'NONE', #2276, 1.000000000000000000 ) ;
#117 = ORIENTED_EDGE ( 'NONE', *, *, #816, .F. ) ;
#118 = PLANE ( 'NONE',  #2755 ) ;
#119 = EDGE_LOOP ( 'NONE', ( #1101, #110, #913, #2295 ) ) ;
#120 = CARTESIAN_POINT ( 'NONE',  ( -0.03502937140592270182, -0.01750000000000000167, 0.03319333243660159416 ) ) ;
#121 = VECTOR ( 'NONE', #1698, 1.000000000000000000 ) ;
#122 = EDGE_CURVE ( 'NONE', #2026, #1589, #2399, .T. ) ;
#123 = CARTESIAN_POINT ( 'NONE',  ( -0.02070500060797461628, -0.001589313823863295477, 0.03172068417681289665 ) ) ;
#124 = FACE_OUTER_BOUND ( 'NONE', #1723, .T. ) ;
#125 = ORIENTED_EDGE ( 'NONE', *, *, #1489, .T. ) ;
#126 = CARTESIAN_POINT ( 'NONE',  ( -0.01409999999999999969, -0.01750000000000000167, 0.03674170278612609586 ) ) ;
#127 = DIRECTION ( 'NONE',  ( 1.156482317317871478E-16, 0.000000000000000000, 1.000000000000000000 ) ) ;
#128 = ORIENTED_EDGE ( 'NONE', *, *, #2346, .F. ) ;
#129 = DIRECTION ( 'NONE',  ( 0.000000000000000000, 0.000000000000000000, -1.000000000000000000 ) ) ;
#130 = DIRECTION ( 'NONE',  ( 0.000000000000000000, 0.000000000000000000, -1.000000000000000000 ) ) ;
#131 = CARTESIAN_POINT ( 'NONE',  ( -0.01740037752697949636, -0.002084370227245429391, 0.04236851414451357767 ) ) ;
#132 = CARTESIAN_POINT ( 'NONE',  ( -0.02112481818242408979, -0.0006965513163795041983, 0.03237538483347228435 ) ) ;
#133 = DIRECTION ( 'NONE',  ( 0.000000000000000000, 0.000000000000000000, 1.000000000000000000 ) ) ;
#134 = DIRECTION ( 'NONE',  ( -1.000000000000000000, 0.000000000000000000, 0.000000000000000000 ) ) ;
#135 = DIRECTION ( 'NONE',  ( 0.000000000000000000, 0.000000000000000000, 1.000000000000000000 ) ) ;
#136 = ORIENTED_EDGE ( 'NONE', *, *, #2721, .F. ) ;
#137 = CARTESIAN_POINT ( 'NONE',  ( -0.02270349578017739900, 0.01750000000000000167, 0.03649604085652649599 ) ) ;
#138 = AXIS2_PLACEMENT_3D ( 'NONE', #2417, #1111, #327 ) ;
#139 = DIRECTION ( 'NONE',  ( 0.000000000000000000, 0.000000000000000000, 1.000000000000000000 ) ) ;
#140 = CARTESIAN_POINT ( 'NONE',  ( -0.03269999999999999990, 0.01750000000000000167, 0.02750000000000000014 ) ) ;
#141 = VECTOR ( 'NONE', #2477, 1.000000000000000000 ) ;
#142 = DIRECTION ( 'NONE',  ( 0.000000000000000000, 1.000000000000000000, 0.000000000000000000 ) ) ;
#143 = FACE_BOUND ( 'NONE', #269, .T. ) ;
#144 = CARTESIAN_POINT ( 'NONE',  ( -0.02042462357353168334, 0.001862223466739647455, 0.03122953545972835532 ) ) ;
#145 = DIRECTION ( 'NONE',  ( -1.000000000000000000, 0.000000000000000000, 1.387778780781439759E-16 ) ) ;
#146 = ADVANCED_FACE ( 'NONE', ( #1833 ), #1874, .F. ) ;
#147 = EDGE_CURVE ( 'NONE', #1725, #1492, #2714, .T. ) ;
#148 = ORIENTED_EDGE ( 'NONE', *, *, #122, .F. ) ;
#149 = LINE ( 'NONE', #137, #460 ) ;
#150 = AXIS2_PLACEMENT_3D ( 'NONE', #2722, #1905, #1465 ) ;
#151 = VECTOR ( 'NONE', #1960, 1.000000000000000000 ) ;
#152 = ORIENTED_EDGE ( 'NONE', *, *, #1561, .F. ) ;
#153 = CARTESIAN_POINT ( 'NONE',  ( -0.03269999999999999990, -0.01450000000000000074, 0.03049999999999999933 ) ) ;
#154 = CARTESIAN_POINT ( 'NONE',  ( -0.04200000000000000261, -0.004000000000000000083, 0.02249999999999999917 ) ) ;
#155 = CIRCLE ( 'NONE', #1713, 0.001000000000000000888 ) ;
#156 = CARTESIAN_POINT ( 'NONE',  ( -0.01700000000000000122, 1.692711725128499963E-18, 0.03049999999999999933 ) ) ;
#157 = DIRECTION ( 'NONE',  ( 0.000000000000000000, -1.000000000000000000, 0.000000000000000000 ) ) ;
#158 = AXIS2_PLACEMENT_3D ( 'NONE', #1484, #2352, #400 ) ;
#159 = CARTESIAN_POINT ( 'NONE',  ( -0.02035178772462717736, 0.001910256304928493630, 0.03109500368068736711 ) ) ;
#160 = CARTESIAN_POINT ( 'NONE',  ( -0.01700000000000000122, 0.006000000000000000125, 0.02550000000000000183 ) ) ;
#161 = VERTEX_POINT ( 'NONE', #2314 ) ;
#162 = CARTESIAN_POINT ( 'NONE',  ( -0.02670000000000000151, -0.01450000000000000074, 0.02350000000000000006 ) ) ;
#163 = UNCERTAINTY_MEASURE_WITH_UNIT (LENGTH_MEASURE( 1.000000000000000082E-05 ), #1344, 'distance_accuracy_value', 'NONE');
#164 = VERTEX_POINT ( 'NONE', #1408 ) ;
#165 = DIRECTION ( 'NONE',  ( -1.000000000000000000, 0.000000000000000000, 0.000000000000000000 ) ) ;
#166 = DIRECTION ( 'NONE',  ( 1.000000000000000000, 0.000000000000000000, 0.000000000000000000 ) ) ;
#167 = ORIENTED_EDGE ( 'NONE', *, *, #2583, .T. ) ;
#168 = CARTESIAN_POINT ( 'NONE',  ( -0.02037281677454667872, 0.001896911293123257477, 0.01786583279557962811 ) ) ;
#169 = DIRECTION ( 'NONE',  ( -1.000000000000000000, 0.000000000000000000, 0.000000000000000000 ) ) ;
#170 = CARTESIAN_POINT ( 'NONE',  ( -0.02008442623519324927, 0.002000000000000001776, 0.03057070194223017109 ) ) ;
#171 = LINE ( 'NONE', #2534, #903 ) ;
#172 = EDGE_LOOP ( 'NONE', ( #1269, #959 ) ) ;
#173 = DIRECTION ( 'NONE',  ( -0.000000000000000000, 1.000000000000000000, 0.000000000000000000 ) ) ;
#174 = DIRECTION ( 'NONE',  ( -1.156482317317871478E-16, 0.000000000000000000, -1.000000000000000000 ) ) ;
#175 = CARTESIAN_POINT ( 'NONE',  ( -0.02636468570296139971, -0.01750000000000000167, 0.01348497202662039991 ) ) ;
#176 = AXIS2_PLACEMENT_3D ( 'NONE', #2460, #902, #506 ) ;
#177 = EDGE_CURVE ( 'NONE', #1551, #1159, #337, .T. ) ;
#178 = EDGE_CURVE ( 'NONE', #1492, #918, #1207, .T. ) ;
#179 = CARTESIAN_POINT ( 'NONE',  ( -0.02270349578017739900, 0.01750000000000000167, 0.03649604085652649599 ) ) ;
#180 = AXIS2_PLACEMENT_3D ( 'NONE', #2733, #1250, #190 ) ;
#181 = CARTESIAN_POINT ( 'NONE',  ( -0.01700000000000000122, 1.692711725128499963E-18, 0.03049999999999999933 ) ) ;
#182 = FACE_OUTER_BOUND ( 'NONE', #2203, .T. ) ;
#183 = FACE_BOUND ( 'NONE', #1591, .T. ) ;
#184 = ORIENTED_EDGE ( 'NONE', *, *, #354, .T. ) ;
#185 = DIRECTION ( 'NONE',  ( 0.000000000000000000, 0.000000000000000000, 1.000000000000000000 ) ) ;
#186 = ORIENTED_EDGE ( 'NONE', *, *, #2555, .F. ) ;
#187 = DIRECTION ( 'NONE',  ( 0.000000000000000000, 1.000000000000000000, 0.000000000000000000 ) ) ;
#188 = CARTESIAN_POINT ( 'NONE',  ( -0.02670000000000000151, 0.01750000000000000167, 0.02550000000000000183 ) ) ;
#189 = CARTESIAN_POINT ( 'NONE',  ( -0.02070562274203478423, -0.001588636012105806416, 0.01727838422558856599 ) ) ;
#190 = DIRECTION ( 'NONE',  ( 0.000000000000000000, 0.000000000000000000, 1.000000000000000000 ) ) ;
#191 = EDGE_CURVE ( 'NONE', #1748, #2007, #524, .T. ) ;
#192 = CYLINDRICAL_SURFACE ( 'NONE', #1907, 0.001000000000000000888 ) ;
#193 = CARTESIAN_POINT ( 'NONE',  ( -0.02670000000000000151, -0.01750000000000000167, 0.02350000000000000006 ) ) ;
#194 = ADVANCED_FACE ( 'NONE', ( #1194 ), #200, .F. ) ;
#195 = CIRCLE ( 'NONE', #2577, 0.001000000000000000888 ) ;
#196 = ORIENTED_EDGE ( 'NONE', *, *, #478, .T. ) ;
#197 = CARTESIAN_POINT ( 'NONE',  ( -0.03181318966374740292, 0.01450000000000000074, 0.02259169082110390123 ) ) ;
#198 = CIRCLE ( 'NONE', #465, 0.001000000000000000888 ) ;
#199 = EDGE_LOOP ( 'NONE', ( #1958, #1310, #307, #946 ) ) ;
#200 = CYLINDRICAL_SURFACE ( 'NONE', #1360, 0.01499999999999999944 ) ;
#201 = DIRECTION ( 'NONE',  ( -1.000000000000000000, 0.000000000000000000, 0.000000000000000000 ) ) ;
#202 = CARTESIAN_POINT ( 'NONE',  ( -0.02117049541304744098, 0.0005524296496090195770, 0.01655619059481817229 ) ) ;
#203 = FACE_OUTER_BOUND ( 'NONE', #639, .T. ) ;
#204 = AXIS2_PLACEMENT_3D ( 'NONE', #1626, #574, #1904 ) ;
#205 = CARTESIAN_POINT ( 'NONE',  ( -0.01400000000000000029, 0.006000000000000000125, 0.02450000000000000094 ) ) ;
#206 = FACE_BOUND ( 'NONE', #521, .T. ) ;
#207 = EDGE_CURVE ( 'NONE', #2157, #2234, #2578, .T. ) ;
#208 = ORIENTED_EDGE ( 'NONE', *, *, #468, .T. ) ;
#209 = DIRECTION ( 'NONE',  ( -1.982541115402065110E-16, 0.000000000000000000, -1.000000000000000000 ) ) ;
#210 = APPLICATION_CONTEXT ( 'automotive_design' ) ;
#211 = ORIENTED_EDGE ( 'NONE', *, *, #2721, .T. ) ;
#212 = DIRECTION ( 'NONE',  ( 0.000000000000000000, 0.000000000000000000, -1.000000000000000000 ) ) ;
#213 = LINE ( 'NONE', #1926, #1083 ) ;
#214 = CARTESIAN_POINT ( 'NONE',  ( -0.02079576162437951972, 0.001458866090490448537, 0.01713189236697525847 ) ) ;
#215 = CARTESIAN_POINT ( 'NONE',  ( -0.01700000000000000122, 0.006000000000000000125, 0.02450000000000000094 ) ) ;
#216 = PRODUCT ( 'shoulder', 'shoulder', '', ( #484 ) ) ;
#217 = VECTOR ( 'NONE', #2447, 1.000000000000000000 ) ;
#218 = DIRECTION ( 'NONE',  ( -1.000000000000000000, 0.000000000000000000, 0.000000000000000000 ) ) ;
#219 = CARTESIAN_POINT ( 'NONE',  ( -0.03869999999999999829, -0.01450000000000000074, 0.02350000000000000006 ) ) ;
#220 = AXIS2_PLACEMENT_3D ( 'NONE', #2627, #2003, #703 ) ;
#221 = ORIENTED_EDGE ( 'NONE', *, *, #1050, .T. ) ;
#222 = EDGE_LOOP ( 'NONE', ( #932, #1871 ) ) ;
#223 = CARTESIAN_POINT ( 'NONE',  ( -0.01409999999999999969, 0.000000000000000000, 0.02450000000000000094 ) ) ;
#224 = ADVANCED_FACE ( 'NONE', ( #1074 ), #1900, .F. ) ;
#225 = EDGE_CURVE ( 'NONE', #1059, #249, #438, .T. ) ;
#226 = ORIENTED_EDGE ( 'NONE', *, *, #321, .F. ) ;
#227 = FACE_OUTER_BOUND ( 'NONE', #1989, .T. ) ;
#228 = FACE_OUTER_BOUND ( 'NONE', #667, .T. ) ;
#229 = CARTESIAN_POINT ( 'NONE',  ( -0.03269999999999999990, 0.01450000000000000074, 0.03049999999999999933 ) ) ;
#230 = EDGE_CURVE ( 'NONE', #253, #1151, #2082, .T. ) ;
#231 = CARTESIAN_POINT ( 'NONE',  ( -0.02052553387956916262, -0.001780811495475241547, 0.01758895928318639570 ) ) ;
#232 = AXIS2_PLACEMENT_3D ( 'NONE', #2145, #2589, #1071 ) ;
#233 = AXIS2_PLACEMENT_3D ( 'NONE', #2221, #1413, #1839 ) ;
#234 = ORIENTED_EDGE ( 'NONE', *, *, #2085, .T. ) ;
#235 = CARTESIAN_POINT ( 'NONE',  ( -0.01886770773784058816, 0.002083041202567565905, 0.02666179366795007333 ) ) ;
#236 = CARTESIAN_POINT ( 'NONE',  ( -0.03269999999999999990, 0.01450000000000000074, 0.02450000000000000094 ) ) ;
#237 = AXIS2_PLACEMENT_3D ( 'NONE', #939, #134, #1130 ) ;
#238 = ORIENTED_EDGE ( 'NONE', *, *, #1714, .F. ) ;
#239 = ORIENTED_EDGE ( 'NONE', *, *, #1877, .T. ) ;
#240 = LINE ( 'NONE', #2188, #819 ) ;
#241 = AXIS2_PLACEMENT_3D ( 'NONE', #1525, #469, #1786 ) ;
#242 = AXIS2_PLACEMENT_3D ( 'NONE', #2739, #566, #349 ) ;
#243 = ORIENTED_EDGE ( 'NONE', *, *, #2423, .F. ) ;
#244 = EDGE_LOOP ( 'NONE', ( #2416, #1097 ) ) ;
#245 = CARTESIAN_POINT ( 'NONE',  ( 0.000000000000000000, 0.000000000000000000, 0.000000000000000000 ) ) ;
#246 = PLANE ( 'NONE',  #23 ) ;
#247 = CARTESIAN_POINT ( 'NONE',  ( -0.02087852450128775683, -0.001322581957331302096, 0.01699933165501189489 ) ) ;
#248 = DIRECTION ( 'NONE',  ( 0.000000000000000000, 0.000000000000000000, 1.000000000000000000 ) ) ;
#249 = VERTEX_POINT ( 'NONE', #2149 ) ;
#250 = CARTESIAN_POINT ( 'NONE',  ( -0.01770000000000000046, 0.000000000000000000, 0.02450000000000000094 ) ) ;
#251 = DIRECTION ( 'NONE',  ( 0.000000000000000000, 0.000000000000000000, -1.000000000000000000 ) ) ;
#252 = ORIENTED_EDGE ( 'NONE', *, *, #2227, .F. ) ;
#253 = VERTEX_POINT ( 'NONE', #1495 ) ;
#254 = FACE_BOUND ( 'NONE', #80, .T. ) ;
#255 = PRODUCT_RELATED_PRODUCT_CATEGORY ( 'part', '', ( #216 ) ) ;
#256 = ORIENTED_EDGE ( 'NONE', *, *, #1581, .F. ) ;
#257 = ORIENTED_EDGE ( 'NONE', *, *, #2395, .F. ) ;
#258 = DIRECTION ( 'NONE',  ( 0.000000000000000000, -1.000000000000000000, 0.000000000000000000 ) ) ;
#259 = ORIENTED_EDGE ( 'NONE', *, *, #1508, .F. ) ;
#260 = DIRECTION ( 'NONE',  ( 0.000000000000000000, 0.000000000000000000, 1.000000000000000000 ) ) ;
#261 = CARTESIAN_POINT ( 'NONE',  ( -0.02248165155899710041, -0.01750000000000000167, 0.03674170278612609586 ) ) ;
#262 = EDGE_CURVE ( 'NONE', #361, #1319, #296, .T. ) ;
#263 = DIRECTION ( 'NONE',  ( 0.000000000000000000, -1.000000000000000000, 0.000000000000000000 ) ) ;
#264 = EDGE_CURVE ( 'NONE', #329, #2190, #2125, .T. ) ;
#265 = ORIENTED_EDGE ( 'NONE', *, *, #877, .F. ) ;
#266 = CARTESIAN_POINT ( 'NONE',  ( -0.02636468570296139971, 0.01750000000000000167, 0.01348497202662039991 ) ) ;
#267 = FACE_OUTER_BOUND ( 'NONE', #1088, .T. ) ;
#268 = VECTOR ( 'NONE', #166, 1.000000000000000000 ) ;
#269 = EDGE_LOOP ( 'NONE', ( #466, #871 ) ) ;
#270 = ORIENTED_EDGE ( 'NONE', *, *, #1807, .T. ) ;
#271 = LINE ( 'NONE', #449, #1172 ) ;
#272 = AXIS2_PLACEMENT_3D ( 'NONE', #250, #2321, #209 ) ;
#273 = AXIS2_PLACEMENT_3D ( 'NONE', #181, #2542, #2768 ) ;
#274 = ORIENTED_EDGE ( 'NONE', *, *, #1787, .T. ) ;
#275 = ORIENTED_EDGE ( 'NONE', *, *, #2307, .T. ) ;
#276 =( NAMED_UNIT ( * ) SI_UNIT ( $, .STERADIAN. ) SOLID_ANGLE_UNIT ( ) );
#277 = DIRECTION ( 'NONE',  ( -0.6702130933512299160, 0.000000000000000000, -0.7421687203733229321 ) ) ;
#278 = VERTEX_POINT ( 'NONE', #2565 ) ;
#279 = DIRECTION ( 'NONE',  ( 0.000000000000000000, 1.000000000000000000, 0.000000000000000000 ) ) ;
#280 = ORIENTED_EDGE ( 'NONE', *, *, #1501, .F. ) ;
#281 = PLANE ( 'NONE',  #402 ) ;
#282 = CARTESIAN_POINT ( 'NONE',  ( -0.03869999999999999829, 0.01750000000000000167, 0.02450000000000000094 ) ) ;
#283 = AXIS2_PLACEMENT_3D ( 'NONE', #2042, #2482, #127 ) ;
#284 = VECTOR ( 'NONE', #979, 1.000000000000000000 ) ;
#285 = ORIENTED_EDGE ( 'NONE', *, *, #2516, .F. ) ;
#286 = FACE_OUTER_BOUND ( 'NONE', #2564, .T. ) ;
#287 = ORIENTED_EDGE ( 'NONE', *, *, #1542, .F. ) ;
#288 = DIRECTION ( 'NONE',  ( 0.000000000000000000, 0.000000000000000000, 1.000000000000000000 ) ) ;
#289 = EDGE_CURVE ( 'NONE', #621, #2210, #1001, .T. ) ;
#290 = AXIS2_PLACEMENT_3D ( 'NONE', #2580, #1052, #212 ) ;
#291 = EDGE_LOOP ( 'NONE', ( #1141, #1736, #2392, #845 ) ) ;
#292 = ORIENTED_EDGE ( 'NONE', *, *, #207, .F. ) ;
#293 = DIRECTION ( 'NONE',  ( 0.000000000000000000, 0.000000000000000000, 1.000000000000000000 ) ) ;
#294 = AXIS2_PLACEMENT_3D ( 'NONE', #632, #822, #1689 ) ;
#295 = VECTOR ( 'NONE', #579, 1.000000000000000000 ) ;
#296 = LINE ( 'NONE', #2363, #1859 ) ;
#297 = CARTESIAN_POINT ( 'NONE',  ( -0.01409999999999999969, 0.000000000000000000, 0.02450000000000000094 ) ) ;
#298 = EDGE_LOOP ( 'NONE', ( #50, #558, #1951, #1279 ) ) ;
#299 = CARTESIAN_POINT ( 'NONE',  ( -0.01409999999999999969, -0.006000398485768059995, 0.008060863221811421370 ) ) ;
#300 = FACE_BOUND ( 'NONE', #302, .T. ) ;
#301 = CARTESIAN_POINT ( 'NONE',  ( -0.01887972503891469783, 0.002000000000000000042, 0.02226393202250019979 ) ) ;
#302 = EDGE_LOOP ( 'NONE', ( #1320, #1455 ) ) ;
#303 = LINE ( 'NONE', #2696, #1983 ) ;
#304 = ADVANCED_FACE ( 'NONE', ( #227 ), #2750, .F. ) ;
#305 = EDGE_CURVE ( 'NONE', #1588, #2239, #9, .T. ) ;
#306 = ORIENTED_EDGE ( 'NONE', *, *, #385, .F. ) ;
#307 = ORIENTED_EDGE ( 'NONE', *, *, #289, .T. ) ;
#308 = DIRECTION ( 'NONE',  ( 0.000000000000000000, -1.000000000000000000, 0.000000000000000000 ) ) ;
#309 = ORIENTED_EDGE ( 'NONE', *, *, #1000, .T. ) ;
#310 = DIRECTION ( 'NONE',  ( -4.758414682732590009E-17, 0.9393792444679189835, -0.3428799134724599962 ) ) ;
#311 = ORIENTED_EDGE ( 'NONE', *, *, #1044, .F. ) ;
#312 = DIRECTION ( 'NONE',  ( 1.303650582579080876E-16, -0.3428799134724599962, 0.9393792444679189835 ) ) ;
#313 = CARTESIAN_POINT ( 'NONE',  ( -0.03269999999999999990, 0.01750000000000000167, 0.01849999999999999908 ) ) ;
#314 = ORIENTED_EDGE ( 'NONE', *, *, #2373, .T. ) ;
#315 = CARTESIAN_POINT ( 'NONE',  ( -0.01700000000000000122, 1.815176405043235205E-18, 0.01749999999999999820 ) ) ;
#316 = ORIENTED_EDGE ( 'NONE', *, *, #1425, .T. ) ;
#317 = DIRECTION ( 'NONE',  ( -1.000000000000000000, 0.000000000000000000, 0.000000000000000000 ) ) ;
#318 = ORIENTED_EDGE ( 'NONE', *, *, #699, .T. ) ;
#319 = AXIS2_PLACEMENT_3D ( 'NONE', #1381, #312, #1778 ) ;
#320 = VERTEX_POINT ( 'NONE', #1938 ) ;
#321 = EDGE_CURVE ( 'NONE', #331, #2686, #2553, .T. ) ;
#322 = DIRECTION ( 'NONE',  ( 9.912705577010325549E-17, 0.000000000000000000, 1.000000000000000000 ) ) ;
#323 = EDGE_CURVE ( 'NONE', #320, #2461, #2039, .T. ) ;
#324 = VERTEX_POINT ( 'NONE', #2591 ) ;
#325 = DIRECTION ( 'NONE',  ( -1.000000000000000000, 0.000000000000000000, 0.000000000000000000 ) ) ;
#326 = EDGE_CURVE ( 'NONE', #496, #537, #650, .T. ) ;
#327 = DIRECTION ( 'NONE',  ( 0.000000000000000000, 0.000000000000000000, 1.000000000000000000 ) ) ;
#328 = DIRECTION ( 'NONE',  ( 0.000000000000000000, -9.293161478447181743E-17, 1.000000000000000000 ) ) ;
#329 = VERTEX_POINT ( 'NONE', #668 ) ;
#330 = DIRECTION ( 'NONE',  ( -1.982541115402065110E-16, 0.000000000000000000, -1.000000000000000000 ) ) ;
#331 = VERTEX_POINT ( 'NONE', #2137 ) ;
#332 = CARTESIAN_POINT ( 'NONE',  ( -0.03181318966374740292, -0.01450000000000000074, 0.02640830917889610066 ) ) ;
#333 = CIRCLE ( 'NONE', #2258, 0.002999999999999999195 ) ;
#334 = ORIENTED_EDGE ( 'NONE', *, *, #2680, .F. ) ;
#335 = CARTESIAN_POINT ( 'NONE',  ( -0.03269999999999999990, -0.01450000000000000074, 0.01949999999999999997 ) ) ;
#336 = AXIS2_PLACEMENT_3D ( 'NONE', #102, #308, #1406 ) ;
#337 = LINE ( 'NONE', #362, #1820 ) ;
#338 = CARTESIAN_POINT ( 'NONE',  ( -0.03269999999999999990, -0.01450000000000000074, 0.01849999999999999908 ) ) ;
#339 = DIRECTION ( 'NONE',  ( 0.000000000000000000, 0.000000000000000000, -1.000000000000000000 ) ) ;
#340 = AXIS2_PLACEMENT_3D ( 'NONE', #338, #374, #1208 ) ;
#341 = LINE ( 'NONE', #1637, #2744 ) ;
#342 = CARTESIAN_POINT ( 'NONE',  ( -0.03269999999999999990, -0.01750000000000000167, 0.03049999999999999933 ) ) ;
#343 = CARTESIAN_POINT ( 'NONE',  ( -0.01700000000000000122, 0.004000000000000000083, 0.02649999999999999925 ) ) ;
#344 = CYLINDRICAL_SURFACE ( 'NONE', #237, 0.001000000000000000888 ) ;
#345 = DIRECTION ( 'NONE',  ( 0.000000000000000000, 1.000000000000000000, 0.000000000000000000 ) ) ;
#346 = VERTEX_POINT ( 'NONE', #1510 ) ;
#347 = CARTESIAN_POINT ( 'NONE',  ( -0.01409799999999999942, -0.01175019924288389986, 0.01015958021784259951 ) ) ;
#348 = CIRCLE ( 'NONE', #2688, 0.001000000000000000888 ) ;
#349 = DIRECTION ( 'NONE',  ( 0.000000000000000000, 0.000000000000000000, 1.000000000000000000 ) ) ;
#350 = PLANE ( 'NONE',  #723 ) ;
#351 = CARTESIAN_POINT ( 'NONE',  ( -0.03269999999999999990, -0.01750000000000000167, 0.01849999999999999908 ) ) ;
#352 = DIRECTION ( 'NONE',  ( -1.000000000000000000, 0.000000000000000000, 0.000000000000000000 ) ) ;
#353 = ADVANCED_FACE ( 'NONE', ( #2377 ), #451, .F. ) ;
#354 = EDGE_CURVE ( 'NONE', #1151, #253, #824, .T. ) ;
#355 = CARTESIAN_POINT ( 'NONE',  ( -0.02101889905570900052, 0.001026784161343642209, 0.03221743253728107104 ) ) ;
#356 = DIRECTION ( 'NONE',  ( 0.000000000000000000, -1.000000000000000000, 0.000000000000000000 ) ) ;
#357 = EDGE_CURVE ( 'NONE', #1117, #1645, #1220, .T. ) ;
#358 = ORIENTED_EDGE ( 'NONE', *, *, #1921, .T. ) ;
#359 = DIRECTION ( 'NONE',  ( 0.000000000000000000, 0.000000000000000000, -1.000000000000000000 ) ) ;
#360 = VECTOR ( 'NONE', #1450, 1.000000000000000000 ) ;
#361 = VERTEX_POINT ( 'NONE', #2335 ) ;
#362 = CARTESIAN_POINT ( 'NONE',  ( -0.03400000000000000244, 1.734723475976799968E-18, 0.02150000000000000175 ) ) ;
#363 = DIRECTION ( 'NONE',  ( 0.000000000000000000, 1.000000000000000000, 0.000000000000000000 ) ) ;
#364 = CARTESIAN_POINT ( 'NONE',  ( -0.02013214524063597355, 0.001996893849933737558, 0.01833186838895762075 ) ) ;
#365 = LINE ( 'NONE', #1237, #2110 ) ;
#366 = CYLINDRICAL_SURFACE ( 'NONE', #2095, 0.001000000000000000888 ) ;
#367 = LINE ( 'NONE', #2546, #1480 ) ;
#368 = ORIENTED_EDGE ( 'NONE', *, *, #2432, .F. ) ;
#369 = LINE ( 'NONE', #831, #1325 ) ;
#370 = CIRCLE ( 'NONE', #1892, 0.01499999999999999944 ) ;
#371 = AXIS2_PLACEMENT_3D ( 'NONE', #2572, #1930, #17 ) ;
#372 = ORIENTED_EDGE ( 'NONE', *, *, #2259, .T. ) ;
#373 = CARTESIAN_POINT ( 'NONE',  ( -0.01439999999999999961, 1.734723475976799968E-18, 0.02450000000000000094 ) ) ;
#374 = DIRECTION ( 'NONE',  ( 0.000000000000000000, 1.000000000000000000, 0.000000000000000000 ) ) ;
#375 = VECTOR ( 'NONE', #1401, 1.000000000000000000 ) ;
#376 = ORIENTED_EDGE ( 'NONE', *, *, #1411, .F. ) ;
#377 = CIRCLE ( 'NONE', #241, 0.002999999999999999195 ) ;
#378 = CARTESIAN_POINT ( 'NONE',  ( -0.02008405407589468339, 0.002000000000000002210, 0.01843008263846040995 ) ) ;
#379 = APPLICATION_CONTEXT ( 'automotive_design' ) ;
#380 = CARTESIAN_POINT ( 'NONE',  ( -0.01700000000000000122, -0.006000000000000000125, 0.02450000000000000094 ) ) ;
#381 = LINE ( 'NONE', #393, #2358 ) ;
#382 = CARTESIAN_POINT ( 'NONE',  ( -0.01700000000000000122, -0.002000000000000000042, 0.02673606797749980210 ) ) ;
#383 = EDGE_LOOP ( 'NONE', ( #2424, #1917, #1520, #270 ) ) ;
#384 = CARTESIAN_POINT ( 'NONE',  ( -0.01320000000000000166, 1.734723475976799968E-18, 0.01550000000000000162 ) ) ;
#385 = EDGE_CURVE ( 'NONE', #749, #918, #412, .T. ) ;
#386 = EDGE_CURVE ( 'NONE', #1588, #2647, #1446, .T. ) ;
#387 = EDGE_LOOP ( 'NONE', ( #2186, #1153, #576, #736 ) ) ;
#388 = LINE ( 'NONE', #591, #2676 ) ;
#389 = DIRECTION ( 'NONE',  ( 0.000000000000000000, 0.000000000000000000, 1.000000000000000000 ) ) ;
#390 = ORIENTED_EDGE ( 'NONE', *, *, #57, .F. ) ;
#391 = CARTESIAN_POINT ( 'NONE',  ( -0.02121078679532550568, -0.0001344303012451930146, 0.03249999999896314301 ) ) ;
#392 = CARTESIAN_POINT ( 'NONE',  ( -0.03269999999999999990, -0.01750000000000000167, 0.03049999999999999933 ) ) ;
#393 = CARTESIAN_POINT ( 'NONE',  ( -0.02270000000000000143, -0.01450000000000000074, 0.03539746825956729959 ) ) ;
#394 = EDGE_CURVE ( 'NONE', #1162, #496, #2638, .T. ) ;
#395 = CARTESIAN_POINT ( 'NONE',  ( -0.03400000000000000244, 2.102117515721006080E-18, 0.02750000000000000014 ) ) ;
#396 = VERTEX_POINT ( 'NONE', #1969 ) ;
#397 = CARTESIAN_POINT ( 'NONE',  ( -0.03502937140592270182, 0.01450000000000000074, 0.03319333243660159416 ) ) ;
#398 = ORIENTED_EDGE ( 'NONE', *, *, #2567, .T. ) ;
#399 = DIRECTION ( 'NONE',  ( 1.000000000000000000, 0.000000000000000000, -1.387778780781439759E-16 ) ) ;
#400 = DIRECTION ( 'NONE',  ( 0.000000000000000000, 0.000000000000000000, 1.000000000000000000 ) ) ;
#401 = ADVANCED_FACE ( 'NONE', ( #2000, #2608 ), #246, .T. ) ;
#402 = AXIS2_PLACEMENT_3D ( 'NONE', #266, #2021, #1610 ) ;
#403 = EDGE_CURVE ( 'NONE', #1094, #1754, #684, .T. ) ;
#404 = CARTESIAN_POINT ( 'NONE',  ( -0.02075767183558428416, -0.001517239197946476789, 0.01719354489226817759 ) ) ;
#405 = CIRCLE ( 'NONE', #180, 0.001000000000000000888 ) ;
#406 = CARTESIAN_POINT ( 'NONE',  ( -0.01400000000000000029, 1.815176405043235205E-18, 0.02949999999999999845 ) ) ;
#407 = DIRECTION ( 'NONE',  ( 0.000000000000000000, -1.000000000000000000, 0.000000000000000000 ) ) ;
#408 = FACE_BOUND ( 'NONE', #2057, .T. ) ;
#409 = ORIENTED_EDGE ( 'NONE', *, *, #1542, .T. ) ;
#410 = CARTESIAN_POINT ( 'NONE',  ( -0.01879560027122166577, 0.007167265953648310414, 0.02283881101138657277 ) ) ;
#411 = ORIENTED_EDGE ( 'NONE', *, *, #1633, .T. ) ;
#412 = LINE ( 'NONE', #1954, #1813 ) ;
#413 = DIRECTION ( 'NONE',  ( 0.000000000000000000, 0.000000000000000000, -1.000000000000000000 ) ) ;
#414 = AXIS2_PLACEMENT_3D ( 'NONE', #695, #2360, #2406 ) ;
#415 = CARTESIAN_POINT ( 'NONE',  ( -0.02121116746618988830, -0.0001294059833300350724, 0.01649969180958956241 ) ) ;
#416 = DIRECTION ( 'NONE',  ( -1.000000000000000000, 0.000000000000000000, 0.000000000000000000 ) ) ;
#417 = ADVANCED_FACE ( 'NONE', ( #900 ), #1298, .T. ) ;
#418 = CARTESIAN_POINT ( 'NONE',  ( -0.01870601056136845380, -0.007977274609024566365, 0.02410134899372458686 ) ) ;
#419 = CARTESIAN_POINT ( 'NONE',  ( -0.01409999999999999969, -0.01175019924288389986, 0.01015958021784259951 ) ) ;
#420 = AXIS2_PLACEMENT_3D ( 'NONE', #1461, #2164, #1939 ) ;
#421 = ORIENTED_EDGE ( 'NONE', *, *, #386, .F. ) ;
#422 = CARTESIAN_POINT ( 'NONE',  ( -0.01883759261076816544, 0.006396267877459346253, 0.02647776296367564813 ) ) ;
#423 = B_SPLINE_CURVE_WITH_KNOTS ( 'NONE', 3,
 ( #1418, #2058, #1619, #1632 ),
 .UNSPECIFIED., .F., .F.,
 ( 4, 4 ),
 ( 0.002183527500761309800, 0.002518897852031800125 ),
 .UNSPECIFIED. ) ;
#424 = VERTEX_POINT ( 'NONE', #1756 ) ;
#425 = DIRECTION ( 'NONE',  ( 0.000000000000000000, 1.000000000000000000, 0.000000000000000000 ) ) ;
#426 = PLANE ( 'NONE',  #420 ) ;
#427 = CARTESIAN_POINT ( 'NONE',  ( -0.02008380596961301459, -0.001999999999999998741, 0.01843060569242832569 ) ) ;
#428 = CARTESIAN_POINT ( 'NONE',  ( -0.02636468570296139971, -0.01750000000000000167, 0.03551502797337960371 ) ) ;
#429 = VECTOR ( 'NONE', #791, 1.000000000000000000 ) ;
#430 = EDGE_CURVE ( 'NONE', #2579, #2083, #155, .T. ) ;
#431 = CARTESIAN_POINT ( 'NONE',  ( -0.01872976285447791947, -0.007808580792486433976, 0.02539306998208829685 ) ) ;
#432 = DIRECTION ( 'NONE',  ( 0.000000000000000000, -1.000000000000000000, 0.000000000000000000 ) ) ;
#433 = EDGE_CURVE ( 'NONE', #1645, #1117, #1941, .T. ) ;
#434 = ORIENTED_EDGE ( 'NONE', *, *, #599, .F. ) ;
#435 = CARTESIAN_POINT ( 'NONE',  ( -0.03869999999999999829, 0.01750000000000000167, 0.02450000000000000094 ) ) ;
#436 = EDGE_CURVE ( 'NONE', #704, #396, #43, .T. ) ;
#437 = EDGE_LOOP ( 'NONE', ( #2699, #899, #2044, #292 ) ) ;
#438 = LINE ( 'NONE', #872, #2448 ) ;
#439 = DIRECTION ( 'NONE',  ( 1.000000000000000000, 0.000000000000000000, -1.387778780781439759E-16 ) ) ;
#440 = DIRECTION ( 'NONE',  ( 0.000000000000000000, 0.000000000000000000, -1.000000000000000000 ) ) ;
#441 = CARTESIAN_POINT ( 'NONE',  ( -0.02086445677831435391, 0.001354070805602050967, 0.01702079140893356449 ) ) ;
#442 = VECTOR ( 'NONE', #1623, 1.000000000000000000 ) ;
#443 = EDGE_LOOP ( 'NONE', ( #2219, #2271, #2454, #943 ) ) ;
#444 = CARTESIAN_POINT ( 'NONE',  ( -0.03269999999999999990, -0.01750000000000000167, 0.01949999999999999997 ) ) ;
#445 = CARTESIAN_POINT ( 'NONE',  ( -0.03269999999999999990, 0.01750000000000000167, 0.03049999999999999933 ) ) ;
#446 = VECTOR ( 'NONE', #1184, 1.000000000000000222 ) ;
#447 = ORIENTED_EDGE ( 'NONE', *, *, #191, .T. ) ;
#448 = ORIENTED_EDGE ( 'NONE', *, *, #560, .F. ) ;
#449 = CARTESIAN_POINT ( 'NONE',  ( -0.01409799999999999942, -0.01750000000000000167, 0.03674170278612609586 ) ) ;
#450 = EDGE_LOOP ( 'NONE', ( #726, #1667, #767, #1947 ) ) ;
#451 = CYLINDRICAL_SURFACE ( 'NONE', #2673, 0.002999999999999999195 ) ;
#452 = CARTESIAN_POINT ( 'NONE',  ( -0.03869999999999999829, 0.01750000000000000167, 0.02350000000000000006 ) ) ;
#453 = CYLINDRICAL_SURFACE ( 'NONE', #2390, 0.01399999999999999856 ) ;
#454 = CARTESIAN_POINT ( 'NONE',  ( -0.02074085746893350110, 0.001538036859940794141, 0.01722125132774952883 ) ) ;
#455 = VECTOR ( 'NONE', #1858, 1.000000000000000000 ) ;
#456 = VECTOR ( 'NONE', #1624, 1.000000000000000000 ) ;
#457 = VERTEX_POINT ( 'NONE', #89 ) ;
#458 = CARTESIAN_POINT ( 'NONE',  ( -0.01883760298172766634, -0.006394763801326121266, 0.02252197449755225997 ) ) ;
#459 = CARTESIAN_POINT ( 'NONE',  ( -0.03869999999999999829, 0.01750000000000000167, 0.02350000000000000006 ) ) ;
#460 = VECTOR ( 'NONE', #2014, 1.000000000000000000 ) ;
#461 = ORIENTED_EDGE ( 'NONE', *, *, #1501, .T. ) ;
#462 = ORIENTED_EDGE ( 'NONE', *, *, #177, .F. ) ;
#463 = DIRECTION ( 'NONE',  ( 0.000000000000000000, 1.000000000000000000, 0.000000000000000000 ) ) ;
#464 = VECTOR ( 'NONE', #658, 1.000000000000000000 ) ;
#465 = AXIS2_PLACEMENT_3D ( 'NONE', #153, #553, #1865 ) ;
#466 = ORIENTED_EDGE ( 'NONE', *, *, #1807, .F. ) ;
#467 = EDGE_LOOP ( 'NONE', ( #311, #1380, #1944, #2223 ) ) ;
#468 = EDGE_CURVE ( 'NONE', #1570, #112, #377, .T. ) ;
#469 = DIRECTION ( 'NONE',  ( 1.000000000000000000, 0.000000000000000000, 0.000000000000000000 ) ) ;
#470 = ADVANCED_FACE ( 'NONE', ( #914 ), #1557, .F. ) ;
#471 = ORIENTED_EDGE ( 'NONE', *, *, #1189, .T. ) ;
#472 = CARTESIAN_POINT ( 'NONE',  ( -0.01700000000000000122, 1.734723475976799968E-18, 0.02450000000000000094 ) ) ;
#473 = CARTESIAN_POINT ( 'NONE',  ( -0.03869999999999999829, 0.01450000000000000074, 0.02550000000000000183 ) ) ;
#474 = EDGE_CURVE ( 'NONE', #917, #704, #2621, .T. ) ;
#475 = ORIENTED_EDGE ( 'NONE', *, *, #2583, .F. ) ;
#476 = FACE_OUTER_BOUND ( 'NONE', #2041, .T. ) ;
#477 = CARTESIAN_POINT ( 'NONE',  ( -0.01884359353944890098, -0.01450199999999999927, 0.02649999999999999925 ) ) ;
#478 = EDGE_CURVE ( 'NONE', #2293, #1817, #2410, .T. ) ;
#479 = ORIENTED_EDGE ( 'NONE', *, *, #1084, .T. ) ;
#480 = ORIENTED_EDGE ( 'NONE', *, *, #10, .F. ) ;
#481 = FACE_OUTER_BOUND ( 'NONE', #1217, .T. ) ;
#482 = VERTEX_POINT ( 'NONE', #1324 ) ;
#483 = ORIENTED_EDGE ( 'NONE', *, *, #178, .T. ) ;
#484 = PRODUCT_CONTEXT ( 'NONE', #210, 'mechanical' ) ;
#485 = DIRECTION ( 'NONE',  ( 0.000000000000000000, -1.000000000000000000, 0.000000000000000000 ) ) ;
#486 = CARTESIAN_POINT ( 'NONE',  ( -0.01439999999999999787, 2.836905595209417918E-18, 0.03350000000000000200 ) ) ;
#487 = LINE ( 'NONE', #933, #2019 ) ;
#488 = CYLINDRICAL_SURFACE ( 'NONE', #272, 0.01750000000000000167 ) ;
#489 = CIRCLE ( 'NONE', #867, 0.001000000000000000888 ) ;
#490 = PLANE ( 'NONE',  #772 ) ;
#491 = EDGE_CURVE ( 'NONE', #742, #1162, #2264, .T. ) ;
#492 = ORIENTED_EDGE ( 'NONE', *, *, #877, .T. ) ;
#493 = FACE_OUTER_BOUND ( 'NONE', #1034, .T. ) ;
#494 = DIRECTION ( 'NONE',  ( 0.000000000000000000, -1.000000000000000000, 0.000000000000000000 ) ) ;
#495 = CIRCLE ( 'NONE', #1242, 0.003000000000000002665 ) ;
#496 = VERTEX_POINT ( 'NONE', #1497 ) ;
#497 = CYLINDRICAL_SURFACE ( 'NONE', #2544, 0.001000000000000000888 ) ;
#498 = ORIENTED_EDGE ( 'NONE', *, *, #1627, .T. ) ;
#499 = CARTESIAN_POINT ( 'NONE',  ( -0.02270349578017739900, -0.01750000000000000167, 0.01250395914347340008 ) ) ;
#500 = CIRCLE ( 'NONE', #2194, 0.001000000000000000888 ) ;
#501 = ORIENTED_EDGE ( 'NONE', *, *, #715, .T. ) ;
#502 = ORIENTED_EDGE ( 'NONE', *, *, #1275, .F. ) ;
#503 = DIRECTION ( 'NONE',  ( 0.9659258262890682012, 0.000000000000000000, 0.2588190451025210725 ) ) ;
#504 = DIRECTION ( 'NONE',  ( 0.000000000000000000, 0.000000000000000000, -1.000000000000000000 ) ) ;
#505 = VERTEX_POINT ( 'NONE', #2365 ) ;
#506 = DIRECTION ( 'NONE',  ( 0.000000000000000000, 0.000000000000000000, 1.000000000000000000 ) ) ;
#507 = CARTESIAN_POINT ( 'NONE',  ( -0.02970000000000000070, -0.01450000000000000074, 0.02450000000000000094 ) ) ;
#508 = VERTEX_POINT ( 'NONE', #1282 ) ;
#509 = LINE ( 'NONE', #1991, #1883 ) ;
#510 = FACE_BOUND ( 'NONE', #2587, .T. ) ;
#511 = CIRCLE ( 'NONE', #858, 0.009000000000000001055 ) ;
#512 = EDGE_CURVE ( 'NONE', #1037, #2464, #1176, .T. ) ;
#513 = ADVANCED_FACE ( 'NONE', ( #1728, #1512 ), #453, .F. ) ;
#514 = AXIS2_PLACEMENT_3D ( 'NONE', #236, #2185, #2356 ) ;
#515 = ORIENTED_EDGE ( 'NONE', *, *, #1850, .F. ) ;
#516 = DIRECTION ( 'NONE',  ( -1.387778780781439759E-16, 0.000000000000000000, -1.000000000000000000 ) ) ;
#517 = ORIENTED_EDGE ( 'NONE', *, *, #2729, .F. ) ;
#518 = CYLINDRICAL_SURFACE ( 'NONE', #1573, 0.008999999999999999320 ) ;
#519 = AXIS2_PLACEMENT_3D ( 'NONE', #96, #559, #1173 ) ;
#520 = AXIS2_PLACEMENT_3D ( 'NONE', #1091, #714, #504 ) ;
#521 = EDGE_LOOP ( 'NONE', ( #1765, #1340 ) ) ;
#522 = ORIENTED_EDGE ( 'NONE', *, *, #357, .T. ) ;
#523 = CARTESIAN_POINT ( 'NONE',  ( -0.01884359353944890098, -0.01450199999999999927, 0.02249999999999999917 ) ) ;
#524 = CIRCLE ( 'NONE', #24, 0.001000000000000000888 ) ;
#525 = ORIENTED_EDGE ( 'NONE', *, *, #931, .F. ) ;
#526 = DIRECTION ( 'NONE',  ( 0.000000000000000000, 9.293161478447180511E-17, -1.000000000000000000 ) ) ;
#527 = VERTEX_POINT ( 'NONE', #538 ) ;
#528 = CYLINDRICAL_SURFACE ( 'NONE', #138, 0.001000000000000000888 ) ;
#529 = DIRECTION ( 'NONE',  ( 1.000000000000000000, 0.000000000000000000, 0.000000000000000000 ) ) ;
#530 = ADVANCED_FACE ( 'NONE', ( #1376 ), #118, .T. ) ;
#531 = DIRECTION ( 'NONE',  ( -1.000000000000000000, 0.000000000000000000, 0.000000000000000000 ) ) ;
#532 = ORIENTED_EDGE ( 'NONE', *, *, #1845, .F. ) ;
#533 = CARTESIAN_POINT ( 'NONE',  ( -0.01409799999999999942, 0.006000398485767920349, 0.04093913677818870195 ) ) ;
#534 = EDGE_CURVE ( 'NONE', #1492, #2179, #1259, .T. ) ;
#535 = ADVANCED_FACE ( 'NONE', ( #2458 ), #1363, .F. ) ;
#536 = ORIENTED_EDGE ( 'NONE', *, *, #264, .T. ) ;
#537 = VERTEX_POINT ( 'NONE', #335 ) ;
#538 = CARTESIAN_POINT ( 'NONE',  ( -0.02270000000000000143, -0.01450000000000000074, 0.01250008804825509905 ) ) ;
#539 = ORIENTED_EDGE ( 'NONE', *, *, #844, .F. ) ;
#540 = DIRECTION ( 'NONE',  ( 0.000000000000000000, 0.000000000000000000, 1.000000000000000000 ) ) ;
#541 = DIRECTION ( 'NONE',  ( -1.000000000000000000, 0.000000000000000000, 0.000000000000000000 ) ) ;
#542 = ORIENTED_EDGE ( 'NONE', *, *, #534, .F. ) ;
#543 = CARTESIAN_POINT ( 'NONE',  ( -0.02110217273531055787, -0.0007799036902863278574, 0.03234169259510112637 ) ) ;
#544 = DIRECTION ( 'NONE',  ( 0.000000000000000000, 1.000000000000000000, 0.000000000000000000 ) ) ;
#545 = VERTEX_POINT ( 'NONE', #2231 ) ;
#546 = DIRECTION ( 'NONE',  ( 0.000000000000000000, 0.000000000000000000, 1.000000000000000000 ) ) ;
#547 = ORIENTED_EDGE ( 'NONE', *, *, #1814, .T. ) ;
#548 = DIRECTION ( 'NONE',  ( 0.000000000000000000, 0.000000000000000000, -1.000000000000000000 ) ) ;
#549 = VECTOR ( 'NONE', #325, 1.000000000000000000 ) ;
#550 = EDGE_LOOP ( 'NONE', ( #1338, #1096, #938, #1773 ) ) ;
#551 = AXIS2_PLACEMENT_3D ( 'NONE', #380, #352, #2065 ) ;
#552 = DIRECTION ( 'NONE',  ( 1.000000000000000000, -3.802061687943670351E-16, 0.000000000000000000 ) ) ;
#553 = DIRECTION ( 'NONE',  ( 0.000000000000000000, 1.000000000000000000, 0.000000000000000000 ) ) ;
#554 = LINE ( 'NONE', #1435, #1468 ) ;
#555 = FACE_OUTER_BOUND ( 'NONE', #2508, .T. ) ;
#556 = DIRECTION ( 'NONE',  ( 0.000000000000000000, 0.000000000000000000, -1.000000000000000000 ) ) ;
#557 = LINE ( 'NONE', #2022, #116 ) ;
#558 = ORIENTED_EDGE ( 'NONE', *, *, #1895, .F. ) ;
#559 = DIRECTION ( 'NONE',  ( 1.000000000000000000, 0.000000000000000000, 0.000000000000000000 ) ) ;
#560 = EDGE_CURVE ( 'NONE', #749, #1535, #423, .T. ) ;
#561 = LINE ( 'NONE', #758, #455 ) ;
#562 = VECTOR ( 'NONE', #356, 1.000000000000000000 ) ;
#563 = VERTEX_POINT ( 'NONE', #2243 ) ;
#564 = CARTESIAN_POINT ( 'NONE',  ( -0.01410000000000000142, 0.000000000000000000, 0.006999999999999999278 ) ) ;
#565 = EDGE_CURVE ( 'NONE', #970, #1558, #70, .T. ) ;
#566 = DIRECTION ( 'NONE',  ( -1.000000000000000000, 0.000000000000000000, 0.000000000000000000 ) ) ;
#567 = CARTESIAN_POINT ( 'NONE',  ( -0.01740037752697949636, 0.002084370227245432861, 0.04236851414451357767 ) ) ;
#568 = EDGE_CURVE ( 'NONE', #2176, #49, #1709, .T. ) ;
#569 = AXIS2_PLACEMENT_3D ( 'NONE', #1912, #2592, #659 ) ;
#570 = CARTESIAN_POINT ( 'NONE',  ( -0.02636468570296139971, 0.01750000000000000167, 0.03551502797337960371 ) ) ;
#571 = EDGE_CURVE ( 'NONE', #1377, #621, #750, .T. ) ;
#572 = CARTESIAN_POINT ( 'NONE',  ( -0.01869117219395100005, -0.006000398485767920349, 0.008060863221811371063 ) ) ;
#573 = CARTESIAN_POINT ( 'NONE',  ( -0.03269999999999999990, 0.01750000000000000167, 0.03150000000000000022 ) ) ;
#574 = DIRECTION ( 'NONE',  ( 0.000000000000000000, -1.000000000000000000, 0.000000000000000000 ) ) ;
#575 = DIRECTION ( 'NONE',  ( -1.000000000000000000, 0.000000000000000000, 0.000000000000000000 ) ) ;
#576 = ORIENTED_EDGE ( 'NONE', *, *, #1956, .F. ) ;
#577 = DIRECTION ( 'NONE',  ( 1.303650582579080876E-16, 0.3428799134724599962, 0.9393792444679189835 ) ) ;
#578 = AXIS2_PLACEMENT_3D ( 'NONE', #2344, #1502, #1720 ) ;
#579 = DIRECTION ( 'NONE',  ( 1.000000000000000000, 0.000000000000000000, 0.000000000000000000 ) ) ;
#580 = DIRECTION ( 'NONE',  ( 0.000000000000000000, 1.000000000000000000, 0.000000000000000000 ) ) ;
#581 = DIRECTION ( 'NONE',  ( 0.000000000000000000, 1.000000000000000000, 0.000000000000000000 ) ) ;
#582 = DIRECTION ( 'NONE',  ( -1.000000000000000000, 0.000000000000000000, 0.000000000000000000 ) ) ;
#583 = CARTESIAN_POINT ( 'NONE',  ( -0.03269999999999999990, 0.01450000000000000074, 0.03150000000000000022 ) ) ;
#584 = EDGE_CURVE ( 'NONE', #2480, #1069, #149, .T. ) ;
#585 = CARTESIAN_POINT ( 'NONE',  ( -0.03869999999999999829, 0.01450000000000000074, 0.02450000000000000094 ) ) ;
#586 = CARTESIAN_POINT ( 'NONE',  ( -0.02001876001131460206, 0.01002805024285509904, 0.009530983936208770047 ) ) ;
#587 = ORIENTED_EDGE ( 'NONE', *, *, #534, .T. ) ;
#588 = LINE ( 'NONE', #794, #1481 ) ;
#589 = CIRCLE ( 'NONE', #2558, 0.002999999999999999195 ) ;
#590 = ORIENTED_EDGE ( 'NONE', *, *, #1396, .F. ) ;
#591 = CARTESIAN_POINT ( 'NONE',  ( -0.01409999999999999795, 0.000000000000000000, 0.03950000000000000039 ) ) ;
#592 = PLANE ( 'NONE',  #1819 ) ;
#593 = CIRCLE ( 'NONE', #1922, 0.002999999999999999195 ) ;
#594 = CARTESIAN_POINT ( 'NONE',  ( -0.02026191207850806808, 0.001956103137237184125, 0.01807622849763946757 ) ) ;
#595 = DIRECTION ( 'NONE',  ( 1.000000000000000000, 0.000000000000000000, 0.000000000000000000 ) ) ;
#596 = ADVANCED_FACE ( 'NONE', ( #1163 ), #2669, .F. ) ;
#597 = DIRECTION ( 'NONE',  ( 1.000000000000000000, 0.000000000000000000, 0.000000000000000000 ) ) ;
#598 = PLANE ( 'NONE',  #64 ) ;
#599 = EDGE_CURVE ( 'NONE', #1725, #749, #2035, .T. ) ;
#600 = VERTEX_POINT ( 'NONE', #2257 ) ;
#601 = CARTESIAN_POINT ( 'NONE',  ( -0.01881359774680691280, 0.006890467458063216644, 0.02269013358118248530 ) ) ;
#602 = VECTOR ( 'NONE', #1389, 1.000000000000000000 ) ;
#603 = VECTOR ( 'NONE', #432, 1.000000000000000000 ) ;
#604 = ORIENTED_EDGE ( 'NONE', *, *, #715, .F. ) ;
#605 = DIRECTION ( 'NONE',  ( 0.000000000000000000, 0.000000000000000000, 1.000000000000000000 ) ) ;
#606 = LINE ( 'NONE', #2513, #2494 ) ;
#607 = CIRCLE ( 'NONE', #519, 0.002999999999999999195 ) ;
#608 = VECTOR ( 'NONE', #1479, 1.000000000000000000 ) ;
#609 = ADVANCED_FACE ( 'NONE', ( #961 ), #1822, .F. ) ;
#610 = VECTOR ( 'NONE', #2393, 1.000000000000000000 ) ;
#611 = LINE ( 'NONE', #179, #48 ) ;
#612 = CARTESIAN_POINT ( 'NONE',  ( -0.03269999999999999990, -0.01750000000000000167, 0.01849999999999999908 ) ) ;
#613 = VECTOR ( 'NONE', #503, 1.000000000000000000 ) ;
#614 = AXIS2_PLACEMENT_3D ( 'NONE', #807, #1606, #2512 ) ;
#615 = CARTESIAN_POINT ( 'NONE',  ( -0.02070275588716429319, 0.001589001540710635162, 0.03171577405996699878 ) ) ;
#616 = LINE ( 'NONE', #1046, #2298 ) ;
#617 = ADVANCED_FACE ( 'NONE', ( #1847 ), #1391, .F. ) ;
#618 = ORIENTED_EDGE ( 'NONE', *, *, #2222, .F. ) ;
#619 = DIRECTION ( 'NONE',  ( 0.2957820600050709015, -0.8973471420218435135, 0.3275379057214388712 ) ) ;
#620 = EDGE_CURVE ( 'NONE', #2195, #1531, #863, .T. ) ;
#621 = VERTEX_POINT ( 'NONE', #564 ) ;
#622 = DIRECTION ( 'NONE',  ( 1.000000000000000000, 0.000000000000000000, -1.387778780781439759E-16 ) ) ;
#623 = CARTESIAN_POINT ( 'NONE',  ( -0.03269999999999999990, 0.01750000000000000167, 0.02450000000000000094 ) ) ;
#624 = CARTESIAN_POINT ( 'NONE',  ( -0.02104765643653339416, 0.0009498491112272241599, 0.01673967563307814793 ) ) ;
#625 = CYLINDRICAL_SURFACE ( 'NONE', #2605, 0.001000000000000000888 ) ;
#626 = CARTESIAN_POINT ( 'NONE',  ( -0.02051069353558690814, 0.001799989225322430088, 0.03138610660780879330 ) ) ;
#627 = DIRECTION ( 'NONE',  ( 0.000000000000000000, 1.000000000000000000, 1.084202172485499873E-16 ) ) ;
#628 = ORIENTED_EDGE ( 'NONE', *, *, #1186, .F. ) ;
#629 = CARTESIAN_POINT ( 'NONE',  ( -0.01884359353944889751, 0.006175381064252146758, 0.02649999999999999925 ) ) ;
#630 = ORIENTED_EDGE ( 'NONE', *, *, #771, .F. ) ;
#631 = CARTESIAN_POINT ( 'NONE',  ( -0.03269999999999999990, -0.002000000000000000042, 0.02450000000000000094 ) ) ;
#632 = CARTESIAN_POINT ( 'NONE',  ( -0.03269999999999999990, -0.01450000000000000074, 0.02450000000000000094 ) ) ;
#633 = CIRCLE ( 'NONE', #2425, 0.01400000000000000029 ) ;
#634 = CARTESIAN_POINT ( 'NONE',  ( -0.02106194569952629658, 0.0009095041723324614504, 0.01671832563154057247 ) ) ;
#635 = VECTOR ( 'NONE', #2706, 1.000000000000000000 ) ;
#636 = CARTESIAN_POINT ( 'NONE',  ( -0.03269999999999999990, 0.01750000000000000167, 0.02450000000000000094 ) ) ;
#637 = CARTESIAN_POINT ( 'NONE',  ( -0.01884359353944890098, -0.006000000000000000125, 0.02249999999999999917 ) ) ;
#638 = CYLINDRICAL_SURFACE ( 'NONE', #645, 0.01750000000000000167 ) ;
#639 = EDGE_LOOP ( 'NONE', ( #1948, #973, #744, #536 ) ) ;
#640 = CARTESIAN_POINT ( 'NONE',  ( -0.01883759438092057897, 0.006394589308097256911, 0.02252190798349313142 ) ) ;
#641 = ORIENTED_EDGE ( 'NONE', *, *, #2338, .F. ) ;
#642 = VECTOR ( 'NONE', #711, 1.000000000000000000 ) ;
#643 = CARTESIAN_POINT ( 'NONE',  ( -0.01409999999999999969, 0.000000000000000000, 0.02450000000000000094 ) ) ;
#644 = CARTESIAN_POINT ( 'NONE',  ( -0.02270349578017739900, 0.01450000000000000074, 0.03649604085652649599 ) ) ;
#645 = AXIS2_PLACEMENT_3D ( 'NONE', #1894, #1641, #2291 ) ;
#646 = EDGE_CURVE ( 'NONE', #1375, #2157, #2272, .T. ) ;
#647 = EDGE_CURVE ( 'NONE', #2404, #2643, #2445, .T. ) ;
#648 = CARTESIAN_POINT ( 'NONE',  ( -0.02078905148315009915, 0.001468994397704366127, 0.01714275354324537246 ) ) ;
#649 = AXIS2_PLACEMENT_3D ( 'NONE', #971, #2008, #743 ) ;
#650 = CIRCLE ( 'NONE', #1178, 0.001000000000000000888 ) ;
#651 = CARTESIAN_POINT ( 'NONE',  ( -0.01881214311141196985, -0.006896614870017645296, 0.02270574300497187753 ) ) ;
#652 = CARTESIAN_POINT ( 'NONE',  ( -0.02270000000000000143, -0.01450199999999999927, 0.03539746825956729959 ) ) ;
#653 = AXIS2_PLACEMENT_3D ( 'NONE', #1647, #2475, #1834 ) ;
#654 = AXIS2_PLACEMENT_3D ( 'NONE', #1138, #2001, #1634 ) ;
#655 = ORIENTED_EDGE ( 'NONE', *, *, #2056, .F. ) ;
#656 = DIRECTION ( 'NONE',  ( 1.000000000000000000, 0.000000000000000000, 0.000000000000000000 ) ) ;
#657 = ORIENTED_EDGE ( 'NONE', *, *, #262, .T. ) ;
#658 = DIRECTION ( 'NONE',  ( -0.6702130933512299160, 0.000000000000000000, -0.7421687203733229321 ) ) ;
#659 = DIRECTION ( 'NONE',  ( 0.000000000000000000, 1.084202172485499873E-16, -1.000000000000000000 ) ) ;
#660 = CARTESIAN_POINT ( 'NONE',  ( -0.03269999999999999990, 0.01750000000000000167, 0.01849999999999999908 ) ) ;
#661 = CARTESIAN_POINT ( 'NONE',  ( -0.02080118515312596658, -0.001450593084980829469, 0.01712312370404714054 ) ) ;
#662 = CARTESIAN_POINT ( 'NONE',  ( -0.01881963130856364325, -0.006766335418757340493, 0.02264801839567699357 ) ) ;
#663 = FACE_OUTER_BOUND ( 'NONE', #909, .T. ) ;
#664 = ORIENTED_EDGE ( 'NONE', *, *, #436, .F. ) ;
#665 = VERTEX_POINT ( 'NONE', #2724 ) ;
#666 = DIRECTION ( 'NONE',  ( 1.303650582579080876E-16, -0.3428799134724599962, 0.9393792444679189835 ) ) ;
#667 = EDGE_LOOP ( 'NONE', ( #1884, #1254, #1563, #1967 ) ) ;
#668 = CARTESIAN_POINT ( 'NONE',  ( -0.02005088935932640079, 0.002000000000000000042, 0.03049999999999999933 ) ) ;
#669 = DIRECTION ( 'NONE',  ( 0.000000000000000000, -1.000000000000000000, 0.000000000000000000 ) ) ;
#670 = CARTESIAN_POINT ( 'NONE',  ( -0.02270349578017739900, 0.01750000000000000167, 0.01250395914347340008 ) ) ;
#671 = CARTESIAN_POINT ( 'NONE',  ( -0.02043425430995370398, -0.001855288679257243844, 0.01775298372866323041 ) ) ;
#672 = VECTOR ( 'NONE', #686, 1.000000000000000000 ) ;
#673 = ORIENTED_EDGE ( 'NONE', *, *, #1092, .T. ) ;
#674 = FILL_AREA_STYLE ('',( #1929 ) ) ;
#675 = CYLINDRICAL_SURFACE ( 'NONE', #2667, 0.001000000000000000888 ) ;
#676 = EDGE_CURVE ( 'NONE', #1594, #505, #588, .T. ) ;
#677 = VERTEX_POINT ( 'NONE', #2509 ) ;
#678 = VERTEX_POINT ( 'NONE', #2238 ) ;
#679 = LINE ( 'NONE', #896, #642 ) ;
#680 = ADVANCED_FACE ( 'NONE', ( #2224 ), #1829, .F. ) ;
#681 = EDGE_CURVE ( 'NONE', #1551, #918, #607, .T. ) ;
#682 = ORIENTED_EDGE ( 'NONE', *, *, #1120, .T. ) ;
#683 = ORIENTED_EDGE ( 'NONE', *, *, #1957, .F. ) ;
#684 = LINE ( 'NONE', #2593, #2216 ) ;
#685 = ORIENTED_EDGE ( 'NONE', *, *, #1168, .F. ) ;
#686 = DIRECTION ( 'NONE',  ( 0.000000000000000000, -1.000000000000000000, 0.000000000000000000 ) ) ;
#687 = AXIS2_PLACEMENT_3D ( 'NONE', #86, #1735, #288 ) ;
#688 = DIRECTION ( 'NONE',  ( 1.000000000000000000, 0.000000000000000000, 0.000000000000000000 ) ) ;
#689 = EDGE_LOOP ( 'NONE', ( #1165, #1979, #1505, #2332 ) ) ;
#690 = FACE_BOUND ( 'NONE', #1800, .T. ) ;
#691 = CYLINDRICAL_SURFACE ( 'NONE', #233, 0.002999999999999999195 ) ;
#692 = VECTOR ( 'NONE', #485, 1.000000000000000000 ) ;
#693 = ORIENTED_EDGE ( 'NONE', *, *, #735, .T. ) ;
#694 = EDGE_LOOP ( 'NONE', ( #942, #2574 ) ) ;
#695 = CARTESIAN_POINT ( 'NONE',  ( -0.01319999999999999993, -0.006000000000000000125, 0.02450000000000000094 ) ) ;
#696 = ADVANCED_FACE ( 'NONE', ( #286 ), #2053, .T. ) ;
#697 = VERTEX_POINT ( 'NONE', #1599 ) ;
#698 = VERTEX_POINT ( 'NONE', #2683 ) ;
#699 = EDGE_CURVE ( 'NONE', #563, #41, #1219, .T. ) ;
#700 = VERTEX_POINT ( 'NONE', #315 ) ;
#701 = LINE ( 'NONE', #1545, #217 ) ;
#702 = CARTESIAN_POINT ( 'NONE',  ( -0.03269999999999999990, -0.01750000000000000167, 0.01749999999999999820 ) ) ;
#703 = DIRECTION ( 'NONE',  ( -1.387778780781439759E-16, 0.000000000000000000, -1.000000000000000000 ) ) ;
#704 = VERTEX_POINT ( 'NONE', #756 ) ;
#705 = CARTESIAN_POINT ( 'NONE',  ( -0.01700000000000000122, -0.002000000000000000042, 0.01849999999999999908 ) ) ;
#706 = LINE ( 'NONE', #2201, #2570 ) ;
#707 = CIRCLE ( 'NONE', #835, 0.002999999999999999195 ) ;
#708 = VERTEX_POINT ( 'NONE', #2438 ) ;
#709 = CARTESIAN_POINT ( 'NONE',  ( -0.01400000000000000029, 1.692711725128499963E-18, 0.01949999999999999997 ) ) ;
#710 = EDGE_LOOP ( 'NONE', ( #1993, #2651, #908, #1896 ) ) ;
#711 = DIRECTION ( 'NONE',  ( 0.000000000000000000, -1.000000000000000000, 0.000000000000000000 ) ) ;
#712 = VERTEX_POINT ( 'NONE', #1387 ) ;
#713 = ORIENTED_EDGE ( 'NONE', *, *, #1177, .T. ) ;
#714 = DIRECTION ( 'NONE',  ( 1.000000000000000000, 0.000000000000000000, 0.000000000000000000 ) ) ;
#715 = EDGE_CURVE ( 'NONE', #748, #704, #2465, .T. ) ;
#716 = ORIENTED_EDGE ( 'NONE', *, *, #1686, .T. ) ;
#717 = DIRECTION ( 'NONE',  ( 1.000000000000000000, 0.000000000000000000, 0.000000000000000000 ) ) ;
#718 = LINE ( 'NONE', #428, #1284 ) ;
#719 = FACE_BOUND ( 'NONE', #172, .T. ) ;
#720 = ORIENTED_EDGE ( 'NONE', *, *, #1981, .F. ) ;
#721 = CARTESIAN_POINT ( 'NONE',  ( -0.02080327830776942596, -0.001447379680432489372, 0.03188025834101672340 ) ) ;
#722 = DIRECTION ( 'NONE',  ( 0.000000000000000000, 0.000000000000000000, -1.000000000000000000 ) ) ;
#723 = AXIS2_PLACEMENT_3D ( 'NONE', #154, #2740, #2315 ) ;
#724 = ORIENTED_EDGE ( 'NONE', *, *, #433, .F. ) ;
#725 = DIRECTION ( 'NONE',  ( 1.000000000000000000, 0.000000000000000000, -1.387778780781439759E-16 ) ) ;
#726 = ORIENTED_EDGE ( 'NONE', *, *, #775, .F. ) ;
#727 = PLANE ( 'NONE',  #2711 ) ;
#728 = ORIENTED_EDGE ( 'NONE', *, *, #928, .F. ) ;
#729 = ORIENTED_EDGE ( 'NONE', *, *, #1895, .T. ) ;
#730 = DIRECTION ( 'NONE',  ( -1.000000000000000000, 0.000000000000000000, 1.387778780781439759E-16 ) ) ;
#731 = B_SPLINE_CURVE_WITH_KNOTS ( 'NONE', 3,
 ( #818, #629, #422, #7, #2134, #1023, #1035, #2097, #1707, #1011, #1685, #1918, #1872, #1268, #856, #410, #601, #640, #1060, #1909 ),
 .UNSPECIFIED., .F., .F.,
 ( 4, 2, 2, 2, 2, 2, 2, 2, 2, 4 ),
 ( 0.000000000000000000, 0.1249999999999999445, 0.1874999999999994726, 0.2499999999999990008, 0.3749999999999991118, 0.4999999999999992228, 0.6249999999999993339, 0.7499999999999995559, 0.8749999999999997780, 1.000000000000000000 ),
 .UNSPECIFIED. ) ;
#732 = EDGE_LOOP ( 'NONE', ( #1361, #1374, #2191, #67, #2536, #809, #226, #1697, #287, #37 ) ) ;
#733 = LINE ( 'NONE', #947, #982 ) ;
#734 = EDGE_CURVE ( 'NONE', #2661, #2026, #111, .T. ) ;
#735 = EDGE_CURVE ( 'NONE', #396, #2293, #2204, .T. ) ;
#736 = ORIENTED_EDGE ( 'NONE', *, *, #1746, .F. ) ;
#737 = CARTESIAN_POINT ( 'NONE',  ( -0.02082763148863302563, -0.001409126538458792439, 0.03191948605874166123 ) ) ;
#738 = DIRECTION ( 'NONE',  ( -0.000000000000000000, 1.000000000000000000, 0.000000000000000000 ) ) ;
#739 = VECTOR ( 'NONE', #2068, 1.000000000000000000 ) ;
#740 = ADVANCED_FACE ( 'NONE', ( #1583 ), #344, .F. ) ;
#741 = VECTOR ( 'NONE', #2586, 1.000000000000000000 ) ;
#742 = VERTEX_POINT ( 'NONE', #1766 ) ;
#743 = DIRECTION ( 'NONE',  ( 0.000000000000000000, 0.000000000000000000, -1.000000000000000000 ) ) ;
#744 = ORIENTED_EDGE ( 'NONE', *, *, #838, .T. ) ;
#745 = LINE ( 'NONE', #2455, #562 ) ;
#746 = AXIS2_PLACEMENT_3D ( 'NONE', #774, #1150, #129 ) ;
#747 =( BOUNDED_CURVE ( )  B_SPLINE_CURVE ( 3, ( #2718, #1398, #2705, #2541 ),
 .UNSPECIFIED., .F., .F. ) 
 B_SPLINE_CURVE_WITH_KNOTS ( ( 4, 4 ),
 ( 0.000000000000000000, 0.3499809512022835634 ),
 .UNSPECIFIED. ) 
 CURVE ( )  GEOMETRIC_REPRESENTATION_ITEM ( )  RATIONAL_B_SPLINE_CURVE ( ( 1.000000000000000000, 0.9898187980904105121, 0.9898187980904105121, 1.000000000000000000 ) ) 
 REPRESENTATION_ITEM ( '' )  );
#748 = VERTEX_POINT ( 'NONE', #2253 ) ;
#749 = VERTEX_POINT ( 'NONE', #301 ) ;
#750 = LINE ( 'NONE', #1590, #1403 ) ;
#751 = VERTEX_POINT ( 'NONE', #126 ) ;
#752 = DIRECTION ( 'NONE',  ( 0.000000000000000000, -1.000000000000000000, 0.000000000000000000 ) ) ;
#753 = VERTEX_POINT ( 'NONE', #2695 ) ;
#754 = PLANE ( 'NONE',  #319 ) ;
#755 = DIRECTION ( 'NONE',  ( 0.000000000000000000, 0.000000000000000000, 1.000000000000000000 ) ) ;
#756 = CARTESIAN_POINT ( 'NONE',  ( -0.01409999999999999969, 0.01750000000000000167, 0.01225829721387380021 ) ) ;
#757 = ORIENTED_EDGE ( 'NONE', *, *, #394, .F. ) ;
#758 = CARTESIAN_POINT ( 'NONE',  ( -0.03400000000000000244, -0.002236067977499789881, 0.02649999999999999925 ) ) ;
#759 = STYLED_ITEM ( 'NONE', ( #1305 ), #952 ) ;
#760 = ORIENTED_EDGE ( 'NONE', *, *, #2637, .F. ) ;
#761 = DIRECTION ( 'NONE',  ( 1.000000000000000000, 0.000000000000000000, -1.387778780781439759E-16 ) ) ;
#762 = CARTESIAN_POINT ( 'NONE',  ( -0.02270000000000000143, -0.01450000000000000074, 0.01360253174043259995 ) ) ;
#763 = CARTESIAN_POINT ( 'NONE',  ( -0.03269999999999999990, 0.01750000000000000167, 0.01849999999999999908 ) ) ;
#764 = DIRECTION ( 'NONE',  ( 0.000000000000000000, -1.000000000000000000, 0.000000000000000000 ) ) ;
#765 = CARTESIAN_POINT ( 'NONE',  ( -0.02106091575285716153, -0.0009191537652101004980, 0.03228007145412882528 ) ) ;
#766 = CARTESIAN_POINT ( 'NONE',  ( -0.04200000000000000261, -0.006000000000000000125, 0.02649999999999999925 ) ) ;
#767 = ORIENTED_EDGE ( 'NONE', *, *, #1396, .T. ) ;
#768 = CARTESIAN_POINT ( 'NONE',  ( -0.01409799999999999942, -0.006000398485767920349, 0.04093913677818870195 ) ) ;
#769 = CYLINDRICAL_SURFACE ( 'NONE', #1803, 0.001000000000000000888 ) ;
#770 = EDGE_CURVE ( 'NONE', #970, #2113, #2633, .T. ) ;
#771 = EDGE_CURVE ( 'NONE', #2012, #698, #2662, .T. ) ;
#772 = AXIS2_PLACEMENT_3D ( 'NONE', #1315, #79, #263 ) ;
#773 = ORIENTED_EDGE ( 'NONE', *, *, #843, .F. ) ;
#774 = CARTESIAN_POINT ( 'NONE',  ( -0.02670000000000000151, 0.01750000000000000167, 0.02450000000000000094 ) ) ;
#775 = EDGE_CURVE ( 'NONE', #33, #508, #957, .T. ) ;
#776 = CARTESIAN_POINT ( 'NONE',  ( -0.02270000000000000143, 0.01750000000000000167, 0.03649991195174490111 ) ) ;
#777 = DIRECTION ( 'NONE',  ( -1.000000000000000000, 0.000000000000000000, 1.387778780781439759E-16 ) ) ;
#778 = DIRECTION ( 'NONE',  ( 0.000000000000000000, -1.000000000000000000, 0.000000000000000000 ) ) ;
#779 = DIRECTION ( 'NONE',  ( -1.000000000000000000, 0.000000000000000000, 0.000000000000000000 ) ) ;
#780 = DIRECTION ( 'NONE',  ( 1.000000000000000000, 0.000000000000000000, 0.000000000000000000 ) ) ;
#781 = CIRCLE ( 'NONE', #687, 0.001000000000000000888 ) ;
#782 = CARTESIAN_POINT ( 'NONE',  ( -0.02013276131911546571, 0.001996798612533821557, 0.03066940950364307680 ) ) ;
#783 = CYLINDRICAL_SURFACE ( 'NONE', #283, 0.01499999999999999944 ) ;
#784 = ORIENTED_EDGE ( 'NONE', *, *, #1186, .T. ) ;
#785 = DIRECTION ( 'NONE',  ( 1.000000000000000000, 0.000000000000000000, 0.000000000000000000 ) ) ;
#786 = CARTESIAN_POINT ( 'NONE',  ( -0.03869999999999999829, 0.01750000000000000167, 0.02450000000000000094 ) ) ;
#787 = FACE_OUTER_BOUND ( 'NONE', #2552, .T. ) ;
#788 = ADVANCED_FACE ( 'NONE', ( #1552 ), #2453, .F. ) ;
#789 = CARTESIAN_POINT ( 'NONE',  ( -0.01700000000000000122, 0.006000000000000000125, 0.02450000000000000094 ) ) ;
#790 = LINE ( 'NONE', #2505, #2561 ) ;
#791 = DIRECTION ( 'NONE',  ( -0.9659258262890682012, 0.000000000000000000, 0.2588190451025210725 ) ) ;
#792 = LINE ( 'NONE', #419, #2156 ) ;
#793 = EDGE_LOOP ( 'NONE', ( #2249, #1085 ) ) ;
#794 = CARTESIAN_POINT ( 'NONE',  ( -0.04200000000000000261, 0.006000000000000000125, 0.02649999999999999925 ) ) ;
#795 = EDGE_LOOP ( 'NONE', ( #1326, #275, #1734, #2538 ) ) ;
#796 = DIRECTION ( 'NONE',  ( 1.927470528863118802E-16, 0.000000000000000000, 1.000000000000000000 ) ) ;
#797 = ADVANCED_FACE ( 'NONE', ( #1190 ), #497, .F. ) ;
#798 = ADVANCED_FACE ( 'NONE', ( #1816 ), #1781, .T. ) ;
#799 = CARTESIAN_POINT ( 'NONE',  ( -0.02115281680460424918, -0.0005786615272215696326, 0.03241677273315726748 ) ) ;
#800 = DIRECTION ( 'NONE',  ( 0.000000000000000000, 1.000000000000000000, 0.000000000000000000 ) ) ;
#801 = CARTESIAN_POINT ( 'NONE',  ( -0.02121087464314228010, -3.086291512858570430E-11, 0.03249999996426797266 ) ) ;
#802 = DIRECTION ( 'NONE',  ( -0.2957820600050709015, -0.8973471420218435135, -0.3275379057214388712 ) ) ;
#803 = EDGE_LOOP ( 'NONE', ( #1010, #2684 ) ) ;
#804 = FACE_BOUND ( 'NONE', #803, .T. ) ;
#805 = AXIS2_PLACEMENT_3D ( 'NONE', #2672, #752, #2101 ) ;
#806 = EDGE_LOOP ( 'NONE', ( #869, #85, #2590, #502 ) ) ;
#807 = CARTESIAN_POINT ( 'NONE',  ( -0.03269999999999999990, 0.01750000000000000167, 0.03049999999999999933 ) ) ;
#808 = CARTESIAN_POINT ( 'NONE',  ( -0.03269999999999999990, 0.01450000000000000074, 0.02949999999999999845 ) ) ;
#809 = ORIENTED_EDGE ( 'NONE', *, *, #2292, .F. ) ;
#810 = DIRECTION ( 'NONE',  ( 0.000000000000000000, 0.000000000000000000, 1.000000000000000000 ) ) ;
#811 = DIRECTION ( 'NONE',  ( 0.000000000000000000, 0.000000000000000000, -1.000000000000000000 ) ) ;
#812 = ADVANCED_FACE ( 'NONE', ( #2757 ), #366, .F. ) ;
#813 = EDGE_CURVE ( 'NONE', #748, #1069, #2318, .T. ) ;
#814 = DIRECTION ( 'NONE',  ( 0.000000000000000000, 1.000000000000000000, 0.000000000000000000 ) ) ;
#815 = LINE ( 'NONE', #193, #2569 ) ;
#816 = EDGE_CURVE ( 'NONE', #2111, #1114, #348, .T. ) ;
#817 = ORIENTED_EDGE ( 'NONE', *, *, #770, .F. ) ;
#818 = CARTESIAN_POINT ( 'NONE',  ( -0.01884359353944890098, 0.006000000000000000125, 0.02649999999999999925 ) ) ;
#819 = VECTOR ( 'NONE', #1341, 1.000000000000000000 ) ;
#820 = EDGE_LOOP ( 'NONE', ( #461, #1522 ) ) ;
#821 = DIRECTION ( 'NONE',  ( 0.000000000000000000, 0.000000000000000000, -1.000000000000000000 ) ) ;
#822 = DIRECTION ( 'NONE',  ( 0.000000000000000000, 1.000000000000000000, 0.000000000000000000 ) ) ;
#823 = AXIS2_PLACEMENT_3D ( 'NONE', #2151, #1077, #28 ) ;
#824 = CIRCLE ( 'NONE', #1303, 0.0009999999999999974187 ) ;
#825 = CARTESIAN_POINT ( 'NONE',  ( -0.02110920800012584114, -0.0007549859221970670921, 0.03235217812468624971 ) ) ;
#826 = CIRCLE ( 'NONE', #2218, 0.01750000000000000167 ) ;
#827 = DIRECTION ( 'NONE',  ( 0.000000000000000000, -1.000000000000000000, 0.000000000000000000 ) ) ;
#828 = CARTESIAN_POINT ( 'NONE',  ( -0.02079660576972139005, 0.001457592223469463813, 0.03186946475793129424 ) ) ;
#829 = LINE ( 'NONE', #586, #1214 ) ;
#830 = ORIENTED_EDGE ( 'NONE', *, *, #2596, .T. ) ;
#831 = CARTESIAN_POINT ( 'NONE',  ( -0.02252485973793990140, 0.01763108548870609762, 0.03669385567720839791 ) ) ;
#832 = ORIENTED_EDGE ( 'NONE', *, *, #2262, .F. ) ;
#833 = DIRECTION ( 'NONE',  ( 0.000000000000000000, -1.000000000000000000, 0.000000000000000000 ) ) ;
#834 = DIRECTION ( 'NONE',  ( -0.000000000000000000, 1.000000000000000000, 0.000000000000000000 ) ) ;
#835 = AXIS2_PLACEMENT_3D ( 'NONE', #2062, #2692, #1622 ) ;
#836 = CARTESIAN_POINT ( 'NONE',  ( -0.02120159378509519146, -0.0002661787362127852863, 0.01651290349892492806 ) ) ;
#837 = CARTESIAN_POINT ( 'NONE',  ( -0.03869999999999999829, 0.01450000000000000074, 0.02350000000000000006 ) ) ;
#838 = EDGE_CURVE ( 'NONE', #161, #329, #2361, .T. ) ;
#839 = CARTESIAN_POINT ( 'NONE',  ( -0.01884359353944890098, -0.006175175969998777242, 0.02649999999999999925 ) ) ;
#840 = CARTESIAN_POINT ( 'NONE',  ( -0.03269999999999999990, 0.01450000000000000074, 0.01849999999999999908 ) ) ;
#841 = ORIENTED_EDGE ( 'NONE', *, *, #848, .T. ) ;
#842 = DIRECTION ( 'NONE',  ( 0.6702130933512278066, 0.000000000000000000, -0.7421687203733248195 ) ) ;
#843 = EDGE_CURVE ( 'NONE', #2083, #2579, #36, .T. ) ;
#844 = EDGE_CURVE ( 'NONE', #2588, #2195, #2533, .T. ) ;
#845 = ORIENTED_EDGE ( 'NONE', *, *, #2086, .F. ) ;
#846 = DIRECTION ( 'NONE',  ( -1.000000000000000000, 0.000000000000000000, 1.387778780781439759E-16 ) ) ;
#847 = DIRECTION ( 'NONE',  ( 0.000000000000000000, 1.000000000000000000, 0.000000000000000000 ) ) ;
#848 = EDGE_CURVE ( 'NONE', #1817, #1121, #1008, .T. ) ;
#849 = CIRCLE ( 'NONE', #1430, 0.009000000000000001055 ) ;
#850 = AXIS2_PLACEMENT_3D ( 'NONE', #570, #1397, #778 ) ;
#851 = CARTESIAN_POINT ( 'NONE',  ( -0.02033551028880981743, -0.001926493919647295425, 0.01793277359794265280 ) ) ;
#852 = AXIS2_PLACEMENT_3D ( 'NONE', #636, #1475, #2288 ) ;
#853 = CARTESIAN_POINT ( 'NONE',  ( -0.01869997664494552070, -0.008000118316468188967, 0.02467577155397417121 ) ) ;
#854 = CARTESIAN_POINT ( 'NONE',  ( -0.02005088935932640079, 0.002000000000000000042, 0.01849999999999999908 ) ) ;
#855 = ORIENTED_EDGE ( 'NONE', *, *, #1177, .F. ) ;
#856 = CARTESIAN_POINT ( 'NONE',  ( -0.01874760700299432301, 0.007661320436634146483, 0.02333292113837207027 ) ) ;
#857 = ORIENTED_EDGE ( 'NONE', *, *, #1016, .T. ) ;
#858 = AXIS2_PLACEMENT_3D ( 'NONE', #2440, #972, #1160 ) ;
#859 = DIRECTION ( 'NONE',  ( 0.000000000000000000, 0.000000000000000000, -1.000000000000000000 ) ) ;
#860 = DIRECTION ( 'NONE',  ( -1.000000000000000000, 0.000000000000000000, 1.387778780781439759E-16 ) ) ;
#861 = EDGE_CURVE ( 'NONE', #922, #424, #381, .T. ) ;
#862 = CARTESIAN_POINT ( 'NONE',  ( -0.02109906680397680492, -0.0007908472430979664658, 0.01666298017315446384 ) ) ;
#863 = CIRCLE ( 'NONE', #1898, 0.002999999999999999195 ) ;
#864 = AXIS2_PLACEMENT_3D ( 'NONE', #2539, #1483, #1711 ) ;
#865 = CARTESIAN_POINT ( 'NONE',  ( -0.01884359353944890098, -0.006000000000000000125, 0.02649999999999999925 ) ) ;
#866 = CARTESIAN_POINT ( 'NONE',  ( -0.03869999999999999829, -0.01750000000000000167, 0.02350000000000000006 ) ) ;
#867 = AXIS2_PLACEMENT_3D ( 'NONE', #1049, #1656, #185 ) ;
#868 = ORIENTED_EDGE ( 'NONE', *, *, #861, .F. ) ;
#869 = ORIENTED_EDGE ( 'NONE', *, *, #676, .T. ) ;
#870 = DIRECTION ( 'NONE',  ( -1.000000000000000000, 0.000000000000000000, 0.000000000000000000 ) ) ;
#871 = ORIENTED_EDGE ( 'NONE', *, *, #512, .F. ) ;
#872 = CARTESIAN_POINT ( 'NONE',  ( -0.03269999999999999990, 0.01750000000000000167, 0.01749999999999999820 ) ) ;
#873 = DIRECTION ( 'NONE',  ( 0.000000000000000000, 0.000000000000000000, -1.000000000000000000 ) ) ;
#874 = DIRECTION ( 'NONE',  ( 1.000000000000000000, 0.000000000000000000, 0.000000000000000000 ) ) ;
#875 = CARTESIAN_POINT ( 'NONE',  ( -0.02050997569774230117, 0.001800510218138220335, 0.01761494555164779333 ) ) ;
#876 = ADVANCED_FACE ( 'NONE', ( #182 ), #1893, .F. ) ;
#877 = EDGE_CURVE ( 'NONE', #2404, #1482, #2189, .T. ) ;
#878 = VERTEX_POINT ( 'NONE', #1692 ) ;
#879 = CARTESIAN_POINT ( 'NONE',  ( -0.01872991282222030360, -0.007808049922998640258, 0.02360585628658350144 ) ) ;
#880 = DIRECTION ( 'NONE',  ( 0.000000000000000000, 1.000000000000000000, 0.000000000000000000 ) ) ;
#881 = ORIENTED_EDGE ( 'NONE', *, *, #816, .T. ) ;
#882 = ORIENTED_EDGE ( 'NONE', *, *, #1489, .F. ) ;
#883 = DIRECTION ( 'NONE',  ( 0.000000000000000000, 0.000000000000000000, 1.000000000000000000 ) ) ;
#884 = EDGE_LOOP ( 'NONE', ( #868, #2309, #1103, #479, #2439, #547, #239, #409 ) ) ;
#885 = ORIENTED_EDGE ( 'NONE', *, *, #2086, .T. ) ;
#886 = DIRECTION ( 'NONE',  ( -1.000000000000000000, 0.000000000000000000, 1.387778780781439759E-16 ) ) ;
#887 = CARTESIAN_POINT ( 'NONE',  ( -0.02067360297284228168, 0.001625245955173671916, 0.01733271453914638632 ) ) ;
#888 = VECTOR ( 'NONE', #310, 1.000000000000000000 ) ;
#889 = AXIS2_PLACEMENT_3D ( 'NONE', #992, #1880, #811 ) ;
#890 = ORIENTED_EDGE ( 'NONE', *, *, #1329, .F. ) ;
#891 = SURFACE_STYLE_USAGE ( .BOTH. , #2383 ) ;
#892 = DIRECTION ( 'NONE',  ( -1.000000000000000000, 0.000000000000000000, 0.000000000000000000 ) ) ;
#893 = ADVANCED_FACE ( 'NONE', ( #46, #690 ), #2585, .F. ) ;
#894 = ORIENTED_EDGE ( 'NONE', *, *, #305, .T. ) ;
#895 = ORIENTED_EDGE ( 'NONE', *, *, #1084, .F. ) ;
#896 = CARTESIAN_POINT ( 'NONE',  ( -0.01884359353944890098, -0.01450199999999999927, 0.02649999999999999925 ) ) ;
#897 = ADVANCED_FACE ( 'NONE', ( #476 ), #2571, .F. ) ;
#898 = VERTEX_POINT ( 'NONE', #1959 ) ;
#899 = ORIENTED_EDGE ( 'NONE', *, *, #1705, .T. ) ;
#900 = FACE_OUTER_BOUND ( 'NONE', #95, .T. ) ;
#901 = ORIENTED_EDGE ( 'NONE', *, *, #2543, .F. ) ;
#902 = DIRECTION ( 'NONE',  ( -1.000000000000000000, 0.000000000000000000, 0.000000000000000000 ) ) ;
#903 = VECTOR ( 'NONE', #1009, 1.000000000000000000 ) ;
#904 = FACE_BOUND ( 'NONE', #222, .T. ) ;
#905 = EDGE_LOOP ( 'NONE', ( #1747, #1002, #1459, #1022 ) ) ;
#906 = CARTESIAN_POINT ( 'NONE',  ( -0.01319999999999999993, 1.692711725128499963E-18, 0.01849999999999999908 ) ) ;
#907 = CARTESIAN_POINT ( 'NONE',  ( -0.02270000000000000143, 0.01450000000000000074, 0.03539746825956729959 ) ) ;
#908 = ORIENTED_EDGE ( 'NONE', *, *, #2331, .T. ) ;
#909 = EDGE_LOOP ( 'NONE', ( #1447, #2029, #1655, #720 ) ) ;
#910 = DIRECTION ( 'NONE',  ( 0.000000000000000000, 1.000000000000000000, 0.000000000000000000 ) ) ;
#911 = VECTOR ( 'NONE', #777, 1.000000000000000000 ) ;
#912 = ADVANCED_FACE ( 'NONE', ( #2141 ), #192, .F. ) ;
#913 = ORIENTED_EDGE ( 'NONE', *, *, #512, .T. ) ;
#914 = FACE_OUTER_BOUND ( 'NONE', #1831, .T. ) ;
#915 = ORIENTED_EDGE ( 'NONE', *, *, #2337, .F. ) ;
#916 = DIRECTION ( 'NONE',  ( 0.000000000000000000, 0.000000000000000000, 1.000000000000000000 ) ) ;
#917 = VERTEX_POINT ( 'NONE', #1915 ) ;
#918 = VERTEX_POINT ( 'NONE', #2367 ) ;
#919 = CARTESIAN_POINT ( 'NONE',  ( -0.01887972503891469783, -0.002000000000000000042, 0.02226393202250019979 ) ) ;
#920 = CARTESIAN_POINT ( 'NONE',  ( -0.01887972503891469783, -0.002000000000000000042, 0.02226393202250019979 ) ) ;
#921 = EDGE_CURVE ( 'NONE', #1570, #898, #3, .T. ) ;
#922 = VERTEX_POINT ( 'NONE', #1264 ) ;
#923 = DIRECTION ( 'NONE',  ( 0.2588190451025210725, 0.000000000000000000, 0.9659258262890682012 ) ) ;
#924 = VERTEX_POINT ( 'NONE', #1490 ) ;
#925 = DIRECTION ( 'NONE',  ( -1.387778780781439759E-16, 0.000000000000000000, -1.000000000000000000 ) ) ;
#926 = ORIENTED_EDGE ( 'NONE', *, *, #262, .F. ) ;
#927 = VERTEX_POINT ( 'NONE', #2355 ) ;
#928 = EDGE_CURVE ( 'NONE', #742, #537, #1067, .T. ) ;
#929 = DIRECTION ( 'NONE',  ( 1.000000000000000000, 0.000000000000000000, 0.000000000000000000 ) ) ;
#930 = DIRECTION ( 'NONE',  ( 1.000000000000000000, 0.000000000000000000, 0.000000000000000000 ) ) ;
#931 = EDGE_CURVE ( 'NONE', #665, #898, #56, .T. ) ;
#932 = ORIENTED_EDGE ( 'NONE', *, *, #1247, .F. ) ;
#933 = CARTESIAN_POINT ( 'NONE',  ( -0.03269999999999999990, 0.01750000000000000167, 0.02150000000000000175 ) ) ;
#934 = ORIENTED_EDGE ( 'NONE', *, *, #1891, .F. ) ;
#935 = CARTESIAN_POINT ( 'NONE',  ( -0.03269999999999999990, 0.01750000000000000167, 0.03150000000000000022 ) ) ;
#936 = CARTESIAN_POINT ( 'NONE',  ( -0.03269999999999999990, 0.002000000000000000042, 0.02450000000000000094 ) ) ;
#937 = VECTOR ( 'NONE', #717, 1.000000000000000000 ) ;
#938 = ORIENTED_EDGE ( 'NONE', *, *, #122, .T. ) ;
#939 = CARTESIAN_POINT ( 'NONE',  ( -0.01400000000000000029, -0.006000000000000000125, 0.02450000000000000094 ) ) ;
#940 = ORIENTED_EDGE ( 'NONE', *, *, #289, .F. ) ;
#941 = DIRECTION ( 'NONE',  ( 0.000000000000000000, 1.000000000000000000, 0.000000000000000000 ) ) ;
#942 = ORIENTED_EDGE ( 'NONE', *, *, #1050, .F. ) ;
#943 = ORIENTED_EDGE ( 'NONE', *, *, #103, .F. ) ;
#944 = CARTESIAN_POINT ( 'NONE',  ( -0.03502937140592270182, -0.01450000000000000074, 0.03319333243660159416 ) ) ;
#945 = CARTESIAN_POINT ( 'NONE',  ( -0.03269999999999999990, -0.01450199999999999927, 0.02450000000000000094 ) ) ;
#946 = ORIENTED_EDGE ( 'NONE', *, *, #2306, .T. ) ;
#947 = CARTESIAN_POINT ( 'NONE',  ( -0.02270000000000000143, -0.01450199999999999927, 0.03429795897113269848 ) ) ;
#948 = ORIENTED_EDGE ( 'NONE', *, *, #2403, .T. ) ;
#949 = CARTESIAN_POINT ( 'NONE',  ( -0.02092070765533210475, -0.001244874358552468946, 0.03206689191085642515 ) ) ;
#950 = FACE_OUTER_BOUND ( 'NONE', #450, .T. ) ;
#951 = CIRCLE ( 'NONE', #1625, 0.001000000000000000888 ) ;
#952 = MANIFOLD_SOLID_BREP ( 'shoulder[1]', #1534 ) ;
#953 = ORIENTED_EDGE ( 'NONE', *, *, #69, .T. ) ;
#954 = DIRECTION ( 'NONE',  ( 0.000000000000000000, -1.000000000000000000, 0.000000000000000000 ) ) ;
#955 = ORIENTED_EDGE ( 'NONE', *, *, #2104, .T. ) ;
#956 = CARTESIAN_POINT ( 'NONE',  ( -0.01409799999999999942, -0.01750000000000000167, 0.01225829721387380021 ) ) ;
#957 = CIRCLE ( 'NONE', #2532, 0.001000000000000000888 ) ;
#958 = AXIS2_PLACEMENT_3D ( 'NONE', #1038, #833, #1688 ) ;
#959 = ORIENTED_EDGE ( 'NONE', *, *, #2411, .F. ) ;
#960 = VERTEX_POINT ( 'NONE', #1836 ) ;
#961 = FACE_OUTER_BOUND ( 'NONE', #2619, .T. ) ;
#962 = VECTOR ( 'NONE', #2690, 1.000000000000000000 ) ;
#963 = ORIENTED_EDGE ( 'NONE', *, *, #2637, .T. ) ;
#964 = CARTESIAN_POINT ( 'NONE',  ( -0.03269999999999999990, 0.01750000000000000167, 0.02450000000000000094 ) ) ;
#965 = DIRECTION ( 'NONE',  ( 0.000000000000000000, -1.000000000000000000, 0.000000000000000000 ) ) ;
#966 = CARTESIAN_POINT ( 'NONE',  ( -0.02094731625597493277, -0.001190938822695805253, 0.03210810480484326684 ) ) ;
#967 = PLANE ( 'NONE',  #2429 ) ;
#968 = EDGE_CURVE ( 'NONE', #1995, #73, #707, .T. ) ;
#969 = EDGE_CURVE ( 'NONE', #1162, #742, #2277, .T. ) ;
#970 = VERTEX_POINT ( 'NONE', #2704 ) ;
#971 = CARTESIAN_POINT ( 'NONE',  ( -0.03269999999999999990, 0.01750000000000000167, 0.01849999999999999908 ) ) ;
#972 = DIRECTION ( 'NONE',  ( -1.000000000000000000, 0.000000000000000000, 1.387778780781439759E-16 ) ) ;
#973 = ORIENTED_EDGE ( 'NONE', *, *, #1715, .T. ) ;
#974 = DIRECTION ( 'NONE',  ( 1.000000000000000000, -3.802061687943670351E-16, 0.000000000000000000 ) ) ;
#975 = CARTESIAN_POINT ( 'NONE',  ( -0.01700000000000000122, -0.006000000000000000125, 0.02649999999999999925 ) ) ;
#976 = CARTESIAN_POINT ( 'NONE',  ( -0.03269999999999999990, -0.01750000000000000167, 0.02949999999999999845 ) ) ;
#977 = LINE ( 'NONE', #2140, #2518 ) ;
#978 = CARTESIAN_POINT ( 'NONE',  ( -0.02120088031797461026, -0.0002714672070082805341, 0.03248639827409682129 ) ) ;
#979 = DIRECTION ( 'NONE',  ( 1.000000000000000000, 0.000000000000000000, 0.000000000000000000 ) ) ;
#980 = CARTESIAN_POINT ( 'NONE',  ( -0.02104916509444480083, 0.0009453473222491216204, 0.03226274884735202270 ) ) ;
#981 = FACE_OUTER_BOUND ( 'NONE', #443, .T. ) ;
#982 = VECTOR ( 'NONE', #279, 1.000000000000000000 ) ;
#983 = ADVANCED_FACE ( 'NONE', ( #555 ), #2490, .F. ) ;
#984 = ORIENTED_EDGE ( 'NONE', *, *, #1546, .T. ) ;
#985 = CIRCLE ( 'NONE', #852, 0.002999999999999999195 ) ;
#986 = DIRECTION ( 'NONE',  ( 0.000000000000000000, 1.000000000000000000, 0.000000000000000000 ) ) ;
#987 = CYLINDRICAL_SURFACE ( 'NONE', #2168, 0.001000000000000000888 ) ;
#988 = DIRECTION ( 'NONE',  ( 0.000000000000000000, 1.000000000000000000, 0.000000000000000000 ) ) ;
#989 = PLANE ( 'NONE',  #2147 ) ;
#990 = CARTESIAN_POINT ( 'NONE',  ( -0.01700000000000000122, -0.002000000000000000042, 0.02850000000000000103 ) ) ;
#991 = DIRECTION ( 'NONE',  ( 0.000000000000000000, 1.000000000000000000, 0.000000000000000000 ) ) ;
#992 = CARTESIAN_POINT ( 'NONE',  ( -0.03269999999999999990, 0.01450000000000000074, 0.02450000000000000094 ) ) ;
#993 = CIRCLE ( 'NONE', #1119, 0.001000000000000000888 ) ;
#994 = CARTESIAN_POINT ( 'NONE',  ( -0.03269999999999999990, 0.01750000000000000167, 0.02750000000000000014 ) ) ;
#995 = CYLINDRICAL_SURFACE ( 'NONE', #1295, 0.001000000000000000888 ) ;
#996 = AXIS2_PLACEMENT_3D ( 'NONE', #445, #1916, #1491 ) ;
#997 = ORIENTED_EDGE ( 'NONE', *, *, #323, .T. ) ;
#998 = AXIS2_PLACEMENT_3D ( 'NONE', #999, #2030, #359 ) ;
#999 = CARTESIAN_POINT ( 'NONE',  ( -0.02670000000000000151, -0.01750000000000000167, 0.02450000000000000094 ) ) ;
#1000 = EDGE_CURVE ( 'NONE', #2522, #1643, #1825, .T. ) ;
#1001 = CIRCLE ( 'NONE', #1672, 0.01750000000000000167 ) ;
#1002 = ORIENTED_EDGE ( 'NONE', *, *, #2584, .T. ) ;
#1003 = CARTESIAN_POINT ( 'NONE',  ( -0.03869999999999999829, -0.01750000000000000167, 0.02550000000000000183 ) ) ;
#1004 = CARTESIAN_POINT ( 'NONE',  ( -0.01410000000000000142, 1.836970198721029595E-18, 0.009500000000000001499 ) ) ;
#1005 = AXIS2_PLACEMENT_3D ( 'NONE', #245, #42, #929 ) ;
#1006 = DIRECTION ( 'NONE',  ( 0.000000000000000000, 1.000000000000000000, 0.000000000000000000 ) ) ;
#1007 = LINE ( 'NONE', #2515, #1333 ) ;
#1008 = LINE ( 'NONE', #2495, #429 ) ;
#1009 = DIRECTION ( 'NONE',  ( 0.000000000000000000, -1.000000000000000000, 0.000000000000000000 ) ) ;
#1010 = ORIENTED_EDGE ( 'NONE', *, *, #1017, .F. ) ;
#1011 = CARTESIAN_POINT ( 'NONE',  ( -0.01870596938887476163, 0.007977133165971636575, 0.02489922788058609310 ) ) ;
#1012 = EDGE_CURVE ( 'NONE', #563, #346, #2263, .T. ) ;
#1013 = ORIENTED_EDGE ( 'NONE', *, *, #433, .T. ) ;
#1014 = DIRECTION ( 'NONE',  ( -1.000000000000000000, 0.000000000000000000, 1.387778780781439759E-16 ) ) ;
#1015 = PLANE ( 'NONE',  #653 ) ;
#1016 = EDGE_CURVE ( 'NONE', #1995, #1645, #341, .T. ) ;
#1017 = EDGE_CURVE ( 'NONE', #1531, #2195, #593, .T. ) ;
#1018 = FACE_OUTER_BOUND ( 'NONE', #119, .T. ) ;
#1019 = DIRECTION ( 'NONE',  ( 0.000000000000000000, 0.000000000000000000, -1.000000000000000000 ) ) ;
#1020 = CARTESIAN_POINT ( 'NONE',  ( -0.02041815570318172846, 0.001866812300272754606, 0.03121772953373143714 ) ) ;
#1021 = DIRECTION ( 'NONE',  ( 0.000000000000000000, 1.000000000000000000, 0.000000000000000000 ) ) ;
#1022 = ORIENTED_EDGE ( 'NONE', *, *, #1627, .F. ) ;
#1023 = CARTESIAN_POINT ( 'NONE',  ( -0.01879408587783283624, 0.007160025424189436598, 0.02613634169586462330 ) ) ;
#1024 = VECTOR ( 'NONE', #1549, 1.000000000000000000 ) ;
#1025 = CIRCLE ( 'NONE', #889, 0.01400000000000000029 ) ;
#1026 = ORIENTED_EDGE ( 'NONE', *, *, #1603, .T. ) ;
#1027 = CARTESIAN_POINT ( 'NONE',  ( -0.03400000000000000244, 1.734723475976799968E-18, 0.02450000000000000094 ) ) ;
#1028 = LINE ( 'NONE', #2581, #1630 ) ;
#1029 = CARTESIAN_POINT ( 'NONE',  ( -0.02117129263661635466, -0.0004763799311803488938, 0.03244368986675408295 ) ) ;
#1030 = LINE ( 'NONE', #406, #1562 ) ;
#1031 =( BOUNDED_CURVE ( )  B_SPLINE_CURVE ( 3, ( #1607, #567, #131, #2500 ),
 .UNSPECIFIED., .F., .F. ) 
 B_SPLINE_CURVE_WITH_KNOTS ( ( 4, 4 ),
 ( 5.933204355977304445, 6.633166258381868019 ),
 .UNSPECIFIED. ) 
 CURVE ( )  GEOMETRIC_REPRESENTATION_ITEM ( )  RATIONAL_B_SPLINE_CURVE ( ( 1.000000000000000000, 0.9595861629786145430, 0.9595861629786145430, 1.000000000000000000 ) ) 
 REPRESENTATION_ITEM ( '' )  );
#1032 = CARTESIAN_POINT ( 'NONE',  ( -0.02079719257822153916, 0.001456702547523985826, 0.03187041561421536523 ) ) ;
#1033 = CARTESIAN_POINT ( 'NONE',  ( -0.02670000000000000151, 0.01750000000000000167, 0.02350000000000000006 ) ) ;
#1034 = EDGE_LOOP ( 'NONE', ( #152, #196, #841, #2070 ) ) ;
#1035 = CARTESIAN_POINT ( 'NONE',  ( -0.01878351140081020720, 0.007292113284851621698, 0.02603636378531347731 ) ) ;
#1036 = AXIS2_PLACEMENT_3D ( 'NONE', #1132, #870, #1537 ) ;
#1037 = VERTEX_POINT ( 'NONE', #1792 ) ;
#1038 = CARTESIAN_POINT ( 'NONE',  ( -0.03269999999999999990, -0.01450000000000000074, 0.02450000000000000094 ) ) ;
#1039 = FACE_OUTER_BOUND ( 'NONE', #1553, .T. ) ;
#1040 = PRODUCT_DEFINITION_SHAPE ( 'NONE', 'NONE',  #19 ) ;
#1041 = CARTESIAN_POINT ( 'NONE',  ( -0.02112633456729789971, -0.0006909022565739465164, 0.01662252811234558869 ) ) ;
#1042 = CARTESIAN_POINT ( 'NONE',  ( -0.01770000000000000046, 0.000000000000000000, 0.006963276489842369806 ) ) ;
#1043 = CIRCLE ( 'NONE', #1488, 0.009000000000000001055 ) ;
#1044 = EDGE_CURVE ( 'NONE', #1571, #700, #2449, .T. ) ;
#1045 = CARTESIAN_POINT ( 'NONE',  ( -0.01878364633324616784, -0.007290344434901180858, 0.02296208069793788040 ) ) ;
#1046 = CARTESIAN_POINT ( 'NONE',  ( -0.01323518822069889855, 0.01055203077661080041, 0.04698088780331180492 ) ) ;
#1047 = EDGE_CURVE ( 'NONE', #1180, #1203, #2655, .T. ) ;
#1048 = ORIENTED_EDGE ( 'NONE', *, *, #1906, .F. ) ;
#1049 = CARTESIAN_POINT ( 'NONE',  ( -0.03269999999999999990, -0.01450000000000000074, 0.03049999999999999933 ) ) ;
#1050 = EDGE_CURVE ( 'NONE', #73, #1995, #2375, .T. ) ;
#1051 = ORIENTED_EDGE ( 'NONE', *, *, #468, .F. ) ;
#1052 = DIRECTION ( 'NONE',  ( 0.000000000000000000, 1.000000000000000000, 0.000000000000000000 ) ) ;
#1053 = DIRECTION ( 'NONE',  ( -1.000000000000000000, 0.000000000000000000, 0.000000000000000000 ) ) ;
#1054 = AXIS2_PLACEMENT_3D ( 'NONE', #351, #1422, #2285 ) ;
#1055 = CARTESIAN_POINT ( 'NONE',  ( -0.02121027775722813744, 0.0002728476690385100837, 0.01650063279758843746 ) ) ;
#1056 = CYLINDRICAL_SURFACE ( 'NONE', #2064, 0.002000000000000001776 ) ;
#1057 = DIRECTION ( 'NONE',  ( 0.000000000000000000, 0.000000000000000000, 1.000000000000000000 ) ) ;
#1058 = CARTESIAN_POINT ( 'NONE',  ( -0.02970000000000000070, -0.01750000000000000167, 0.02450000000000000094 ) ) ;
#1059 = VERTEX_POINT ( 'NONE', #1529 ) ;
#1060 = CARTESIAN_POINT ( 'NONE',  ( -0.01884359353944900159, 0.006174267367028628620, 0.02249999999999999917 ) ) ;
#1061 = ADVANCED_FACE ( 'NONE', ( #2642 ), #490, .F. ) ;
#1062 = DIRECTION ( 'NONE',  ( -1.000000000000000000, 0.000000000000000000, 1.387778780781439759E-16 ) ) ;
#1063 = CARTESIAN_POINT ( 'NONE',  ( -0.02670000000000000151, 0.01450000000000000074, 0.02450000000000000094 ) ) ;
#1064 = AXIS2_PLACEMENT_3D ( 'NONE', #1638, #142, #1187 ) ;
#1065 = VECTOR ( 'NONE', #541, 1.000000000000000000 ) ;
#1066 = CARTESIAN_POINT ( 'NONE',  ( -0.02116023835872146361, -0.0005389774234273148577, 0.01657268646976065365 ) ) ;
#1067 = LINE ( 'NONE', #444, #2730 ) ;
#1068 = DIRECTION ( 'NONE',  ( 0.000000000000000000, 0.000000000000000000, 1.000000000000000000 ) ) ;
#1069 = VERTEX_POINT ( 'NONE', #1974 ) ;
#1070 = EDGE_LOOP ( 'NONE', ( #2547, #376, #498, #1762 ) ) ;
#1071 = DIRECTION ( 'NONE',  ( 0.000000000000000000, 0.000000000000000000, 1.000000000000000000 ) ) ;
#1072 = ORIENTED_EDGE ( 'NONE', *, *, #403, .T. ) ;
#1073 = CIRCLE ( 'NONE', #414, 0.001000000000000000888 ) ;
#1074 = FACE_OUTER_BOUND ( 'NONE', #795, .T. ) ;
#1075 = ADVANCED_FACE ( 'NONE', ( #719, #2217, #1330, #60, #904, #1760 ), #1140, .T. ) ;
#1076 = DIRECTION ( 'NONE',  ( 0.000000000000000000, 0.000000000000000000, 1.000000000000000000 ) ) ;
#1077 = DIRECTION ( 'NONE',  ( -1.000000000000000000, 0.000000000000000000, 0.000000000000000000 ) ) ;
#1078 = ADVANCED_FACE ( 'NONE', ( #2415, #1410, #1593, #2061, #2247, #1576 ), #989, .F. ) ;
#1079 = CARTESIAN_POINT ( 'NONE',  ( -0.02047822165401892019, -0.001821323915465701418, 0.01767347819133981840 ) ) ;
#1080 = ORIENTED_EDGE ( 'NONE', *, *, #225, .F. ) ;
#1081 = CARTESIAN_POINT ( 'NONE',  ( -0.01870002348352924407, -0.007999880784208813350, 0.02432154617401028132 ) ) ;
#1082 = PLANE ( 'NONE',  #2209 ) ;
#1083 = VECTOR ( 'NONE', #11, 1.000000000000000000 ) ;
#1084 = EDGE_CURVE ( 'NONE', #527, #361, #1608, .T. ) ;
#1085 = ORIENTED_EDGE ( 'NONE', *, *, #2331, .F. ) ;
#1086 = VERTEX_POINT ( 'NONE', #1395 ) ;
#1087 = CARTESIAN_POINT ( 'NONE',  ( -0.01885564067743970146, -0.002161414593807539988, 0.02658346502034319991 ) ) ;
#1088 = EDGE_LOOP ( 'NONE', ( #221, #857, #2408, #628 ) ) ;
#1089 = VERTEX_POINT ( 'NONE', #2048 ) ;
#1090 = DIRECTION ( 'NONE',  ( 0.000000000000000000, 1.000000000000000000, 0.000000000000000000 ) ) ;
#1091 = CARTESIAN_POINT ( 'NONE',  ( -0.01440199999999999987, 1.734723475976799968E-18, 0.02450000000000000094 ) ) ;
#1092 = EDGE_CURVE ( 'NONE', #665, #482, #977, .T. ) ;
#1093 = CARTESIAN_POINT ( 'NONE',  ( -0.02092181844844705207, -0.001242489890654915538, 0.01693120016138101661 ) ) ;
#1094 = VERTEX_POINT ( 'NONE', #261 ) ;
#1095 = LINE ( 'NONE', #47, #1441 ) ;
#1096 = ORIENTED_EDGE ( 'NONE', *, *, #734, .T. ) ;
#1097 = ORIENTED_EDGE ( 'NONE', *, *, #2596, .F. ) ;
#1098 = DIRECTION ( 'NONE',  ( 0.000000000000000000, 1.000000000000000000, 0.000000000000000000 ) ) ;
#1099 = ADVANCED_BREP_SHAPE_REPRESENTATION ( 'shoulder', ( #952, #1005 ), #2675 ) ;
#1100 = ORIENTED_EDGE ( 'NONE', *, *, #2403, .F. ) ;
#1101 = ORIENTED_EDGE ( 'NONE', *, *, #1337, .T. ) ;
#1102 = DIRECTION ( 'NONE',  ( 4.758414682732590009E-17, 0.9393792444679189835, 0.3428799134724599962 ) ) ;
#1103 = ORIENTED_EDGE ( 'NONE', *, *, #106, .T. ) ;
#1104 = FACE_OUTER_BOUND ( 'NONE', #99, .T. ) ;
#1105 = DIRECTION ( 'NONE',  ( 0.000000000000000000, 0.000000000000000000, 1.000000000000000000 ) ) ;
#1106 = AXIS2_PLACEMENT_3D ( 'NONE', #964, #2657, #1575 ) ;
#1107 = CARTESIAN_POINT ( 'NONE',  ( -0.02670000000000000151, -0.01450000000000000074, 0.02450000000000000094 ) ) ;
#1108 = CIRCLE ( 'NONE', #1840, 0.001000000000000000888 ) ;
#1109 = CIRCLE ( 'NONE', #5, 0.009000000000000001055 ) ;
#1110 = EDGE_LOOP ( 'NONE', ( #1982, #901, #997, #2228 ) ) ;
#1111 = DIRECTION ( 'NONE',  ( -1.000000000000000000, 0.000000000000000000, 0.000000000000000000 ) ) ;
#1112 = CARTESIAN_POINT ( 'NONE',  ( -0.02270349578017739900, -0.01750000000000000167, 0.03649604085652649599 ) ) ;
#1113 = EDGE_LOOP ( 'NONE', ( #54, #316, #894, #1524 ) ) ;
#1114 = VERTEX_POINT ( 'NONE', #473 ) ;
#1115 = DIRECTION ( 'NONE',  ( 1.000000000000000000, 0.000000000000000000, -1.387778780781439759E-16 ) ) ;
#1116 = ORIENTED_EDGE ( 'NONE', *, *, #436, .T. ) ;
#1117 = VERTEX_POINT ( 'NONE', #2181 ) ;
#1118 = CARTESIAN_POINT ( 'NONE',  ( -0.01409799999999999942, 0.01750000000000000167, 0.01225829721387380021 ) ) ;
#1119 = AXIS2_PLACEMENT_3D ( 'NONE', #435, #1098, #2618 ) ;
#1120 = EDGE_CURVE ( 'NONE', #2461, #1754, #718, .T. ) ;
#1121 = VERTEX_POINT ( 'NONE', #2611 ) ;
#1122 = CARTESIAN_POINT ( 'NONE',  ( -0.01400000000000000029, 1.692711725128499963E-18, 0.03150000000000000022 ) ) ;
#1123 = AXIS2_PLACEMENT_3D ( 'NONE', #2006, #2694, #755 ) ;
#1124 = ORIENTED_EDGE ( 'NONE', *, *, #584, .T. ) ;
#1125 = CARTESIAN_POINT ( 'NONE',  ( -0.02013195158304295976, -0.001996928652021361626, 0.03066772111079864652 ) ) ;
#1126 = FACE_OUTER_BOUND ( 'NONE', #1965, .T. ) ;
#1127 = AXIS2_PLACEMENT_3D ( 'NONE', #2471, #2700, #1832 ) ;
#1128 = ADVANCED_FACE ( 'NONE', ( #78 ), #1718, .F. ) ;
#1129 = ORIENTED_EDGE ( 'NONE', *, *, #1997, .T. ) ;
#1130 = DIRECTION ( 'NONE',  ( 0.000000000000000000, 0.000000000000000000, 1.000000000000000000 ) ) ;
#1131 = EDGE_LOOP ( 'NONE', ( #257, #1706, #61, #1539 ) ) ;
#1132 = CARTESIAN_POINT ( 'NONE',  ( -0.01400000000000000029, 1.692711725128499963E-18, 0.01849999999999999908 ) ) ;
#1133 = ADVANCED_FACE ( 'NONE', ( #1528 ), #1742, .F. ) ;
#1134 = EDGE_LOOP ( 'NONE', ( #2237, #1910, #1145, #2386 ) ) ;
#1135 = ORIENTED_EDGE ( 'NONE', *, *, #848, .F. ) ;
#1136 =( BOUNDED_CURVE ( )  B_SPLINE_CURVE ( 3, ( #572, #2266, #1412, #2049 ),
 .UNSPECIFIED., .F., .F. ) 
 B_SPLINE_CURVE_WITH_KNOTS ( ( 4, 4 ),
 ( 5.933204355977302669, 6.283185307179586232 ),
 .UNSPECIFIED. ) 
 CURVE ( )  GEOMETRIC_REPRESENTATION_ITEM ( )  RATIONAL_B_SPLINE_CURVE ( ( 1.000000000000000000, 0.9898187980904105121, 0.9898187980904105121, 1.000000000000000000 ) ) 
 REPRESENTATION_ITEM ( '' )  );
#1137 = DIRECTION ( 'NONE',  ( 0.000000000000000000, 1.000000000000000000, 0.000000000000000000 ) ) ;
#1138 = CARTESIAN_POINT ( 'NONE',  ( -0.03269999999999999990, 0.01750000000000000167, 0.03049999999999999933 ) ) ;
#1139 = CYLINDRICAL_SURFACE ( 'NONE', #1106, 0.008999999999999999320 ) ;
#1140 = PLANE ( 'NONE',  #220 ) ;
#1141 = ORIENTED_EDGE ( 'NONE', *, *, #770, .T. ) ;
#1142 = DIRECTION ( 'NONE',  ( 0.000000000000000000, 0.000000000000000000, -1.000000000000000000 ) ) ;
#1143 = FACE_BOUND ( 'NONE', #244, .T. ) ;
#1144 = CARTESIAN_POINT ( 'NONE',  ( -0.01440199999999999987, 1.734723475976799968E-18, 0.02450000000000000094 ) ) ;
#1145 = ORIENTED_EDGE ( 'NONE', *, *, #2489, .T. ) ;
#1146 = DIRECTION ( 'NONE',  ( 0.000000000000000000, 0.000000000000000000, 1.000000000000000000 ) ) ;
#1147 = ORIENTED_EDGE ( 'NONE', *, *, #1540, .T. ) ;
#1148 = EDGE_LOOP ( 'NONE', ( #539, #280, #2242, #1998 ) ) ;
#1149 = CARTESIAN_POINT ( 'NONE',  ( -0.02636468570296139971, 0.01450000000000000074, 0.03551502797337960371 ) ) ;
#1150 = DIRECTION ( 'NONE',  ( 0.000000000000000000, -1.000000000000000000, 0.000000000000000000 ) ) ;
#1151 = VERTEX_POINT ( 'NONE', #2398 ) ;
#1152 = CARTESIAN_POINT ( 'NONE',  ( -0.02270349578017739900, 0.01750000000000000167, 0.03649604085652649599 ) ) ;
#1153 = ORIENTED_EDGE ( 'NONE', *, *, #1581, .T. ) ;
#1154 = CARTESIAN_POINT ( 'NONE',  ( -0.02008392334367611193, -0.001999999999999998307, 0.03056964175382342538 ) ) ;
#1155 = DIRECTION ( 'NONE',  ( 0.000000000000000000, 1.000000000000000000, 0.000000000000000000 ) ) ;
#1156 = CIRCLE ( 'NONE', #1382, 0.001000000000000000888 ) ;
#1157 = ORIENTED_EDGE ( 'NONE', *, *, #1705, .F. ) ;
#1158 = CARTESIAN_POINT ( 'NONE',  ( -0.01400000000000000029, 1.692711725128499963E-18, 0.03049999999999999933 ) ) ;
#1159 = VERTEX_POINT ( 'NONE', #2625 ) ;
#1160 = DIRECTION ( 'NONE',  ( 1.927470528863118802E-16, 0.000000000000000000, 1.000000000000000000 ) ) ;
#1161 = EDGE_LOOP ( 'NONE', ( #2136, #1710, #117, #2099 ) ) ;
#1162 = VERTEX_POINT ( 'NONE', #702 ) ;
#1163 = FACE_OUTER_BOUND ( 'NONE', #905, .T. ) ;
#1164 = ADVANCED_FACE ( 'NONE', ( #2414 ), #488, .T. ) ;
#1165 = ORIENTED_EDGE ( 'NONE', *, *, #2432, .T. ) ;
#1166 = DIRECTION ( 'NONE',  ( 0.000000000000000000, 1.000000000000000000, 0.000000000000000000 ) ) ;
#1167 = DIRECTION ( 'NONE',  ( 0.000000000000000000, -1.000000000000000000, 0.000000000000000000 ) ) ;
#1168 = EDGE_CURVE ( 'NONE', #2442, #2661, #1108, .T. ) ;
#1169 = EDGE_CURVE ( 'NONE', #677, #1121, #2084, .T. ) ;
#1170 = CARTESIAN_POINT ( 'NONE',  ( -0.02052561659146126538, -0.001780651986876686556, 0.03141134597955148183 ) ) ;
#1171 = DIRECTION ( 'NONE',  ( 0.000000000000000000, -1.000000000000000000, 0.000000000000000000 ) ) ;
#1172 = VECTOR ( 'NONE', #1291, 1.000000000000000000 ) ;
#1173 = DIRECTION ( 'NONE',  ( 0.000000000000000000, 0.000000000000000000, 1.000000000000000000 ) ) ;
#1174 = ORIENTED_EDGE ( 'NONE', *, *, #2395, .T. ) ;
#1175 = LINE ( 'NONE', #533, #1753 ) ;
#1176 = CIRCLE ( 'NONE', #823, 0.001000000000000000888 ) ;
#1177 = EDGE_CURVE ( 'NONE', #1594, #1086, #731, .T. ) ;
#1178 = AXIS2_PLACEMENT_3D ( 'NONE', #1296, #187, #2162 ) ;
#1179 = PRODUCT_DEFINITION_FORMATION_WITH_SPECIFIED_SOURCE ( 'ANY', '', #216, .NOT_KNOWN. ) ;
#1180 = VERTEX_POINT ( 'NONE', #162 ) ;
#1181 = CARTESIAN_POINT ( 'NONE',  ( -0.01409999999999999969, 0.000000000000000000, 0.02450000000000000094 ) ) ;
#1182 = CARTESIAN_POINT ( 'NONE',  ( -0.03869999999999999829, -0.01450000000000000074, 0.02450000000000000094 ) ) ;
#1183 = CARTESIAN_POINT ( 'NONE',  ( -0.02001876001131460206, -0.01002805024285509904, 0.009530983936208770047 ) ) ;
#1184 = DIRECTION ( 'NONE',  ( -0.6702130933512278066, 0.000000000000000000, 0.7421687203733248195 ) ) ;
#1185 =( NAMED_UNIT ( * ) SI_UNIT ( $, .STERADIAN. ) SOLID_ANGLE_UNIT ( ) );
#1186 = EDGE_CURVE ( 'NONE', #73, #1117, #2575, .T. ) ;
#1187 = DIRECTION ( 'NONE',  ( 0.000000000000000000, 0.000000000000000000, 1.000000000000000000 ) ) ;
#1188 = DIRECTION ( 'NONE',  ( 0.000000000000000000, 1.000000000000000000, 0.000000000000000000 ) ) ;
#1189 = EDGE_CURVE ( 'NONE', #6, #708, #1255, .T. ) ;
#1190 = FACE_OUTER_BOUND ( 'NONE', #1809, .T. ) ;
#1191 = DIRECTION ( 'NONE',  ( 0.000000000000000000, 0.000000000000000000, 1.000000000000000000 ) ) ;
#1192 = ORIENTED_EDGE ( 'NONE', *, *, #2278, .T. ) ;
#1193 = DIRECTION ( 'NONE',  ( 0.000000000000000000, -1.000000000000000000, 0.000000000000000000 ) ) ;
#1194 = FACE_OUTER_BOUND ( 'NONE', #1308, .T. ) ;
#1195 = DIRECTION ( 'NONE',  ( 0.000000000000000000, 0.000000000000000000, -1.000000000000000000 ) ) ;
#1196 =( NAMED_UNIT ( * ) PLANE_ANGLE_UNIT ( ) SI_UNIT ( $, .RADIAN. ) );
#1197 = DIRECTION ( 'NONE',  ( -1.000000000000000000, 0.000000000000000000, 0.000000000000000000 ) ) ;
#1198 = CARTESIAN_POINT ( 'NONE',  ( -0.01700000000000000122, 0.006000000000000000125, 0.02350000000000000006 ) ) ;
#1199 = ADVANCED_FACE ( 'NONE', ( #804, #2537, #1695, #2348, #2737, #2772 ), #2748, .F. ) ;
#1200 = CARTESIAN_POINT ( 'NONE',  ( -0.02078989171031278560, 0.001467757809741593528, 0.03185858375815145416 ) ) ;
#1201 = CARTESIAN_POINT ( 'NONE',  ( -0.01869117219395100005, -0.006000398485767920349, 0.008060863221811371063 ) ) ;
#1202 = CIRCLE ( 'NONE', #1513, 0.001000000000000000888 ) ;
#1203 = VERTEX_POINT ( 'NONE', #2523 ) ;
#1204 = AXIS2_PLACEMENT_3D ( 'NONE', #1795, #2267, #1596 ) ;
#1205 = DIRECTION ( 'NONE',  ( -1.000000000000000000, 0.000000000000000000, 0.000000000000000000 ) ) ;
#1206 = ORIENTED_EDGE ( 'NONE', *, *, #1169, .T. ) ;
#1207 = LINE ( 'NONE', #1420, #1862 ) ;
#1208 = DIRECTION ( 'NONE',  ( 0.000000000000000000, 0.000000000000000000, 1.000000000000000000 ) ) ;
#1209 = DIRECTION ( 'NONE',  ( 0.000000000000000000, 1.000000000000000000, 0.000000000000000000 ) ) ;
#1210 = DIRECTION ( 'NONE',  ( 0.000000000000000000, 0.000000000000000000, 1.000000000000000000 ) ) ;
#1211 = CIRCLE ( 'NONE', #2031, 0.003000000000000002665 ) ;
#1212 = DIRECTION ( 'NONE',  ( 0.000000000000000000, 0.000000000000000000, -1.000000000000000000 ) ) ;
#1213 = DIRECTION ( 'NONE',  ( 1.000000000000000000, 0.000000000000000000, 0.000000000000000000 ) ) ;
#1214 = VECTOR ( 'NONE', #2770, 1.000000000000000000 ) ;
#1215 = EDGE_CURVE ( 'NONE', #1069, #1390, #369, .T. ) ;
#1216 = EDGE_CURVE ( 'NONE', #1673, #164, #489, .T. ) ;
#1217 = EDGE_LOOP ( 'NONE', ( #72, #963, #1536, #664 ) ) ;
#1218 = CARTESIAN_POINT ( 'NONE',  ( -0.03502937140592270182, 0.01750000000000000167, 0.01580666756339840079 ) ) ;
#1219 = CIRCLE ( 'NONE', #2079, 0.002000000000000001776 ) ;
#1220 = CIRCLE ( 'NONE', #958, 0.002999999999999999195 ) ;
#1221 = EDGE_CURVE ( 'NONE', #1978, #1037, #2294, .T. ) ;
#1222 = VERTEX_POINT ( 'NONE', #384 ) ;
#1223 = CARTESIAN_POINT ( 'NONE',  ( -0.03869999999999999829, 0.01750000000000000167, 0.02550000000000000183 ) ) ;
#1224 = FACE_OUTER_BOUND ( 'NONE', #387, .T. ) ;
#1225 = CIRCLE ( 'NONE', #1676, 0.01499999999999999944 ) ;
#1226 = CARTESIAN_POINT ( 'NONE',  ( -0.02034078904260641293, 0.001916247350273762732, 0.01792575433729775083 ) ) ;
#1227 = DIRECTION ( 'NONE',  ( -1.000000000000000000, 0.000000000000000000, 0.000000000000000000 ) ) ;
#1228 = DIRECTION ( 'NONE',  ( 0.000000000000000000, 1.000000000000000000, 0.000000000000000000 ) ) ;
#1229 = CARTESIAN_POINT ( 'NONE',  ( -0.01700000000000000122, 1.692711725128499963E-18, 0.03150000000000000022 ) ) ;
#1230 = ORIENTED_EDGE ( 'NONE', *, *, #177, .T. ) ;
#1231 = CARTESIAN_POINT ( 'NONE',  ( -0.01319999999999999993, 1.734723475976799968E-18, 0.02450000000000000094 ) ) ;
#1232 = VERTEX_POINT ( 'NONE', #397 ) ;
#1233 = CARTESIAN_POINT ( 'NONE',  ( -0.03269999999999999990, -0.01750000000000000167, 0.02150000000000000175 ) ) ;
#1234 = DIRECTION ( 'NONE',  ( 1.000000000000000000, 0.000000000000000000, 0.000000000000000000 ) ) ;
#1235 = VERTEX_POINT ( 'NONE', #1467 ) ;
#1236 = CARTESIAN_POINT ( 'NONE',  ( -0.02005088935932640079, -0.002000000000000000042, 0.01849999999999999908 ) ) ;
#1237 = CARTESIAN_POINT ( 'NONE',  ( -0.01400000000000000029, -0.006000000000000000125, 0.02550000000000000183 ) ) ;
#1238 = CARTESIAN_POINT ( 'NONE',  ( -0.02670000000000000151, -0.01750000000000000167, 0.02450000000000000094 ) ) ;
#1239 = FACE_OUTER_BOUND ( 'NONE', #199, .T. ) ;
#1240 = ORIENTED_EDGE ( 'NONE', *, *, #2222, .T. ) ;
#1241 = DIRECTION ( 'NONE',  ( 1.000000000000000000, 0.000000000000000000, -1.387778780781439759E-16 ) ) ;
#1242 = AXIS2_PLACEMENT_3D ( 'NONE', #2529, #1879, #2741 ) ;
#1243 = AXIS2_PLACEMENT_3D ( 'NONE', #392, #800, #1855 ) ;
#1244 = ORIENTED_EDGE ( 'NONE', *, *, #264, .F. ) ;
#1245 = DIRECTION ( 'NONE',  ( 0.000000000000000000, 0.000000000000000000, -1.000000000000000000 ) ) ;
#1246 = FACE_OUTER_BOUND ( 'NONE', #298, .T. ) ;
#1247 = EDGE_CURVE ( 'NONE', #1159, #2459, #1211, .T. ) ;
#1248 = EDGE_CURVE ( 'NONE', #1817, #1631, #2112, .T. ) ;
#1249 = CARTESIAN_POINT ( 'NONE',  ( -0.02061276755962873977, -0.001694899479995827084, 0.01743635385464787496 ) ) ;
#1250 = DIRECTION ( 'NONE',  ( 0.000000000000000000, 1.000000000000000000, 0.000000000000000000 ) ) ;
#1251 = EDGE_CURVE ( 'NONE', #712, #2020, #240, .T. ) ;
#1252 = CARTESIAN_POINT ( 'NONE',  ( -0.02109068671364347156, 0.0008191983313934724908, 0.03232455351864570170 ) ) ;
#1253 = CARTESIAN_POINT ( 'NONE',  ( -0.02270000000000000143, 0.01450000000000000074, 0.01250008804825509905 ) ) ;
#1254 = ORIENTED_EDGE ( 'NONE', *, *, #1251, .T. ) ;
#1255 = LINE ( 'NONE', #1885, #608 ) ;
#1256 = CIRCLE ( 'NONE', #1346, 0.001000000000000000888 ) ;
#1257 = CARTESIAN_POINT ( 'NONE',  ( -0.03269999999999999990, -0.01750000000000000167, 0.02450000000000000094 ) ) ;
#1258 = CARTESIAN_POINT ( 'NONE',  ( -0.01700000000000000122, 0.006000000000000000125, 0.02450000000000000094 ) ) ;
#1259 = CIRCLE ( 'NONE', #1127, 0.001999999999999998307 ) ;
#1260 = CARTESIAN_POINT ( 'NONE',  ( -0.02081427168324294710, -0.001430279161437802158, 0.01710198378928226570 ) ) ;
#1261 = CIRCLE ( 'NONE', #340, 0.001000000000000000888 ) ;
#1262 = DIRECTION ( 'NONE',  ( 1.000000000000000000, 0.000000000000000000, 0.000000000000000000 ) ) ;
#1263 = B_SPLINE_CURVE_WITH_KNOTS ( 'NONE', 3,
 ( #1964, #2159, #1087, #1554 ),
 .UNSPECIFIED., .F., .F.,
 ( 4, 4 ),
 ( 0.01159178810873100034, 0.01192626685690270118 ),
 .UNSPECIFIED. ) ;
#1264 = CARTESIAN_POINT ( 'NONE',  ( -0.02270000000000000143, -0.01450000000000000074, 0.03429795897113269848 ) ) ;
#1265 = DIRECTION ( 'NONE',  ( 0.000000000000000000, 1.000000000000000000, 0.000000000000000000 ) ) ;
#1266 = EDGE_CURVE ( 'NONE', #1963, #753, #370, .T. ) ;
#1267 = ORIENTED_EDGE ( 'NONE', *, *, #1358, .F. ) ;
#1268 = CARTESIAN_POINT ( 'NONE',  ( -0.01872983070564046906, 0.007808770168054987061, 0.02360728255635611075 ) ) ;
#1269 = ORIENTED_EDGE ( 'NONE', *, *, #1337, .F. ) ;
#1270 = CARTESIAN_POINT ( 'NONE',  ( -0.02670000000000000151, 0.01750000000000000167, 0.02350000000000000006 ) ) ;
#1271 = CARTESIAN_POINT ( 'NONE',  ( -0.01409799999999999942, 0.006000398485767920349, 0.008060863221811371063 ) ) ;
#1272 = CARTESIAN_POINT ( 'NONE',  ( -0.02005088935932640079, -0.002000000000000000042, 0.01849999999999999908 ) ) ;
#1273 = DIRECTION ( 'NONE',  ( 0.000000000000000000, 1.000000000000000000, 0.000000000000000000 ) ) ;
#1274 = DIRECTION ( 'NONE',  ( 0.6702130933512278066, 0.000000000000000000, -0.7421687203733248195 ) ) ;
#1275 = EDGE_CURVE ( 'NONE', #1594, #665, #679, .T. ) ;
#1276 = ORIENTED_EDGE ( 'NONE', *, *, #620, .T. ) ;
#1277 = DIRECTION ( 'NONE',  ( 1.000000000000000000, 0.000000000000000000, 0.000000000000000000 ) ) ;
#1278 = EDGE_CURVE ( 'NONE', #278, #2602, #1263, .T. ) ;
#1279 = ORIENTED_EDGE ( 'NONE', *, *, #2227, .T. ) ;
#1280 = CARTESIAN_POINT ( 'NONE',  ( -0.01319999999999999993, 1.692711725128499963E-18, 0.03049999999999999933 ) ) ;
#1281 = CARTESIAN_POINT ( 'NONE',  ( -0.01409999999999999969, 0.000000000000000000, 0.02450000000000000094 ) ) ;
#1282 = CARTESIAN_POINT ( 'NONE',  ( -0.03869999999999999829, -0.01750000000000000167, 0.02350000000000000006 ) ) ;
#1283 = AXIS2_PLACEMENT_3D ( 'NONE', #2753, #779, #1436 ) ;
#1284 = VECTOR ( 'NONE', #2380, 1.000000000000000000 ) ;
#1285 = CARTESIAN_POINT ( 'NONE',  ( -0.02075939591434674755, 0.001512412235830226962, 0.01719090505450875453 ) ) ;
#1286 = ORIENTED_EDGE ( 'NONE', *, *, #2381, .T. ) ;
#1287 = CARTESIAN_POINT ( 'NONE',  ( -0.01884359353944890098, 0.002236067977499799856, 0.02649999999999999925 ) ) ;
#1288 = DIRECTION ( 'NONE',  ( -1.000000000000000000, 0.000000000000000000, 0.000000000000000000 ) ) ;
#1289 = EDGE_LOOP ( 'NONE', ( #390, #1304, #2024, #447 ) ) ;
#1290 = ORIENTED_EDGE ( 'NONE', *, *, #2346, .T. ) ;
#1291 = DIRECTION ( 'NONE',  ( -1.000000000000000000, 0.000000000000000000, 1.387778780781439759E-16 ) ) ;
#1292 = EDGE_CURVE ( 'NONE', #545, #249, #2615, .T. ) ;
#1293 = EDGE_CURVE ( 'NONE', #361, #1684, #2603, .T. ) ;
#1294 = VERTEX_POINT ( 'NONE', #2206 ) ;
#1295 = AXIS2_PLACEMENT_3D ( 'NONE', #1799, #1569, #1843 ) ;
#1296 = CARTESIAN_POINT ( 'NONE',  ( -0.03269999999999999990, -0.01450000000000000074, 0.01849999999999999908 ) ) ;
#1297 = CARTESIAN_POINT ( 'NONE',  ( -0.01884359353944890098, -0.002236067977499789881, 0.02249999999999999917 ) ) ;
#1298 = CYLINDRICAL_SURFACE ( 'NONE', #520, 0.008999999999999999320 ) ;
#1299 = ADVANCED_FACE ( 'NONE', ( #1768 ), #1783, .F. ) ;
#1300 = VECTOR ( 'NONE', #1068, 1.000000000000000000 ) ;
#1301 = CARTESIAN_POINT ( 'NONE',  ( -0.02070196068542464948, 0.001589879461342647883, 0.01728537845578289808 ) ) ;
#1302 = AXIS2_PLACEMENT_3D ( 'NONE', #2420, #923, #954 ) ;
#1303 = AXIS2_PLACEMENT_3D ( 'NONE', #1674, #622, #1245 ) ;
#1304 = ORIENTED_EDGE ( 'NONE', *, *, #1665, .F. ) ;
#1305 = PRESENTATION_STYLE_ASSIGNMENT (( #891 ) ) ;
#1306 = CARTESIAN_POINT ( 'NONE',  ( -0.02670000000000000151, 0.01750000000000000167, 0.02550000000000000183 ) ) ;
#1307 = ORIENTED_EDGE ( 'NONE', *, *, #1275, .T. ) ;
#1308 = EDGE_LOOP ( 'NONE', ( #186, #1356, #2764, #1776 ) ) ;
#1309 = FACE_OUTER_BOUND ( 'NONE', #45, .T. ) ;
#1310 = ORIENTED_EDGE ( 'NONE', *, *, #571, .T. ) ;
#1311 = ORIENTED_EDGE ( 'NONE', *, *, #969, .T. ) ;
#1312 = CARTESIAN_POINT ( 'NONE',  ( -0.03269999999999999990, -0.01750000000000000167, 0.01749999999999999820 ) ) ;
#1313 = ORIENTED_EDGE ( 'NONE', *, *, #1426, .T. ) ;
#1314 = DIRECTION ( 'NONE',  ( 1.000000000000000000, 0.000000000000000000, -1.387778780781439759E-16 ) ) ;
#1315 = CARTESIAN_POINT ( 'NONE',  ( -0.02270349578017739900, 0.01750000000000000167, 0.03649604085652649599 ) ) ;
#1316 = ORIENTED_EDGE ( 'NONE', *, *, #1876, .F. ) ;
#1317 = CARTESIAN_POINT ( 'NONE',  ( -0.01874748891387086752, -0.007661688493327086479, 0.02566640589261082878 ) ) ;
#1318 = LINE ( 'NONE', #459, #15 ) ;
#1319 = VERTEX_POINT ( 'NONE', #499 ) ;
#1320 = ORIENTED_EDGE ( 'NONE', *, *, #1372, .F. ) ;
#1321 = CARTESIAN_POINT ( 'NONE',  ( -0.01869117219395089943, 0.006000398485767920349, 0.04093913677818870195 ) ) ;
#1322 = ORIENTED_EDGE ( 'NONE', *, *, #1392, .T. ) ;
#1323 = ORIENTED_EDGE ( 'NONE', *, *, #699, .F. ) ;
#1324 = CARTESIAN_POINT ( 'NONE',  ( -0.01700000000000000122, 0.002236067977499799856, 0.02649999999999999925 ) ) ;
#1325 = VECTOR ( 'NONE', #619, 1.000000000000000000 ) ;
#1326 = ORIENTED_EDGE ( 'NONE', *, *, #2381, .F. ) ;
#1327 = CARTESIAN_POINT ( 'NONE',  ( -0.01884359353944890098, -0.006000000000000000125, 0.02249999999999999917 ) ) ;
#1328 = CIRCLE ( 'NONE', #2742, 0.001000000000000000888 ) ;
#1329 = EDGE_CURVE ( 'NONE', #700, #698, #781, .T. ) ;
#1330 = FACE_BOUND ( 'NONE', #2430, .T. ) ;
#1331 = ADVANCED_FACE ( 'NONE', ( #1309, #254 ), #1493, .T. ) ;
#1332 = VECTOR ( 'NONE', #2717, 1.000000000000000000 ) ;
#1333 = VECTOR ( 'NONE', #1262, 1.000000000000000000 ) ;
#1334 = ORIENTED_EDGE ( 'NONE', *, *, #681, .T. ) ;
#1335 = CARTESIAN_POINT ( 'NONE',  ( -0.02044912857914103765, -0.001844116491198931600, 0.03127416444957701464 ) ) ;
#1336 = CYLINDRICAL_SURFACE ( 'NONE', #1935, 0.001000000000000000888 ) ;
#1337 = EDGE_CURVE ( 'NONE', #2387, #1978, #1073, .T. ) ;
#1338 = ORIENTED_EDGE ( 'NONE', *, *, #1168, .T. ) ;
#1339 = DIRECTION ( 'NONE',  ( -1.000000000000000000, 0.000000000000000000, 0.000000000000000000 ) ) ;
#1340 = ORIENTED_EDGE ( 'NONE', *, *, #2069, .T. ) ;
#1341 = DIRECTION ( 'NONE',  ( 0.000000000000000000, 1.000000000000000000, 0.000000000000000000 ) ) ;
#1342 = VERTEX_POINT ( 'NONE', #2650 ) ;
#1343 = EDGE_LOOP ( 'NONE', ( #2382, #984, #2497, #817 ) ) ;
#1344 =( LENGTH_UNIT ( ) NAMED_UNIT ( * ) SI_UNIT ( $, .METRE. ) );
#1345 = CARTESIAN_POINT ( 'NONE',  ( -0.03269999999999999990, -0.01450000000000000074, 0.02450000000000000094 ) ) ;
#1346 = AXIS2_PLACEMENT_3D ( 'NONE', #840, #1265, #2560 ) ;
#1347 = ORIENTED_EDGE ( 'NONE', *, *, #2178, .T. ) ;
#1348 = LINE ( 'NONE', #2246, #937 ) ;
#1349 = VECTOR ( 'NONE', #1288, 1.000000000000000000 ) ;
#1350 = ORIENTED_EDGE ( 'NONE', *, *, #1248, .F. ) ;
#1351 = AXIS2_PLACEMENT_3D ( 'NONE', #660, #258, #440 ) ;
#1352 = FACE_OUTER_BOUND ( 'NONE', #1793, .T. ) ;
#1353 = CARTESIAN_POINT ( 'NONE',  ( -0.03269999999999999990, 0.01750000000000000167, 0.02949999999999999845 ) ) ;
#1354 = EDGE_LOOP ( 'NONE', ( #136, #1864, #713, #1975 ) ) ;
#1355 = CARTESIAN_POINT ( 'NONE',  ( -0.01770000000000000046, 0.01750000000000000167, 0.006963276489842369806 ) ) ;
#1356 = ORIENTED_EDGE ( 'NONE', *, *, #2423, .T. ) ;
#1357 = CARTESIAN_POINT ( 'NONE',  ( -0.01700000000000000122, 1.734723475976799968E-18, 0.02150000000000000175 ) ) ;
#1358 = EDGE_CURVE ( 'NONE', #1600, #1222, #1521, .T. ) ;
#1359 = AXIS2_PLACEMENT_3D ( 'NONE', #2364, #439, #413 ) ;
#1360 = AXIS2_PLACEMENT_3D ( 'NONE', #2775, #846, #2114 ) ;
#1361 = ORIENTED_EDGE ( 'NONE', *, *, #403, .F. ) ;
#1362 = ORIENTED_EDGE ( 'NONE', *, *, #813, .T. ) ;
#1363 = CYLINDRICAL_SURFACE ( 'NONE', #746, 0.001000000000000000888 ) ;
#1364 = ORIENTED_EDGE ( 'NONE', *, *, #2182, .F. ) ;
#1365 = PLANE ( 'NONE',  #2652 ) ;
#1366 = ORIENTED_EDGE ( 'NONE', *, *, #1927, .F. ) ;
#1367 = CARTESIAN_POINT ( 'NONE',  ( -0.02033601332121252880, -0.001926193721596381261, 0.03106830431781068547 ) ) ;
#1368 = CARTESIAN_POINT ( 'NONE',  ( -0.01319999999999999993, -0.006000000000000000125, 0.02350000000000000006 ) ) ;
#1369 = DIRECTION ( 'NONE',  ( 0.000000000000000000, 1.000000000000000000, 0.000000000000000000 ) ) ;
#1370 = ORIENTED_EDGE ( 'NONE', *, *, #844, .T. ) ;
#1371 = CARTESIAN_POINT ( 'NONE',  ( -0.03269999999999999990, -0.01750000000000000167, 0.02450000000000000094 ) ) ;
#1372 = EDGE_CURVE ( 'NONE', #2623, #101, #993, .T. ) ;
#1373 = EDGE_CURVE ( 'NONE', #698, #700, #1931, .T. ) ;
#1374 = ORIENTED_EDGE ( 'NONE', *, *, #1598, .F. ) ;
#1375 = VERTEX_POINT ( 'NONE', #1934 ) ;
#1376 = FACE_OUTER_BOUND ( 'NONE', #87, .T. ) ;
#1377 = VERTEX_POINT ( 'NONE', #22 ) ;
#1378 = DIRECTION ( 'NONE',  ( 1.000000000000000000, 0.000000000000000000, 0.000000000000000000 ) ) ;
#1379 = CARTESIAN_POINT ( 'NONE',  ( -0.03269999999999999990, -0.01750000000000000167, 0.02450000000000000094 ) ) ;
#1380 = ORIENTED_EDGE ( 'NONE', *, *, #2712, .T. ) ;
#1381 = CARTESIAN_POINT ( 'NONE',  ( -0.01409799999999999942, -0.01175019924288400047, 0.03884041978215740237 ) ) ;
#1382 = AXIS2_PLACEMENT_3D ( 'NONE', #156, #1197, #2316 ) ;
#1383 = DIRECTION ( 'NONE',  ( 0.000000000000000000, 0.000000000000000000, 1.000000000000000000 ) ) ;
#1384 = ADVANCED_FACE ( 'NONE', ( #481 ), #2173, .F. ) ;
#1385 = VECTOR ( 'NONE', #2754, 1.000000000000000000 ) ;
#1386 = EDGE_LOOP ( 'NONE', ( #587, #1157, #948, #1334, #2225 ) ) ;
#1387 = CARTESIAN_POINT ( 'NONE',  ( -0.02270000000000000143, -0.01450000000000000074, 0.01470204102886729994 ) ) ;
#1388 = ORIENTED_EDGE ( 'NONE', *, *, #29, .F. ) ;
#1389 = DIRECTION ( 'NONE',  ( 0.000000000000000000, 0.000000000000000000, -1.000000000000000000 ) ) ;
#1390 = VERTEX_POINT ( 'NONE', #1321 ) ;
#1391 = PLANE ( 'NONE',  #2670 ) ;
#1392 = EDGE_CURVE ( 'NONE', #751, #1094, #271, .T. ) ;
#1393 = FACE_OUTER_BOUND ( 'NONE', #2612, .T. ) ;
#1394 = LINE ( 'NONE', #175, #1838 ) ;
#1395 = CARTESIAN_POINT ( 'NONE',  ( -0.01884359353944890098, 0.006000000000000000125, 0.02249999999999999917 ) ) ;
#1396 = EDGE_CURVE ( 'NONE', #2007, #1748, #2752, .T. ) ;
#1397 = DIRECTION ( 'NONE',  ( 0.2588190451025210725, 0.000000000000000000, -0.9659258262890682012 ) ) ;
#1398 = CARTESIAN_POINT ( 'NONE',  ( -0.01773316304859770542, 0.002052044463344826312, 0.006999999999999943767 ) ) ;
#1399 = CARTESIAN_POINT ( 'NONE',  ( -0.03400000000000000244, -0.002000000000000000042, 0.02673606797749980210 ) ) ;
#1400 = VECTOR ( 'NONE', #2240, 1.000000000000000000 ) ;
#1401 = DIRECTION ( 'NONE',  ( -1.000000000000000000, 0.000000000000000000, 0.000000000000000000 ) ) ;
#1402 = LINE ( 'NONE', #2269, #602 ) ;
#1403 = VECTOR ( 'NONE', #2484, 1.000000000000000000 ) ;
#1404 = AXIS2_PLACEMENT_3D ( 'NONE', #2126, #201, #1076 ) ;
#1405 = EDGE_LOOP ( 'NONE', ( #2412, #2419 ) ) ;
#1406 = DIRECTION ( 'NONE',  ( 0.000000000000000000, 0.000000000000000000, 1.000000000000000000 ) ) ;
#1407 = AXIS2_PLACEMENT_3D ( 'NONE', #2260, #165, #139 ) ;
#1408 = CARTESIAN_POINT ( 'NONE',  ( -0.03269999999999999990, -0.01450000000000000074, 0.02949999999999999845 ) ) ;
#1409 = LINE ( 'NONE', #976, #1530 ) ;
#1410 = FACE_BOUND ( 'NONE', #1516, .T. ) ;
#1411 = EDGE_CURVE ( 'NONE', #960, #1519, #1523, .T. ) ;
#1412 = CARTESIAN_POINT ( 'NONE',  ( -0.01773316304859770542, -0.002052044463344826312, 0.006999999999999943767 ) ) ;
#1413 = DIRECTION ( 'NONE',  ( 0.000000000000000000, -1.000000000000000000, 0.000000000000000000 ) ) ;
#1414 = DIRECTION ( 'NONE',  ( 0.000000000000000000, 1.000000000000000000, 0.000000000000000000 ) ) ;
#1415 = DIRECTION ( 'NONE',  ( 0.000000000000000000, 0.000000000000000000, 1.000000000000000000 ) ) ;
#1416 = VECTOR ( 'NONE', #407, 1.000000000000000000 ) ;
#1417 = ORIENTED_EDGE ( 'NONE', *, *, #2697, .T. ) ;
#1418 = CARTESIAN_POINT ( 'NONE',  ( -0.01887972503891469783, 0.002000000000000000042, 0.02226393202250019979 ) ) ;
#1419 = EDGE_CURVE ( 'NONE', #457, #1089, #2708, .T. ) ;
#1420 = CARTESIAN_POINT ( 'NONE',  ( -0.01700000000000000122, 0.002000000000000000042, 0.02050000000000000086 ) ) ;
#1421 = PLANE ( 'NONE',  #2 ) ;
#1422 = DIRECTION ( 'NONE',  ( 0.000000000000000000, 1.000000000000000000, 0.000000000000000000 ) ) ;
#1423 = DIRECTION ( 'NONE',  ( 0.000000000000000000, 0.000000000000000000, 1.000000000000000000 ) ) ;
#1424 = CARTESIAN_POINT ( 'NONE',  ( -0.02636468570296139971, 0.01750000000000000167, 0.03551502797337960371 ) ) ;
#1425 = EDGE_CURVE ( 'NONE', #2647, #1588, #1438, .T. ) ;
#1426 = EDGE_CURVE ( 'NONE', #678, #2602, #561, .T. ) ;
#1427 = CARTESIAN_POINT ( 'NONE',  ( -0.02117180648911662702, 0.0005469580318767350334, 0.03244531237518907818 ) ) ;
#1428 = DIRECTION ( 'NONE',  ( 0.000000000000000000, -1.000000000000000000, 0.000000000000000000 ) ) ;
#1429 = ADVANCED_FACE ( 'NONE', ( #1601 ), #518, .T. ) ;
#1430 = AXIS2_PLACEMENT_3D ( 'NONE', #1875, #2527, #2703 ) ;
#1431 = AXIS2_PLACEMENT_3D ( 'NONE', #1107, #2674, #1775 ) ;
#1432 = ORIENTED_EDGE ( 'NONE', *, *, #2731, .F. ) ;
#1433 = ORIENTED_EDGE ( 'NONE', *, *, #2729, .T. ) ;
#1434 = LINE ( 'NONE', #762, #2763 ) ;
#1435 = CARTESIAN_POINT ( 'NONE',  ( -0.01400000000000000029, 0.006000000000000000125, 0.02550000000000000183 ) ) ;
#1436 = DIRECTION ( 'NONE',  ( 0.000000000000000000, 0.000000000000000000, 1.000000000000000000 ) ) ;
#1437 = CARTESIAN_POINT ( 'NONE',  ( -0.01319999999999999993, 1.692711725128499963E-18, 0.01949999999999999650 ) ) ;
#1438 = CIRCLE ( 'NONE', #2341, 0.001000000000000000888 ) ;
#1439 = CARTESIAN_POINT ( 'NONE',  ( -0.02099656547666934117, 0.001081373031121945789, 0.03218374300403287896 ) ) ;
#1440 = CARTESIAN_POINT ( 'NONE',  ( -0.01440000000000000134, 1.734723475976799968E-18, 0.01550000000000000162 ) ) ;
#1441 = VECTOR ( 'NONE', #892, 1.000000000000000000 ) ;
#1442 = ORIENTED_EDGE ( 'NONE', *, *, #2510, .T. ) ;
#1443 = CARTESIAN_POINT ( 'NONE',  ( -0.01400000000000000029, -0.006000000000000000125, 0.02350000000000000006 ) ) ;
#1444 = VECTOR ( 'NONE', #1797, 1.000000000000000000 ) ;
#1445 = PRODUCT_DEFINITION_CONTEXT ( 'detailed design', #379, 'design' ) ;
#1446 = CIRCLE ( 'NONE', #2394, 0.001000000000000000888 ) ;
#1447 = ORIENTED_EDGE ( 'NONE', *, *, #2129, .F. ) ;
#1448 = CARTESIAN_POINT ( 'NONE',  ( -0.03869999999999999829, -0.01750000000000000167, 0.02550000000000000183 ) ) ;
#1449 = DIRECTION ( 'NONE',  ( 0.000000000000000000, 0.000000000000000000, 1.000000000000000000 ) ) ;
#1450 = DIRECTION ( 'NONE',  ( -1.000000000000000000, 0.000000000000000000, 1.387778780781439759E-16 ) ) ;
#1451 = LINE ( 'NONE', #2077, #1385 ) ;
#1452 = CARTESIAN_POINT ( 'NONE',  ( -0.02106348953135676536, 0.0009047382966926137112, 0.03228410377244055746 ) ) ;
#1453 = FACE_BOUND ( 'NONE', #694, .T. ) ;
#1454 = PRESENTATION_LAYER_ASSIGNMENT (  '', '', ( #759 ) ) ;
#1455 = ORIENTED_EDGE ( 'NONE', *, *, #2469, .F. ) ;
#1456 = DIRECTION ( 'NONE',  ( 0.000000000000000000, -1.000000000000000000, 0.000000000000000000 ) ) ;
#1457 = ADVANCED_FACE ( 'NONE', ( #2027, #2010 ), #727, .T. ) ;
#1458 = ADVANCED_FACE ( 'NONE', ( #981 ), #783, .F. ) ;
#1459 = ORIENTED_EDGE ( 'NONE', *, *, #1636, .T. ) ;
#1460 = DIRECTION ( 'NONE',  ( 0.000000000000000000, 1.000000000000000000, 0.000000000000000000 ) ) ;
#1461 = CARTESIAN_POINT ( 'NONE',  ( -0.01700000000000000122, 0.006000000000000000125, 0.02450000000000000094 ) ) ;
#1462 = CARTESIAN_POINT ( 'NONE',  ( -0.02080812345823339696, -0.001439869515496712462, 0.01711190886021427687 ) ) ;
#1463 = CARTESIAN_POINT ( 'NONE',  ( -0.01700000000000000122, 1.734723475976799968E-18, 0.02450000000000000094 ) ) ;
#1464 = CARTESIAN_POINT ( 'NONE',  ( -0.02108503891831593410, 0.0008376432450896148388, 0.03231615189063321431 ) ) ;
#1465 = DIRECTION ( 'NONE',  ( 0.000000000000000000, 0.000000000000000000, 1.000000000000000000 ) ) ;
#1466 = ORIENTED_EDGE ( 'NONE', *, *, #2289, .F. ) ;
#1467 = CARTESIAN_POINT ( 'NONE',  ( -0.02270000000000000143, 0.01450000000000000074, 0.03429795897113269848 ) ) ;
#1468 = VECTOR ( 'NONE', #1659, 1.000000000000000000 ) ;
#1469 = AXIS2_PLACEMENT_3D ( 'NONE', #1463, #595, #1210 ) ;
#1470 = ORIENTED_EDGE ( 'NONE', *, *, #1120, .F. ) ;
#1471 = DIRECTION ( 'NONE',  ( 0.000000000000000000, -1.000000000000000000, 0.000000000000000000 ) ) ;
#1472 = CARTESIAN_POINT ( 'NONE',  ( -0.01700000000000000122, 0.004000000000000000083, 0.02249999999999999917 ) ) ;
#1473 = ADVANCED_FACE ( 'NONE', ( #1617 ), #995, .F. ) ;
#1474 = CARTESIAN_POINT ( 'NONE',  ( -0.02109618979567041627, -0.0008006998888647054577, 0.01666726075438104346 ) ) ;
#1475 = DIRECTION ( 'NONE',  ( 0.000000000000000000, -1.000000000000000000, 0.000000000000000000 ) ) ;
#1476 = CARTESIAN_POINT ( 'NONE',  ( -0.01879554122665988078, -0.007168641832161005804, 0.02616011674989931687 ) ) ;
#1477 = DIRECTION ( 'NONE',  ( -0.9659258262890682012, 0.000000000000000000, 0.2588190451025210725 ) ) ;
#1478 = ORIENTED_EDGE ( 'NONE', *, *, #2338, .T. ) ;
#1479 = DIRECTION ( 'NONE',  ( 1.000000000000000000, 0.000000000000000000, 0.000000000000000000 ) ) ;
#1480 = VECTOR ( 'NONE', #2081, 1.000000000000000000 ) ;
#1481 = VECTOR ( 'NONE', #1644, 1.000000000000000000 ) ;
#1482 = VERTEX_POINT ( 'NONE', #1585 ) ;
#1483 = DIRECTION ( 'NONE',  ( 1.000000000000000000, 0.000000000000000000, 0.000000000000000000 ) ) ;
#1484 = CARTESIAN_POINT ( 'NONE',  ( -0.01700000000000000122, 1.734723475976799968E-18, 0.02450000000000000094 ) ) ;
#1485 = VECTOR ( 'NONE', #1572, 1.000000000000000000 ) ;
#1486 = CARTESIAN_POINT ( 'NONE',  ( -0.02044865641455412969, -0.001844540984663943246, 0.01772684685362573703 ) ) ;
#1487 = VECTOR ( 'NONE', #2751, 1.000000000000000000 ) ;
#1488 = AXIS2_PLACEMENT_3D ( 'NONE', #373, #1014, #796 ) ;
#1489 = EDGE_CURVE ( 'NONE', #1222, #708, #511, .T. ) ;
#1490 = CARTESIAN_POINT ( 'NONE',  ( -0.03269999999999999990, -0.01750000000000000167, 0.02949999999999999845 ) ) ;
#1491 = DIRECTION ( 'NONE',  ( 0.000000000000000000, 0.000000000000000000, 1.000000000000000000 ) ) ;
#1492 = VERTEX_POINT ( 'NONE', #1628 ) ;
#1493 = PLANE ( 'NONE',  #2486 ) ;
#1494 = EDGE_LOOP ( 'NONE', ( #318, #256, #372, #2254 ) ) ;
#1495 = CARTESIAN_POINT ( 'NONE',  ( -0.01319999999999999993, 1.692711725128499963E-18, 0.03150000000000000022 ) ) ;
#1496 = LINE ( 'NONE', #1472, #1487 ) ;
#1497 = CARTESIAN_POINT ( 'NONE',  ( -0.03269999999999999990, -0.01450000000000000074, 0.01749999999999999820 ) ) ;
#1498 = AXIS2_PLACEMENT_3D ( 'NONE', #1702, #1532, #1273 ) ;
#1499 = CARTESIAN_POINT ( 'NONE',  ( -0.02108905750858252465, 0.0008245895291043740588, 0.01667787658945436152 ) ) ;
#1500 = DIRECTION ( 'NONE',  ( -1.000000000000000000, 0.000000000000000000, 0.000000000000000000 ) ) ;
#1501 = EDGE_CURVE ( 'NONE', #2723, #2588, #333, .T. ) ;
#1502 = DIRECTION ( 'NONE',  ( 0.000000000000000000, 1.000000000000000000, 0.000000000000000000 ) ) ;
#1503 = DIRECTION ( 'NONE',  ( 0.000000000000000000, 0.000000000000000000, -1.000000000000000000 ) ) ;
#1504 = ADVANCED_FACE ( 'NONE', ( #2685 ), #769, .F. ) ;
#1505 = ORIENTED_EDGE ( 'NONE', *, *, #2132, .F. ) ;
#1506 = ORIENTED_EDGE ( 'NONE', *, *, #491, .F. ) ;
#1507 = DIRECTION ( 'NONE',  ( -1.000000000000000000, -3.802061687943670351E-16, 0.000000000000000000 ) ) ;
#1508 = EDGE_CURVE ( 'NONE', #2020, #1631, #1402, .T. ) ;
#1509 = EDGE_LOOP ( 'NONE', ( #542, #1752, #1478, #1770 ) ) ;
#1510 = CARTESIAN_POINT ( 'NONE',  ( -0.01700000000000000122, -0.002236067977499789881, 0.02249999999999999917 ) ) ;
#1511 = DIRECTION ( 'NONE',  ( 9.912705577010325549E-17, 0.000000000000000000, 1.000000000000000000 ) ) ;
#1512 = FACE_OUTER_BOUND ( 'NONE', #1604, .T. ) ;
#1513 = AXIS2_PLACEMENT_3D ( 'NONE', #1527, #1166, #916 ) ;
#1514 = CARTESIAN_POINT ( 'NONE',  ( -0.02040606894168867785, 0.001875137707758570312, 0.01780431120224999081 ) ) ;
#1515 = DIRECTION ( 'NONE',  ( 1.000000000000000000, 0.000000000000000000, 0.000000000000000000 ) ) ;
#1516 = EDGE_LOOP ( 'NONE', ( #2632, #2144 ) ) ;
#1517 = SURFACE_STYLE_FILL_AREA ( #674 ) ;
#1518 = CARTESIAN_POINT ( 'NONE',  ( -0.03869999999999999829, -0.01750000000000000167, 0.02450000000000000094 ) ) ;
#1519 = VERTEX_POINT ( 'NONE', #2664 ) ;
#1520 = ORIENTED_EDGE ( 'NONE', *, *, #2051, .T. ) ;
#1521 = LINE ( 'NONE', #1749, #1704 ) ;
#1522 = ORIENTED_EDGE ( 'NONE', *, *, #2015, .T. ) ;
#1523 = CIRCLE ( 'NONE', #2665, 0.001000000000000000888 ) ;
#1524 = ORIENTED_EDGE ( 'NONE', *, *, #2698, .F. ) ;
#1525 = CARTESIAN_POINT ( 'NONE',  ( -0.01700000000000000122, 1.734723475976799968E-18, 0.02450000000000000094 ) ) ;
#1526 = VERTEX_POINT ( 'NONE', #1201 ) ;
#1527 = CARTESIAN_POINT ( 'NONE',  ( -0.03269999999999999990, -0.01750000000000000167, 0.03049999999999999933 ) ) ;
#1528 = FACE_OUTER_BOUND ( 'NONE', #1354, .T. ) ;
#1529 = CARTESIAN_POINT ( 'NONE',  ( -0.03269999999999999990, 0.01750000000000000167, 0.01749999999999999820 ) ) ;
#1530 = VECTOR ( 'NONE', #2060, 1.000000000000000000 ) ;
#1531 = VERTEX_POINT ( 'NONE', #2255 ) ;
#1532 = DIRECTION ( 'NONE',  ( -1.000000000000000000, 0.000000000000000000, 1.387778780781439759E-16 ) ) ;
#1533 = DIRECTION ( 'NONE',  ( -1.000000000000000000, 0.000000000000000000, 0.000000000000000000 ) ) ;
#1534 = CLOSED_SHELL ( 'NONE', ( #1504, #1128, #2270, #2213, #353, #2135, #1670, #798, #1458, #1473, #876, #32, #470, #2725, #596, #224, #1961, #2055, #1790, #1075, #2485, #2681, #2599, #2521, #2517, #2357, #1602, #2604, #1457, #2639, #2018, #401, #1061, #2102, #1699, #2759, #617, #2165, #897, #1914, #1844, #2098, #812, #1429, #1580, #1384, #530, #1199, #1848, #680, #1808, #71, #535, #2550, #2468, #1164, #1331, #194, #893, #417, #696, #1970, #788, #1078, #2202, #983, #513, #2631, #1133, #609, #146, #304, #1299, #740, #912, #797 ) ) ;
#1535 = VERTEX_POINT ( 'NONE', #113 ) ;
#1536 = ORIENTED_EDGE ( 'NONE', *, *, #1682, .T. ) ;
#1537 = DIRECTION ( 'NONE',  ( 0.000000000000000000, 0.000000000000000000, 1.000000000000000000 ) ) ;
#1538 = ORIENTED_EDGE ( 'NONE', *, *, #1750, .T. ) ;
#1539 = ORIENTED_EDGE ( 'NONE', *, *, #1772, .F. ) ;
#1540 = EDGE_CURVE ( 'NONE', #2371, #1232, #745, .T. ) ;
#1541 = CARTESIAN_POINT ( 'NONE',  ( -0.01409999999999999969, 0.01175019924288389986, 0.01015958021784259951 ) ) ;
#1542 = EDGE_CURVE ( 'NONE', #2124, #424, #1830, .T. ) ;
#1543 = VECTOR ( 'NONE', #1881, 1.000000000000000000 ) ;
#1544 = ORIENTED_EDGE ( 'NONE', *, *, #1603, .F. ) ;
#1545 = CARTESIAN_POINT ( 'NONE',  ( -0.02270349578017739900, 0.01750000000000000167, 0.03649604085652649599 ) ) ;
#1546 = EDGE_CURVE ( 'NONE', #1558, #1390, #1175, .T. ) ;
#1547 =( GEOMETRIC_REPRESENTATION_CONTEXT ( 3 ) GLOBAL_UNCERTAINTY_ASSIGNED_CONTEXT ( ( #2524 ) ) GLOBAL_UNIT_ASSIGNED_CONTEXT ( ( #1744, #1196, #1185 ) ) REPRESENTATION_CONTEXT ( 'NONE', 'WORKASPACE' ) );
#1548 = ORIENTED_EDGE ( 'NONE', *, *, #2773, .F. ) ;
#1549 = DIRECTION ( 'NONE',  ( 0.000000000000000000, -1.084202172485499873E-16, 1.000000000000000000 ) ) ;
#1550 = LINE ( 'NONE', #1306, #151 ) ;
#1551 = VERTEX_POINT ( 'NONE', #1357 ) ;
#1552 = FACE_OUTER_BOUND ( 'NONE', #1798, .T. ) ;
#1553 = EDGE_LOOP ( 'NONE', ( #1990, #483, #306, #434 ) ) ;
#1554 = CARTESIAN_POINT ( 'NONE',  ( -0.01884359353944890098, -0.002236067977499789881, 0.02649999999999999925 ) ) ;
#1555 = ORIENTED_EDGE ( 'NONE', *, *, #10, .T. ) ;
#1556 = ORIENTED_EDGE ( 'NONE', *, *, #1278, .T. ) ;
#1557 = CYLINDRICAL_SURFACE ( 'NONE', #1351, 0.001000000000000000888 ) ;
#1558 = VERTEX_POINT ( 'NONE', #2226 ) ;
#1559 = CARTESIAN_POINT ( 'NONE',  ( -0.01319999999999999993, 2.102117515721006465E-18, 0.02750000000000000361 ) ) ;
#1560 = AXIS2_PLACEMENT_3D ( 'NONE', #906, #1794, #1142 ) ;
#1561 = EDGE_CURVE ( 'NONE', #2293, #677, #303, .T. ) ;
#1562 = VECTOR ( 'NONE', #169, 1.000000000000000000 ) ;
#1563 = ORIENTED_EDGE ( 'NONE', *, *, #1508, .T. ) ;
#1564 = CARTESIAN_POINT ( 'NONE',  ( -0.02085516728120560132, -0.001363909892175294535, 0.03196355942693453189 ) ) ;
#1565 = LINE ( 'NONE', #1399, #284 ) ;
#1566 = VERTEX_POINT ( 'NONE', #1229 ) ;
#1567 = CARTESIAN_POINT ( 'NONE',  ( -0.01409999999999999969, 0.01750000000000000167, 0.03062085139306310044 ) ) ;
#1568 = EDGE_LOOP ( 'NONE', ( #411, #1618 ) ) ;
#1569 = DIRECTION ( 'NONE',  ( 0.000000000000000000, -1.000000000000000000, 0.000000000000000000 ) ) ;
#1570 = VERTEX_POINT ( 'NONE', #2094 ) ;
#1571 = VERTEX_POINT ( 'NONE', #2520 ) ;
#1572 = DIRECTION ( 'NONE',  ( -1.000000000000000000, 0.000000000000000000, 0.000000000000000000 ) ) ;
#1573 = AXIS2_PLACEMENT_3D ( 'NONE', #1371, #941, #548 ) ;
#1574 = ORIENTED_EDGE ( 'NONE', *, *, #69, .F. ) ;
#1575 = DIRECTION ( 'NONE',  ( 0.000000000000000000, 0.000000000000000000, -1.000000000000000000 ) ) ;
#1576 = FACE_BOUND ( 'NONE', #53, .T. ) ;
#1577 = ORIENTED_EDGE ( 'NONE', *, *, #1425, .F. ) ;
#1578 = CARTESIAN_POINT ( 'NONE',  ( -0.01439999999999999787, 0.000000000000000000, 0.03950000000000000039 ) ) ;
#1579 = CARTESIAN_POINT ( 'NONE',  ( -0.01884359353944890098, -0.01450199999999999927, 0.02249999999999999917 ) ) ;
#1580 = ADVANCED_FACE ( 'NONE', ( #2345, #1453, #206, #408, #183, #2131 ), #598, .T. ) ;
#1581 = EDGE_CURVE ( 'NONE', #678, #41, #171, .T. ) ;
#1582 = AXIS2_PLACEMENT_3D ( 'NONE', #1345, #2211, #930 ) ;
#1583 = FACE_OUTER_BOUND ( 'NONE', #383, .T. ) ;
#1584 = ORIENTED_EDGE ( 'NONE', *, *, #321, .T. ) ;
#1585 = CARTESIAN_POINT ( 'NONE',  ( -0.01884359353944890098, -0.006000000000000000125, 0.02649999999999999925 ) ) ;
#1586 = CIRCLE ( 'NONE', #1359, 0.0009999999999999974187 ) ;
#1587 = AXIS2_PLACEMENT_3D ( 'NONE', #631, #1460, #2323 ) ;
#1588 = VERTEX_POINT ( 'NONE', #1033 ) ;
#1589 = VERTEX_POINT ( 'NONE', #160 ) ;
#1590 = CARTESIAN_POINT ( 'NONE',  ( -0.01770000000000000392, 0.000000000000000000, 0.006999999999999999278 ) ) ;
#1591 = EDGE_LOOP ( 'NONE', ( #1933, #2322 ) ) ;
#1592 = CARTESIAN_POINT ( 'NONE',  ( -0.03269999999999999990, -0.002000000000000000042, 0.02450000000000000094 ) ) ;
#1593 = FACE_BOUND ( 'NONE', #2121, .T. ) ;
#1594 = VERTEX_POINT ( 'NONE', #1652 ) ;
#1595 = CARTESIAN_POINT ( 'NONE',  ( -0.02043913483112168653, -0.001851621820339215086, 0.03125603760656759517 ) ) ;
#1596 = DIRECTION ( 'NONE',  ( 0.000000000000000000, 0.000000000000000000, -1.000000000000000000 ) ) ;
#1597 = AXIS2_PLACEMENT_3D ( 'NONE', #1651, #814, #1663 ) ;
#1598 = EDGE_CURVE ( 'NONE', #2113, #1094, #616, .T. ) ;
#1599 = CARTESIAN_POINT ( 'NONE',  ( -0.01700000000000000122, 1.815176405043235205E-18, 0.02949999999999999845 ) ) ;
#1600 = VERTEX_POINT ( 'NONE', #1440 ) ;
#1601 = FACE_OUTER_BOUND ( 'NONE', #1110, .T. ) ;
#1602 = ADVANCED_FACE ( 'NONE', ( #2120 ), #1693, .F. ) ;
#1603 = EDGE_CURVE ( 'NONE', #2210, #457, #792, .T. ) ;
#1604 = EDGE_LOOP ( 'NONE', ( #334, #1174, #2607, #104 ) ) ;
#1605 = CARTESIAN_POINT ( 'NONE',  ( -0.01409799999999999942, 0.01175019924288400047, 0.03884041978215740237 ) ) ;
#1606 = DIRECTION ( 'NONE',  ( 0.000000000000000000, -1.000000000000000000, 0.000000000000000000 ) ) ;
#1607 = CARTESIAN_POINT ( 'NONE',  ( -0.01869117219395089943, 0.006000398485767920349, 0.04093913677818870195 ) ) ;
#1608 = LINE ( 'NONE', #2034, #446 ) ;
#1609 = DIRECTION ( 'NONE',  ( 1.000000000000000000, 0.000000000000000000, 0.000000000000000000 ) ) ;
#1610 = DIRECTION ( 'NONE',  ( 0.000000000000000000, -1.000000000000000000, 0.000000000000000000 ) ) ;
#1611 = AXIS2_PLACEMENT_3D ( 'NONE', #1973, #1805, #1789 ) ;
#1612 = CYLINDRICAL_SURFACE ( 'NONE', #1923, 0.001000000000000000888 ) ;
#1613 = AXIS2_PLACEMENT_3D ( 'NONE', #1379, #965, #688 ) ;
#1614 = AXIS2_PLACEMENT_3D ( 'NONE', #936, #2452, #328 ) ;
#1615 = EDGE_LOOP ( 'NONE', ( #618, #1730 ) ) ;
#1616 = DIRECTION ( 'NONE',  ( -1.000000000000000000, 0.000000000000000000, 0.000000000000000000 ) ) ;
#1617 = FACE_OUTER_BOUND ( 'NONE', #2595, .T. ) ;
#1618 = ORIENTED_EDGE ( 'NONE', *, *, #1292, .T. ) ;
#1619 = CARTESIAN_POINT ( 'NONE',  ( -0.01885555411291359867, 0.002161951014556429910, 0.02241713471628640000 ) ) ;
#1620 = CARTESIAN_POINT ( 'NONE',  ( -0.04200000000000000261, 0.002000000000000000042, 0.01849999999999999908 ) ) ;
#1621 = LINE ( 'NONE', #1004, #911 ) ;
#1622 = DIRECTION ( 'NONE',  ( 1.000000000000000000, 0.000000000000000000, 0.000000000000000000 ) ) ;
#1623 = DIRECTION ( 'NONE',  ( 0.000000000000000000, 1.000000000000000000, 0.000000000000000000 ) ) ;
#1624 = DIRECTION ( 'NONE',  ( 0.000000000000000000, -1.000000000000000000, 0.000000000000000000 ) ) ;
#1625 = AXIS2_PLACEMENT_3D ( 'NONE', #2319, #1870, #2746 ) ;
#1626 = CARTESIAN_POINT ( 'NONE',  ( -0.03269999999999999990, 0.01750000000000000167, 0.03049999999999999933 ) ) ;
#1627 = EDGE_CURVE ( 'NONE', #960, #1180, #815, .T. ) ;
#1628 = CARTESIAN_POINT ( 'NONE',  ( -0.01700000000000000122, 0.002000000000000000042, 0.01849999999999999908 ) ) ;
#1629 = AXIS2_PLACEMENT_3D ( 'NONE', #1802, #761, #2282 ) ;
#1630 = VECTOR ( 'NONE', #1888, 1.000000000000000000 ) ;
#1631 = VERTEX_POINT ( 'NONE', #1253 ) ;
#1632 = CARTESIAN_POINT ( 'NONE',  ( -0.01884359353944890098, 0.002236067977499799856, 0.02249999999999999917 ) ) ;
#1633 = EDGE_CURVE ( 'NONE', #249, #545, #1256, .T. ) ;
#1634 = DIRECTION ( 'NONE',  ( 0.000000000000000000, 0.000000000000000000, 1.000000000000000000 ) ) ;
#1635 = LINE ( 'NONE', #1824, #2287 ) ;
#1636 = EDGE_CURVE ( 'NONE', #1203, #1180, #951, .T. ) ;
#1637 = CARTESIAN_POINT ( 'NONE',  ( -0.03269999999999999990, -0.01750000000000000167, 0.02750000000000000014 ) ) ;
#1638 = CARTESIAN_POINT ( 'NONE',  ( -0.02670000000000000151, 0.01450000000000000074, 0.02450000000000000094 ) ) ;
#1639 = FACE_OUTER_BOUND ( 'NONE', #1952, .T. ) ;
#1640 = CARTESIAN_POINT ( 'NONE',  ( -0.02092309607990294057, 0.001244392260735933476, 0.03207127987503521210 ) ) ;
#1641 = DIRECTION ( 'NONE',  ( 1.000000000000000000, 0.000000000000000000, -1.387778780781439759E-16 ) ) ;
#1642 = AXIS2_PLACEMENT_3D ( 'NONE', #1144, #597, #1212 ) ;
#1643 = VERTEX_POINT ( 'NONE', #382 ) ;
#1644 = DIRECTION ( 'NONE',  ( 1.000000000000000000, 0.000000000000000000, 0.000000000000000000 ) ) ;
#1645 = VERTEX_POINT ( 'NONE', #1882 ) ;
#1646 = DIRECTION ( 'NONE',  ( 0.000000000000000000, 1.000000000000000000, 0.000000000000000000 ) ) ;
#1647 = CARTESIAN_POINT ( 'NONE',  ( -0.02636468570296139971, 0.01750000000000000167, 0.03551502797337960371 ) ) ;
#1648 = DIRECTION ( 'NONE',  ( 0.000000000000000000, 0.000000000000000000, 1.000000000000000000 ) ) ;
#1649 = CARTESIAN_POINT ( 'NONE',  ( -0.01869117219395089943, -0.006000398485767920349, 0.04093913677818870195 ) ) ;
#1650 = B_SPLINE_CURVE_WITH_KNOTS ( 'NONE', 3,
 ( #2659, #1154, #1125, #1976, #1367, #81, #1595, #1335, #62, #2200, #1170, #2235, #2005, #123, #93, #2645, #721, #1763, #2036, #737, #1564, #108, #949, #966, #2693, #765, #1810, #2678, #543, #825, #132, #799, #1029, #978, #391, #1889 ),
 .UNSPECIFIED., .F., .F.,
 ( 4, 2, 2, 2, 1, 1, 2, 2, 2, 2, 1, 1, 1, 2, 2, 2, 2, 1, 1, 1, 2, 4 ),
 ( 0.000000000000000000, 0.06249769036303903791, 0.1249953807260780758, 0.1289014863737683314, 0.1328075920214586148, 0.1406198033168397366, 0.1562442259076019246, 0.1874930710891263286, 0.2499907614521751364, 0.2519438142760207500, 0.2538968670998664190, 0.2578029727475564248, 0.2656151840429359368, 0.2812396066336949607, 0.3124884518152106772, 0.3749861421782427207, 0.3788922478259325599, 0.3827983534736223992, 0.3906105647690019667, 0.4062349873597600469, 0.4374838325412763185, 0.4999815229043081954 ),
 .UNSPECIFIED. ) ;
#1651 = CARTESIAN_POINT ( 'NONE',  ( -0.03269999999999999990, 0.01450000000000000074, 0.03049999999999999933 ) ) ;
#1652 = CARTESIAN_POINT ( 'NONE',  ( -0.01884359353944890098, 0.006000000000000000125, 0.02649999999999999925 ) ) ;
#1653 = CIRCLE ( 'NONE', #1064, 0.001000000000000000888 ) ;
#1654 = AXIS2_PLACEMENT_3D ( 'NONE', #2197, #2354, #1105 ) ;
#1655 = ORIENTED_EDGE ( 'NONE', *, *, #1751, .T. ) ;
#1656 = DIRECTION ( 'NONE',  ( 0.000000000000000000, 1.000000000000000000, 0.000000000000000000 ) ) ;
#1657 = ORIENTED_EDGE ( 'NONE', *, *, #326, .T. ) ;
#1658 = DIRECTION ( 'NONE',  ( 1.000000000000000000, 0.000000000000000000, 0.000000000000000000 ) ) ;
#1659 = DIRECTION ( 'NONE',  ( -1.000000000000000000, 0.000000000000000000, 0.000000000000000000 ) ) ;
#1660 = DIRECTION ( 'NONE',  ( 0.000000000000000000, 0.000000000000000000, 1.000000000000000000 ) ) ;
#1661 = FACE_OUTER_BOUND ( 'NONE', #1494, .T. ) ;
#1662 = EDGE_CURVE ( 'NONE', #112, #2459, #1664, .T. ) ;
#1663 = DIRECTION ( 'NONE',  ( 0.000000000000000000, 0.000000000000000000, 1.000000000000000000 ) ) ;
#1664 = LINE ( 'NONE', #395, #2207 ) ;
#1665 = EDGE_CURVE ( 'NONE', #508, #33, #2528, .T. ) ;
#1666 = AXIS2_PLACEMENT_3D ( 'NONE', #1703, #2155, #2142 ) ;
#1667 = ORIENTED_EDGE ( 'NONE', *, *, #57, .T. ) ;
#1668 = CARTESIAN_POINT ( 'NONE',  ( -0.01319999999999999993, 0.006000000000000000125, 0.02450000000000000094 ) ) ;
#1669 = AXIS2_PLACEMENT_3D ( 'NONE', #1181, #730, #322 ) ;
#1670 = ADVANCED_FACE ( 'NONE', ( #1239 ), #638, .T. ) ;
#1671 = AXIS2_PLACEMENT_3D ( 'NONE', #1897, #173, #656 ) ;
#1672 = AXIS2_PLACEMENT_3D ( 'NONE', #643, #1062, #1911 ) ;
#1673 = VERTEX_POINT ( 'NONE', #2735 ) ;
#1674 = CARTESIAN_POINT ( 'NONE',  ( -0.01319999999999999993, 1.692711725128499963E-18, 0.03049999999999999933 ) ) ;
#1675 = DIRECTION ( 'NONE',  ( 0.000000000000000000, 0.000000000000000000, 1.000000000000000000 ) ) ;
#1676 = AXIS2_PLACEMENT_3D ( 'NONE', #2073, #2296, #174 ) ;
#1677 = EDGE_LOOP ( 'NONE', ( #1470, #2214, #2671, #1538, #1733, #1769, #1322, #1072 ) ) ;
#1678 = CYLINDRICAL_SURFACE ( 'NONE', #1283, 0.001000000000000000888 ) ;
#1679 = CARTESIAN_POINT ( 'NONE',  ( -0.01439999999999999961, 1.734723475976799968E-18, 0.02450000000000000094 ) ) ;
#1680 = CARTESIAN_POINT ( 'NONE',  ( -0.02067438540364580080, 0.001624445289206920750, 0.03166840245555861688 ) ) ;
#1681 = CARTESIAN_POINT ( 'NONE',  ( -0.03502937140592270182, -0.01450000000000000074, 0.01580666756339840079 ) ) ;
#1682 = EDGE_CURVE ( 'NONE', #1294, #396, #829, .T. ) ;
#1683 = MECHANICAL_DESIGN_GEOMETRIC_PRESENTATION_REPRESENTATION (  '', ( #759 ), #1547 ) ;
#1684 = VERTEX_POINT ( 'NONE', #1681 ) ;
#1685 = CARTESIAN_POINT ( 'NONE',  ( -0.01870000278949785280, 0.007999934362299052082, 0.02467701747444996790 ) ) ;
#1686 = EDGE_CURVE ( 'NONE', #751, #457, #367, .T. ) ;
#1687 = ORIENTED_EDGE ( 'NONE', *, *, #1956, .T. ) ;
#1688 = DIRECTION ( 'NONE',  ( 1.000000000000000000, 0.000000000000000000, 0.000000000000000000 ) ) ;
#1689 = DIRECTION ( 'NONE',  ( 0.000000000000000000, 0.000000000000000000, -1.000000000000000000 ) ) ;
#1690 = CARTESIAN_POINT ( 'NONE',  ( -0.02058125026436580240, 0.001730747843412345751, 0.01748983617653472947 ) ) ;
#1691 = CARTESIAN_POINT ( 'NONE',  ( -0.02270349578017739900, -0.01450000000000000074, 0.03649604085652649599 ) ) ;
#1692 = CARTESIAN_POINT ( 'NONE',  ( -0.03269999999999999990, 0.01750000000000000167, 0.01949999999999999997 ) ) ;
#1693 = PLANE ( 'NONE',  #2441 ) ;
#1694 = EDGE_LOOP ( 'NONE', ( #729, #2171, #2616, #208, #1433, #2470 ) ) ;
#1695 = FACE_BOUND ( 'NONE', #2396, .T. ) ;
#1696 = CIRCLE ( 'NONE', #1469, 0.002999999999999999195 ) ;
#1697 = ORIENTED_EDGE ( 'NONE', *, *, #65, .F. ) ;
#1698 = DIRECTION ( 'NONE',  ( 1.000000000000000000, 0.000000000000000000, 0.000000000000000000 ) ) ;
#1699 = ADVANCED_FACE ( 'NONE', ( #2329 ), #1082, .T. ) ;
#1700 = CARTESIAN_POINT ( 'NONE',  ( -0.03269999999999999990, 0.01750000000000000167, 0.02150000000000000175 ) ) ;
#1701 = CARTESIAN_POINT ( 'NONE',  ( -0.02050697852790110340, -0.001797341561310252878, 0.01762193409533239705 ) ) ;
#1702 = CARTESIAN_POINT ( 'NONE',  ( -0.01439999999999999961, 0.000000000000000000, 0.02450000000000000094 ) ) ;
#1703 = CARTESIAN_POINT ( 'NONE',  ( -0.01700000000000000122, -0.006000000000000000125, 0.02450000000000000094 ) ) ;
#1704 = VECTOR ( 'NONE', #1277, 1.000000000000000000 ) ;
#1705 = EDGE_CURVE ( 'NONE', #1375, #2179, #63, .T. ) ;
#1706 = ORIENTED_EDGE ( 'NONE', *, *, #861, .T. ) ;
#1707 = CARTESIAN_POINT ( 'NONE',  ( -0.01872983018072668648, 0.007807931188475498822, 0.02539432839290713118 ) ) ;
#1708 = VECTOR ( 'NONE', #1764, 1.000000000000000000 ) ;
#1709 = CIRCLE ( 'NONE', #1629, 0.01499999999999999944 ) ;
#1710 = ORIENTED_EDGE ( 'NONE', *, *, #2129, .T. ) ;
#1711 = DIRECTION ( 'NONE',  ( 0.000000000000000000, 0.000000000000000000, -1.000000000000000000 ) ) ;
#1712 = LINE ( 'NONE', #1271, #1860 ) ;
#1713 = AXIS2_PLACEMENT_3D ( 'NONE', #229, #2428, #293 ) ;
#1714 = EDGE_CURVE ( 'NONE', #2187, #600, #2531, .T. ) ;
#1715 = EDGE_CURVE ( 'NONE', #1342, #161, #4, .T. ) ;
#1716 = CARTESIAN_POINT ( 'NONE',  ( -0.02102209914600483565, -0.001024498188279854369, 0.01677722629084620401 ) ) ;
#1717 = CIRCLE ( 'NONE', #1943, 0.001000000000000000888 ) ;
#1718 = CYLINDRICAL_SURFACE ( 'NONE', #1654, 0.001000000000000000888 ) ;
#1719 = EDGE_CURVE ( 'NONE', #1121, #1232, #1856, .T. ) ;
#1720 = DIRECTION ( 'NONE',  ( 0.000000000000000000, 0.000000000000000000, -1.000000000000000000 ) ) ;
#1721 = LINE ( 'NONE', #866, #741 ) ;
#1722 = ORIENTED_EDGE ( 'NONE', *, *, #1216, .F. ) ;
#1723 = EDGE_LOOP ( 'NONE', ( #234, #1124, #2241, #501, #1116, #693, #2653, #1999 ) ) ;
#1724 = CARTESIAN_POINT ( 'NONE',  ( -0.01409799999999999942, 0.01175019924288389986, 0.01015958021784259951 ) ) ;
#1725 = VERTEX_POINT ( 'NONE', #854 ) ;
#1726 = DIRECTION ( 'NONE',  ( 0.000000000000000000, 0.000000000000000000, 1.000000000000000000 ) ) ;
#1727 = DIRECTION ( 'NONE',  ( -1.000000000000000000, 0.000000000000000000, 1.387778780781439759E-16 ) ) ;
#1728 = FACE_BOUND ( 'NONE', #2668, .T. ) ;
#1729 = CARTESIAN_POINT ( 'NONE',  ( -0.02043860886673667596, -0.001852074897884373834, 0.01774507231837742227 ) ) ;
#1730 = ORIENTED_EDGE ( 'NONE', *, *, #2712, .F. ) ;
#1731 = CARTESIAN_POINT ( 'NONE',  ( -0.01883758700035027475, -0.006396047521190416536, 0.02647782780103614952 ) ) ;
#1732 = CARTESIAN_POINT ( 'NONE',  ( -0.01700000000000000122, -0.002000000000000000042, 0.02050000000000000086 ) ) ;
#1733 = ORIENTED_EDGE ( 'NONE', *, *, #1419, .F. ) ;
#1734 = ORIENTED_EDGE ( 'NONE', *, *, #1216, .T. ) ;
#1735 = DIRECTION ( 'NONE',  ( -1.000000000000000000, 0.000000000000000000, 0.000000000000000000 ) ) ;
#1736 = ORIENTED_EDGE ( 'NONE', *, *, #1598, .T. ) ;
#1737 = CIRCLE ( 'NONE', #1611, 0.001000000000000000888 ) ;
#1738 = EDGE_LOOP ( 'NONE', ( #211, #2511, #1129, #1048 ) ) ;
#1739 = DIRECTION ( 'NONE',  ( 0.000000000000000000, 0.000000000000000000, 1.000000000000000000 ) ) ;
#1740 = VECTOR ( 'NONE', #780, 1.000000000000000000 ) ;
#1741 = CARTESIAN_POINT ( 'NONE',  ( -0.02099518871649558652, 0.001084993538313348133, 0.01681860075263641105 ) ) ;
#1742 = CYLINDRICAL_SURFACE ( 'NONE', #2193, 0.002000000000000001776 ) ;
#1743 = EDGE_LOOP ( 'NONE', ( #2405, #1785 ) ) ;
#1744 =( LENGTH_UNIT ( ) NAMED_UNIT ( * ) SI_UNIT ( $, .METRE. ) );
#1745 = FACE_OUTER_BOUND ( 'NONE', #1148, .T. ) ;
#1746 = EDGE_CURVE ( 'NONE', #2602, #1482, #2630, .T. ) ;
#1747 = ORIENTED_EDGE ( 'NONE', *, *, #2069, .F. ) ;
#1748 = VERTEX_POINT ( 'NONE', #219 ) ;
#1749 = CARTESIAN_POINT ( 'NONE',  ( -0.01440199999999999987, 1.734723475976799968E-18, 0.01550000000000000162 ) ) ;
#1750 = EDGE_CURVE ( 'NONE', #1319, #1089, #706, .T. ) ;
#1751 = EDGE_CURVE ( 'NONE', #2623, #2111, #1318, .T. ) ;
#1752 = ORIENTED_EDGE ( 'NONE', *, *, #147, .F. ) ;
#1753 = VECTOR ( 'NONE', #145, 1.000000000000000000 ) ;
#1754 = VERTEX_POINT ( 'NONE', #1112 ) ;
#1755 =( NAMED_UNIT ( * ) PLANE_ANGLE_UNIT ( ) SI_UNIT ( $, .RADIAN. ) );
#1756 = CARTESIAN_POINT ( 'NONE',  ( -0.02270000000000000143, -0.01450000000000000074, 0.03649991195174490111 ) ) ;
#1757 = ORIENTED_EDGE ( 'NONE', *, *, #1921, .F. ) ;
#1758 = LINE ( 'NONE', #1122, #549 ) ;
#1759 = AXIS2_PLACEMENT_3D ( 'NONE', #2710, #1205, #2687 ) ;
#1760 = FACE_OUTER_BOUND ( 'NONE', #1846, .T. ) ;
#1761 = AXIS2_PLACEMENT_3D ( 'NONE', #2766, #834, #2776 ) ;
#1762 = ORIENTED_EDGE ( 'NONE', *, *, #1047, .T. ) ;
#1763 = CARTESIAN_POINT ( 'NONE',  ( -0.02080738077285956833, -0.001441035251971753374, 0.03188688082755868070 ) ) ;
#1764 = DIRECTION ( 'NONE',  ( 0.000000000000000000, 0.000000000000000000, -1.000000000000000000 ) ) ;
#1765 = ORIENTED_EDGE ( 'NONE', *, *, #1411, .T. ) ;
#1766 = CARTESIAN_POINT ( 'NONE',  ( -0.03269999999999999990, -0.01750000000000000167, 0.01949999999999999997 ) ) ;
#1767 = EDGE_LOOP ( 'NONE', ( #2640, #832, #2682, #2199 ) ) ;
#1768 = FACE_OUTER_BOUND ( 'NONE', #467, .T. ) ;
#1769 = ORIENTED_EDGE ( 'NONE', *, *, #1686, .F. ) ;
#1770 = ORIENTED_EDGE ( 'NONE', *, *, #2502, .T. ) ;
#1771 = CARTESIAN_POINT ( 'NONE',  ( -0.02670000000000000151, 0.01750000000000000167, 0.02450000000000000094 ) ) ;
#1772 = EDGE_CURVE ( 'NONE', #1235, #331, #1946, .T. ) ;
#1773 = ORIENTED_EDGE ( 'NONE', *, *, #2489, .F. ) ;
#1774 = CARTESIAN_POINT ( 'NONE',  ( -0.01319999999999999993, 0.006000000000000000125, 0.02550000000000000183 ) ) ;
#1775 = DIRECTION ( 'NONE',  ( 0.000000000000000000, 0.000000000000000000, 1.000000000000000000 ) ) ;
#1776 = ORIENTED_EDGE ( 'NONE', *, *, #12, .F. ) ;
#1777 = ORIENTED_EDGE ( 'NONE', *, *, #843, .T. ) ;
#1778 = DIRECTION ( 'NONE',  ( -1.000000000000000000, -3.802061687943670351E-16, 0.000000000000000000 ) ) ;
#1779 = DIRECTION ( 'NONE',  ( 0.000000000000000000, 1.000000000000000000, 0.000000000000000000 ) ) ;
#1780 = EDGE_LOOP ( 'NONE', ( #128, #830, #2370, #2749 ) ) ;
#1781 = CYLINDRICAL_SURFACE ( 'NONE', #1642, 0.008999999999999999320 ) ;
#1782 = EDGE_LOOP ( 'NONE', ( #2663, #471, #1861, #1267 ) ) ;
#1783 = CYLINDRICAL_SURFACE ( 'NONE', #1036, 0.001000000000000000888 ) ;
#1784 = EDGE_LOOP ( 'NONE', ( #1899, #2483 ) ) ;
#1785 = ORIENTED_EDGE ( 'NONE', *, *, #354, .F. ) ;
#1786 = DIRECTION ( 'NONE',  ( 0.000000000000000000, 0.000000000000000000, 1.000000000000000000 ) ) ;
#1787 = EDGE_CURVE ( 'NONE', #2647, #927, #1550, .T. ) ;
#1788 = ORIENTED_EDGE ( 'NONE', *, *, #1189, .F. ) ;
#1789 = DIRECTION ( 'NONE',  ( 0.000000000000000000, 0.000000000000000000, -1.000000000000000000 ) ) ;
#1790 = ADVANCED_FACE ( 'NONE', ( #267 ), #1977, .F. ) ;
#1791 = CIRCLE ( 'NONE', #2374, 0.009000000000000001055 ) ;
#1792 = CARTESIAN_POINT ( 'NONE',  ( -0.01700000000000000122, -0.006000000000000000125, 0.02350000000000000006 ) ) ;
#1793 = EDGE_LOOP ( 'NONE', ( #1240, #2169, #20, #630 ) ) ;
#1794 = DIRECTION ( 'NONE',  ( 1.000000000000000000, 0.000000000000000000, -1.387778780781439759E-16 ) ) ;
#1795 = CARTESIAN_POINT ( 'NONE',  ( -0.03269999999999999990, -0.01750000000000000167, 0.01849999999999999908 ) ) ;
#1796 = ORIENTED_EDGE ( 'NONE', *, *, #560, .T. ) ;
#1797 = DIRECTION ( 'NONE',  ( -1.000000000000000000, 0.000000000000000000, 1.387778780781439759E-16 ) ) ;
#1798 = EDGE_LOOP ( 'NONE', ( #2407, #657, #1442, #2148 ) ) ;
#1799 = CARTESIAN_POINT ( 'NONE',  ( -0.02670000000000000151, 0.01750000000000000167, 0.02450000000000000094 ) ) ;
#1800 = EDGE_LOOP ( 'NONE', ( #953, #90 ) ) ;
#1801 = ORIENTED_EDGE ( 'NONE', *, *, #1358, .T. ) ;
#1802 = CARTESIAN_POINT ( 'NONE',  ( -0.01439999999999999961, 0.000000000000000000, 0.02450000000000000094 ) ) ;
#1803 = AXIS2_PLACEMENT_3D ( 'NONE', #2467, #575, #1415 ) ;
#1804 = ORIENTED_EDGE ( 'NONE', *, *, #430, .F. ) ;
#1805 = DIRECTION ( 'NONE',  ( 1.000000000000000000, 0.000000000000000000, -1.387778780781439759E-16 ) ) ;
#1806 = CIRCLE ( 'NONE', #1666, 0.001000000000000000888 ) ;
#1807 = EDGE_CURVE ( 'NONE', #2464, #1037, #1806, .T. ) ;
#1808 = ADVANCED_FACE ( 'NONE', ( #663 ), #1336, .F. ) ;
#1809 = EDGE_LOOP ( 'NONE', ( #2087, #184, #2634, #955 ) ) ;
#1810 = CARTESIAN_POINT ( 'NONE',  ( -0.02109450488980355379, -0.0008063707332934992112, 0.03233025106669858845 ) ) ;
#1811 = VECTOR ( 'NONE', #1456, 1.000000000000000000 ) ;
#1812 = CARTESIAN_POINT ( 'NONE',  ( -0.01409999999999999795, 0.000000000000000000, 0.03950000000000000039 ) ) ;
#1813 = VECTOR ( 'NONE', #874, 1.000000000000000000 ) ;
#1814 = EDGE_CURVE ( 'NONE', #1684, #2771, #2443, .T. ) ;
#1815 = ORIENTED_EDGE ( 'NONE', *, *, #735, .F. ) ;
#1816 = FACE_OUTER_BOUND ( 'NONE', #1782, .T. ) ;
#1817 = VERTEX_POINT ( 'NONE', #2598 ) ;
#1818 = DIRECTION ( 'NONE',  ( 0.000000000000000000, -1.000000000000000000, 0.000000000000000000 ) ) ;
#1819 = AXIS2_PLACEMENT_3D ( 'NONE', #1851, #389, #1234 ) ;
#1820 = VECTOR ( 'NONE', #1658, 1.000000000000000000 ) ;
#1821 = ORIENTED_EDGE ( 'NONE', *, *, #1891, .T. ) ;
#1822 = CYLINDRICAL_SURFACE ( 'NONE', #1759, 0.002000000000000001776 ) ;
#1823 = FACE_OUTER_BOUND ( 'NONE', #1161, .T. ) ;
#1824 = CARTESIAN_POINT ( 'NONE',  ( -0.03502937140592270182, -0.01750000000000000167, 0.01580666756339840079 ) ) ;
#1825 = LINE ( 'NONE', #990, #141 ) ;
#1826 = CARTESIAN_POINT ( 'NONE',  ( -0.01319999999999999993, 0.006000000000000000125, 0.02450000000000000094 ) ) ;
#1827 = LINE ( 'NONE', #573, #635 ) ;
#1828 = ORIENTED_EDGE ( 'NONE', *, *, #1540, .F. ) ;
#1829 = CYLINDRICAL_SURFACE ( 'NONE', #649, 0.001000000000000000888 ) ;
#1830 = LINE ( 'NONE', #332, #739 ) ;
#1831 = EDGE_LOOP ( 'NONE', ( #2601, #1290, #2437, #1080 ) ) ;
#1832 = DIRECTION ( 'NONE',  ( 0.000000000000000000, 0.000000000000000000, 1.000000000000000000 ) ) ;
#1833 = FACE_OUTER_BOUND ( 'NONE', #1509, .T. ) ;
#1834 = DIRECTION ( 'NONE',  ( 0.000000000000000000, -1.000000000000000000, 0.000000000000000000 ) ) ;
#1835 = EDGE_CURVE ( 'NONE', #508, #1748, #1721, .T. ) ;
#1836 = CARTESIAN_POINT ( 'NONE',  ( -0.02670000000000000151, -0.01750000000000000167, 0.02350000000000000006 ) ) ;
#1837 = CARTESIAN_POINT ( 'NONE',  ( -0.03269999999999999990, 0.01750000000000000167, 0.02450000000000000094 ) ) ;
#1838 = VECTOR ( 'NONE', #2284, 1.000000000000000000 ) ;
#1839 = DIRECTION ( 'NONE',  ( 0.000000000000000000, 0.000000000000000000, -1.000000000000000000 ) ) ;
#1840 = AXIS2_PLACEMENT_3D ( 'NONE', #1668, #2563, #2548 ) ;
#1841 = CIRCLE ( 'NONE', #1614, 0.01399999999999999856 ) ;
#1842 = CARTESIAN_POINT ( 'NONE',  ( -0.02108913991190665416, 0.0008242877868311643957, 0.03232225232620947880 ) ) ;
#1843 = DIRECTION ( 'NONE',  ( 0.000000000000000000, 0.000000000000000000, -1.000000000000000000 ) ) ;
#1844 = ADVANCED_FACE ( 'NONE', ( #2368 ), #675, .F. ) ;
#1845 = EDGE_CURVE ( 'NONE', #1937, #1535, #1095, .T. ) ;
#1846 = EDGE_LOOP ( 'NONE', ( #882, #285 ) ) ;
#1847 = FACE_OUTER_BOUND ( 'NONE', #1873, .T. ) ;
#1848 = ADVANCED_FACE ( 'NONE', ( #1745 ), #691, .F. ) ;
#1849 = CARTESIAN_POINT ( 'NONE',  ( -0.01440000000000000134, 1.836970198721029595E-18, 0.009500000000000001499 ) ) ;
#1850 = EDGE_CURVE ( 'NONE', #1535, #1086, #2236, .T. ) ;
#1851 = CARTESIAN_POINT ( 'NONE',  ( -0.04200000000000000261, -0.004000000000000000083, 0.02649999999999999925 ) ) ;
#1852 = VECTOR ( 'NONE', #2310, 1.000000000000000000 ) ;
#1853 = CARTESIAN_POINT ( 'NONE',  ( -0.01700000000000000122, -0.004000000000000000083, 0.02249999999999999917 ) ) ;
#1854 = LINE ( 'NONE', #2504, #442 ) ;
#1855 = DIRECTION ( 'NONE',  ( 0.000000000000000000, 0.000000000000000000, -1.000000000000000000 ) ) ;
#1856 = CIRCLE ( 'NONE', #514, 0.009000000000000001055 ) ;
#1857 = CARTESIAN_POINT ( 'NONE',  ( -0.02079393152067173650, 0.001461651311145077811, 0.03186513158990712108 ) ) ;
#1858 = DIRECTION ( 'NONE',  ( -1.000000000000000000, 0.000000000000000000, 0.000000000000000000 ) ) ;
#1859 = VECTOR ( 'NONE', #1925, 1.000000000000000000 ) ;
#1860 = VECTOR ( 'NONE', #1727, 1.000000000000000000 ) ;
#1861 = ORIENTED_EDGE ( 'NONE', *, *, #2516, .T. ) ;
#1862 = VECTOR ( 'NONE', #605, 1.000000000000000000 ) ;
#1863 = DIRECTION ( 'NONE',  ( 0.000000000000000000, 1.000000000000000000, 0.000000000000000000 ) ) ;
#1864 = ORIENTED_EDGE ( 'NONE', *, *, #676, .F. ) ;
#1865 = DIRECTION ( 'NONE',  ( 0.000000000000000000, 0.000000000000000000, 1.000000000000000000 ) ) ;
#1866 = DIRECTION ( 'NONE',  ( 0.2957820600050699578, 0.8973471420218437355, -0.3275379057214389822 ) ) ;
#1867 = CARTESIAN_POINT ( 'NONE',  ( -0.01409799999999999942, -0.006000398485767920349, 0.008060863221811371063 ) ) ;
#1868 = CARTESIAN_POINT ( 'NONE',  ( -0.02270000000000000143, 0.01450000000000000074, 0.01470204102886729994 ) ) ;
#1869 = DIRECTION ( 'NONE',  ( 0.000000000000000000, 0.000000000000000000, -1.000000000000000000 ) ) ;
#1870 = DIRECTION ( 'NONE',  ( 0.000000000000000000, 1.000000000000000000, 0.000000000000000000 ) ) ;
#1871 = ORIENTED_EDGE ( 'NONE', *, *, #2278, .F. ) ;
#1872 = CARTESIAN_POINT ( 'NONE',  ( -0.01870596283317922312, 0.007977645555699944616, 0.02410312217112565644 ) ) ;
#1873 = EDGE_LOOP ( 'NONE', ( #1026, #115, #167, #2400 ) ) ;
#1874 = CYLINDRICAL_SURFACE ( 'NONE', #242, 0.001999999999999998307 ) ;
#1875 = CARTESIAN_POINT ( 'NONE',  ( -0.01319999999999999993, 1.734723475976799968E-18, 0.02450000000000000094 ) ) ;
#1876 = EDGE_CURVE ( 'NONE', #278, #1643, #1565, .T. ) ;
#1877 = EDGE_CURVE ( 'NONE', #2771, #2124, #557, .T. ) ;
#1878 = EDGE_LOOP ( 'NONE', ( #1506, #2644, #398, #757 ) ) ;
#1879 = DIRECTION ( 'NONE',  ( 1.000000000000000000, 0.000000000000000000, -1.387778780781439759E-16 ) ) ;
#1880 = DIRECTION ( 'NONE',  ( 0.000000000000000000, 1.000000000000000000, 0.000000000000000000 ) ) ;
#1881 = DIRECTION ( 'NONE',  ( -1.000000000000000000, 0.000000000000000000, 1.387778780781439759E-16 ) ) ;
#1882 = CARTESIAN_POINT ( 'NONE',  ( -0.03269999999999999990, -0.01450000000000000074, 0.02750000000000000014 ) ) ;
#1883 = VECTOR ( 'NONE', #2220, 1.000000000000000000 ) ;
#1884 = ORIENTED_EDGE ( 'NONE', *, *, #106, .F. ) ;
#1885 = CARTESIAN_POINT ( 'NONE',  ( -0.01440199999999999987, 2.836905595209417918E-18, 0.03350000000000000200 ) ) ;
#1886 = ORIENTED_EDGE ( 'NONE', *, *, #2756, .T. ) ;
#1887 = DIRECTION ( 'NONE',  ( 1.000000000000000000, 0.000000000000000000, 0.000000000000000000 ) ) ;
#1888 = DIRECTION ( 'NONE',  ( 1.000000000000000000, 0.000000000000000000, 0.000000000000000000 ) ) ;
#1889 = CARTESIAN_POINT ( 'NONE',  ( -0.02121087464314228010, -3.086291512858570430E-11, 0.03249999996426797266 ) ) ;
#1890 = FACE_OUTER_BOUND ( 'NONE', #1878, .T. ) ;
#1891 = EDGE_CURVE ( 'NONE', #600, #2579, #2251, .T. ) ;
#1892 = AXIS2_PLACEMENT_3D ( 'NONE', #2635, #1115, #1980 ) ;
#1893 = CYLINDRICAL_SURFACE ( 'NONE', #204, 0.001000000000000000888 ) ;
#1894 = CARTESIAN_POINT ( 'NONE',  ( -0.01770000000000000046, 0.000000000000000000, 0.02450000000000000094 ) ) ;
#1895 = EDGE_CURVE ( 'NONE', #2522, #1342, #2343, .T. ) ;
#1896 = ORIENTED_EDGE ( 'NONE', *, *, #2433, .F. ) ;
#1897 = CARTESIAN_POINT ( 'NONE',  ( -0.02970000000000000070, 0.01450000000000000074, 0.02450000000000000094 ) ) ;
#1898 = AXIS2_PLACEMENT_3D ( 'NONE', #2071, #1193, #785 ) ;
#1899 = ORIENTED_EDGE ( 'NONE', *, *, #568, .T. ) ;
#1900 = CYLINDRICAL_SURFACE ( 'NONE', #290, 0.001000000000000000888 ) ;
#1901 = PLANE ( 'NONE',  #1761 ) ;
#1902 = CARTESIAN_POINT ( 'NONE',  ( -0.02079308894221701745, 0.001462910192963723550, 0.01713621756396179613 ) ) ;
#1903 = LINE ( 'NONE', #1424, #1971 ) ;
#1904 = DIRECTION ( 'NONE',  ( 0.000000000000000000, 0.000000000000000000, -1.000000000000000000 ) ) ;
#1905 = DIRECTION ( 'NONE',  ( 0.000000000000000000, 1.000000000000000000, 0.000000000000000000 ) ) ;
#1906 = EDGE_CURVE ( 'NONE', #505, #482, #2050, .T. ) ;
#1907 = AXIS2_PLACEMENT_3D ( 'NONE', #205, #2559, #1057 ) ;
#1908 = ORIENTED_EDGE ( 'NONE', *, *, #2369, .F. ) ;
#1909 = CARTESIAN_POINT ( 'NONE',  ( -0.01884359353944890098, 0.006000000000000000125, 0.02249999999999999917 ) ) ;
#1910 = ORIENTED_EDGE ( 'NONE', *, *, #2163, .T. ) ;
#1911 = DIRECTION ( 'NONE',  ( 9.912705577010325549E-17, 0.000000000000000000, 1.000000000000000000 ) ) ;
#1912 = CARTESIAN_POINT ( 'NONE',  ( -0.04200000000000000261, -0.002000000000000000042, 0.02850000000000000103 ) ) ;
#1913 = CARTESIAN_POINT ( 'NONE',  ( -0.02106248746236920322, -0.0009144132797358953514, 0.01671743648203624644 ) ) ;
#1914 = ADVANCED_FACE ( 'NONE', ( #1126 ), #94, .F. ) ;
#1915 = CARTESIAN_POINT ( 'NONE',  ( -0.01409999999999999969, 0.006000398485768059995, 0.008060863221811421370 ) ) ;
#1916 = DIRECTION ( 'NONE',  ( 0.000000000000000000, 1.000000000000000000, 0.000000000000000000 ) ) ;
#1917 = ORIENTED_EDGE ( 'NONE', *, *, #2411, .T. ) ;
#1918 = CARTESIAN_POINT ( 'NONE',  ( -0.01869999724995070542, 0.008000065361560792371, 0.02432446883681277025 ) ) ;
#1919 = CIRCLE ( 'NONE', #176, 0.002000000000000001776 ) ;
#1920 = EDGE_CURVE ( 'NONE', #1059, #878, #2066, .T. ) ;
#1921 = EDGE_CURVE ( 'NONE', #2187, #2083, #1827, .T. ) ;
#1922 = AXIS2_PLACEMENT_3D ( 'NONE', #2503, #764, #1609 ) ;
#1923 = AXIS2_PLACEMENT_3D ( 'NONE', #2038, #1779, #722 ) ;
#1924 = ORIENTED_EDGE ( 'NONE', *, *, #1248, .T. ) ;
#1925 = DIRECTION ( 'NONE',  ( 0.000000000000000000, -1.000000000000000000, 0.000000000000000000 ) ) ;
#1926 = CARTESIAN_POINT ( 'NONE',  ( -0.02270000000000000143, -0.01450199999999999927, 0.01250008804825509905 ) ) ;
#1927 = EDGE_CURVE ( 'NONE', #898, #329, #1841, .T. ) ;
#1928 = CARTESIAN_POINT ( 'NONE',  ( -0.02111081071572488282, -0.0007493389110964866675, 0.01664553040429103681 ) ) ;
#1929 = FILL_AREA_STYLE_COLOUR ( '', #1950 ) ;
#1930 = DIRECTION ( 'NONE',  ( 0.000000000000000000, 1.000000000000000000, 0.000000000000000000 ) ) ;
#1931 = CIRCLE ( 'NONE', #232, 0.001000000000000000888 ) ;
#1932 = ORIENTED_EDGE ( 'NONE', *, *, #2292, .T. ) ;
#1933 = ORIENTED_EDGE ( 'NONE', *, *, #1665, .T. ) ;
#1934 = CARTESIAN_POINT ( 'NONE',  ( -0.01700000000000000122, -0.002000000000000000042, 0.02226393202250019979 ) ) ;
#1935 = AXIS2_PLACEMENT_3D ( 'NONE', #282, #494, #1503 ) ;
#1936 = VECTOR ( 'NONE', #2268, 1.000000000000000222 ) ;
#1937 = VERTEX_POINT ( 'NONE', #109 ) ;
#1938 = CARTESIAN_POINT ( 'NONE',  ( -0.03502937140592270182, -0.01750000000000000167, 0.01580666756339840079 ) ) ;
#1939 = DIRECTION ( 'NONE',  ( 0.000000000000000000, 0.000000000000000000, 1.000000000000000000 ) ) ;
#1940 = CARTESIAN_POINT ( 'NONE',  ( -0.01700000000000000122, 1.692711725128499963E-18, 0.01849999999999999908 ) ) ;
#1941 = CIRCLE ( 'NONE', #1582, 0.002999999999999999195 ) ;
#1942 = CARTESIAN_POINT ( 'NONE',  ( -0.02108344348372112251, 0.0008428461077328823622, 0.01668625697090775697 ) ) ;
#1943 = AXIS2_PLACEMENT_3D ( 'NONE', #1063, #847, #2336 ) ;
#1944 = ORIENTED_EDGE ( 'NONE', *, *, #771, .T. ) ;
#1945 = CARTESIAN_POINT ( 'NONE',  ( -0.03400000000000000244, 0.002000000000000000042, 0.02673606797749980210 ) ) ;
#1946 = LINE ( 'NONE', #907, #1300 ) ;
#1947 = ORIENTED_EDGE ( 'NONE', *, *, #1835, .F. ) ;
#1948 = ORIENTED_EDGE ( 'NONE', *, *, #2389, .F. ) ;
#1949 = CARTESIAN_POINT ( 'NONE',  ( -0.02636468570296139971, -0.01450000000000000074, 0.01348497202662039991 ) ) ;
#1950 = COLOUR_RGB ( '',0.7921568627450980005, 0.8196078431372548767, 0.9333333333333333481 ) ;
#1951 = ORIENTED_EDGE ( 'NONE', *, *, #2689, .F. ) ;
#1952 = EDGE_LOOP ( 'NONE', ( #1350, #97, #1815, #66, #2562, #2426, #475, #76, #926, #895, #1432 ) ) ;
#1953 = APPLICATION_PROTOCOL_DEFINITION ( 'draft international standard', 'automotive_design', 1998, #379 ) ;
#1954 = CARTESIAN_POINT ( 'NONE',  ( -0.03400000000000000244, 0.002000000000000000042, 0.02226393202250019979 ) ) ;
#1955 = CARTESIAN_POINT ( 'NONE',  ( -0.02041744452959354597, 0.001867264337023807072, 0.01778344698587475819 ) ) ;
#1956 = EDGE_CURVE ( 'NONE', #1482, #41, #2646, .T. ) ;
#1957 = EDGE_CURVE ( 'NONE', #2643, #2157, #2501, .T. ) ;
#1958 = ORIENTED_EDGE ( 'NONE', *, *, #2312, .T. ) ;
#1959 = CARTESIAN_POINT ( 'NONE',  ( -0.01887972503891469783, 0.002000000000000000042, 0.02673606797749980210 ) ) ;
#1960 = DIRECTION ( 'NONE',  ( 0.000000000000000000, -1.000000000000000000, 0.000000000000000000 ) ) ;
#1961 = ADVANCED_FACE ( 'NONE', ( #950 ), #1612, .F. ) ;
#1962 = ORIENTED_EDGE ( 'NONE', *, *, #681, .F. ) ;
#1963 = VERTEX_POINT ( 'NONE', #1812 ) ;
#1964 = CARTESIAN_POINT ( 'NONE',  ( -0.01887972503891469783, -0.002000000000000000042, 0.02673606797749980210 ) ) ;
#1965 = EDGE_LOOP ( 'NONE', ( #728, #2376, #2172, #1657 ) ) ;
#1966 = AXIS2_PLACEMENT_3D ( 'NONE', #297, #1314, #2033 ) ;
#1967 = ORIENTED_EDGE ( 'NONE', *, *, #2731, .T. ) ;
#1968 = DIRECTION ( 'NONE',  ( 1.000000000000000000, 0.000000000000000000, 0.000000000000000000 ) ) ;
#1969 = CARTESIAN_POINT ( 'NONE',  ( -0.02248165155899720102, 0.01750000000000000167, 0.01225829721387380021 ) ) ;
#1970 = ADVANCED_FACE ( 'NONE', ( #124, #2660, #2436, #510, #300, #1143 ), #967, .T. ) ;
#1971 = VECTOR ( 'NONE', #2530, 1.000000000000000000 ) ;
#1972 = ORIENTED_EDGE ( 'NONE', *, *, #2773, .T. ) ;
#1973 = CARTESIAN_POINT ( 'NONE',  ( -0.01319999999999999993, -0.006000000000000000125, 0.02450000000000000094 ) ) ;
#1974 = CARTESIAN_POINT ( 'NONE',  ( -0.02248165155899710041, 0.01750000000000000167, 0.03674170278612609586 ) ) ;
#1975 = ORIENTED_EDGE ( 'NONE', *, *, #2182, .T. ) ;
#1976 = CARTESIAN_POINT ( 'NONE',  ( -0.02025799657181117167, -0.001960125971032616789, 0.03091684600268543998 ) ) ;
#1977 = CYLINDRICAL_SURFACE ( 'NONE', #2078, 0.002999999999999999195 ) ;
#1978 = VERTEX_POINT ( 'NONE', #1368 ) ;
#1979 = ORIENTED_EDGE ( 'NONE', *, *, #1012, .T. ) ;
#1980 = DIRECTION ( 'NONE',  ( -1.156482317317871478E-16, 0.000000000000000000, -1.000000000000000000 ) ) ;
#1981 = EDGE_CURVE ( 'NONE', #1114, #2111, #500, .T. ) ;
#1982 = ORIENTED_EDGE ( 'NONE', *, *, #1814, .F. ) ;
#1983 = VECTOR ( 'NONE', #1477, 1.000000000000000000 ) ;
#1984 = EDGE_LOOP ( 'NONE', ( #1311, #2736 ) ) ;
#1985 = DIRECTION ( 'NONE',  ( 0.000000000000000000, 1.000000000000000000, 0.000000000000000000 ) ) ;
#1986 = EDGE_LOOP ( 'NONE', ( #421, #1577 ) ) ;
#1987 = DIRECTION ( 'NONE',  ( 1.000000000000000000, 0.000000000000000000, 0.000000000000000000 ) ) ;
#1988 = AXIS2_PLACEMENT_3D ( 'NONE', #1258, #1053, #1675 ) ;
#1989 = EDGE_LOOP ( 'NONE', ( #83, #1051, #2090, #525, #673, #2072, #2245, #448, #2421, #1962, #1230, #2456 ) ) ;
#1990 = ORIENTED_EDGE ( 'NONE', *, *, #147, .T. ) ;
#1991 = CARTESIAN_POINT ( 'NONE',  ( -0.04200000000000000261, 0.006000000000000000125, 0.02249999999999999917 ) ) ;
#1992 = CARTESIAN_POINT ( 'NONE',  ( -0.01885559699147250010, -0.002161685305845359884, 0.02241683764491629940 ) ) ;
#1993 = ORIENTED_EDGE ( 'NONE', *, *, #230, .T. ) ;
#1994 = CARTESIAN_POINT ( 'NONE',  ( -0.01400000000000000029, 0.006000000000000000125, 0.02350000000000000006 ) ) ;
#1995 = VERTEX_POINT ( 'NONE', #2479 ) ;
#1996 = DIRECTION ( 'NONE',  ( 1.000000000000000000, 0.000000000000000000, -1.387778780781439759E-16 ) ) ;
#1997 = EDGE_CURVE ( 'NONE', #1937, #482, #1696, .T. ) ;
#1998 = ORIENTED_EDGE ( 'NONE', *, *, #1017, .T. ) ;
#1999 = ORIENTED_EDGE ( 'NONE', *, *, #2289, .T. ) ;
#2000 = FACE_OUTER_BOUND ( 'NONE', #1386, .T. ) ;
#2001 = DIRECTION ( 'NONE',  ( 0.000000000000000000, 1.000000000000000000, 0.000000000000000000 ) ) ;
#2002 = CARTESIAN_POINT ( 'NONE',  ( -0.01319999999999999993, -0.006000000000000000125, 0.02550000000000000183 ) ) ;
#2003 = DIRECTION ( 'NONE',  ( 1.000000000000000000, 0.000000000000000000, -1.387778780781439759E-16 ) ) ;
#2004 = ORIENTED_EDGE ( 'NONE', *, *, #2262, .T. ) ;
#2005 = CARTESIAN_POINT ( 'NONE',  ( -0.02061246705724702546, -0.001695123874475864536, 0.03156327424625212513 ) ) ;
#2006 = CARTESIAN_POINT ( 'NONE',  ( -0.01700000000000000122, 1.692711725128499963E-18, 0.03049999999999999933 ) ) ;
#2007 = VERTEX_POINT ( 'NONE', #2557 ) ;
#2008 = DIRECTION ( 'NONE',  ( 0.000000000000000000, -1.000000000000000000, 0.000000000000000000 ) ) ;
#2009 = ORIENTED_EDGE ( 'NONE', *, *, #2132, .T. ) ;
#2010 = FACE_BOUND ( 'NONE', #793, .T. ) ;
#2011 = ORIENTED_EDGE ( 'NONE', *, *, #2342, .F. ) ;
#2012 = VERTEX_POINT ( 'NONE', #1437 ) ;
#2013 = EDGE_CURVE ( 'NONE', #6, #1600, #1109, .T. ) ;
#2014 = DIRECTION ( 'NONE',  ( 0.6702130933512299160, 0.000000000000000000, 0.7421687203733229321 ) ) ;
#2015 = EDGE_CURVE ( 'NONE', #2588, #2723, #985, .T. ) ;
#2016 = EDGE_LOOP ( 'NONE', ( #655, #2032, #1584, #1548, #2606, #1135, #1924, #259 ) ) ;
#2017 = FACE_OUTER_BOUND ( 'NONE', #437, .T. ) ;
#2018 = ADVANCED_FACE ( 'NONE', ( #1661, #143 ), #2743, .T. ) ;
#2019 = VECTOR ( 'NONE', #2431, 1.000000000000000000 ) ;
#2020 = VERTEX_POINT ( 'NONE', #1868 ) ;
#2021 = DIRECTION ( 'NONE',  ( 0.2588190451025210725, 0.000000000000000000, 0.9659258262890682012 ) ) ;
#2022 = CARTESIAN_POINT ( 'NONE',  ( -0.02636468570296139971, -0.01450000000000000074, 0.03551502797337960371 ) ) ;
#2023 = B_SPLINE_CURVE_WITH_KNOTS ( 'NONE', 3,
 ( #2286, #378, #364, #2076, #594, #2300, #1226, #168, #31, #1514, #1955, #2127, #875, #1690, #887, #1301, #454, #1285, #2139, #648, #1902, #214, #2152, #441, #44, #1741, #2556, #624, #634, #2167, #1942, #2594, #1499, #202, #1055, #415, #836, #2325, #1066, #13, #1041, #1928, #2366, #862, #1474, #1913, #1716, #2379, #1093, #247, #1, #2582, #1260, #1462, #2116, #661, #404, #189, #1249, #2767, #231, #1701, #1079, #2339, #1486, #1729, #671, #851, #2568, #2353, #427, #1272 ),
 .UNSPECIFIED., .F., .F.,
 ( 4, 2, 2, 2, 1, 2, 2, 2, 2, 1, 1, 1, 2, 2, 2, 2, 1, 1, 2, 2, 2, 2, 2, 1, 1, 2, 2, 2, 2, 1, 1, 1, 2, 2, 2, 2, 2, 1, 2, 2, 2, 4 ),
 ( 0.000000000000000000, 0.06250000000004381218, 0.09375000000006536438, 0.1093750000000761613, 0.1171875000000817679, 0.1210937500000841133, 0.1250000000000864309, 0.1875000000001246503, 0.2187500000001441347, 0.2343750000001532108, 0.2421875000001577904, 0.2460937500001600386, 0.2480468750001601219, 0.2500000000001601497, 0.3125000000001355027, 0.3437500000001230127, 0.3593750000001163514, 0.3671875000001134093, 0.3710937500001121325, 0.3750000000001108558, 0.5000000000000757172, 0.5625000000000581757, 0.5937500000000494049, 0.6093750000000452971, 0.6171875000000429656, 0.6210937500000416334, 0.6250000000000401901, 0.6875000000000300870, 0.7187500000000248690, 0.7343750000000225375, 0.7421875000000216493, 0.7460937500000212053, 0.7480468750000203171, 0.7500000000000194289, 0.8125000000000116573, 0.8437500000000083267, 0.8593750000000066613, 0.8671875000000065503, 0.8710937500000065503, 0.8750000000000065503, 0.9375000000000032196, 1.000000000000000000 ),
 .UNSPECIFIED. ) ;
#2024 = ORIENTED_EDGE ( 'NONE', *, *, #1835, .T. ) ;
#2025 = DIRECTION ( 'NONE',  ( 0.000000000000000000, 0.000000000000000000, 1.000000000000000000 ) ) ;
#2026 = VERTEX_POINT ( 'NONE', #1198 ) ;
#2027 = FACE_OUTER_BOUND ( 'NONE', #1694, .T. ) ;
#2028 = ORIENTED_EDGE ( 'NONE', *, *, #1266, .F. ) ;
#2029 = ORIENTED_EDGE ( 'NONE', *, *, #2469, .T. ) ;
#2030 = DIRECTION ( 'NONE',  ( 0.000000000000000000, 1.000000000000000000, 0.000000000000000000 ) ) ;
#2031 = AXIS2_PLACEMENT_3D ( 'NONE', #1231, #1241, #2122 ) ;
#2032 = ORIENTED_EDGE ( 'NONE', *, *, #1772, .T. ) ;
#2033 = DIRECTION ( 'NONE',  ( -1.156482317317871478E-16, 0.000000000000000000, -1.000000000000000000 ) ) ;
#2034 = CARTESIAN_POINT ( 'NONE',  ( -0.03181318966374740292, -0.01450000000000000074, 0.02259169082110390123 ) ) ;
#2035 = CIRCLE ( 'NONE', #336, 0.01399999999999999856 ) ;
#2036 = CARTESIAN_POINT ( 'NONE',  ( -0.02081350915342921465, -0.001431500173352373518, 0.03189676541104197877 ) ) ;
#2037 = VECTOR ( 'NONE', #2333, 1.000000000000000000 ) ;
#2038 = CARTESIAN_POINT ( 'NONE',  ( -0.03869999999999999829, -0.01750000000000000167, 0.02450000000000000094 ) ) ;
#2039 = CIRCLE ( 'NONE', #2305, 0.009000000000000001055 ) ;
#2040 = CARTESIAN_POINT ( 'NONE',  ( -0.01700000000000000122, -0.006000000000000000125, 0.02450000000000000094 ) ) ;
#2041 = EDGE_LOOP ( 'NONE', ( #92, #2649, #784, #724 ) ) ;
#2042 = CARTESIAN_POINT ( 'NONE',  ( -0.01409999999999999969, 0.000000000000000000, 0.02450000000000000094 ) ) ;
#2043 = VECTOR ( 'NONE', #1646, 1.000000000000000000 ) ;
#2044 = ORIENTED_EDGE ( 'NONE', *, *, #2502, .F. ) ;
#2045 = DIRECTION ( 'NONE',  ( 1.303650582579080876E-16, 0.3428799134724599962, 0.9393792444679189835 ) ) ;
#2046 = DIRECTION ( 'NONE',  ( 0.000000000000000000, 1.000000000000000000, 0.000000000000000000 ) ) ;
#2047 = LINE ( 'NONE', #2488, #268 ) ;
#2048 = CARTESIAN_POINT ( 'NONE',  ( -0.02248165155899720102, -0.01750000000000000167, 0.01225829721387389909 ) ) ;
#2049 = CARTESIAN_POINT ( 'NONE',  ( -0.01773316304859775400, 0.000000000000000000, 0.006999999999999999278 ) ) ;
#2050 = LINE ( 'NONE', #343, #2713 ) ;
#2051 = EDGE_CURVE ( 'NONE', #2387, #2464, #365, .T. ) ;
#2052 = EDGE_CURVE ( 'NONE', #1151, #697, #1030, .T. ) ;
#2053 = CYLINDRICAL_SURFACE ( 'NONE', #2573, 0.01750000000000000167 ) ;
#2054 = CARTESIAN_POINT ( 'NONE',  ( -0.01700000000000000122, 1.692711725128499963E-18, 0.03049999999999999933 ) ) ;
#2055 = ADVANCED_FACE ( 'NONE', ( #1890 ), #625, .F. ) ;
#2056 = EDGE_CURVE ( 'NONE', #1235, #2020, #1025, .T. ) ;
#2057 = EDGE_LOOP ( 'NONE', ( #2004, #1286 ) ) ;
#2058 = CARTESIAN_POINT ( 'NONE',  ( -0.01886767162592739924, 0.002083290740852339774, 0.02233842952587709874 ) ) ;
#2059 = CYLINDRICAL_SURFACE ( 'NONE', #614, 0.001000000000000000888 ) ;
#2060 = DIRECTION ( 'NONE',  ( 0.000000000000000000, 1.000000000000000000, 0.000000000000000000 ) ) ;
#2061 = FACE_BOUND ( 'NONE', #2350, .T. ) ;
#2062 = CARTESIAN_POINT ( 'NONE',  ( -0.03269999999999999990, -0.01750000000000000167, 0.02450000000000000094 ) ) ;
#2063 = DIRECTION ( 'NONE',  ( 1.000000000000000000, 0.000000000000000000, 0.000000000000000000 ) ) ;
#2064 = AXIS2_PLACEMENT_3D ( 'NONE', #2128, #416, #2184 ) ;
#2065 = DIRECTION ( 'NONE',  ( 0.000000000000000000, 0.000000000000000000, 1.000000000000000000 ) ) ;
#2066 = CIRCLE ( 'NONE', #52, 0.001000000000000000888 ) ;
#2067 = CARTESIAN_POINT ( 'NONE',  ( -0.02078026642865067608, 0.001482127695284800621, 0.03184296635355000904 ) ) ;
#2068 = DIRECTION ( 'NONE',  ( 0.6702130933512299160, 0.000000000000000000, 0.7421687203733229321 ) ) ;
#2069 = EDGE_CURVE ( 'NONE', #1519, #960, #405, .T. ) ;
#2070 = ORIENTED_EDGE ( 'NONE', *, *, #1169, .F. ) ;
#2071 = CARTESIAN_POINT ( 'NONE',  ( -0.03269999999999999990, 0.01450000000000000074, 0.02450000000000000094 ) ) ;
#2072 = ORIENTED_EDGE ( 'NONE', *, *, #1997, .F. ) ;
#2073 = CARTESIAN_POINT ( 'NONE',  ( -0.01439999999999999961, 0.000000000000000000, 0.02450000000000000094 ) ) ;
#2074 = CARTESIAN_POINT ( 'NONE',  ( -0.04200000000000000261, 0.004000000000000000083, 0.02249999999999999917 ) ) ;
#2075 = VECTOR ( 'NONE', #2422, 1.000000000000000000 ) ;
#2076 = CARTESIAN_POINT ( 'NONE',  ( -0.02022667166000758146, 0.001969254825836309637, 0.01814503697015867542 ) ) ;
#2077 = CARTESIAN_POINT ( 'NONE',  ( -0.01409999999999999969, -0.01175019924288400047, 0.03884041978215740237 ) ) ;
#2078 = AXIS2_PLACEMENT_3D ( 'NONE', #35, #880, #2418 ) ;
#2079 = AXIS2_PLACEMENT_3D ( 'NONE', #2040, #531, #546 ) ;
#2080 = CARTESIAN_POINT ( 'NONE',  ( -0.02107878635512286380, 0.0008577088750082736230, 0.03230685310034467350 ) ) ;
#2081 = DIRECTION ( 'NONE',  ( -1.387778780781439759E-16, 0.000000000000000000, -1.000000000000000000 ) ) ;
#2082 = CIRCLE ( 'NONE', #2166, 0.0009999999999999974187 ) ;
#2083 = VERTEX_POINT ( 'NONE', #583 ) ;
#2084 = LINE ( 'NONE', #1218, #1811 ) ;
#2085 = EDGE_CURVE ( 'NONE', #2371, #2480, #1903, .T. ) ;
#2086 = EDGE_CURVE ( 'NONE', #970, #751, #1451, .T. ) ;
#2087 = ORIENTED_EDGE ( 'NONE', *, *, #2052, .F. ) ;
#2088 = DIRECTION ( 'NONE',  ( -1.000000000000000000, 0.000000000000000000, 1.387778780781439759E-16 ) ) ;
#2089 = DIRECTION ( 'NONE',  ( 0.000000000000000000, -1.000000000000000000, 0.000000000000000000 ) ) ;
#2090 = ORIENTED_EDGE ( 'NONE', *, *, #921, .T. ) ;
#2091 = CARTESIAN_POINT ( 'NONE',  ( -0.02270349578017739900, 0.01750000000000000167, 0.01250395914347340008 ) ) ;
#2092 = DIRECTION ( 'NONE',  ( 0.000000000000000000, 1.000000000000000000, 0.000000000000000000 ) ) ;
#2093 = CARTESIAN_POINT ( 'NONE',  ( -0.02040679571167151526, 0.001874683855153581446, 0.03119691053318664892 ) ) ;
#2094 = CARTESIAN_POINT ( 'NONE',  ( -0.01700000000000000122, 0.002000000000000000042, 0.02673606797749980210 ) ) ;
#2095 = AXIS2_PLACEMENT_3D ( 'NONE', #1238, #1228, #1869 ) ;
#2096 = ORIENTED_EDGE ( 'NONE', *, *, #1746, .T. ) ;
#2097 = CARTESIAN_POINT ( 'NONE',  ( -0.01874772438421980908, 0.007659280558044137890, 0.02566904649888184300 ) ) ;
#2098 = ADVANCED_FACE ( 'NONE', ( #2317 ), #2117, .F. ) ;
#2099 = ORIENTED_EDGE ( 'NONE', *, *, #1751, .F. ) ;
#2100 = LINE ( 'NONE', #1448, #2311 ) ;
#2101 = DIRECTION ( 'NONE',  ( 0.000000000000000000, 0.000000000000000000, -1.000000000000000000 ) ) ;
#2102 = ADVANCED_FACE ( 'NONE', ( #1639 ), #2106, .F. ) ;
#2103 = ORIENTED_EDGE ( 'NONE', *, *, #1876, .T. ) ;
#2104 = EDGE_CURVE ( 'NONE', #1566, #697, #2330, .T. ) ;
#2105 = CARTESIAN_POINT ( 'NONE',  ( -0.02670000000000000151, 0.01450000000000000074, 0.02350000000000000006 ) ) ;
#2106 = PLANE ( 'NONE',  #2476 ) ;
#2107 = CIRCLE ( 'NONE', #2701, 0.001000000000000000888 ) ;
#2108 = DIRECTION ( 'NONE',  ( 0.000000000000000000, 0.000000000000000000, 1.000000000000000000 ) ) ;
#2109 = DIRECTION ( 'NONE',  ( 0.000000000000000000, 0.000000000000000000, -1.000000000000000000 ) ) ;
#2110 = VECTOR ( 'NONE', #1227, 1.000000000000000000 ) ;
#2111 = VERTEX_POINT ( 'NONE', #837 ) ;
#2112 = LINE ( 'NONE', #197, #14 ) ;
#2113 = VERTEX_POINT ( 'NONE', #1649 ) ;
#2114 = DIRECTION ( 'NONE',  ( 1.156482317317871478E-16, 0.000000000000000000, 1.000000000000000000 ) ) ;
#2115 = PLANE ( 'NONE',  #569 ) ;
#2116 = CARTESIAN_POINT ( 'NONE',  ( -0.02080400771094852511, -0.001446250570360607321, 0.01711855853481227679 ) ) ;
#2117 = CYLINDRICAL_SURFACE ( 'NONE', #1243, 0.001000000000000000888 ) ;
#2118 = AXIS2_PLACEMENT_3D ( 'NONE', #51, #39, #883 ) ;
#2119 = CARTESIAN_POINT ( 'NONE',  ( -0.02121105030969816160, 0.0002688804279964057730, 0.03250000000207390466 ) ) ;
#2120 = FACE_OUTER_BOUND ( 'NONE', #2656, .T. ) ;
#2121 = EDGE_LOOP ( 'NONE', ( #25, #590 ) ) ;
#2122 = DIRECTION ( 'NONE',  ( 0.000000000000000000, 0.000000000000000000, -1.000000000000000000 ) ) ;
#2123 = CIRCLE ( 'NONE', #1988, 0.002000000000000001776 ) ;
#2124 = VERTEX_POINT ( 'NONE', #1691 ) ;
#2125 = LINE ( 'NONE', #2765, #121 ) ;
#2126 = CARTESIAN_POINT ( 'NONE',  ( -0.01700000000000000122, 1.692711725128499963E-18, 0.03049999999999999933 ) ) ;
#2127 = CARTESIAN_POINT ( 'NONE',  ( -0.02042393374550487140, 0.001862664991729998457, 0.01777159255655225839 ) ) ;
#2128 = CARTESIAN_POINT ( 'NONE',  ( -0.01700000000000000122, 1.692711725128499963E-18, 0.03049999999999999933 ) ) ;
#2129 = EDGE_CURVE ( 'NONE', #101, #1114, #790, .T. ) ;
#2130 = CARTESIAN_POINT ( 'NONE',  ( -0.01874782787388649258, -0.007659140307779661178, 0.02333038826936302892 ) ) ;
#2131 = FACE_BOUND ( 'NONE', #1984, .T. ) ;
#2132 = EDGE_CURVE ( 'NONE', #2643, #346, #1007, .T. ) ;
#2133 = VERTEX_POINT ( 'NONE', #2340 ) ;
#2134 = CARTESIAN_POINT ( 'NONE',  ( -0.01881208866387503939, 0.006898416172853926581, 0.02629335482009151001 ) ) ;
#2135 = ADVANCED_FACE ( 'NONE', ( #203 ), #1056, .F. ) ;
#2136 = ORIENTED_EDGE ( 'NONE', *, *, #1372, .T. ) ;
#2137 = CARTESIAN_POINT ( 'NONE',  ( -0.02270000000000000143, 0.01450000000000000074, 0.03649991195174490111 ) ) ;
#2138 = FACE_OUTER_BOUND ( 'NONE', #1738, .T. ) ;
#2139 = CARTESIAN_POINT ( 'NONE',  ( -0.02077943169456515984, 0.001483313546504359988, 0.01715834402691441066 ) ) ;
#2140 = CARTESIAN_POINT ( 'NONE',  ( -0.03400000000000000244, 0.002236067977499799856, 0.02649999999999999925 ) ) ;
#2141 = FACE_OUTER_BOUND ( 'NONE', #1134, .T. ) ;
#2142 = DIRECTION ( 'NONE',  ( 0.000000000000000000, 0.000000000000000000, 1.000000000000000000 ) ) ;
#2143 = ORIENTED_EDGE ( 'NONE', *, *, #430, .T. ) ;
#2144 = ORIENTED_EDGE ( 'NONE', *, *, #2567, .F. ) ;
#2145 = CARTESIAN_POINT ( 'NONE',  ( -0.01700000000000000122, 1.692711725128499963E-18, 0.01849999999999999908 ) ) ;
#2146 = CIRCLE ( 'NONE', #1966, 0.01499999999999999944 ) ;
#2147 = AXIS2_PLACEMENT_3D ( 'NONE', #507, #1167, #339 ) ;
#2148 = ORIENTED_EDGE ( 'NONE', *, *, #2543, .T. ) ;
#2149 = CARTESIAN_POINT ( 'NONE',  ( -0.03269999999999999990, 0.01450000000000000074, 0.01749999999999999820 ) ) ;
#2150 = CYLINDRICAL_SURFACE ( 'NONE', #1404, 0.002000000000000001776 ) ;
#2151 = CARTESIAN_POINT ( 'NONE',  ( -0.01700000000000000122, -0.006000000000000000125, 0.02450000000000000094 ) ) ;
#2152 = CARTESIAN_POINT ( 'NONE',  ( -0.02079634177985650173, 0.001457989257163658670, 0.01713095347546208722 ) ) ;
#2153 = ORIENTED_EDGE ( 'NONE', *, *, #1957, .T. ) ;
#2154 = CARTESIAN_POINT ( 'NONE',  ( -0.01885558969371398108, 0.002161730528400832366, 0.02658311179472965663 ) ) ;
#2155 = DIRECTION ( 'NONE',  ( -1.000000000000000000, 0.000000000000000000, 0.000000000000000000 ) ) ;
#2156 = VECTOR ( 'NONE', #2304, 1.000000000000000000 ) ;
#2157 = VERTEX_POINT ( 'NONE', #919 ) ;
#2158 = ORIENTED_EDGE ( 'NONE', *, *, #2472, .T. ) ;
#2159 = CARTESIAN_POINT ( 'NONE',  ( -0.01886775805947559989, -0.002082693473151369691, 0.02666210468659499858 ) ) ;
#2160 = VECTOR ( 'NONE', #1616, 1.000000000000000000 ) ;
#2161 = ORIENTED_EDGE ( 'NONE', *, *, #1546, .F. ) ;
#2162 = DIRECTION ( 'NONE',  ( 0.000000000000000000, 0.000000000000000000, 1.000000000000000000 ) ) ;
#2163 = EDGE_CURVE ( 'NONE', #2661, #2442, #2327, .T. ) ;
#2164 = DIRECTION ( 'NONE',  ( -1.000000000000000000, 0.000000000000000000, 0.000000000000000000 ) ) ;
#2165 = ADVANCED_FACE ( 'NONE', ( #2629 ), #754, .T. ) ;
#2166 = AXIS2_PLACEMENT_3D ( 'NONE', #1280, #399, #859 ) ;
#2167 = CARTESIAN_POINT ( 'NONE',  ( -0.02107720576036119925, 0.0008627810204422422646, 0.01669556446759994789 ) ) ;
#2168 = AXIS2_PLACEMENT_3D ( 'NONE', #786, #2499, #130 ) ;
#2169 = ORIENTED_EDGE ( 'NONE', *, *, #1044, .T. ) ;
#2170 = DIRECTION ( 'NONE',  ( 0.000000000000000000, -1.000000000000000000, 0.000000000000000000 ) ) ;
#2171 = ORIENTED_EDGE ( 'NONE', *, *, #2389, .T. ) ;
#2172 = ORIENTED_EDGE ( 'NONE', *, *, #394, .T. ) ;
#2173 = PLANE ( 'NONE',  #114 ) ;
#2174 = VECTOR ( 'NONE', #218, 1.000000000000000000 ) ;
#2175 = ORIENTED_EDGE ( 'NONE', *, *, #1719, .T. ) ;
#2176 = VERTEX_POINT ( 'NONE', #1578 ) ;
#2177 = DIRECTION ( 'NONE',  ( 0.000000000000000000, 0.000000000000000000, 1.000000000000000000 ) ) ;
#2178 = EDGE_CURVE ( 'NONE', #1570, #2190, #2451, .T. ) ;
#2179 = VERTEX_POINT ( 'NONE', #705 ) ;
#2180 = CARTESIAN_POINT ( 'NONE',  ( -0.03869999999999999829, 0.01750000000000000167, 0.02450000000000000094 ) ) ;
#2181 = CARTESIAN_POINT ( 'NONE',  ( -0.03269999999999999990, -0.01450000000000000074, 0.02150000000000000175 ) ) ;
#2182 = EDGE_CURVE ( 'NONE', #1086, #2320, #509, .T. ) ;
#2183 = ORIENTED_EDGE ( 'NONE', *, *, #1373, .F. ) ;
#2184 = DIRECTION ( 'NONE',  ( 0.000000000000000000, 0.000000000000000000, 1.000000000000000000 ) ) ;
#2185 = DIRECTION ( 'NONE',  ( 0.000000000000000000, 1.000000000000000000, 0.000000000000000000 ) ) ;
#2186 = ORIENTED_EDGE ( 'NONE', *, *, #1426, .F. ) ;
#2187 = VERTEX_POINT ( 'NONE', #935 ) ;
#2188 = CARTESIAN_POINT ( 'NONE',  ( -0.02270000000000000143, -0.01450199999999999927, 0.01470204102886729994 ) ) ;
#2189 = B_SPLINE_CURVE_WITH_KNOTS ( 'NONE', 3,
 ( #637, #16, #458, #662, #651, #2401, #1045, #2130, #879, #418, #1081, #853, #2613, #431, #1317, #1476, #2769, #1731, #839, #865 ),
 .UNSPECIFIED., .F., .F.,
 ( 4, 2, 2, 2, 2, 2, 2, 2, 2, 4 ),
 ( 0.000000000000000000, 0.1250000000000010825, 0.1875000000000011380, 0.2500000000000012212, 0.3750000000000011102, 0.5000000000000008882, 0.6250000000000006661, 0.7500000000000004441, 0.8750000000000002220, 1.000000000000000000 ),
 .UNSPECIFIED. ) ;
#2190 = VERTEX_POINT ( 'NONE', #2478 ) ;
#2191 = ORIENTED_EDGE ( 'NONE', *, *, #2549, .F. ) ;
#2192 = CARTESIAN_POINT ( 'NONE',  ( -0.03269999999999999990, -0.01750000000000000167, 0.01849999999999999908 ) ) ;
#2193 = AXIS2_PLACEMENT_3D ( 'NONE', #215, #1500, #248 ) ;
#2194 = AXIS2_PLACEMENT_3D ( 'NONE', #2463, #544, #1383 ) ;
#2195 = VERTEX_POINT ( 'NONE', #2250 ) ;
#2196 = LINE ( 'NONE', #2233, #888 ) ;
#2197 = CARTESIAN_POINT ( 'NONE',  ( -0.01400000000000000029, 0.006000000000000000125, 0.02450000000000000094 ) ) ;
#2198 = CARTESIAN_POINT ( 'NONE',  ( -0.01400000000000000029, 1.815176405043235205E-18, 0.01749999999999999820 ) ) ;
#2199 = ORIENTED_EDGE ( 'NONE', *, *, #29, .T. ) ;
#2200 = CARTESIAN_POINT ( 'NONE',  ( -0.02049791796619524625, -0.001805338771231397837, 0.03136212501218155202 ) ) ;
#2201 = CARTESIAN_POINT ( 'NONE',  ( -0.01770000000000000046, -0.01750000000000000167, 0.006963276489842369806 ) ) ;
#2202 = ADVANCED_FACE ( 'NONE', ( #493 ), #281, .F. ) ;
#2203 = EDGE_LOOP ( 'NONE', ( #1555, #358, #1804, #934 ) ) ;
#2204 = LINE ( 'NONE', #1355, #1936 ) ;
#2205 = ORIENTED_EDGE ( 'NONE', *, *, #565, .F. ) ;
#2206 = CARTESIAN_POINT ( 'NONE',  ( -0.01869117219395100005, 0.006000398485767920349, 0.008060863221811371063 ) ) ;
#2207 = VECTOR ( 'NONE', #1213, 1.000000000000000000 ) ;
#2208 = ORIENTED_EDGE ( 'NONE', *, *, #599, .T. ) ;
#2209 = AXIS2_PLACEMENT_3D ( 'NONE', #652, #1533, #2384 ) ;
#2210 = VERTEX_POINT ( 'NONE', #299 ) ;
#2211 = DIRECTION ( 'NONE',  ( 0.000000000000000000, -1.000000000000000000, 0.000000000000000000 ) ) ;
#2212 = VECTOR ( 'NONE', #1102, 1.000000000000000000 ) ;
#2213 = ADVANCED_FACE ( 'NONE', ( #1352 ), #528, .F. ) ;
#2214 = ORIENTED_EDGE ( 'NONE', *, *, #323, .F. ) ;
#2215 = CARTESIAN_POINT ( 'NONE',  ( -0.01700000000000000122, -0.006000000000000000125, 0.02550000000000000183 ) ) ;
#2216 = VECTOR ( 'NONE', #277, 1.000000000000000000 ) ;
#2217 = FACE_BOUND ( 'NONE', #1615, .T. ) ;
#2218 = AXIS2_PLACEMENT_3D ( 'NONE', #1281, #860, #1511 ) ;
#2219 = ORIENTED_EDGE ( 'NONE', *, *, #1266, .T. ) ;
#2220 = DIRECTION ( 'NONE',  ( 1.000000000000000000, 0.000000000000000000, 0.000000000000000000 ) ) ;
#2221 = CARTESIAN_POINT ( 'NONE',  ( -0.03269999999999999990, 0.01750000000000000167, 0.02450000000000000094 ) ) ;
#2222 = EDGE_CURVE ( 'NONE', #2012, #1571, #2514, .T. ) ;
#2223 = ORIENTED_EDGE ( 'NONE', *, *, #1373, .T. ) ;
#2224 = FACE_OUTER_BOUND ( 'NONE', #1780, .T. ) ;
#2225 = ORIENTED_EDGE ( 'NONE', *, *, #178, .F. ) ;
#2226 = CARTESIAN_POINT ( 'NONE',  ( -0.01409999999999999969, 0.006000398485767920349, 0.04093913677818870195 ) ) ;
#2227 = EDGE_CURVE ( 'NONE', #324, #161, #1650, .T. ) ;
#2228 = ORIENTED_EDGE ( 'NONE', *, *, #30, .T. ) ;
#2229 = EDGE_LOOP ( 'NONE', ( #915, #148 ) ) ;
#2230 = APPLICATION_PROTOCOL_DEFINITION ( 'draft international standard', 'automotive_design', 1998, #210 ) ;
#2231 = CARTESIAN_POINT ( 'NONE',  ( -0.03269999999999999990, 0.01450000000000000074, 0.01949999999999999997 ) ) ;
#2232 = ORIENTED_EDGE ( 'NONE', *, *, #647, .T. ) ;
#2233 = CARTESIAN_POINT ( 'NONE',  ( -0.01409999999999999969, 0.01175019924288400047, 0.03884041978215740237 ) ) ;
#2234 = VERTEX_POINT ( 'NONE', #1236 ) ;
#2235 = CARTESIAN_POINT ( 'NONE',  ( -0.02057918774695963182, -0.001730194073386449264, 0.03150574372464791384 ) ) ;
#2236 = LINE ( 'NONE', #1579, #2302 ) ;
#2237 = ORIENTED_EDGE ( 'NONE', *, *, #734, .F. ) ;
#2238 = CARTESIAN_POINT ( 'NONE',  ( -0.01700000000000000122, -0.002236067977499789881, 0.02649999999999999925 ) ) ;
#2239 = VERTEX_POINT ( 'NONE', #2105 ) ;
#2240 = DIRECTION ( 'NONE',  ( -1.000000000000000000, 0.000000000000000000, 1.387778780781439759E-16 ) ) ;
#2241 = ORIENTED_EDGE ( 'NONE', *, *, #813, .F. ) ;
#2242 = ORIENTED_EDGE ( 'NONE', *, *, #2342, .T. ) ;
#2243 = CARTESIAN_POINT ( 'NONE',  ( -0.01700000000000000122, -0.006000000000000000125, 0.02249999999999999917 ) ) ;
#2244 = AXIS2_PLACEMENT_3D ( 'NONE', #1826, #2435, #556 ) ;
#2245 = ORIENTED_EDGE ( 'NONE', *, *, #1845, .T. ) ;
#2246 = CARTESIAN_POINT ( 'NONE',  ( -0.04200000000000000261, -0.006000000000000000125, 0.02249999999999999917 ) ) ;
#2247 = FACE_BOUND ( 'NONE', #2658, .T. ) ;
#2248 = AXIS2_PLACEMENT_3D ( 'NONE', #472, #1987, #260 ) ;
#2249 = ORIENTED_EDGE ( 'NONE', *, *, #2104, .F. ) ;
#2250 = CARTESIAN_POINT ( 'NONE',  ( -0.03269999999999999990, 0.01450000000000000074, 0.02750000000000000014 ) ) ;
#2251 = LINE ( 'NONE', #1353, #456 ) ;
#2252 = ORIENTED_EDGE ( 'NONE', *, *, #2265, .F. ) ;
#2253 = CARTESIAN_POINT ( 'NONE',  ( -0.01409999999999999969, 0.01750000000000000167, 0.03674170278612609586 ) ) ;
#2254 = ORIENTED_EDGE ( 'NONE', *, *, #1012, .F. ) ;
#2255 = CARTESIAN_POINT ( 'NONE',  ( -0.03269999999999999990, 0.01450000000000000074, 0.02150000000000000175 ) ) ;
#2256 = EDGE_LOOP ( 'NONE', ( #517, #2609, #1192, #462, #1100, #2457, #683, #2009, #2450, #1313, #2738, #2103 ) ) ;
#2257 = CARTESIAN_POINT ( 'NONE',  ( -0.03269999999999999990, 0.01750000000000000167, 0.02949999999999999845 ) ) ;
#2258 = AXIS2_PLACEMENT_3D ( 'NONE', #2496, #1818, #98 ) ;
#2259 = EDGE_CURVE ( 'NONE', #678, #346, #589, .T. ) ;
#2260 = CARTESIAN_POINT ( 'NONE',  ( -0.01700000000000000122, 0.006000000000000000125, 0.02450000000000000094 ) ) ;
#2261 = FACE_OUTER_BOUND ( 'NONE', #107, .T. ) ;
#2262 = EDGE_CURVE ( 'NONE', #924, #2133, #2473, .T. ) ;
#2263 = LINE ( 'NONE', #1853, #1332 ) ;
#2264 = CIRCLE ( 'NONE', #2491, 0.001000000000000000888 ) ;
#2265 = EDGE_CURVE ( 'NONE', #2239, #927, #1653, .T. ) ;
#2266 = CARTESIAN_POINT ( 'NONE',  ( -0.01805578410045132615, -0.004072750508176504330, 0.007357258393778023410 ) ) ;
#2267 = DIRECTION ( 'NONE',  ( 0.000000000000000000, 1.000000000000000000, 0.000000000000000000 ) ) ;
#2268 = DIRECTION ( 'NONE',  ( -0.6702130933512278066, 0.000000000000000000, 0.7421687203733248195 ) ) ;
#2269 = CARTESIAN_POINT ( 'NONE',  ( -0.02270000000000000143, 0.01450000000000000074, 0.01360253174043259995 ) ) ;
#2270 = ADVANCED_FACE ( 'NONE', ( #1018 ), #1678, .F. ) ;
#2271 = ORIENTED_EDGE ( 'NONE', *, *, #2555, .T. ) ;
#2272 = LINE ( 'NONE', #2654, #1485 ) ;
#2273 = LINE ( 'NONE', #2727, #962 ) ;
#2274 = LINE ( 'NONE', #1183, #2622 ) ;
#2275 = CARTESIAN_POINT ( 'NONE',  ( -0.01700000000000000122, 1.734723475976799968E-18, 0.02450000000000000094 ) ) ;
#2276 = DIRECTION ( 'NONE',  ( 0.9659258262890682012, 0.000000000000000000, 0.2588190451025210725 ) ) ;
#2277 = CIRCLE ( 'NONE', #1054, 0.001000000000000000888 ) ;
#2278 = EDGE_CURVE ( 'NONE', #2459, #1159, #495, .T. ) ;
#2279 = DIRECTION ( 'NONE',  ( 0.000000000000000000, 0.000000000000000000, 1.000000000000000000 ) ) ;
#2280 = CARTESIAN_POINT ( 'NONE',  ( -0.02670000000000000151, 0.01750000000000000167, 0.02450000000000000094 ) ) ;
#2281 = ORIENTED_EDGE ( 'NONE', *, *, #1981, .T. ) ;
#2282 = DIRECTION ( 'NONE',  ( -1.156482317317871478E-16, 0.000000000000000000, -1.000000000000000000 ) ) ;
#2283 = DIRECTION ( 'NONE',  ( 0.000000000000000000, 1.000000000000000000, 0.000000000000000000 ) ) ;
#2284 = DIRECTION ( 'NONE',  ( -0.9659258262890682012, 0.000000000000000000, 0.2588190451025210725 ) ) ;
#2285 = DIRECTION ( 'NONE',  ( 0.000000000000000000, 0.000000000000000000, 1.000000000000000000 ) ) ;
#2286 = CARTESIAN_POINT ( 'NONE',  ( -0.02005088935932640079, 0.002000000000000000042, 0.01849999999999999908 ) ) ;
#2287 = VECTOR ( 'NONE', #363, 1.000000000000000000 ) ;
#2288 = DIRECTION ( 'NONE',  ( 1.000000000000000000, 0.000000000000000000, 0.000000000000000000 ) ) ;
#2289 = EDGE_CURVE ( 'NONE', #677, #2371, #1791, .T. ) ;
#2290 = CARTESIAN_POINT ( 'NONE',  ( -0.02005088935932640079, 0.002000000000000000042, 0.03049999999999999933 ) ) ;
#2291 = DIRECTION ( 'NONE',  ( -1.982541115402065110E-16, 0.000000000000000000, -1.000000000000000000 ) ) ;
#2292 = EDGE_CURVE ( 'NONE', #2686, #2480, #611, .T. ) ;
#2293 = VERTEX_POINT ( 'NONE', #2091 ) ;
#2294 = LINE ( 'NONE', #1443, #1852 ) ;
#2295 = ORIENTED_EDGE ( 'NONE', *, *, #2051, .F. ) ;
#2296 = DIRECTION ( 'NONE',  ( 1.000000000000000000, 0.000000000000000000, -1.387778780781439759E-16 ) ) ;
#2297 = FACE_OUTER_BOUND ( 'NONE', #689, .T. ) ;
#2298 = VECTOR ( 'NONE', #802, 1.000000000000000000 ) ;
#2299 = EDGE_CURVE ( 'NONE', #1377, #1294, #747, .T. ) ;
#2300 = CARTESIAN_POINT ( 'NONE',  ( -0.02032037012432370837, 0.001927343988675975705, 0.01796443899344229989 ) ) ;
#2301 = DIRECTION ( 'NONE',  ( 1.927470528863118802E-16, 0.000000000000000000, 1.000000000000000000 ) ) ;
#2302 = VECTOR ( 'NONE', #1188, 1.000000000000000000 ) ;
#2303 = CARTESIAN_POINT ( 'NONE',  ( -0.02038992914090684630, 0.001886115705563633400, 0.03116588712617674936 ) ) ;
#2304 = DIRECTION ( 'NONE',  ( 4.758414682732590009E-17, -0.9393792444679189835, 0.3428799134724599962 ) ) ;
#2305 = AXIS2_PLACEMENT_3D ( 'NONE', #1257, #425, #1726 ) ;
#2306 = EDGE_CURVE ( 'NONE', #2210, #1526, #2732, .T. ) ;
#2307 = EDGE_CURVE ( 'NONE', #2133, #1673, #1854, .T. ) ;
#2308 = CIRCLE ( 'NONE', #158, 0.002999999999999999195 ) ;
#2309 = ORIENTED_EDGE ( 'NONE', *, *, #2680, .T. ) ;
#2310 = DIRECTION ( 'NONE',  ( -1.000000000000000000, 0.000000000000000000, 0.000000000000000000 ) ) ;
#2311 = VECTOR ( 'NONE', #2283, 1.000000000000000000 ) ;
#2312 = EDGE_CURVE ( 'NONE', #1526, #1377, #1136, .T. ) ;
#2313 = ORIENTED_EDGE ( 'NONE', *, *, #1850, .T. ) ;
#2314 = CARTESIAN_POINT ( 'NONE',  ( -0.02121087464314228010, -3.086291512858570430E-11, 0.03249999996426797266 ) ) ;
#2315 = DIRECTION ( 'NONE',  ( 0.000000000000000000, -1.000000000000000000, 0.000000000000000000 ) ) ;
#2316 = DIRECTION ( 'NONE',  ( 0.000000000000000000, 0.000000000000000000, 1.000000000000000000 ) ) ;
#2317 = FACE_OUTER_BOUND ( 'NONE', #1767, .T. ) ;
#2318 = LINE ( 'NONE', #2328, #1543 ) ;
#2319 = CARTESIAN_POINT ( 'NONE',  ( -0.02670000000000000151, -0.01450000000000000074, 0.02450000000000000094 ) ) ;
#2320 = VERTEX_POINT ( 'NONE', #2492 ) ;
#2321 = DIRECTION ( 'NONE',  ( 1.000000000000000000, 0.000000000000000000, -1.387778780781439759E-16 ) ) ;
#2322 = ORIENTED_EDGE ( 'NONE', *, *, #775, .T. ) ;
#2323 = DIRECTION ( 'NONE',  ( 0.000000000000000000, 0.000000000000000000, -1.000000000000000000 ) ) ;
#2324 = FACE_OUTER_BOUND ( 'NONE', #2774, .T. ) ;
#2325 = CARTESIAN_POINT ( 'NONE',  ( -0.02117242788733025502, -0.0004708463760911970014, 0.01655496668507428285 ) ) ;
#2326 = DIRECTION ( 'NONE',  ( -1.000000000000000000, 0.000000000000000000, 1.387778780781439759E-16 ) ) ;
#2327 = CIRCLE ( 'NONE', #2244, 0.001000000000000000888 ) ;
#2328 = CARTESIAN_POINT ( 'NONE',  ( -0.01409799999999999942, 0.01750000000000000167, 0.03674170278612609586 ) ) ;
#2329 = FACE_OUTER_BOUND ( 'NONE', #1131, .T. ) ;
#2330 = CIRCLE ( 'NONE', #273, 0.001000000000000000888 ) ;
#2331 = EDGE_CURVE ( 'NONE', #697, #1566, #1156, .T. ) ;
#2332 = ORIENTED_EDGE ( 'NONE', *, *, #647, .F. ) ;
#2333 = DIRECTION ( 'NONE',  ( 0.000000000000000000, 1.000000000000000000, 0.000000000000000000 ) ) ;
#2334 = ORIENTED_EDGE ( 'NONE', *, *, #921, .F. ) ;
#2335 = CARTESIAN_POINT ( 'NONE',  ( -0.02270349578017739900, -0.01450000000000000074, 0.01250395914347340008 ) ) ;
#2336 = DIRECTION ( 'NONE',  ( 0.000000000000000000, 0.000000000000000000, 1.000000000000000000 ) ) ;
#2337 = EDGE_CURVE ( 'NONE', #1589, #2026, #1328, .T. ) ;
#2338 = EDGE_CURVE ( 'NONE', #1725, #2234, #2023, .T. ) ;
#2339 = CARTESIAN_POINT ( 'NONE',  ( -0.02046361225548279025, -0.001833111572999099456, 0.01769977038736994870 ) ) ;
#2340 = CARTESIAN_POINT ( 'NONE',  ( -0.03269999999999999990, -0.01750000000000000167, 0.03150000000000000022 ) ) ;
#2341 = AXIS2_PLACEMENT_3D ( 'NONE', #2280, #345, #1146 ) ;
#2342 = EDGE_CURVE ( 'NONE', #2723, #1531, #487, .T. ) ;
#2343 = CIRCLE ( 'NONE', #1123, 0.002000000000000001776 ) ;
#2344 = CARTESIAN_POINT ( 'NONE',  ( -0.03269999999999999990, -0.01750000000000000167, 0.02450000000000000094 ) ) ;
#2345 = FACE_OUTER_BOUND ( 'NONE', #1677, .T. ) ;
#2346 = EDGE_CURVE ( 'NONE', #878, #545, #59, .T. ) ;
#2347 = ORIENTED_EDGE ( 'NONE', *, *, #2299, .T. ) ;
#2348 = FACE_BOUND ( 'NONE', #2359, .T. ) ;
#2349 = AXIS2_PLACEMENT_3D ( 'NONE', #623, #669, #873 ) ;
#2350 = EDGE_LOOP ( 'NONE', ( #1388, #1722 ) ) ;
#2351 = CARTESIAN_POINT ( 'NONE',  ( -0.03181318966374740292, 0.01450000000000000074, 0.02640830917889610066 ) ) ;
#2352 = DIRECTION ( 'NONE',  ( 1.000000000000000000, 0.000000000000000000, 0.000000000000000000 ) ) ;
#2353 = CARTESIAN_POINT ( 'NONE',  ( -0.02013172731465587978, -0.001996955330045549395, 0.01833275946612220389 ) ) ;
#2354 = DIRECTION ( 'NONE',  ( -1.000000000000000000, 0.000000000000000000, 0.000000000000000000 ) ) ;
#2355 = CARTESIAN_POINT ( 'NONE',  ( -0.02670000000000000151, 0.01450000000000000074, 0.02550000000000000183 ) ) ;
#2356 = DIRECTION ( 'NONE',  ( 0.000000000000000000, 0.000000000000000000, 1.000000000000000000 ) ) ;
#2357 = ADVANCED_FACE ( 'NONE', ( #2610 ), #1365, .F. ) ;
#2358 = VECTOR ( 'NONE', #2108, 1.000000000000000000 ) ;
#2359 = EDGE_LOOP ( 'NONE', ( #881, #2281 ) ) ;
#2360 = DIRECTION ( 'NONE',  ( 1.000000000000000000, 0.000000000000000000, -1.387778780781439759E-16 ) ) ;
#2361 = B_SPLINE_CURVE_WITH_KNOTS ( 'NONE', 3,
 ( #801, #2119, #1427, #1252, #1842, #1464, #2080, #1452, #980, #355, #1439, #1640, #2506, #1032, #828, #1857, #1200, #2067, #2734, #2545, #615, #1680, #2707, #626, #144, #1020, #2093, #2303, #159, #2519, #2745, #2720, #782, #170, #2290 ),
 .UNSPECIFIED., .F., .F.,
 ( 4, 2, 2, 1, 1, 2, 2, 2, 2, 1, 1, 1, 2, 2, 2, 2, 1, 1, 2, 2, 4 ),
 ( 0.4999815229043081954, 0.6249861421782554327, 0.6288925365305663151, 0.6327989308828771975, 0.6406117195874988512, 0.6562372969967401604, 0.6874884518152223345, 0.7499907614521850174, 0.7519439586283400700, 0.7538971558044952337, 0.7578035501568053389, 0.7656163388614254384, 0.7812419162706640829, 0.8124930710891411501, 0.8749953807260922867, 0.8789017750784019478, 0.8828081694307117200, 0.8906209581353310423, 0.9062465355445699089, 0.9374976903630463099, 1.000000000000000000 ),
 .UNSPECIFIED. ) ;
#2362 = ORIENTED_EDGE ( 'NONE', *, *, #207, .T. ) ;
#2363 = CARTESIAN_POINT ( 'NONE',  ( -0.02270349578017739900, 0.01750000000000000167, 0.01250395914347340008 ) ) ;
#2364 = CARTESIAN_POINT ( 'NONE',  ( -0.01319999999999999993, 1.692711725128499963E-18, 0.01849999999999999908 ) ) ;
#2365 = CARTESIAN_POINT ( 'NONE',  ( -0.01700000000000000122, 0.006000000000000000125, 0.02649999999999999925 ) ) ;
#2366 = CARTESIAN_POINT ( 'NONE',  ( -0.02110381063547641864, -0.0007742612660354520693, 0.01665592822860485073 ) ) ;
#2367 = CARTESIAN_POINT ( 'NONE',  ( -0.01700000000000000122, 0.002000000000000000042, 0.02226393202250019979 ) ) ;
#2368 = FACE_OUTER_BOUND ( 'NONE', #1289, .T. ) ;
#2369 = EDGE_CURVE ( 'NONE', #324, #278, #633, .T. ) ;
#2370 = ORIENTED_EDGE ( 'NONE', *, *, #225, .T. ) ;
#2371 = VERTEX_POINT ( 'NONE', #91 ) ;
#2372 = DIRECTION ( 'NONE',  ( 0.000000000000000000, 0.000000000000000000, 1.000000000000000000 ) ) ;
#2373 = EDGE_CURVE ( 'NONE', #1754, #2124, #701, .T. ) ;
#2374 = AXIS2_PLACEMENT_3D ( 'NONE', #1837, #1209, #1660 ) ;
#2375 = CIRCLE ( 'NONE', #1613, 0.002999999999999999195 ) ;
#2376 = ORIENTED_EDGE ( 'NONE', *, *, #969, .F. ) ;
#2377 = FACE_OUTER_BOUND ( 'NONE', #2256, .T. ) ;
#2378 = CARTESIAN_POINT ( 'NONE',  ( -0.02270000000000000143, -0.01450199999999999927, 0.01360253174043259995 ) ) ;
#2379 = CARTESIAN_POINT ( 'NONE',  ( -0.02094851396157225779, -0.001188188938563560382, 0.01688984674829993940 ) ) ;
#2380 = DIRECTION ( 'NONE',  ( 0.9659258262890682012, 0.000000000000000000, 0.2588190451025210725 ) ) ;
#2381 = EDGE_CURVE ( 'NONE', #2133, #924, #1202, .T. ) ;
#2382 = ORIENTED_EDGE ( 'NONE', *, *, #565, .T. ) ;
#2383 = SURFACE_SIDE_STYLE ('',( #1517 ) ) ;
#2384 = DIRECTION ( 'NONE',  ( 0.000000000000000000, 0.000000000000000000, 1.000000000000000000 ) ) ;
#2385 = AXIS2_PLACEMENT_3D ( 'NONE', #68, #910, #2372 ) ;
#2386 = ORIENTED_EDGE ( 'NONE', *, *, #2337, .T. ) ;
#2387 = VERTEX_POINT ( 'NONE', #2002 ) ;
#2388 = CARTESIAN_POINT ( 'NONE',  ( -0.02670000000000000151, -0.01750000000000000167, 0.02450000000000000094 ) ) ;
#2389 = EDGE_CURVE ( 'NONE', #1342, #2190, #1919, .T. ) ;
#2390 = AXIS2_PLACEMENT_3D ( 'NONE', #945, #986, #2498 ) ;
#2391 = ORIENTED_EDGE ( 'NONE', *, *, #30, .F. ) ;
#2392 = ORIENTED_EDGE ( 'NONE', *, *, #1392, .F. ) ;
#2393 = DIRECTION ( 'NONE',  ( 0.000000000000000000, 1.000000000000000000, 0.000000000000000000 ) ) ;
#2394 = AXIS2_PLACEMENT_3D ( 'NONE', #1771, #1137, #1739 ) ;
#2395 = EDGE_CURVE ( 'NONE', #922, #1235, #733, .T. ) ;
#2396 = EDGE_LOOP ( 'NONE', ( #2143, #1777 ) ) ;
#2397 = DIRECTION ( 'NONE',  ( 0.000000000000000000, 1.000000000000000000, 1.084202172485499873E-16 ) ) ;
#2398 = CARTESIAN_POINT ( 'NONE',  ( -0.01319999999999999993, 1.815176405043234820E-18, 0.02950000000000000192 ) ) ;
#2399 = CIRCLE ( 'NONE', #1407, 0.001000000000000000888 ) ;
#2400 = ORIENTED_EDGE ( 'NONE', *, *, #2306, .F. ) ;
#2401 = CARTESIAN_POINT ( 'NONE',  ( -0.01879417143824796410, -0.007158399185237995267, 0.02286250565894595507 ) ) ;
#2402 = CARTESIAN_POINT ( 'NONE',  ( -0.01700000000000000122, 1.692711725128499963E-18, 0.03250000000000000111 ) ) ;
#2403 = EDGE_CURVE ( 'NONE', #1375, #1551, #100, .T. ) ;
#2404 = VERTEX_POINT ( 'NONE', #1327 ) ;
#2405 = ORIENTED_EDGE ( 'NONE', *, *, #230, .F. ) ;
#2406 = DIRECTION ( 'NONE',  ( 0.000000000000000000, 0.000000000000000000, -1.000000000000000000 ) ) ;
#2407 = ORIENTED_EDGE ( 'NONE', *, *, #1293, .F. ) ;
#2408 = ORIENTED_EDGE ( 'NONE', *, *, #357, .F. ) ;
#2409 = LINE ( 'NONE', #1149, #613 ) ;
#2410 = LINE ( 'NONE', #670, #692 ) ;
#2411 = EDGE_CURVE ( 'NONE', #1978, #2387, #1737, .T. ) ;
#2412 = ORIENTED_EDGE ( 'NONE', *, *, #2265, .T. ) ;
#2413 = DIRECTION ( 'NONE',  ( 0.000000000000000000, 1.000000000000000000, 0.000000000000000000 ) ) ;
#2414 = FACE_OUTER_BOUND ( 'NONE', #1343, .T. ) ;
#2415 = FACE_OUTER_BOUND ( 'NONE', #884, .T. ) ;
#2416 = ORIENTED_EDGE ( 'NONE', *, *, #1920, .F. ) ;
#2417 = CARTESIAN_POINT ( 'NONE',  ( -0.01400000000000000029, 1.692711725128499963E-18, 0.01849999999999999908 ) ) ;
#2418 = DIRECTION ( 'NONE',  ( 0.000000000000000000, 0.000000000000000000, -1.000000000000000000 ) ) ;
#2419 = ORIENTED_EDGE ( 'NONE', *, *, #2698, .T. ) ;
#2420 = CARTESIAN_POINT ( 'NONE',  ( -0.02636468570296139971, 0.01750000000000000167, 0.01348497202662039991 ) ) ;
#2421 = ORIENTED_EDGE ( 'NONE', *, *, #385, .T. ) ;
#2422 = DIRECTION ( 'NONE',  ( -0.9659258262890682012, 0.000000000000000000, 0.2588190451025210725 ) ) ;
#2423 = EDGE_CURVE ( 'NONE', #753, #1963, #2146, .T. ) ;
#2424 = ORIENTED_EDGE ( 'NONE', *, *, #1221, .F. ) ;
#2425 = AXIS2_PLACEMENT_3D ( 'NONE', #1592, #2397, #526 ) ;
#2426 = ORIENTED_EDGE ( 'NONE', *, *, #2312, .F. ) ;
#2427 = SHAPE_DEFINITION_REPRESENTATION ( #1040, #1099 ) ;
#2428 = DIRECTION ( 'NONE',  ( 0.000000000000000000, 1.000000000000000000, 0.000000000000000000 ) ) ;
#2429 = AXIS2_PLACEMENT_3D ( 'NONE', #2679, #738, #529 ) ;
#2430 = EDGE_LOOP ( 'NONE', ( #685, #2709 ) ) ;
#2431 = DIRECTION ( 'NONE',  ( 0.000000000000000000, -1.000000000000000000, 0.000000000000000000 ) ) ;
#2432 = EDGE_CURVE ( 'NONE', #2404, #563, #1348, .T. ) ;
#2433 = EDGE_CURVE ( 'NONE', #253, #1566, #1758, .T. ) ;
#2434 = ORIENTED_EDGE ( 'NONE', *, *, #2756, .F. ) ;
#2435 = DIRECTION ( 'NONE',  ( 1.000000000000000000, 0.000000000000000000, -1.387778780781439759E-16 ) ) ;
#2436 = FACE_BOUND ( 'NONE', #1986, .T. ) ;
#2437 = ORIENTED_EDGE ( 'NONE', *, *, #1633, .F. ) ;
#2438 = CARTESIAN_POINT ( 'NONE',  ( -0.01319999999999999819, 2.836905595209417918E-18, 0.03350000000000000200 ) ) ;
#2439 = ORIENTED_EDGE ( 'NONE', *, *, #1293, .T. ) ;
#2440 = CARTESIAN_POINT ( 'NONE',  ( -0.01319999999999999993, 1.734723475976799968E-18, 0.02450000000000000094 ) ) ;
#2441 = AXIS2_PLACEMENT_3D ( 'NONE', #2507, #627, #2758 ) ;
#2442 = VERTEX_POINT ( 'NONE', #1774 ) ;
#2443 = CIRCLE ( 'NONE', #371, 0.009000000000000001055 ) ;
#2444 = ORIENTED_EDGE ( 'NONE', *, *, #2689, .T. ) ;
#2445 = LINE ( 'NONE', #523, #2716 ) ;
#2446 = ORIENTED_EDGE ( 'NONE', *, *, #1636, .F. ) ;
#2447 = DIRECTION ( 'NONE',  ( 0.000000000000000000, 1.000000000000000000, 0.000000000000000000 ) ) ;
#2448 = VECTOR ( 'NONE', #26, 1.000000000000000000 ) ;
#2449 = LINE ( 'NONE', #2198, #1065 ) ;
#2450 = ORIENTED_EDGE ( 'NONE', *, *, #2259, .F. ) ;
#2451 = LINE ( 'NONE', #2462, #1024 ) ;
#2452 = DIRECTION ( 'NONE',  ( 0.000000000000000000, -1.000000000000000000, -1.084202172485499873E-16 ) ) ;
#2453 = PLANE ( 'NONE',  #1302 ) ;
#2454 = ORIENTED_EDGE ( 'NONE', *, *, #568, .F. ) ;
#2455 = CARTESIAN_POINT ( 'NONE',  ( -0.03502937140592270182, 0.01750000000000000167, 0.03319333243660159416 ) ) ;
#2456 = ORIENTED_EDGE ( 'NONE', *, *, #1247, .T. ) ;
#2457 = ORIENTED_EDGE ( 'NONE', *, *, #646, .T. ) ;
#2458 = FACE_OUTER_BOUND ( 'NONE', #1113, .T. ) ;
#2459 = VERTEX_POINT ( 'NONE', #1559 ) ;
#2460 = CARTESIAN_POINT ( 'NONE',  ( -0.01700000000000000122, 1.692711725128499963E-18, 0.03049999999999999933 ) ) ;
#2461 = VERTEX_POINT ( 'NONE', #120 ) ;
#2462 = CARTESIAN_POINT ( 'NONE',  ( -0.01700000000000000122, 0.002000000000000000042, 0.02850000000000000103 ) ) ;
#2463 = CARTESIAN_POINT ( 'NONE',  ( -0.03869999999999999829, 0.01450000000000000074, 0.02450000000000000094 ) ) ;
#2464 = VERTEX_POINT ( 'NONE', #2215 ) ;
#2465 = LINE ( 'NONE', #1567, #18 ) ;
#2466 = EDGE_LOOP ( 'NONE', ( #532, #1417, #1364, #515 ) ) ;
#2467 = CARTESIAN_POINT ( 'NONE',  ( -0.01400000000000000029, 1.692711725128499963E-18, 0.03049999999999999933 ) ) ;
#2468 = ADVANCED_FACE ( 'NONE', ( #1104 ), #1139, .T. ) ;
#2469 = EDGE_CURVE ( 'NONE', #101, #2623, #2107, .T. ) ;
#2470 = ORIENTED_EDGE ( 'NONE', *, *, #1000, .F. ) ;
#2471 = CARTESIAN_POINT ( 'NONE',  ( -0.01700000000000000122, 1.692711725128499963E-18, 0.01849999999999999908 ) ) ;
#2472 = EDGE_CURVE ( 'NONE', #1558, #748, #2196, .T. ) ;
#2473 = CIRCLE ( 'NONE', #2600, 0.001000000000000000888 ) ;
#2474 = DIRECTION ( 'NONE',  ( 0.000000000000000000, 0.000000000000000000, -1.000000000000000000 ) ) ;
#2475 = DIRECTION ( 'NONE',  ( 0.2588190451025210725, 0.000000000000000000, -0.9659258262890682012 ) ) ;
#2476 = AXIS2_PLACEMENT_3D ( 'NONE', #1042, #2719, #827 ) ;
#2477 = DIRECTION ( 'NONE',  ( 0.000000000000000000, 1.084202172485499873E-16, -1.000000000000000000 ) ) ;
#2478 = CARTESIAN_POINT ( 'NONE',  ( -0.01700000000000000122, 0.002000000000000000042, 0.03049999999999999933 ) ) ;
#2479 = CARTESIAN_POINT ( 'NONE',  ( -0.03269999999999999990, -0.01750000000000000167, 0.02750000000000000014 ) ) ;
#2480 = VERTEX_POINT ( 'NONE', #1152 ) ;
#2481 = CARTESIAN_POINT ( 'NONE',  ( -0.03869999999999999829, -0.01750000000000000167, 0.02450000000000000094 ) ) ;
#2482 = DIRECTION ( 'NONE',  ( -1.000000000000000000, 0.000000000000000000, 1.387778780781439759E-16 ) ) ;
#2483 = ORIENTED_EDGE ( 'NONE', *, *, #12, .T. ) ;
#2484 = DIRECTION ( 'NONE',  ( 1.000000000000000000, 0.000000000000000000, -1.387778780781439759E-16 ) ) ;
#2485 = ADVANCED_FACE ( 'NONE', ( #2017 ), #105, .F. ) ;
#2486 = AXIS2_PLACEMENT_3D ( 'NONE', #223, #1996, #925 ) ;
#2487 = DIRECTION ( 'NONE',  ( 0.000000000000000000, 0.000000000000000000, 1.000000000000000000 ) ) ;
#2488 = CARTESIAN_POINT ( 'NONE',  ( -0.04200000000000000261, -0.002000000000000000042, 0.01849999999999999908 ) ) ;
#2489 = EDGE_CURVE ( 'NONE', #2442, #1589, #554, .T. ) ;
#2490 = PLANE ( 'NONE',  #850 ) ;
#2491 = AXIS2_PLACEMENT_3D ( 'NONE', #2192, #1985, #74 ) ;
#2492 = CARTESIAN_POINT ( 'NONE',  ( -0.01700000000000000122, 0.006000000000000000125, 0.02249999999999999917 ) ) ;
#2493 = CARTESIAN_POINT ( 'NONE',  ( -0.01884359353944890098, -0.002236067977499789881, 0.02249999999999999917 ) ) ;
#2494 = VECTOR ( 'NONE', #580, 1.000000000000000000 ) ;
#2495 = CARTESIAN_POINT ( 'NONE',  ( -0.02636468570296139971, 0.01450000000000000074, 0.01348497202662039991 ) ) ;
#2496 = CARTESIAN_POINT ( 'NONE',  ( -0.03269999999999999990, 0.01750000000000000167, 0.02450000000000000094 ) ) ;
#2497 = ORIENTED_EDGE ( 'NONE', *, *, #2549, .T. ) ;
#2498 = DIRECTION ( 'NONE',  ( 0.000000000000000000, 0.000000000000000000, 1.000000000000000000 ) ) ;
#2499 = DIRECTION ( 'NONE',  ( 0.000000000000000000, -1.000000000000000000, 0.000000000000000000 ) ) ;
#2500 = CARTESIAN_POINT ( 'NONE',  ( -0.01869117219395089943, -0.006000398485767920349, 0.04093913677818870195 ) ) ;
#2501 = B_SPLINE_CURVE_WITH_KNOTS ( 'NONE', 3,
 ( #2493, #1992, #82, #920 ),
 .UNSPECIFIED., .F., .F.,
 ( 4, 4 ),
 ( 0.01629382466065919938, 0.01662946310583599679 ),
 .UNSPECIFIED. ) ;
#2502 = EDGE_CURVE ( 'NONE', #2234, #2179, #2047, .T. ) ;
#2503 = CARTESIAN_POINT ( 'NONE',  ( -0.03269999999999999990, 0.01450000000000000074, 0.02450000000000000094 ) ) ;
#2504 = CARTESIAN_POINT ( 'NONE',  ( -0.03269999999999999990, -0.01750000000000000167, 0.03150000000000000022 ) ) ;
#2505 = CARTESIAN_POINT ( 'NONE',  ( -0.03869999999999999829, 0.01750000000000000167, 0.02550000000000000183 ) ) ;
#2506 = CARTESIAN_POINT ( 'NONE',  ( -0.02086549160252880453, 0.001352168724897335030, 0.03198101917985075177 ) ) ;
#2507 = CARTESIAN_POINT ( 'NONE',  ( -0.04200000000000000261, 0.002000000000000000042, 0.02850000000000000103 ) ) ;
#2508 = EDGE_LOOP ( 'NONE', ( #682, #314, #40, #2391 ) ) ;
#2509 = CARTESIAN_POINT ( 'NONE',  ( -0.03502937140592270182, 0.01750000000000000167, 0.01580666756339840079 ) ) ;
#2510 = EDGE_CURVE ( 'NONE', #1319, #320, #1394, .T. ) ;
#2511 = ORIENTED_EDGE ( 'NONE', *, *, #2697, .F. ) ;
#2512 = DIRECTION ( 'NONE',  ( 0.000000000000000000, 0.000000000000000000, -1.000000000000000000 ) ) ;
#2513 = CARTESIAN_POINT ( 'NONE',  ( -0.02670000000000000151, -0.01750000000000000167, 0.02550000000000000183 ) ) ;
#2514 = CIRCLE ( 'NONE', #1560, 0.0009999999999999974187 ) ;
#2515 = CARTESIAN_POINT ( 'NONE',  ( -0.03400000000000000244, -0.002236067977499789881, 0.02249999999999999917 ) ) ;
#2516 = EDGE_CURVE ( 'NONE', #708, #1222, #849, .T. ) ;
#2517 = ADVANCED_FACE ( 'NONE', ( #2728 ), #1421, .F. ) ;
#2518 = VECTOR ( 'NONE', #1515, 1.000000000000000000 ) ;
#2519 = CARTESIAN_POINT ( 'NONE',  ( -0.02032117608010954729, 0.001926929727818135589, 0.03103704800418319310 ) ) ;
#2520 = CARTESIAN_POINT ( 'NONE',  ( -0.01319999999999999993, 1.815176405043235205E-18, 0.01750000000000000167 ) ) ;
#2521 = ADVANCED_FACE ( 'NONE', ( #2297 ), #350, .F. ) ;
#2522 = VERTEX_POINT ( 'NONE', #2691 ) ;
#2523 = CARTESIAN_POINT ( 'NONE',  ( -0.02670000000000000151, -0.01450000000000000074, 0.02550000000000000183 ) ) ;
#2524 = UNCERTAINTY_MEASURE_WITH_UNIT (LENGTH_MEASURE( 1.000000000000000082E-05 ), #1744, 'distance_accuracy_value', 'NONE');
#2525 = ORIENTED_EDGE ( 'NONE', *, *, #474, .T. ) ;
#2526 = CARTESIAN_POINT ( 'NONE',  ( -0.01700000000000000122, 2.102117515721006080E-18, 0.02750000000000000014 ) ) ;
#2527 = DIRECTION ( 'NONE',  ( -1.000000000000000000, 0.000000000000000000, 1.387778780781439759E-16 ) ) ;
#2528 = CIRCLE ( 'NONE', #150, 0.001000000000000000888 ) ;
#2529 = CARTESIAN_POINT ( 'NONE',  ( -0.01319999999999999993, 1.734723475976799968E-18, 0.02450000000000000094 ) ) ;
#2530 = DIRECTION ( 'NONE',  ( 0.9659258262890682012, 0.000000000000000000, 0.2588190451025210725 ) ) ;
#2531 = CIRCLE ( 'NONE', #996, 0.001000000000000000888 ) ;
#2532 = AXIS2_PLACEMENT_3D ( 'NONE', #2481, #1369, #2025 ) ;
#2533 = LINE ( 'NONE', #994, #1416 ) ;
#2534 = CARTESIAN_POINT ( 'NONE',  ( -0.01700000000000000122, -0.004000000000000000083, 0.02649999999999999925 ) ) ;
#2535 = VECTOR ( 'NONE', #886, 1.000000000000000000 ) ;
#2536 = ORIENTED_EDGE ( 'NONE', *, *, #584, .F. ) ;
#2537 = FACE_BOUND ( 'NONE', #1405, .T. ) ;
#2538 = ORIENTED_EDGE ( 'NONE', *, *, #2551, .F. ) ;
#2539 = CARTESIAN_POINT ( 'NONE',  ( -0.03400000000000000244, 1.734723475976799968E-18, 0.02450000000000000094 ) ) ;
#2540 = CARTESIAN_POINT ( 'NONE',  ( -0.01319999999999999993, 0.006000000000000000125, 0.02350000000000000006 ) ) ;
#2541 = CARTESIAN_POINT ( 'NONE',  ( -0.01869117219395100005, 0.006000398485767920349, 0.008060863221811371063 ) ) ;
#2542 = DIRECTION ( 'NONE',  ( -1.000000000000000000, 0.000000000000000000, 0.000000000000000000 ) ) ;
#2543 = EDGE_CURVE ( 'NONE', #320, #1684, #1635, .T. ) ;
#2544 = AXIS2_PLACEMENT_3D ( 'NONE', #1158, #1339, #84 ) ;
#2545 = CARTESIAN_POINT ( 'NONE',  ( -0.02074167170403095825, 0.001537021486880171990, 0.03177996994659485624 ) ) ;
#2546 = CARTESIAN_POINT ( 'NONE',  ( -0.01409999999999999969, -0.01750000000000000167, 0.03062085139306310044 ) ) ;
#2547 = ORIENTED_EDGE ( 'NONE', *, *, #2584, .F. ) ;
#2548 = DIRECTION ( 'NONE',  ( 0.000000000000000000, 0.000000000000000000, -1.000000000000000000 ) ) ;
#2549 = EDGE_CURVE ( 'NONE', #1390, #2113, #1031, .T. ) ;
#2550 = ADVANCED_FACE ( 'NONE', ( #2261 ), #1015, .F. ) ;
#2551 = EDGE_CURVE ( 'NONE', #924, #164, #1409, .T. ) ;
#2552 = EDGE_LOOP ( 'NONE', ( #2444, #309, #1316, #1908 ) ) ;
#2553 = LINE ( 'NONE', #2351, #464 ) ;
#2554 = FACE_BOUND ( 'NONE', #2229, .T. ) ;
#2555 = EDGE_CURVE ( 'NONE', #753, #49, #1621, .T. ) ;
#2556 = CARTESIAN_POINT ( 'NONE',  ( -0.02101746562941598714, 0.001030757471087581255, 0.01678496067703711195 ) ) ;
#2557 = CARTESIAN_POINT ( 'NONE',  ( -0.03869999999999999829, -0.01450000000000000074, 0.02550000000000000183 ) ) ;
#2558 = AXIS2_PLACEMENT_3D ( 'NONE', #2275, #2063, #810 ) ;
#2559 = DIRECTION ( 'NONE',  ( -1.000000000000000000, 0.000000000000000000, 0.000000000000000000 ) ) ;
#2560 = DIRECTION ( 'NONE',  ( 0.000000000000000000, 0.000000000000000000, 1.000000000000000000 ) ) ;
#2561 = VECTOR ( 'NONE', #157, 1.000000000000000000 ) ;
#2562 = ORIENTED_EDGE ( 'NONE', *, *, #2299, .F. ) ;
#2563 = DIRECTION ( 'NONE',  ( 1.000000000000000000, 0.000000000000000000, -1.387778780781439759E-16 ) ) ;
#2564 = EDGE_LOOP ( 'NONE', ( #2726, #2347, #760, #1886 ) ) ;
#2565 = CARTESIAN_POINT ( 'NONE',  ( -0.01887972503891469783, -0.002000000000000000042, 0.02673606797749980210 ) ) ;
#2566 = CYLINDRICAL_SURFACE ( 'NONE', #2349, 0.002999999999999999195 ) ;
#2567 = EDGE_CURVE ( 'NONE', #537, #496, #1261, .T. ) ;
#2568 = CARTESIAN_POINT ( 'NONE',  ( -0.02025757947425427599, -0.001960302375521907545, 0.01808404978315641953 ) ) ;
#2569 = VECTOR ( 'NONE', #1021, 1.000000000000000000 ) ;
#2570 = VECTOR ( 'NONE', #1274, 1.000000000000000222 ) ;
#2571 = CYLINDRICAL_SURFACE ( 'NONE', #578, 0.002999999999999999195 ) ;
#2572 = CARTESIAN_POINT ( 'NONE',  ( -0.03269999999999999990, -0.01450000000000000074, 0.02450000000000000094 ) ) ;
#2573 = AXIS2_PLACEMENT_3D ( 'NONE', #2648, #725, #330 ) ;
#2574 = ORIENTED_EDGE ( 'NONE', *, *, #968, .F. ) ;
#2575 = LINE ( 'NONE', #2762, #2037 ) ;
#2576 = VECTOR ( 'NONE', #1471, 1.000000000000000000 ) ;
#2577 = AXIS2_PLACEMENT_3D ( 'NONE', #763, #988, #1449 ) ;
#2578 = CIRCLE ( 'NONE', #1587, 0.01400000000000000029 ) ;
#2579 = VERTEX_POINT ( 'NONE', #808 ) ;
#2580 = CARTESIAN_POINT ( 'NONE',  ( -0.03269999999999999990, -0.01750000000000000167, 0.03049999999999999933 ) ) ;
#2581 = CARTESIAN_POINT ( 'NONE',  ( -0.04200000000000000261, -0.002000000000000000042, 0.03049999999999999933 ) ) ;
#2582 = CARTESIAN_POINT ( 'NONE',  ( -0.02082843977017433817, -0.001407774227891523885, 0.01707917074891377937 ) ) ;
#2583 = EDGE_CURVE ( 'NONE', #1089, #1526, #2274, .T. ) ;
#2584 = EDGE_CURVE ( 'NONE', #1519, #1203, #606, .T. ) ;
#2585 = PLANE ( 'NONE',  #1498 ) ;
#2586 = DIRECTION ( 'NONE',  ( 0.000000000000000000, 1.000000000000000000, 0.000000000000000000 ) ) ;
#2587 = EDGE_LOOP ( 'NONE', ( #480, #238 ) ) ;
#2588 = VERTEX_POINT ( 'NONE', #140 ) ;
#2589 = DIRECTION ( 'NONE',  ( -1.000000000000000000, 0.000000000000000000, 0.000000000000000000 ) ) ;
#2590 = ORIENTED_EDGE ( 'NONE', *, *, #1092, .F. ) ;
#2591 = CARTESIAN_POINT ( 'NONE',  ( -0.02005088935932640079, -0.002000000000000000042, 0.03049999999999999933 ) ) ;
#2592 = DIRECTION ( 'NONE',  ( 0.000000000000000000, -1.000000000000000000, -1.084202172485499873E-16 ) ) ;
#2593 = CARTESIAN_POINT ( 'NONE',  ( -0.02270349578017739900, -0.01750000000000000167, 0.03649604085652649599 ) ) ;
#2594 = CARTESIAN_POINT ( 'NONE',  ( -0.02108753478758059949, 0.0008295776579440342861, 0.01668014993850007802 ) ) ;
#2595 = EDGE_LOOP ( 'NONE', ( #2628, #274, #2252, #2666 ) ) ;
#2596 = EDGE_CURVE ( 'NONE', #878, #1059, #195, .T. ) ;
#2597 = DIRECTION ( 'NONE',  ( 0.000000000000000000, 1.000000000000000000, 0.000000000000000000 ) ) ;
#2598 = CARTESIAN_POINT ( 'NONE',  ( -0.02270349578017739900, 0.01450000000000000074, 0.01250395914347340008 ) ) ;
#2599 = ADVANCED_FACE ( 'NONE', ( #1224 ), #592, .F. ) ;
#2600 = AXIS2_PLACEMENT_3D ( 'NONE', #342, #1006, #1648 ) ;
#2601 = ORIENTED_EDGE ( 'NONE', *, *, #1920, .T. ) ;
#2602 = VERTEX_POINT ( 'NONE', #2715 ) ;
#2603 = LINE ( 'NONE', #1949, #2075 ) ;
#2604 = ADVANCED_FACE ( 'NONE', ( #787 ), #2115, .F. ) ;
#2605 = AXIS2_PLACEMENT_3D ( 'NONE', #612, #2092, #1019 ) ;
#2606 = ORIENTED_EDGE ( 'NONE', *, *, #1719, .F. ) ;
#2607 = ORIENTED_EDGE ( 'NONE', *, *, #2056, .T. ) ;
#2608 = FACE_BOUND ( 'NONE', #38, .T. ) ;
#2609 = ORIENTED_EDGE ( 'NONE', *, *, #1662, .T. ) ;
#2610 = FACE_OUTER_BOUND ( 'NONE', #806, .T. ) ;
#2611 = CARTESIAN_POINT ( 'NONE',  ( -0.03502937140592270182, 0.01450000000000000074, 0.01580666756339840079 ) ) ;
#2612 = EDGE_LOOP ( 'NONE', ( #1757, #2636, #1821, #773 ) ) ;
#2613 = CARTESIAN_POINT ( 'NONE',  ( -0.01870592451913525786, -0.007977511953873812900, 0.02489747320430970440 ) ) ;
#2614 = DIRECTION ( 'NONE',  ( 0.000000000000000000, 1.000000000000000000, 0.000000000000000000 ) ) ;
#2615 = CIRCLE ( 'NONE', #2385, 0.001000000000000000888 ) ;
#2616 = ORIENTED_EDGE ( 'NONE', *, *, #2178, .F. ) ;
#2617 = ORIENTED_EDGE ( 'NONE', *, *, #838, .F. ) ;
#2618 = DIRECTION ( 'NONE',  ( 0.000000000000000000, 0.000000000000000000, 1.000000000000000000 ) ) ;
#2619 = EDGE_LOOP ( 'NONE', ( #1323, #368, #492, #1687 ) ) ;
#2620 = ORIENTED_EDGE ( 'NONE', *, *, #1047, .F. ) ;
#2621 = LINE ( 'NONE', #1541, #2212 ) ;
#2622 = VECTOR ( 'NONE', #1866, 1.000000000000000000 ) ;
#2623 = VERTEX_POINT ( 'NONE', #452 ) ;
#2624 = DIRECTION ( 'NONE',  ( 0.000000000000000000, 0.000000000000000000, 1.000000000000000000 ) ) ;
#2625 = CARTESIAN_POINT ( 'NONE',  ( -0.01319999999999999993, 1.734723475976799968E-18, 0.02149999999999999828 ) ) ;
#2626 = CIRCLE ( 'NONE', #654, 0.001000000000000000888 ) ;
#2627 = CARTESIAN_POINT ( 'NONE',  ( -0.01319999999999999993, 0.000000000000000000, 0.02450000000000000094 ) ) ;
#2628 = ORIENTED_EDGE ( 'NONE', *, *, #386, .T. ) ;
#2629 = FACE_OUTER_BOUND ( 'NONE', #291, .T. ) ;
#2630 = LINE ( 'NONE', #477, #603 ) ;
#2631 = ADVANCED_FACE ( 'NONE', ( #1246 ), #2150, .F. ) ;
#2632 = ORIENTED_EDGE ( 'NONE', *, *, #326, .F. ) ;
#2633 = LINE ( 'NONE', #768, #1444 ) ;
#2634 = ORIENTED_EDGE ( 'NONE', *, *, #2433, .T. ) ;
#2635 = CARTESIAN_POINT ( 'NONE',  ( -0.01409999999999999969, 0.000000000000000000, 0.02450000000000000094 ) ) ;
#2636 = ORIENTED_EDGE ( 'NONE', *, *, #1714, .T. ) ;
#2637 = EDGE_CURVE ( 'NONE', #917, #1294, #1712, .T. ) ;
#2638 = LINE ( 'NONE', #1312, #610 ) ;
#2639 = ADVANCED_FACE ( 'NONE', ( #2138, #2554 ), #426, .T. ) ;
#2640 = ORIENTED_EDGE ( 'NONE', *, *, #2307, .F. ) ;
#2641 = CARTESIAN_POINT ( 'NONE',  ( -0.04200000000000000261, 0.004000000000000000083, 0.02649999999999999925 ) ) ;
#2642 = FACE_OUTER_BOUND ( 'NONE', #732, .T. ) ;
#2643 = VERTEX_POINT ( 'NONE', #1297 ) ;
#2644 = ORIENTED_EDGE ( 'NONE', *, *, #928, .T. ) ;
#2645 = CARTESIAN_POINT ( 'NONE',  ( -0.02080048023903532245, -0.001451673862346160521, 0.03187573675110737248 ) ) ;
#2646 = LINE ( 'NONE', #766, #1740 ) ;
#2647 = VERTEX_POINT ( 'NONE', #188 ) ;
#2648 = CARTESIAN_POINT ( 'NONE',  ( -0.01770000000000000046, 0.000000000000000000, 0.02450000000000000094 ) ) ;
#2649 = ORIENTED_EDGE ( 'NONE', *, *, #968, .T. ) ;
#2650 = CARTESIAN_POINT ( 'NONE',  ( -0.01700000000000000122, 1.692711725128499963E-18, 0.03250000000000000111 ) ) ;
#2651 = ORIENTED_EDGE ( 'NONE', *, *, #2052, .T. ) ;
#2652 = AXIS2_PLACEMENT_3D ( 'NONE', #2641, #540, #1378 ) ;
#2653 = ORIENTED_EDGE ( 'NONE', *, *, #1561, .T. ) ;
#2654 = CARTESIAN_POINT ( 'NONE',  ( -0.03400000000000000244, -0.002000000000000000042, 0.02226393202250019979 ) ) ;
#2655 = CIRCLE ( 'NONE', #1431, 0.001000000000000000888 ) ;
#2656 = EDGE_LOOP ( 'NONE', ( #2334, #1347, #1244, #1366 ) ) ;
#2657 = DIRECTION ( 'NONE',  ( 0.000000000000000000, -1.000000000000000000, 0.000000000000000000 ) ) ;
#2658 = EDGE_LOOP ( 'NONE', ( #2620, #2446 ) ) ;
#2659 = CARTESIAN_POINT ( 'NONE',  ( -0.02005088935932640079, -0.002000000000000000042, 0.03049999999999999933 ) ) ;
#2660 = FACE_BOUND ( 'NONE', #820, .T. ) ;
#2661 = VERTEX_POINT ( 'NONE', #2540 ) ;
#2662 = LINE ( 'NONE', #709, #2160 ) ;
#2663 = ORIENTED_EDGE ( 'NONE', *, *, #2013, .F. ) ;
#2664 = CARTESIAN_POINT ( 'NONE',  ( -0.02670000000000000151, -0.01750000000000000167, 0.02550000000000000183 ) ) ;
#2665 = AXIS2_PLACEMENT_3D ( 'NONE', #2388, #463, #1191 ) ;
#2666 = ORIENTED_EDGE ( 'NONE', *, *, #305, .F. ) ;
#2667 = AXIS2_PLACEMENT_3D ( 'NONE', #1518, #2614, #251 ) ;
#2668 = EDGE_LOOP ( 'NONE', ( #2677, #21, #2617, #252, #8, #1556, #2096, #265, #2232, #2153, #2362, #641, #2208, #1796, #2313, #855, #1307 ) ) ;
#2669 = CYLINDRICAL_SURFACE ( 'NONE', #998, 0.001000000000000000888 ) ;
#2670 = AXIS2_PLACEMENT_3D ( 'NONE', #347, #2045, #974 ) ;
#2671 = ORIENTED_EDGE ( 'NONE', *, *, #2510, .F. ) ;
#2672 = CARTESIAN_POINT ( 'NONE',  ( -0.04200000000000000261, -0.002000000000000000042, 0.02050000000000000086 ) ) ;
#2673 = AXIS2_PLACEMENT_3D ( 'NONE', #1027, #1887, #821 ) ;
#2674 = DIRECTION ( 'NONE',  ( 0.000000000000000000, 1.000000000000000000, 0.000000000000000000 ) ) ;
#2675 =( GEOMETRIC_REPRESENTATION_CONTEXT ( 3 ) GLOBAL_UNCERTAINTY_ASSIGNED_CONTEXT ( ( #163 ) ) GLOBAL_UNIT_ASSIGNED_CONTEXT ( ( #1344, #1755, #276 ) ) REPRESENTATION_CONTEXT ( 'NONE', 'WORKASPACE' ) );
#2676 = VECTOR ( 'NONE', #2088, 1.000000000000000000 ) ;
#2677 = ORIENTED_EDGE ( 'NONE', *, *, #931, .T. ) ;
#2678 = CARTESIAN_POINT ( 'NONE',  ( -0.02109740585061424881, -0.0007964857855783346848, 0.03233458217977397409 ) ) ;
#2679 = CARTESIAN_POINT ( 'NONE',  ( -0.02970000000000000070, 0.01750000000000000167, 0.02450000000000000094 ) ) ;
#2680 = EDGE_CURVE ( 'NONE', #922, #712, #75, .T. ) ;
#2681 = ADVANCED_FACE ( 'NONE', ( #1039 ), #1901, .F. ) ;
#2682 = ORIENTED_EDGE ( 'NONE', *, *, #2551, .T. ) ;
#2683 = CARTESIAN_POINT ( 'NONE',  ( -0.01700000000000000122, 1.692711725128499963E-18, 0.01949999999999999997 ) ) ;
#2684 = ORIENTED_EDGE ( 'NONE', *, *, #620, .F. ) ;
#2685 = FACE_OUTER_BOUND ( 'NONE', #710, .T. ) ;
#2686 = VERTEX_POINT ( 'NONE', #644 ) ;
#2687 = DIRECTION ( 'NONE',  ( 0.000000000000000000, 0.000000000000000000, 1.000000000000000000 ) ) ;
#2688 = AXIS2_PLACEMENT_3D ( 'NONE', #585, #1414, #2279 ) ;
#2689 = EDGE_CURVE ( 'NONE', #324, #2522, #1028, .T. ) ;
#2690 = DIRECTION ( 'NONE',  ( 0.000000000000000000, 1.000000000000000000, 0.000000000000000000 ) ) ;
#2691 = CARTESIAN_POINT ( 'NONE',  ( -0.01700000000000000122, -0.002000000000000000042, 0.03049999999999999933 ) ) ;
#2692 = DIRECTION ( 'NONE',  ( 0.000000000000000000, -1.000000000000000000, 0.000000000000000000 ) ) ;
#2693 = CARTESIAN_POINT ( 'NONE',  ( -0.02102066088912611652, -0.001028399035758233984, 0.03222038972163514259 ) ) ;
#2694 = DIRECTION ( 'NONE',  ( -1.000000000000000000, 0.000000000000000000, 0.000000000000000000 ) ) ;
#2695 = CARTESIAN_POINT ( 'NONE',  ( -0.01410000000000000142, 1.836970198721029595E-18, 0.009500000000000001499 ) ) ;
#2696 = CARTESIAN_POINT ( 'NONE',  ( -0.02636468570296139971, 0.01750000000000000167, 0.01348497202662039991 ) ) ;
#2697 = EDGE_CURVE ( 'NONE', #1937, #2320, #1496, .T. ) ;
#2698 = EDGE_CURVE ( 'NONE', #927, #2239, #1717, .T. ) ;
#2699 = ORIENTED_EDGE ( 'NONE', *, *, #646, .F. ) ;
#2700 = DIRECTION ( 'NONE',  ( -1.000000000000000000, 0.000000000000000000, 0.000000000000000000 ) ) ;
#2701 = AXIS2_PLACEMENT_3D ( 'NONE', #2180, #2413, #2624 ) ;
#2702 = LINE ( 'NONE', #776, #2043 ) ;
#2703 = DIRECTION ( 'NONE',  ( 1.927470528863118802E-16, 0.000000000000000000, 1.000000000000000000 ) ) ;
#2704 = CARTESIAN_POINT ( 'NONE',  ( -0.01409999999999999969, -0.006000398485767920349, 0.04093913677818870195 ) ) ;
#2705 = CARTESIAN_POINT ( 'NONE',  ( -0.01805578410045132615, 0.004072750508176499126, 0.007357258393778020808 ) ) ;
#2706 = DIRECTION ( 'NONE',  ( 0.000000000000000000, -1.000000000000000000, 0.000000000000000000 ) ) ;
#2707 = CARTESIAN_POINT ( 'NONE',  ( -0.02058199413626818006, 0.001730143977295568649, 0.03151121164993075929 ) ) ;
#2708 = LINE ( 'NONE', #956, #1400 ) ;
#2709 = ORIENTED_EDGE ( 'NONE', *, *, #2163, .F. ) ;
#2710 = CARTESIAN_POINT ( 'NONE',  ( -0.01700000000000000122, -0.006000000000000000125, 0.02450000000000000094 ) ) ;
#2711 = AXIS2_PLACEMENT_3D ( 'NONE', #2054, #317, #135 ) ;
#2712 = EDGE_CURVE ( 'NONE', #1571, #2012, #1586, .T. ) ;
#2713 = VECTOR ( 'NONE', #1171, 1.000000000000000000 ) ;
#2714 = LINE ( 'NONE', #1620, #295 ) ;
#2715 = CARTESIAN_POINT ( 'NONE',  ( -0.01884359353944890098, -0.002236067977499789881, 0.02649999999999999925 ) ) ;
#2716 = VECTOR ( 'NONE', #1863, 1.000000000000000000 ) ;
#2717 = DIRECTION ( 'NONE',  ( 0.000000000000000000, 1.000000000000000000, 0.000000000000000000 ) ) ;
#2718 = CARTESIAN_POINT ( 'NONE',  ( -0.01773316304859775400, 0.000000000000000000, 0.006999999999999999278 ) ) ;
#2719 = DIRECTION ( 'NONE',  ( 0.7421687203733248195, 0.000000000000000000, 0.6702130933512278066 ) ) ;
#2720 = CARTESIAN_POINT ( 'NONE',  ( -0.02022746125708198978, 0.001968976668875291845, 0.03085652061253195064 ) ) ;
#2721 = EDGE_CURVE ( 'NONE', #505, #2320, #2123, .T. ) ;
#2722 = CARTESIAN_POINT ( 'NONE',  ( -0.03869999999999999829, -0.01750000000000000167, 0.02450000000000000094 ) ) ;
#2723 = VERTEX_POINT ( 'NONE', #1700 ) ;
#2724 = CARTESIAN_POINT ( 'NONE',  ( -0.01884359353944890098, 0.002236067977499799856, 0.02649999999999999925 ) ) ;
#2725 = ADVANCED_FACE ( 'NONE', ( #2324 ), #2566, .F. ) ;
#2726 = ORIENTED_EDGE ( 'NONE', *, *, #571, .F. ) ;
#2727 = CARTESIAN_POINT ( 'NONE',  ( -0.03502937140592270182, -0.01750000000000000167, 0.03319333243660159416 ) ) ;
#2728 = FACE_OUTER_BOUND ( 'NONE', #2466, .T. ) ;
#2729 = EDGE_CURVE ( 'NONE', #112, #1643, #2308, .T. ) ;
#2730 = VECTOR ( 'NONE', #2597, 1.000000000000000000 ) ;
#2731 = EDGE_CURVE ( 'NONE', #1631, #527, #213, .T. ) ;
#2732 = LINE ( 'NONE', #1867, #360 ) ;
#2733 = CARTESIAN_POINT ( 'NONE',  ( -0.02670000000000000151, -0.01750000000000000167, 0.02450000000000000094 ) ) ;
#2734 = CARTESIAN_POINT ( 'NONE',  ( -0.02076021963536152024, 0.001511322776590051436, 0.03181035447685121725 ) ) ;
#2735 = CARTESIAN_POINT ( 'NONE',  ( -0.03269999999999999990, -0.01450000000000000074, 0.03150000000000000022 ) ) ;
#2736 = ORIENTED_EDGE ( 'NONE', *, *, #491, .T. ) ;
#2737 = FACE_BOUND ( 'NONE', #1568, .T. ) ;
#2738 = ORIENTED_EDGE ( 'NONE', *, *, #1278, .F. ) ;
#2739 = CARTESIAN_POINT ( 'NONE',  ( -0.01700000000000000122, 1.692711725128499963E-18, 0.01849999999999999908 ) ) ;
#2740 = DIRECTION ( 'NONE',  ( 0.000000000000000000, 0.000000000000000000, -1.000000000000000000 ) ) ;
#2741 = DIRECTION ( 'NONE',  ( 0.000000000000000000, 0.000000000000000000, -1.000000000000000000 ) ) ;
#2742 = AXIS2_PLACEMENT_3D ( 'NONE', #789, #582, #1423 ) ;
#2743 = PLANE ( 'NONE',  #551 ) ;
#2744 = VECTOR ( 'NONE', #581, 1.000000000000000000 ) ;
#2745 = CARTESIAN_POINT ( 'NONE',  ( -0.02026272745508468989, 0.001955759730298920352, 0.03092534552581018351 ) ) ;
#2746 = DIRECTION ( 'NONE',  ( 0.000000000000000000, 0.000000000000000000, 1.000000000000000000 ) ) ;
#2747 = ORIENTED_EDGE ( 'NONE', *, *, #2085, .F. ) ;
#2748 = PLANE ( 'NONE',  #1671 ) ;
#2749 = ORIENTED_EDGE ( 'NONE', *, *, #1292, .F. ) ;
#2750 = CYLINDRICAL_SURFACE ( 'NONE', #864, 0.002999999999999999195 ) ;
#2751 = DIRECTION ( 'NONE',  ( 0.000000000000000000, 1.000000000000000000, 0.000000000000000000 ) ) ;
#2752 = CIRCLE ( 'NONE', #2118, 0.001000000000000000888 ) ;
#2753 = CARTESIAN_POINT ( 'NONE',  ( -0.01400000000000000029, -0.006000000000000000125, 0.02450000000000000094 ) ) ;
#2754 = DIRECTION ( 'NONE',  ( -4.758414682732590009E-17, -0.9393792444679189835, -0.3428799134724599962 ) ) ;
#2755 = AXIS2_PLACEMENT_3D ( 'NONE', #1605, #577, #552 ) ;
#2756 = EDGE_CURVE ( 'NONE', #917, #621, #826, .T. ) ;
#2757 = FACE_OUTER_BOUND ( 'NONE', #1070, .T. ) ;
#2758 = DIRECTION ( 'NONE',  ( 0.000000000000000000, 1.084202172485499873E-16, -1.000000000000000000 ) ) ;
#2759 = ADVANCED_FACE ( 'NONE', ( #228 ), #27, .F. ) ;
#2760 = AXIS2_PLACEMENT_3D ( 'NONE', #2378, #1968, #1090 ) ;
#2761 = ORIENTED_EDGE ( 'NONE', *, *, #1215, .T. ) ;
#2762 = CARTESIAN_POINT ( 'NONE',  ( -0.03269999999999999990, -0.01750000000000000167, 0.02150000000000000175 ) ) ;
#2763 = VECTOR ( 'NONE', #2474, 1.000000000000000000 ) ;
#2764 = ORIENTED_EDGE ( 'NONE', *, *, #103, .T. ) ;
#2765 = CARTESIAN_POINT ( 'NONE',  ( -0.04200000000000000261, 0.002000000000000000042, 0.03049999999999999933 ) ) ;
#2766 = CARTESIAN_POINT ( 'NONE',  ( -0.04200000000000000261, 0.002000000000000000042, 0.02050000000000000086 ) ) ;
#2767 = CARTESIAN_POINT ( 'NONE',  ( -0.02057935224181308212, -0.001730129232730932788, 0.01749412132019514260 ) ) ;
#2768 = DIRECTION ( 'NONE',  ( 0.000000000000000000, 0.000000000000000000, 1.000000000000000000 ) ) ;
#2769 = CARTESIAN_POINT ( 'NONE',  ( -0.01881356084395576986, -0.006892174211070046901, 0.02630905545152549888 ) ) ;
#2770 = DIRECTION ( 'NONE',  ( -0.2957820600050699578, 0.8973471420218437355, 0.3275379057214389822 ) ) ;
#2771 = VERTEX_POINT ( 'NONE', #944 ) ;
#2772 = FACE_OUTER_BOUND ( 'NONE', #2016, .T. ) ;
#2773 = EDGE_CURVE ( 'NONE', #1232, #2686, #2409, .T. ) ;
#2774 = EDGE_LOOP ( 'NONE', ( #58, #1370, #1276, #2011 ) ) ;
#2775 = CARTESIAN_POINT ( 'NONE',  ( -0.01409999999999999969, 0.000000000000000000, 0.02450000000000000094 ) ) ;
#2776 = DIRECTION ( 'NONE',  ( 1.000000000000000000, 0.000000000000000000, 0.000000000000000000 ) ) ;
ENDSEC;
END-ISO-10303-21;
